1679113800000.0,0.3687475,0.36948,0.36650000000000005,0.36650000000000005,16.597621
1679112900000.0,0.368745,0.37092,0.36729,0.36884,164.560454
1679112000000.0,0.36806000000000005,0.36919,0.36729,0.36838499999999996,133.830127
1679111100000.0,0.36717500000000003,0.36847,0.36588,0.36788,49.872264
1679110200000.0,0.366455,0.36717500000000003,0.36588,0.36717500000000003,0.396262
1679109300000.0,0.366395,0.36703,0.36532,0.366455,817.025163
1679108400000.0,0.363495,0.366615,0.36063,0.366615,28.532989
1679107500000.0,0.36323,0.36583,0.36063,0.36341500000000004,2862.828598
1679106600000.0,0.3652875,0.36606,0.36323,0.36323,24.13762
1679105700000.0,0.36433000000000004,0.36651,0.36309,0.36523,2160.992981
1679104800000.0,0.3622375,0.36386,0.36068,0.36386,145.644592
1679103900000.0,0.3627025,0.3636,0.36209,0.36259,19.16607
1679103000000.0,0.36496500000000004,0.36701,0.36256,0.36256,63.781821
1679102100000.0,0.3677475,0.36999,0.36502,0.36502,5924.468769
1679101200000.0,0.367,0.3694,0.3657,0.367105,190.578745
1679100300000.0,0.36465000000000003,0.36645000000000005,0.3636,0.36645000000000005,16340.972996
1679099400000.0,0.36226749999999996,0.36465000000000003,0.35964,0.36465000000000003,6340.5222
1679098500000.0,0.362395,0.36315,0.36105,0.362915,906.693659
1679097600000.0,0.3629675,0.3636,0.36256,0.36268999999999996,1233.967885
1679096700000.0,0.362005,0.362855,0.36145,0.362855,79.072941
1679095800000.0,0.3614,0.362005,0.36135,0.362005,77.567228
1679094900000.0,0.3613675,0.36144,0.36134,0.3614,1044.856073
1679094000000.0,0.3613425,0.36135,0.36134,0.361345,1393.319971
1679093100000.0,0.36102500000000004,0.36142,0.36067,0.36134,340.270248
1679092200000.0,0.3596125,0.361005,0.35852,0.361005,36.321001
1679091300000.0,0.35851500000000003,0.359595,0.35851,0.359595,189.902123
1679090400000.0,0.358585,0.35907,0.35838,0.35851500000000003,2744.941243
1679089500000.0,0.3584925,0.36013,0.35556,0.358445,6003.323755
1679088600000.0,0.3587925,0.3599,0.35721,0.35914,231.454134
1679087700000.0,0.35052,0.35902999999999996,0.34288,0.35902999999999996,4198.575788
1679086800000.0,0.34281,0.35052,0.34274,0.35052,6.03265
1679085900000.0,0.34274,0.34281,0.34274,0.34281,17.205586
1679085000000.0,0.3427425,0.34275,0.34274,0.34274,5.69456
1679084100000.0,0.34199,0.3432,0.34101,0.34274,487.98382
1679083200000.0,0.34129,0.341875,0.34093,0.341875,4099.306202
1679082300000.0,0.3410025,0.34161,0.34038,0.34131,1591.505429
1679081400000.0,0.34041,0.34101000000000004,0.34041,0.34101000000000004,8.12633
1679080500000.0,0.340405,0.34041,0.34039,0.34041,44.424926
1679079600000.0,0.33926,0.34041,0.33811,0.34041,64.725415
1679078700000.0,0.33810500000000004,0.33926,0.3381,0.33926,1.902437
1679077800000.0,0.33810250000000003,0.33811,0.3381,0.338105,144.017439
1679076900000.0,0.33810500000000004,0.33811,0.3381,0.3381,6.979157
1679076000000.0,0.3381125,0.33812,0.3381,0.338105,1228.356283
1679075100000.0,0.3381025,0.33812,0.33808,0.338115,164.386053
1679074200000.0,0.33810999999999997,0.33819,0.33808,0.338105,262.453742
1679073300000.0,0.33826500000000004,0.33898,0.338,0.33808499999999997,1877.513693
1679072400000.0,0.33675,0.33804,0.33425,0.33804,9571.768431
1679071500000.0,0.3367525,0.337375,0.33675,0.337375,8.969877
1679070600000.0,0.3367525,0.33676,0.33675,0.33675,45.501513
1679069700000.0,0.3367125,0.33676,0.33667,0.33675,216.334549
1679068800000.0,0.3358025,0.33671,0.33493,0.33671,30.805463
1679067900000.0,0.33479499999999995,0.335805,0.33465,0.335805,11.292052
1679067000000.0,0.3331225,0.334795,0.33159,0.334795,91.08097
1679066100000.0,0.33346250000000005,0.3361,0.33095,0.33311999999999997,4324.004262
1679065200000.0,0.33521,0.33521,0.33340000000000003,0.33340000000000003,7.482418
1679064300000.0,0.335555,0.3359,0.33521,0.33521,387.283843
1679063400000.0,0.337815,0.33973,0.335555,0.335555,938.238487
1679062500000.0,0.33973999999999993,0.33977,0.337815,0.337815,2540.893626
1679061600000.0,0.33868,0.33973,0.33763,0.33973,1745.612949
1679060700000.0,0.33902,0.34041,0.33763,0.33868,7814.485317
1679059800000.0,0.34041,0.34041,0.33902,0.33902,79.356933
1679058900000.0,0.34041,0.34041,0.34041,0.34041,156.887302
1679058000000.0,0.33953500000000003,0.34041,0.33866,0.34041,1273.758414
1679057100000.0,0.34409,0.35018,0.33734,0.33953500000000003,11467.819128
1679056200000.0,0.351605,0.35303,0.34442,0.34442,659.514391
1679055300000.0,0.3540025,0.3636,0.3492,0.351605,13613.637561
1679054400000.0,0.349115,0.3572,0.34266,0.351605,99213.316376
1679053500000.0,0.34567749999999997,0.3483,0.34486,0.3483,15.616053
1679052600000.0,0.344295,0.34564,0.3436,0.34564,63.98035
1679051700000.0,0.34513000000000005,0.34666,0.3436,0.34423000000000004,1751.996144
1679050800000.0,0.34597500000000003,0.34672,0.3438,0.34513000000000005,189.614688
1679049900000.0,0.346545,0.34672,0.34602,0.34669,6.350948
1679049000000.0,0.34625,0.34672,0.34568,0.34672,32.061791
1679048100000.0,0.3438875,0.3463,0.34188,0.3463,232.269725
1679047200000.0,0.3404775,0.343895,0.33887,0.343895,24.892383
1679046300000.0,0.338855,0.34038999999999997,0.33872,0.34038999999999997,1.331961
1679045400000.0,0.339575,0.34047,0.33887,0.33887,14.954054
1679044500000.0,0.33942249999999996,0.34009,0.33868,0.33948,54.026987
1679043600000.0,0.33829000000000004,0.33946,0.33769,0.33946,0.675621
1679042700000.0,0.3377675,0.33832,0.33734,0.33832,10.288942
1679041800000.0,0.339415,0.34088,0.337885,0.337885,1438.027594
1679040900000.0,0.3409,0.34323,0.33883,0.33942,8059.079338
1679040000000.0,0.33872,0.34077,0.33678,0.34077,1317.148527
1679039100000.0,0.33708000000000005,0.33872,0.33678,0.33872,1.83583
1679038200000.0,0.33674250000000006,0.33743,0.3363,0.33686000000000005,47.893305
1679037300000.0,0.337595,0.33907,0.3363,0.33662000000000003,3.65012
1679036400000.0,0.3387125,0.33907,0.337505,0.337505,5920.273915
1679035500000.0,0.33748,0.33907,0.33589,0.33889,2034.220213
1679034600000.0,0.33466500000000005,0.33748,0.33342,0.33748,7804.058798
1679033700000.0,0.3342325,0.33599,0.33342,0.33465500000000004,1838.198169
1679032800000.0,0.33359,0.3341,0.33308,0.33376,1256.182563
1679031900000.0,0.3332275,0.33367,0.33249,0.33359,13.004188
1679031000000.0,0.33358,0.33416,0.33245,0.333375,67.788041
1679030100000.0,0.33499999999999996,0.33644,0.333855,0.333855,7.978795
1679029200000.0,0.33548999999999995,0.33656,0.33476,0.33476,167.758709
1679028300000.0,0.33369,0.33543,0.332,0.33521999999999996,426.842967
1679027400000.0,0.33252,0.333665,0.33155,0.333665,5.813122
1679026500000.0,0.333155,0.33374,0.33269,0.332725,17.222425
1679025600000.0,0.33188,0.33311,0.33065,0.33309500000000003,39.362223
1679024700000.0,0.330065,0.33188,0.32948,0.33188,1.624267
1679023800000.0,0.3305375,0.33235,0.32934,0.330065,88.423131
1679022900000.0,0.33109500000000003,0.33172,0.33023,0.33023,15.568143
1679022000000.0,0.3300575,0.3313,0.32863,0.331065,81.859861
1679021100000.0,0.32860249999999996,0.33015,0.32747,0.33015,789.258337
1679020200000.0,0.33022999999999997,0.33241,0.32864,0.328895,7605.815054
1679019300000.0,0.33045,0.33159,0.32949,0.329935,186.307077
1679018400000.0,0.327485,0.33036,0.32548,0.33036,126.149338
1679017500000.0,0.32653,0.32769,0.32526,0.327485,31.288561
1679016600000.0,0.32415,0.32769,0.32061,0.326585,479.767449
1679015700000.0,0.31810499999999997,0.32415,0.3156,0.32415,770.796566
1679014800000.0,0.31572,0.31810499999999997,0.31456,0.31810499999999997,38.185583
1679013900000.0,0.31577500000000003,0.31636,0.31519,0.31598,1.735741
1679013000000.0,0.316225,0.31741,0.31489,0.31577500000000003,133.02624
1679012100000.0,0.318155,0.31911,0.3163,0.3163,4.198542
1679011200000.0,0.3189575,0.31927,0.31808000000000003,0.31808000000000003,1.135513
1679010300000.0,0.31947749999999997,0.32006,0.318905,0.318905,10.541099
1679009400000.0,0.31999,0.32061,0.31901,0.319395,1.342775
1679008500000.0,0.31879500000000005,0.32061,0.31669,0.32017,7.664084
1679007600000.0,0.3176275,0.31894,0.31708,0.31894,3.201805
1679006700000.0,0.31808,0.31808,0.317675,0.317675,0.0
1679005800000.0,0.3179025,0.31808,0.31747,0.31808,5.972193
1679004900000.0,0.31791,0.31803,0.31777,0.31803,0.518
1679004000000.0,0.31864000000000003,0.31937,0.31791,0.31794500000000003,0.188291
1679003100000.0,0.3188375,0.31988,0.31774,0.31864000000000003,1105.758223
1679002200000.0,0.31764,0.31886499999999995,0.3167,0.31886499999999995,247.591187
1679001300000.0,0.316825,0.31775,0.31651,0.31775,47.739317
1679000400000.0,0.3155675,0.316825,0.31444,0.316825,44.698059
1678999500000.0,0.3167,0.31919,0.31367,0.31562999999999997,410.099279
1678998600000.0,0.31981,0.32043,0.31697,0.31697,10.723219
1678997700000.0,0.32041,0.32084,0.31953,0.31981,175.793523
1678996800000.0,0.3206175,0.32144,0.31988,0.320635,72.710878
1678995900000.0,0.320845,0.32138,0.32031,0.320575,261.162598
1678995000000.0,0.32204499999999997,0.32352,0.31998,0.320845,39.782029
1678994100000.0,0.3205925,0.32353,0.31777,0.32233999999999996,3521.12898
1678993200000.0,0.31669,0.320535,0.31506,0.320535,63.342618
1678992300000.0,0.31552,0.31675,0.31352,0.316415,32.36739
1678991400000.0,0.3166,0.31691,0.31583,0.315905,3.184902
1678990500000.0,0.31645,0.31757,0.3153,0.31683,4.467771
1678989600000.0,0.316345,0.31667,0.31602,0.316465,0.396558
1678988700000.0,0.31644000000000005,0.31739,0.31567,0.316345,594.505369
1678987800000.0,0.3161025,0.31636,0.31595,0.31635,14.516835
1678986900000.0,0.3161125,0.31678,0.3151,0.31605,570.194631
1678986000000.0,0.31855500000000003,0.32061,0.31628500000000004,0.31628500000000004,30.877472
1678985100000.0,0.3200575,0.32061,0.31855500000000003,0.31855500000000003,1.559051
1678984200000.0,0.31884500000000005,0.32016,0.31753,0.32016,53.853347
1678983300000.0,0.31843,0.31925,0.31781,0.319045,48.306682
1678982400000.0,0.3191225,0.32049,0.3176,0.31833,200.47284
1678981500000.0,0.31911750000000005,0.32106,0.31674,0.31920000000000004,4160.424679
1678980600000.0,0.3175775,0.31933500000000004,0.3159,0.31933500000000004,835.404798
1678979700000.0,0.3169875,0.31837,0.31524,0.31777,1214.18298
1678978800000.0,0.31809,0.31927,0.31647,0.31717,2174.802401
1678977900000.0,0.31876,0.32061,0.31758,0.31831,58.139148
1678977000000.0,0.31784250000000003,0.31865,0.31757,0.31842499999999996,30.649622
1678976100000.0,0.3162875,0.317575,0.31446,0.317575,216.666522
1678975200000.0,0.316655,0.31887,0.31506,0.31656,2.158244
1678974300000.0,0.316685,0.31714,0.31623,0.316345,194.986639
1678973400000.0,0.3144375,0.316685,0.31246,0.316685,9.83688
1678972500000.0,0.3131425,0.31453,0.31106,0.31453,172.825802
1678971600000.0,0.31383,0.31434,0.31332,0.313585,193.262769
1678970700000.0,0.3137625,0.31478,0.31217,0.31383,1.441133
1678969800000.0,0.31565499999999996,0.31736,0.31405,0.31405,173.089274
1678968900000.0,0.31710499999999997,0.31851,0.31523999999999996,0.31523999999999996,38.573142
1678968000000.0,0.319855,0.32145,0.31710499999999997,0.31710499999999997,31.077543
1678967100000.0,0.32091000000000003,0.32145,0.31998000000000004,0.31998000000000004,1.069126
1678966200000.0,0.32046749999999996,0.32097,0.32008,0.32091000000000003,6.073201
1678965300000.0,0.3199575,0.32052,0.31943,0.32041,13.305356
1678964400000.0,0.31935,0.31994,0.31927,0.31994,0.401749
1678963500000.0,0.3195175,0.32106,0.31887,0.31935,491.086351
1678962600000.0,0.3184,0.31906999999999996,0.31765,0.31906999999999996,31.946344
1678961700000.0,0.318065,0.31854,0.31721,0.31854,31.657797
1678960800000.0,0.317885,0.31842,0.3165,0.318315,35.007603
1678959900000.0,0.318765,0.31979,0.3182,0.31831,3.005845
1678959000000.0,0.31637499999999996,0.31887,0.31337,0.318535,73.283277
1678958100000.0,0.3149075,0.31662999999999997,0.3137,0.31662999999999997,33.354123
1678957200000.0,0.31634,0.31691,0.31508,0.31508,0.797241
1678956300000.0,0.31723749999999995,0.31778,0.31634,0.31634,1.103551
1678955400000.0,0.31733,0.31809,0.31666,0.317345,9.528672
1678954500000.0,0.3176425,0.31864,0.3165,0.31728500000000004,69.536788
1678953600000.0,0.31828,0.31864,0.31752,0.31771499999999997,0.711557
1678952700000.0,0.31832,0.31848,0.31832,0.31848,0.0
1678951800000.0,0.318835,0.31984,0.31753,0.31832,41.5932
1678950900000.0,0.3191825,0.31965,0.31856,0.31898499999999996,33.121826
1678950000000.0,0.318005,0.31926,0.31714,0.31926,0.898519
1678949100000.0,0.31596,0.318005,0.31478,0.318005,35.73506
1678948200000.0,0.31544,0.31677,0.31478,0.31596,45.671453
1678947300000.0,0.31637499999999996,0.31732,0.31510499999999997,0.31510499999999997,23.522899
1678946400000.0,0.3161325,0.31749,0.31486,0.31637499999999996,57.017969
1678945500000.0,0.31528,0.31609,0.31465,0.31609,1.025321
1678944600000.0,0.31613250000000004,0.31691,0.315265,0.315265,152.146886
1678943700000.0,0.31306,0.31628,0.30984,0.315975,6.724232
1678942800000.0,0.310435,0.31306,0.30974,0.31306,478.939256
1678941900000.0,0.31065,0.31106,0.31004,0.31004,9.499984
1678941000000.0,0.313005,0.31495,0.31065,0.31065,173.999201
1678940100000.0,0.31606999999999996,0.31734,0.313005,0.313005,50.611203
1678939200000.0,0.31654,0.31734,0.31532,0.316145,29.494091
1678938300000.0,0.31617,0.31675,0.31552,0.31675,3.840212
1678937400000.0,0.31723250000000003,0.31803,0.31633,0.31633,354.094481
1678936500000.0,0.318415,0.31933,0.31720000000000004,0.31720000000000004,73.607987
1678935600000.0,0.3186875,0.31908,0.31819,0.31849,61.066329
1678934700000.0,0.31777,0.31874,0.31714,0.31874,6575.529657
1678933800000.0,0.316405,0.31777,0.31537,0.31777,201.266098
1678932900000.0,0.31513,0.316555,0.31378,0.316555,8.304969
1678932000000.0,0.31403000000000003,0.315385,0.31248,0.315385,3.490761
1678931100000.0,0.3126875,0.31442000000000003,0.31131,0.31442000000000003,3.49674
1678930200000.0,0.31196999999999997,0.312675,0.31131,0.312675,7.535012
1678929300000.0,0.312335,0.31293,0.31138,0.31196999999999997,1155.352111
1678928400000.0,0.3113625,0.312515,0.30959,0.312515,700.697009
1678927500000.0,0.31171000000000004,0.31261,0.31106,0.31173,140.846321
1678926600000.0,0.31445,0.31706,0.31157,0.311585,1427.075336
1678925700000.0,0.31585,0.3184,0.31397,0.314585,570.066996
1678924800000.0,0.313585,0.31555,0.31241,0.315515,29.383214
1678923900000.0,0.3129975,0.31366,0.31226,0.31319,512.122402
1678923000000.0,0.31354250000000006,0.31397,0.313035,0.313035,18.923962
1678922100000.0,0.312365,0.31387,0.31107,0.31355500000000003,153.447242
1678921200000.0,0.31202,0.31297,0.31107,0.31226,0.619092
1678920300000.0,0.31358,0.31419,0.31202,0.31202,4.036533
1678919400000.0,0.3136475,0.31479,0.31083,0.31358,337.169894
1678918500000.0,0.31596,0.31714,0.314485,0.314485,6.608202
1678917600000.0,0.3163875,0.31714,0.31518,0.31596,194.697622
1678916700000.0,0.31477249999999996,0.316615,0.31337,0.316615,943.630372
1678915800000.0,0.31318,0.31472999999999995,0.31294,0.31472999999999995,6.882882
1678914900000.0,0.314085,0.31618,0.31303,0.3132,411.351809
1678914000000.0,0.31477750000000004,0.31552,0.313565,0.313565,1039.767085
1678913100000.0,0.3143825,0.31619,0.31291,0.31481000000000003,788.999202
1678912200000.0,0.31291,0.314215,0.31291,0.314215,0.0
1678911300000.0,0.3122825,0.31291,0.31153,0.31291,275.292867
1678910400000.0,0.31092,0.312345,0.31006,0.312345,6.497423
1678909500000.0,0.309725,0.31092,0.30934,0.31092,29.674981
1678908600000.0,0.3119625,0.31589,0.30934,0.3097,36.053683
1678907700000.0,0.31278500000000004,0.31328,0.31131,0.31131,2.802238
1678906800000.0,0.312755,0.31358,0.31243,0.31293000000000004,2474.991812
1678905900000.0,0.312135,0.31250500000000003,0.31184,0.31250500000000003,210.450211
1678905000000.0,0.3115175,0.31234,0.31069,0.312135,30.704199
1678904100000.0,0.30924999999999997,0.31152,0.30721,0.31152,836.784761
1678903200000.0,0.310025,0.31284,0.30721,0.30920499999999995,2215.472349
1678902300000.0,0.3120025,0.31284,0.310025,0.310025,28.218727
1678901400000.0,0.3116875,0.312305,0.31046,0.312305,3.909622
1678900500000.0,0.31164,0.31226,0.31053,0.312015,173.059637
1678899600000.0,0.308695,0.31188499999999997,0.30588,0.31188499999999997,2.87523
1678898700000.0,0.3082175,0.3115,0.30588,0.308695,20702.804378
1678897800000.0,0.31284249999999997,0.31633,0.307745,0.307745,629.878889
1678896900000.0,0.3144225,0.31647,0.3127,0.31271499999999997,1144.346288
1678896000000.0,0.31649499999999997,0.3206,0.3127,0.31426,21454.255339
1678895100000.0,0.32219,0.32466,0.31633999999999995,0.31633999999999995,758.933018
1678894200000.0,0.3271925,0.33057,0.32206,0.32206,406.079841
1678893300000.0,0.3328475,0.33565,0.32735499999999995,0.32735499999999995,20007.291918
1678892400000.0,0.3345175,0.3356,0.33287,0.33287,2555.230757
1678891500000.0,0.33162,0.334785,0.32884,0.334785,3174.868817
1678890600000.0,0.33453,0.34022,0.32884,0.33162,3692.745108
1678889700000.0,0.341135,0.34233,0.33453,0.33453,85.930357
1678888800000.0,0.3406425,0.34233,0.33812,0.341275,30.794424
1678887900000.0,0.34298,0.34617,0.33979,0.34106000000000003,369.904674
1678887000000.0,0.34787999999999997,0.35014,0.34297999999999995,0.34297999999999995,993.92176
1678886100000.0,0.34813249999999996,0.35005,0.34672,0.347605,302.538903
1678885200000.0,0.344155,0.34787999999999997,0.34159,0.34787999999999997,249.279512
1678884300000.0,0.3402575,0.344155,0.33692,0.344155,217.359626
1678883400000.0,0.341005,0.34799,0.33755,0.34126,408.627279
1678882500000.0,0.33747250000000006,0.33924,0.3359,0.33924,157.887842
1678881600000.0,0.3406600000000001,0.34338,0.337745,0.337745,67.627418
1678880700000.0,0.34080999999999995,0.34338,0.33824,0.34066,239.49088
1678879800000.0,0.337155,0.34081,0.33497,0.34081,360.985927
1678878900000.0,0.337385,0.33856,0.33537,0.337645,373.964679
1678878000000.0,0.343275,0.34799,0.337805,0.337805,430.098652
1678877100000.0,0.34750000000000003,0.34865,0.343275,0.343275,3.789022
1678876200000.0,0.34646750000000004,0.347335,0.34583,0.347335,2433.274323
1678875300000.0,0.347135,0.3482,0.34593,0.346445,9.433069
1678874400000.0,0.3470675,0.34825,0.34591,0.347205,673.142897
1678873500000.0,0.34692500000000004,0.34794,0.34591,0.347055,51.196068
1678872600000.0,0.349855,0.3521,0.34692500000000004,0.34692500000000004,759.970715
1678871700000.0,0.3520875,0.35346,0.34969,0.34969,127.687343
1678870800000.0,0.353175,0.35443,0.35194,0.35194,30.192308
1678869900000.0,0.35440000000000005,0.35541,0.352915,0.352915,31.728578
1678869000000.0,0.35768,0.35995,0.3544,0.3544,1045.865268
1678868100000.0,0.3599325,0.36145,0.35768,0.35768,252.280856
1678867200000.0,0.35867750000000004,0.359925,0.35728,0.359925,687.460575
1678866300000.0,0.35593,0.358765,0.35423,0.358765,346.091077
1678865400000.0,0.35323499999999997,0.35592999999999997,0.35224,0.35592999999999997,684.750549
1678864500000.0,0.3507925,0.35323499999999997,0.34879,0.35323499999999997,60.552315
1678863600000.0,0.3499,0.35107,0.3499,0.35107,22.135818
1678862700000.0,0.349885,0.3499,0.34985,0.3499,0.815606
1678861800000.0,0.3490725,0.3499,0.3482,0.34989499999999996,10.538623
1678860900000.0,0.347865,0.349095,0.34668,0.349095,148.141448
1678860000000.0,0.34937999999999997,0.35058,0.34818,0.34824,27.834136
1678859100000.0,0.35153999999999996,0.3525,0.34938,0.34938,4.057047
1678858200000.0,0.35306,0.35362,0.35153999999999996,0.35153999999999996,1024.032692
1678857300000.0,0.353595,0.35374,0.35306,0.35306,4.594614
1678856400000.0,0.352065,0.35358,0.35059,0.35358,1500.442306
1678855500000.0,0.35123499999999996,0.35229,0.35059,0.352065,0.27042
1678854600000.0,0.3519225,0.35259,0.35103,0.35103,27.546588
1678853700000.0,0.352425,0.35313,0.35085,0.35203,30.522051
1678852800000.0,0.35261,0.35313,0.35209,0.35286,13.170245
1678851900000.0,0.3516475,0.35286,0.35082,0.35261,29.022993
1678851000000.0,0.349825,0.351455,0.34846,0.351455,6.295517
1678850100000.0,0.35079,0.3526,0.3492,0.35001000000000004,29.560951
1678849200000.0,0.35168,0.35216,0.35068,0.35068,0.134452
1678848300000.0,0.35028,0.35168,0.3492,0.35168,4.339526
1678847400000.0,0.349605,0.3502,0.3492,0.3502,4.235433
1678846500000.0,0.3500375,0.35062,0.34955,0.349605,3.159987
1678845600000.0,0.35185500000000003,0.35374,0.34997,0.34999,33.389134
1678844700000.0,0.35374,0.35374,0.35185500000000003,0.35185500000000003,0.0
1678843800000.0,0.35182,0.35374,0.3499,0.35374,1321.567115
1678842900000.0,0.3484475,0.35182,0.34668,0.35182,43.078956
1678842000000.0,0.34575999999999996,0.348605,0.34421,0.348605,179.130187
1678841100000.0,0.34302000000000005,0.34576,0.34183,0.34576,37.018785
1678840200000.0,0.342075,0.34302,0.34183,0.34302,13.030988
1678839300000.0,0.3429375,0.34463,0.34165,0.341935,771.829095
1678838400000.0,0.3438025,0.34471,0.342735,0.342735,21.933521
1678837500000.0,0.34391,0.34472,0.34306,0.34353500000000003,82.190932
1678836600000.0,0.344415,0.34461,0.34393,0.34393,2.865088
1678835700000.0,0.34431,0.34518,0.34332,0.344415,341.983567
1678834800000.0,0.343985,0.34437,0.3438,0.34437,178.692534
1678833900000.0,0.34367000000000003,0.34403,0.34282,0.34396499999999997,23.966124
1678833000000.0,0.34258500000000003,0.34421,0.34105,0.34391499999999997,44.013963
1678832100000.0,0.341175,0.34254,0.34066,0.34254,69.574377
1678831200000.0,0.33964,0.340855,0.33862,0.340855,160.787648
1678830300000.0,0.33785,0.33964,0.33708,0.33964,32.728084
1678829400000.0,0.33694499999999994,0.33862,0.33604,0.33785,267.935693
1678828500000.0,0.33596250000000005,0.33677,0.33427,0.33655999999999997,42.013945
1678827600000.0,0.3391,0.34268,0.33427,0.336405,941.36186
1678826700000.0,0.3424775,0.3427,0.339725,0.339725,163.668816
1678825800000.0,0.3441275,0.34596,0.34245,0.342565,50.163488
1678824900000.0,0.34614249999999996,0.34703,0.34404999999999997,0.34404999999999997,596.969163
1678824000000.0,0.34562000000000004,0.34703,0.34421,0.34634,762.908411
1678823100000.0,0.34257250000000006,0.34562000000000004,0.34077,0.34562000000000004,248.900468
1678822200000.0,0.33982750000000006,0.34265500000000004,0.33672,0.34265500000000004,362.74399
1678821300000.0,0.34052499999999997,0.34352,0.3359,0.34013000000000004,1300.137781
1678820400000.0,0.346705,0.35072,0.34134,0.34134,428.644125
1678819500000.0,0.35288250000000004,0.35671,0.34629,0.34629,2946.062023
1678818600000.0,0.3564225,0.35786,0.352885,0.352885,61.694146
1678817700000.0,0.35359,0.356135,0.35157,0.356135,15.722326
1678816800000.0,0.353795,0.35614,0.35157,0.353565,699.916139
1678815900000.0,0.35648250000000004,0.35734,0.353735,0.353735,763.154641
1678815000000.0,0.35638250000000005,0.35705,0.35569,0.356345,14.701569
1678814100000.0,0.35772000000000004,0.36061,0.35366,0.356395,9101.786139
1678813200000.0,0.35963,0.36075,0.358305,0.358305,0.600042
1678812300000.0,0.35803,0.35972,0.35691,0.359595,6.124598
1678811400000.0,0.35806,0.3636,0.35541,0.357745,558.606483
1678810500000.0,0.35996,0.3636,0.35632,0.356615,9372.518412
1678809600000.0,0.36097499999999993,0.3636,0.35644,0.35996,200.130109
1678808700000.0,0.3602575,0.36193,0.35691,0.36193,14.604244
1678807800000.0,0.3598375,0.3636,0.35691,0.361095,49.322128
1678806900000.0,0.360255,0.3636,0.35691,0.35941999999999996,107.162146
1678806000000.0,0.3614725,0.3636,0.35843,0.360255,961.005159
1678805100000.0,0.35695,0.3636,0.35197,0.36193,10176.820397
1678804200000.0,0.3527375,0.356115,0.3515,0.356115,1171.437649
1678803300000.0,0.3526875,0.35374,0.3502,0.35285500000000003,21.584685
1678802400000.0,0.35121499999999994,0.35340499999999997,0.34936,0.35340499999999997,322.507751
1678801500000.0,0.3501375,0.35193,0.34936,0.351215,175.549213
1678800600000.0,0.346745,0.3499,0.34352,0.34963,107.195906
1678799700000.0,0.34926500000000005,0.36145,0.34352,0.34678,1074.883463
1678798800000.0,0.35601499999999997,0.3636,0.34604500000000005,0.34604500000000005,2350.056855
1678797900000.0,0.35008,0.3636,0.33656,0.35601499999999997,16122.182998
1678797000000.0,0.333025,0.35008,0.32949,0.35008,505.759328
1678796100000.0,0.3275825,0.333025,0.32473,0.333025,74.35786
1678795200000.0,0.32653,0.328055,0.32533,0.328055,1.940308
1678794300000.0,0.3266575,0.32769,0.32477,0.32655,154.791467
1678793400000.0,0.32706999999999997,0.32769,0.32521,0.32708499999999996,30.883765
1678792500000.0,0.327215,0.32769,0.32579,0.32769,1.029443
1678791600000.0,0.327335,0.32769,0.32698,0.32769,0.351345
1678790700000.0,0.327335,0.32769,0.32698,0.327335,0.215705
1678789800000.0,0.3271825,0.32769,0.32566,0.327335,3.798914
1678788900000.0,0.3269575,0.32769,0.32522,0.32769,4.322507
1678788000000.0,0.327245,0.32746,0.32723,0.32746,1.688688
1678787100000.0,0.3272625,0.3274,0.3271,0.327245,8.226576
1678786200000.0,0.32786000000000004,0.32948,0.32519,0.327275,43.196193
1678785300000.0,0.3282625,0.32948,0.32526,0.32838500000000004,47.445149
1678784400000.0,0.32883,0.329155,0.32883,0.329155,0.0
1678783500000.0,0.3297275,0.33092,0.32824,0.32883,3.253318
1678782600000.0,0.3297425,0.33095,0.32798,0.32987500000000003,8.228886
1678781700000.0,0.3273275,0.33002,0.32519,0.33002,69.036968
1678780800000.0,0.33009,0.34193,0.32519,0.327155,1482.171371
1678779900000.0,0.32936,0.33067,0.32662,0.32662,60.123002
1678779000000.0,0.3308925,0.33113,0.32936,0.32936,14.086873
1678778100000.0,0.33210249999999997,0.33316,0.33089999999999997,0.33089999999999997,844.966697
1678777200000.0,0.33137,0.33311,0.32963,0.33211999999999997,29.890535
1678776300000.0,0.3299125,0.33137,0.32958,0.33137,90.962029
1678775400000.0,0.3300825,0.33033,0.32989,0.329925,2.605504
1678774500000.0,0.3303175,0.3313,0.32878,0.330055,78.680151
1678773600000.0,0.33007,0.3313,0.32884,0.33059499999999997,1.027887
1678772700000.0,0.33007,0.3313,0.32884,0.33007,5.538881
1678771800000.0,0.32977999999999996,0.3313,0.32826,0.33007,36.595515
1678770900000.0,0.3303375,0.33408,0.32742,0.32977999999999996,270.016782
1678770000000.0,0.3298,0.33159,0.32801,0.329925,320.499671
1678769100000.0,0.32815,0.3298,0.32737,0.3298,1.116449
1678768200000.0,0.32776,0.32861,0.32629,0.32831,8.847121
1678767300000.0,0.32752499999999996,0.32807,0.32721,0.32807,8.364693
1678766400000.0,0.328105,0.32862,0.32755999999999996,0.32755999999999996,0.459332
1678765500000.0,0.328205,0.32862,0.32742,0.328105,1.357586
1678764600000.0,0.32688,0.32839,0.3256,0.32839,8.54636
1678763700000.0,0.325465,0.32688,0.32526,0.32688,1.749007
1678762800000.0,0.3259675,0.3266,0.32527,0.3255,1.826515
1678761900000.0,0.3264,0.3266,0.32593,0.326,185.798744
1678761000000.0,0.32621,0.32737,0.3255,0.326535,300.585669
1678760100000.0,0.3265575,0.32773,0.32527,0.32598499999999997,65.821582
1678759200000.0,0.328005,0.32991,0.326615,0.326615,7523.267072
1678758300000.0,0.32769,0.32771,0.32769,0.32771,0.0
1678757400000.0,0.32626999999999995,0.32769,0.32455,0.32769,54.852721
1678756500000.0,0.3252075,0.32642,0.32435,0.32642,11.486259
1678755600000.0,0.32514750000000003,0.32563,0.32416,0.32538999999999996,2.009046
1678754700000.0,0.324805,0.3254,0.32444,0.3254,0.341093
1678753800000.0,0.32564,0.32781,0.32444,0.324805,484.338075
1678752900000.0,0.325305,0.32633,0.32451,0.32515499999999997,413.369767
1678752000000.0,0.32423500000000005,0.32519,0.32396,0.32519,0.492486
1678751100000.0,0.3252925,0.32665,0.32391,0.32423500000000005,1.364637
1678750200000.0,0.32538,0.32665,0.32375,0.325305,8534.95553
1678749300000.0,0.32458,0.32606,0.32218,0.32555999999999996,65.635766
1678748400000.0,0.32727,0.32915,0.32504,0.32504,408.060488
1678747500000.0,0.32774749999999997,0.32878,0.32597,0.32716,67.66477
1678746600000.0,0.32801499999999995,0.32893,0.32753,0.32811999999999997,16.809146
1678745700000.0,0.3278025,0.32836,0.32709,0.3278,1326.297243
1678744800000.0,0.3268575,0.32787999999999995,0.32576,0.32787999999999995,46.09013
1678743900000.0,0.3262925,0.32699,0.3255,0.32699,4.21261
1678743000000.0,0.32616,0.32707,0.32448,0.326445,26.39359
1678742100000.0,0.3256525,0.32664,0.32474,0.326545,347.313406
1678741200000.0,0.32431,0.325615,0.32388,0.325615,566.795692
1678740300000.0,0.32461,0.32534,0.32388,0.32431,8.440465
1678739400000.0,0.3250575,0.32686,0.32149,0.32461,21320.799725
1678738500000.0,0.32716749999999994,0.32786,0.32594,0.32594,18.280065
1678737600000.0,0.32752000000000003,0.32786,0.32708,0.3272,3.104285
1678736700000.0,0.327175,0.32762,0.32647,0.32757000000000003,3.385267
1678735800000.0,0.327905,0.32919,0.32591,0.327305,1035.566942
1678734900000.0,0.3283675,0.32919,0.3259,0.32826,22.545797
1678734000000.0,0.32748,0.32919,0.32577,0.32919,20.463373
1678733100000.0,0.32698,0.32919,0.32577,0.32748,45.325337
1678732200000.0,0.32652499999999995,0.32719,0.32586,0.32648,6.961084
1678731300000.0,0.3246875,0.32919,0.32185,0.32652499999999995,14303.594403
1678730400000.0,0.32282500000000003,0.32433,0.32155,0.323855,7445.928512
1678729500000.0,0.32343500000000003,0.32368,0.32271000000000005,0.32271000000000005,4.9479
1678728600000.0,0.32315,0.32391,0.3222,0.32362500000000005,31.124486
1678727700000.0,0.3225325,0.32338,0.32155,0.323245,1489.172784
1678726800000.0,0.32358,0.32597,0.31999,0.3226,10374.970586
1678725900000.0,0.32641,0.32747,0.32418,0.32418,326.372905
1678725000000.0,0.3277825,0.32899,0.32614,0.32649,64.410221
1678724100000.0,0.3302275,0.33238,0.328,0.328,5012.472705
1678723200000.0,0.32843500000000003,0.33055,0.32526,0.32977,6463.429827
1678722300000.0,0.3276975,0.328965,0.32631,0.328965,88.8541
1678721400000.0,0.33077,0.335,0.32556,0.32787,15321.045857
1678720500000.0,0.33249,0.335,0.33036,0.33126,4375.851324
1678719600000.0,0.32773250000000004,0.33230000000000004,0.32416,0.33230000000000004,1485.557603
1678718700000.0,0.32445250000000003,0.32730000000000004,0.32356,0.32730000000000004,1402.60687
1678717800000.0,0.32228500000000004,0.32418,0.31972,0.32417,3981.444506
1678716900000.0,0.31838500000000003,0.32262,0.31569,0.32262,10632.328236
1678716000000.0,0.31133,0.318395,0.30693,0.318395,1034.439726
1678715100000.0,0.308195,0.31136,0.30648,0.31133,257.271436
1678714200000.0,0.3084525,0.30991,0.30648,0.30747,1369.228372
1678713300000.0,0.31011,0.31196,0.30871000000000004,0.30871000000000004,13330.668138
1678712400000.0,0.307855,0.30966,0.30605,0.309535,935.039503
1678711500000.0,0.30608250000000004,0.307855,0.30584,0.307855,1.220473
1678710600000.0,0.30666499999999997,0.30711,0.306135,0.306135,29.215841
1678709700000.0,0.304505,0.30711,0.3019,0.30666499999999997,3.340337
1678708800000.0,0.30556,0.31013,0.3019,0.304505,949.346547
1678707900000.0,0.30831,0.30831,0.30510499999999996,0.30510499999999996,0.0
1678707000000.0,0.308585,0.30941,0.30721,0.30831,3.747436
1678706100000.0,0.31001500000000004,0.31062,0.30886,0.30886,5.842666
1678705200000.0,0.31132499999999996,0.31203,0.31001500000000004,0.31001500000000004,0.549783
1678704300000.0,0.31130749999999996,0.31203,0.30947,0.31132499999999996,7.942128
1678703400000.0,0.310565,0.31204,0.30744,0.31186499999999995,37.899966
1678702500000.0,0.309615,0.31139,0.30721,0.31139,501.638332
1678701600000.0,0.30855,0.31004,0.3081,0.31004,3.567781
1678700700000.0,0.308175,0.30855,0.3081,0.30855,0.255451
1678699800000.0,0.309045,0.31043,0.30806,0.308175,362.092249
1678698900000.0,0.311225,0.31301,0.30884500000000004,0.30884500000000004,1937.522097
1678698000000.0,0.31389500000000004,0.31478,0.311225,0.311225,0.381799
1678697100000.0,0.316625,0.31847,0.31389500000000004,0.31389500000000004,114.367719
1678696200000.0,0.31791,0.31847,0.316625,0.316625,2.813321
1678695300000.0,0.31801,0.3185,0.31752,0.317995,0.927723
1678694400000.0,0.3185950000000001,0.31902,0.31784,0.31801,36.021532
1678693500000.0,0.31902,0.31902,0.31876000000000004,0.31876000000000004,0.0
1678692600000.0,0.318865,0.3194,0.31852,0.31902,20.615347
1678691700000.0,0.3184975,0.31983,0.31782,0.31877,4004.657616
1678690800000.0,0.3178275,0.31833,0.31683,0.31817,23.230995
1678689900000.0,0.31833,0.31833,0.318075,0.318075,0.0
1678689000000.0,0.31786000000000003,0.31833,0.31674,0.31833,11.595775
1678688100000.0,0.3174325,0.318185,0.3168,0.318185,3.738576
1678687200000.0,0.317935,0.31907,0.3168,0.31742000000000004,164.597874
1678686300000.0,0.318925,0.31907,0.317935,0.317935,32.581403
1678685400000.0,0.31764000000000003,0.318925,0.31633,0.318925,2005.945741
1678684500000.0,0.316865,0.31772500000000004,0.31555,0.31772500000000004,10.661957
1678683600000.0,0.31588,0.31762,0.31414,0.317145,56.374098
1678682700000.0,0.31414,0.31588,0.31414,0.31588,0.0
1678681800000.0,0.3140225,0.31685,0.31255,0.31414,238.129087
1678680900000.0,0.3138275,0.31634,0.31253,0.313345,22.838944
1678680000000.0,0.3140325,0.31462,0.31322,0.31322,1.800738
1678679100000.0,0.31374749999999996,0.31446,0.31327,0.31384999999999996,5.955965
1678678200000.0,0.3140575,0.31508,0.31345,0.31362999999999996,18.610183
1678677300000.0,0.31464749999999997,0.31614,0.31206,0.31384999999999996,62.40861
1678676400000.0,0.3149,0.31634,0.31356,0.315195,307.739828
1678675500000.0,0.314085,0.31778,0.31,0.31484999999999996,15002.49118
1678674600000.0,0.316575,0.31815,0.31428,0.31428,28.469078
1678673700000.0,0.31694,0.31869,0.31546,0.316575,4.490628
1678672800000.0,0.31532,0.316805,0.315,0.316805,577.824882
1678671900000.0,0.3167775,0.32061,0.315,0.31523,1229.356046
1678671000000.0,0.3175275,0.32061,0.31575,0.31575,20.840622
1678670100000.0,0.3185425,0.3206,0.3165,0.3165,1.040269
1678669200000.0,0.320585,0.3206,0.318535,0.318535,10.787892
1678668300000.0,0.32060500000000003,0.32061,0.320585,0.320585,25.501596
1678667400000.0,0.318865,0.32061,0.31712,0.32060500000000003,89.500874
1678666500000.0,0.31514,0.318865,0.31316,0.318865,3.168208
1678665600000.0,0.31316,0.31514,0.31316,0.31514,0.0
1678664700000.0,0.312925,0.31316,0.31269,0.31316,2.168106
1678663800000.0,0.31365000000000004,0.31916,0.31107,0.312925,8646.683866
1678662900000.0,0.31015250000000005,0.31218500000000005,0.30862,0.31218500000000005,111.450708
1678662000000.0,0.30862,0.31015000000000004,0.30862,0.31015000000000004,80.684937
1678661100000.0,0.307865,0.30862,0.30711,0.30862,36.659961
1678660200000.0,0.30366,0.307865,0.30021,0.307865,498.507752
1678659300000.0,0.29917499999999997,0.30366,0.29814,0.30366,160.567742
1678658400000.0,0.296985,0.29917499999999997,0.29583,0.29917499999999997,16.704912
1678657500000.0,0.29533,0.296985,0.29483,0.296985,5.724945
1678656600000.0,0.294755,0.29533,0.29468,0.29533,106.027437
1678655700000.0,0.2946,0.294755,0.29452,0.294755,2.783111
1678654800000.0,0.2945375,0.29463,0.2945,0.2946,6697.683404
1678653900000.0,0.29292999999999997,0.29451,0.28948,0.29451,12278.412109
1678653000000.0,0.29167,0.2945,0.28947,0.29386999999999996,23000.829579
1678652100000.0,0.2881375,0.2945,0.28429,0.29135500000000003,3087.258528
1678651200000.0,0.28592749999999995,0.28829,0.28429,0.28688,19.484896
1678650300000.0,0.28671,0.28684,0.28556499999999996,0.28556499999999996,0.481011
1678649400000.0,0.2874325,0.28829,0.28657,0.28671,27.086869
1678648500000.0,0.287015,0.28829,0.28574,0.287435,79.710336
1678647600000.0,0.28546,0.287015,0.28518,0.287015,45.476725
1678646700000.0,0.28518,0.28546,0.28518,0.28546,3.807908
1678645800000.0,0.28403999999999996,0.28518,0.28062,0.28518,39.367902
1678644900000.0,0.28518,0.28518,0.28518,0.28518,52.952156
1678644000000.0,0.28518,0.28518,0.28518,0.28518,4.71829
1678643100000.0,0.28112499999999996,0.28518,0.27707,0.28518,3.90789
1678642200000.0,0.2789775,0.28518,0.27683,0.28112499999999996,47.330264
1678641300000.0,0.28075,0.28467,0.27683,0.27695000000000003,3.297484
1678640400000.0,0.28467,0.28467,0.28075,0.28075,0.0
1678639500000.0,0.28071999999999997,0.28467,0.2763,0.28467,773.579267
1678638600000.0,0.27783749999999996,0.28151,0.2763,0.28095499999999995,8.034329
1678637700000.0,0.27843999999999997,0.28151,0.2763,0.27676999999999996,38.19019
1678636800000.0,0.280555,0.28146,0.27797499999999997,0.27797499999999997,1.061199
1678635900000.0,0.27888,0.28146,0.2763,0.280555,1.918105
1678635000000.0,0.2763,0.27888,0.2763,0.27888,20.410684
1678634100000.0,0.27869,0.28108,0.2763,0.2763,23.81029
1678633200000.0,0.2795975,0.28271,0.2773,0.27869,15.409717
1678632300000.0,0.27791,0.27919,0.2773,0.27919,3.663098
1678631400000.0,0.28047,0.28242,0.27791,0.27791,11.530168
1678630500000.0,0.281235,0.28285,0.27682,0.28047,4.485761
1678629600000.0,0.2833525,0.28413,0.2823,0.28263499999999997,1.239816
1678628700000.0,0.28421499999999994,0.28517,0.28349,0.28349,1.396989
1678627800000.0,0.2803,0.28395499999999996,0.27682,0.28395499999999996,17.310013
1678626900000.0,0.27857,0.28378,0.27682,0.2803,672.782727
1678626000000.0,0.27686,0.27686,0.27684,0.27684,2.982171
1678625100000.0,0.27686,0.27686,0.27686,0.27686,25.038124
1678624200000.0,0.2774375,0.28164,0.26961,0.27686,4035.840635
1678623300000.0,0.28195000000000003,0.28226,0.27925,0.27925,2.156879
1678622400000.0,0.28207750000000004,0.28465,0.27682,0.28195000000000003,8.907552
1678621500000.0,0.2832975,0.28462,0.27937,0.28342,24.899624
1678620600000.0,0.28473,0.28484,0.28459999999999996,0.28459999999999996,28.250616
1678619700000.0,0.28083,0.28484,0.27682,0.28473,29.376322
1678618800000.0,0.27682,0.28083,0.27682,0.28083,0.0
1678617900000.0,0.278265,0.27971,0.27682,0.27682,8.379562
1678617000000.0,0.27971,0.27971,0.278265,0.278265,14.159379
1678616100000.0,0.2814025,0.28443,0.27971,0.27971,22.604855
1678615200000.0,0.28176,0.28176,0.280735,0.280735,1.701824
1678614300000.0,0.2791325,0.28217,0.2763,0.28176,36.705409
1678613400000.0,0.278845,0.28139,0.2763,0.27903,92.783853
1678612500000.0,0.28287999999999996,0.28517,0.278845,0.278845,28.319994
1678611600000.0,0.279935,0.28357,0.2763,0.28247999999999995,13.867076
1678610700000.0,0.27891,0.28152,0.2763,0.279935,15.286518
1678609800000.0,0.28125500000000003,0.28152,0.27891,0.27891,56.662534
1678608900000.0,0.27686,0.28125500000000003,0.27273,0.28125500000000003,7.011132
1678608000000.0,0.27685499999999996,0.28098,0.27273,0.27686,6.86346
1678607100000.0,0.27714,0.28098,0.2733,0.27685499999999996,0.428013
1678606200000.0,0.27302,0.27714,0.27274,0.27714,20.771603
1678605300000.0,0.27677,0.28099,0.27274,0.27302,25.569098
1678604400000.0,0.27898500000000004,0.28061,0.276675,0.276675,2.208425
1678603500000.0,0.27732,0.27898500000000004,0.2772,0.27898500000000004,10.422037
1678602600000.0,0.27703999999999995,0.27736,0.27608,0.27736,2.663044
1678601700000.0,0.27480499999999997,0.27736,0.27225,0.27736,18.092355
1678600800000.0,0.272625,0.27480499999999997,0.27225,0.27480499999999997,3.635929
1678599900000.0,0.276995,0.28099,0.272625,0.272625,106.66737
1678599000000.0,0.28099,0.28099,0.276995,0.276995,7.014945
1678598100000.0,0.27871999999999997,0.28099,0.27273,0.28099,162.900013
1678597200000.0,0.27685,0.28058,0.27353,0.28058,0.902712
1678596300000.0,0.27313,0.27685,0.27273,0.27685,1.48066
1678595400000.0,0.2727325,0.27313,0.27273,0.27313,4.967492
1678594500000.0,0.2751625,0.27783,0.27273,0.27273,106.335084
1678593600000.0,0.27480499999999997,0.27736,0.27225,0.275045,0.475336
1678592700000.0,0.27225,0.27480499999999997,0.27225,0.27480499999999997,2.265146
1678591800000.0,0.2736225,0.27727,0.27224,0.27225,736.677035
1678590900000.0,0.27585999999999994,0.27914,0.27249,0.27249,7.691492
1678590000000.0,0.27581999999999995,0.27884,0.2728,0.27578499999999995,1756.369051
1678589100000.0,0.271785,0.27581999999999995,0.26874,0.27581999999999995,1157.312879
1678588200000.0,0.2728,0.2728,0.2728,0.2728,28.91505
1678587300000.0,0.2718475,0.27346,0.26767,0.2728,668.582968
1678586400000.0,0.274455,0.27545,0.27313,0.27313,0.312295
1678585500000.0,0.2747625,0.27545,0.27398,0.274455,3.309708
1678584600000.0,0.2753625,0.27688,0.27417,0.27481,38.960331
1678583700000.0,0.27916,0.28215,0.2752,0.2752,212.823585
1678582800000.0,0.2801025,0.28354,0.27736,0.27919,2941.904293
1678581900000.0,0.2748,0.279755,0.27224,0.279755,4.204627
1678581000000.0,0.27224,0.2748,0.27224,0.2748,23.552542
1678580100000.0,0.275325,0.27996,0.27224,0.27224,204.274164
1678579200000.0,0.275095,0.27686,0.2698,0.27454999999999996,103.095567
1678578300000.0,0.2768575,0.27686,0.27685,0.27686,10.229016
1678577400000.0,0.27686,0.27686,0.27686,0.27686,94.43153
1678576500000.0,0.27642249999999996,0.27686,0.2759,0.27686,13.851617
1678575600000.0,0.27646499999999996,0.27686,0.27607,0.27646499999999996,0.1
1678574700000.0,0.27379,0.27686,0.26871,0.27646499999999996,145.039849
1678573800000.0,0.27451499999999995,0.2763,0.27273,0.274795,161.091027
1678572900000.0,0.276115,0.28336,0.2724,0.27451499999999995,1815.827429
1678572000000.0,0.27232,0.27435,0.27224,0.27435,0.826304
1678571100000.0,0.27224,0.27232,0.27224,0.27232,1.060291
1678570200000.0,0.27224,0.27224,0.27224,0.27224,23.62526
1678569300000.0,0.2754,0.27856,0.27224,0.27224,55.630791
1678568400000.0,0.279035,0.27951,0.2754,0.2754,3.458433
1678567500000.0,0.276385,0.27951,0.27326,0.279035,2209.978277
1678566600000.0,0.27224750000000003,0.276385,0.26994,0.276385,193.484568
1678565700000.0,0.2692275,0.2731,0.25848,0.272895,17190.759221
1678564800000.0,0.2728,0.2728,0.272665,0.272665,160.014075
1678563900000.0,0.26990000000000003,0.2728,0.267,0.2728,2.40789
1678563000000.0,0.26739999999999997,0.26990000000000003,0.26616,0.26990000000000003,64.762243
1678562100000.0,0.26893,0.27103,0.2659,0.26754,45.62959
1678561200000.0,0.267555,0.27071,0.2644,0.269395,101.818531
1678560300000.0,0.26622750000000006,0.26806,0.26439,0.267555,270.600734
1678559400000.0,0.269015,0.27071,0.26623,0.26623,20.26732
1678558500000.0,0.2679075000000001,0.26923,0.26439,0.268645,10081.386011
1678557600000.0,0.2685225,0.26900500000000005,0.26776,0.26900500000000005,112.992254
1678556700000.0,0.26876750000000005,0.268775,0.26876,0.268775,12.030447
1678555800000.0,0.26876750000000005,0.26877,0.26876,0.26877,56.291641
1678554900000.0,0.265045,0.26877,0.26132,0.26877,6.811486
1678554000000.0,0.26357,0.26624,0.26132,0.265045,909.247222
1678553100000.0,0.2654,0.2654,0.26336000000000004,0.26336000000000004,2.347948
1678552200000.0,0.2654,0.2654,0.2654,0.2654,61.25376
1678551300000.0,0.2654,0.2654,0.2654,0.2654,6.708973
1678550400000.0,0.2654,0.2654,0.2654,0.2654,1.512822
1678549500000.0,0.26593500000000003,0.26647,0.2654,0.2654,10.482142
1678548600000.0,0.26650500000000005,0.26875,0.2654,0.26593500000000003,7.468731
1678547700000.0,0.2670825,0.26877,0.2654,0.26593500000000003,153.113397
1678546800000.0,0.2687575,0.26876,0.26708,0.26708,2.274865
1678545900000.0,0.26708,0.26876,0.2654,0.26876,3.842327
1678545000000.0,0.26602750000000003,0.26791,0.2654,0.26708,26.047972
1678544100000.0,0.26624250000000005,0.26877,0.2654,0.2654,51.251802
1678543200000.0,0.26622,0.26868,0.2654,0.2654,8.894882
1678542300000.0,0.2654,0.2654,0.2654,0.2654,3.039994
1678541400000.0,0.266075,0.2681,0.2654,0.2654,3.016427
1678540500000.0,0.26698,0.26856,0.2654,0.2654,9.976144
1678539600000.0,0.26698,0.26856,0.2654,0.26698,0.121955
1678538700000.0,0.2653925,0.26698,0.26477,0.26698,4.603089
1678537800000.0,0.26559,0.26742,0.26477,0.265085,12.453714
1678536900000.0,0.2646575,0.26578,0.26352,0.265085,4.165009
1678536000000.0,0.26366,0.26466500000000004,0.26339,0.26466500000000004,2.787816
1678535100000.0,0.26265,0.26366,0.26191,0.26366,440.0
1678534200000.0,0.26369,0.26877,0.26095,0.26265,559.461845
1678533300000.0,0.2659125,0.26877,0.26252,0.26252,27.614288
1678532400000.0,0.268695,0.26877,0.265875,0.265875,0.30249
1678531500000.0,0.26574,0.26877,0.26271,0.268695,5.526855
1678530600000.0,0.263775,0.26574,0.26239,0.26574,14.593126
1678529700000.0,0.26688500000000004,0.26877,0.263855,0.263855,32.605676
1678528800000.0,0.26877,0.26877,0.26688500000000004,0.26688500000000004,4.044736
1678527900000.0,0.26774749999999997,0.26877,0.26525,0.26877,37.964431
1678527000000.0,0.26671999999999996,0.268485,0.26524,0.268485,27.028203
1678526100000.0,0.26503750000000004,0.26671999999999996,0.26483,0.26671999999999996,8.868454
1678525200000.0,0.262985,0.265035,0.26114,0.265035,166.319209
1678524300000.0,0.261695,0.26482,0.26041,0.262985,75.874146
1678523400000.0,0.26266999999999996,0.26704,0.25894,0.260775,856.423318
1678522500000.0,0.26854,0.27279,0.26234999999999997,0.26234999999999997,77.897154
1678521600000.0,0.27279,0.27279,0.26854,0.26854,0.0
1678520700000.0,0.27014499999999997,0.27279,0.26676,0.27279,355.252032
1678519800000.0,0.2709475,0.27507,0.26824,0.27051499999999995,398.281551
1678518900000.0,0.274795,0.27735,0.27024,0.27024,2.012813
1678518000000.0,0.27734749999999997,0.27735,0.274795,0.274795,4.912143
1678517100000.0,0.2768125,0.27735,0.2752,0.27735,6.198509
1678516200000.0,0.27703,0.27735,0.27671,0.27735,10.745117
1678515300000.0,0.275675,0.27703,0.27464,0.27703,3.010578
1678514400000.0,0.27464,0.275675,0.27464,0.275675,0.0
1678513500000.0,0.27512000000000003,0.2756,0.27464,0.27464,1.160291
1678512600000.0,0.27522749999999996,0.2756,0.27479,0.27512000000000003,133.279725
1678511700000.0,0.27364,0.27526,0.27236,0.27526,10.27923
1678510800000.0,0.27242750000000004,0.27364,0.27232,0.27364,3.580836
1678509900000.0,0.27293999999999996,0.27352,0.27236,0.27236,32.591363
1678509000000.0,0.273615,0.27386,0.27293999999999996,0.27293999999999996,6770.051601
1678508100000.0,0.27405,0.27458,0.27359500000000003,0.27359500000000003,1385.886325
1678507200000.0,0.27487,0.27539,0.27401,0.27401,1.295011
1678506300000.0,0.27557,0.27575,0.27487,0.27487,6.966123
1678505400000.0,0.275325,0.27615,0.2747,0.27557,46.008739
1678504500000.0,0.27536,0.27638,0.2747,0.275225,2520.273657
1678503600000.0,0.27624000000000004,0.27682,0.27518,0.27518,247.235559
1678502700000.0,0.277445,0.27807,0.27624000000000004,0.27624000000000004,31.365833
1678501800000.0,0.278545,0.27917,0.277445,0.277445,83.02794
1678500900000.0,0.279065,0.27964,0.27813,0.27849,6.534064
1678500000000.0,0.28102,0.28273,0.27904,0.27924499999999997,3580.962968
1678499100000.0,0.28207,0.28273,0.281155,0.281155,44.020704
1678498200000.0,0.27934499999999995,0.28212,0.27696,0.28212,256.352252
1678497300000.0,0.27715999999999996,0.279455,0.27663,0.279455,1218.455022
1678496400000.0,0.27598500000000004,0.27706,0.27525,0.27706,0.314267
1678495500000.0,0.2751825,0.27598500000000004,0.27474,0.27598500000000004,6.83993
1678494600000.0,0.275575,0.27638,0.27454,0.275125,324.273364
1678493700000.0,0.2754125,0.27649,0.27439,0.27569,1.521646
1678492800000.0,0.27410999999999996,0.275385,0.27371,0.275385,26.335749
1678491900000.0,0.2744125,0.27542,0.27371,0.27405,713.025962
1678491000000.0,0.27473499999999995,0.27521,0.27426,0.27426,35.078275
1678490100000.0,0.27508,0.27594,0.27446,0.27463499999999996,745.988703
1678489200000.0,0.27478,0.27546,0.2741,0.27496,350.25454
1678488300000.0,0.27417,0.27478,0.27346,0.27478,732.121896
1678487400000.0,0.2743925,0.27492,0.27396,0.27433,726.331365
1678486500000.0,0.274505,0.27561,0.27377,0.274345,1441.862606
1678485600000.0,0.27244999999999997,0.27451,0.27039,0.27432,393.861192
1678484700000.0,0.2706325,0.27244999999999997,0.26984,0.27244999999999997,29.814097
1678483800000.0,0.27103,0.27154,0.27057,0.27077,24.859028
1678482900000.0,0.271075,0.2718,0.26984,0.271005,741.585903
1678482000000.0,0.27264,0.27348,0.27132999999999996,0.27132999999999996,3.511184
1678481100000.0,0.2730825,0.27348,0.27256,0.27264,7.761197
1678480200000.0,0.27337750000000005,0.27395,0.27281,0.27314499999999997,10.261611
1678479300000.0,0.2744675,0.27523,0.27337500000000003,0.27337500000000003,1.004677
1678478400000.0,0.274825,0.27523,0.27442,0.27458499999999997,80.363864
1678477500000.0,0.273625,0.274825,0.27283,0.274825,1.511802
1678476600000.0,0.2720825,0.273625,0.27113,0.273625,1642.835955
1678475700000.0,0.272065,0.27286,0.27127,0.27205,355.668348
1678474800000.0,0.27229000000000003,0.27286,0.27172,0.272065,121.861984
1678473900000.0,0.27180000000000004,0.27229000000000003,0.27172,0.27229000000000003,1.324722
1678473000000.0,0.271565,0.27188,0.27123,0.27180000000000004,1137.812997
1678472100000.0,0.27214,0.27319,0.27091,0.271575,8.096434
1678471200000.0,0.27300749999999996,0.27368,0.27148,0.27222999999999997,541.022564
1678470300000.0,0.27283999999999997,0.27368,0.272,0.273435,2.94497
1678469400000.0,0.27112250000000004,0.27283999999999997,0.27004,0.27283999999999997,35.482983
1678468500000.0,0.271375,0.27275,0.26996,0.27102000000000004,361.611614
1678467600000.0,0.27275,0.27275,0.271395,0.271395,0.0
1678466700000.0,0.27271999999999996,0.27313,0.27214,0.27275,63.714091
1678465800000.0,0.273545,0.27442,0.27280499999999996,0.27280499999999996,323.185301
1678464900000.0,0.27225,0.27404,0.27046,0.27344999999999997,2803.06197
1678464000000.0,0.27087249999999996,0.27225,0.27029,0.27225,3030.229805
1678463100000.0,0.2701325,0.27144,0.26889,0.270885,492.200645
1678462200000.0,0.26825,0.2701,0.26761,0.2701,238.811476
1678461300000.0,0.266895,0.26825,0.26554,0.26825,1044.045151
1678460400000.0,0.26539999999999997,0.26756,0.26361,0.267215,5.780194
1678459500000.0,0.26473,0.26585,0.26361,0.265215,347.876028
1678458600000.0,0.26741,0.26907,0.26473,0.26473,1184.564093
1678457700000.0,0.26923,0.26994,0.26736,0.26736,344.611879
1678456800000.0,0.271465,0.27306,0.26937,0.26937,676.0
1678455900000.0,0.272015,0.27306,0.27097,0.271465,6399.798685
1678455000000.0,0.26709499999999997,0.272015,0.26191,0.272015,345.423511
1678454100000.0,0.2644825,0.26775,0.26308,0.26775,767.122101
1678453200000.0,0.2649325,0.26541,0.26458,0.264845,32.75263
1678452300000.0,0.26468,0.2657,0.26422,0.26487,1772.598562
1678451400000.0,0.2637175,0.26439999999999997,0.26287,0.26439999999999997,24.505195
1678450500000.0,0.263025,0.26389,0.26249,0.26389,1.278086
1678449600000.0,0.26244999999999996,0.263025,0.26241,0.263025,38.095238
1678448700000.0,0.261695,0.26244999999999996,0.26098,0.26244999999999996,127.637973
1678447800000.0,0.2607575,0.261695,0.26053,0.261695,138.560348
1678446900000.0,0.260495,0.26075499999999996,0.2604,0.26075499999999996,29.698763
1678446000000.0,0.260785,0.26115,0.26043,0.26048,5.603464
1678445100000.0,0.2591525,0.26132,0.25708,0.26078,190.782653
1678444200000.0,0.2577775,0.259105,0.25637,0.259105,251.520319
1678443300000.0,0.25993750000000004,0.26129,0.2579,0.2579,738.162632
1678442400000.0,0.2609475,0.26129,0.26,0.26000500000000004,1980.068279
1678441500000.0,0.26125750000000003,0.26218,0.26082,0.26125,4.93011
1678440600000.0,0.26299,0.26516,0.26082,0.261015,246.21089
1678439700000.0,0.26567,0.26618,0.26299,0.26299,686.308675
1678438800000.0,0.266385,0.26659,0.26567,0.26567,0.472796
1678437900000.0,0.26659,0.26659,0.266385,0.266385,0.0
1678437000000.0,0.2679025,0.26922,0.26658,0.26659,41.575255
1678436100000.0,0.269205,0.2697,0.267905,0.267905,40.493011
1678435200000.0,0.26895,0.269085,0.26895,0.269085,0.0
1678434300000.0,0.269285,0.26962,0.26895,0.26895,0.1
1678433400000.0,0.2688125,0.26979,0.26792,0.269285,27.786608
1678432500000.0,0.266675,0.26877,0.26516,0.26877,1.893398
1678431600000.0,0.26629250000000004,0.26814,0.26516,0.26654,4185.298823
1678430700000.0,0.26709499999999997,0.26748,0.26593500000000003,0.26593500000000003,3.330222
1678429800000.0,0.2683525,0.26952,0.26709499999999997,0.26709499999999997,0.743074
1678428900000.0,0.26937500000000003,0.27006,0.268205,0.268205,2741.039129
1678428000000.0,0.26983500000000005,0.27006,0.26949500000000004,0.26949500000000004,62.790619
1678427100000.0,0.2696775,0.26985,0.26961,0.26983500000000005,2.302093
1678426200000.0,0.269265,0.27,0.26866,0.269625,930.244733
1678425300000.0,0.2687025,0.2692,0.26801,0.2692,1.449679
1678424400000.0,0.26886,0.26898,0.26874,0.26887,0.733316
1678423500000.0,0.26820999999999995,0.26886,0.26768,0.26886,215.828618
1678422600000.0,0.26765,0.26820999999999995,0.26762,0.26820999999999995,62.878523
1678421700000.0,0.26803499999999997,0.26874,0.26704,0.26765,446.489494
1678420800000.0,0.269105,0.26947,0.26818,0.26818,730.804136
1678419900000.0,0.27003750000000004,0.27077,0.269105,0.269105,686.473542
1678419000000.0,0.270165,0.27044,0.26956,0.269955,682.765528
1678418100000.0,0.270865,0.27151,0.27022,0.27033,368.179359
1678417200000.0,0.27151,0.27151,0.270865,0.270865,0.1
1678416300000.0,0.27129,0.27151,0.27107,0.27151,0.1
1678415400000.0,0.2709025,0.27129,0.27036,0.27129,20.074561
1678414500000.0,0.2715525,0.27246,0.27035,0.27108,5.128285
1678413600000.0,0.2719825,0.27245,0.27114,0.2717,34.106675
1678412700000.0,0.2716925,0.27217,0.27132,0.27217,2.548618
1678411800000.0,0.26963000000000004,0.271675,0.26747,0.271675,56.008637
1678410900000.0,0.26779,0.269865,0.26622,0.269865,4.506512
1678410000000.0,0.26806250000000004,0.26951,0.26731,0.268265,695.944981
1678409100000.0,0.26836499999999996,0.26942,0.26731,0.26771500000000004,777.239202
1678408200000.0,0.270105,0.27079,0.26836499999999996,0.26836499999999996,336.196457
1678407300000.0,0.27191,0.27685,0.27,0.270105,174.045157
1678406400000.0,0.2723475,0.27685,0.27,0.270395,6288.276636
1678405500000.0,0.27248,0.27254,0.27127,0.27127,18033.192179
1678404600000.0,0.27224,0.27358,0.2709,0.27254,1126.033513
1678403700000.0,0.27188999999999997,0.27226,0.27168,0.27224000000000004,0.702709
1678402800000.0,0.27134499999999995,0.27181,0.27052,0.27181,112.282683
1678401900000.0,0.27225,0.27324,0.27102,0.27159,21.370845
1678401000000.0,0.2725375,0.27325,0.27136,0.27237,233.741515
1678400100000.0,0.2725175,0.27461,0.27028,0.27276999999999996,5247.115995
1678399200000.0,0.2722375,0.27445,0.27081,0.27259,694.12142
1678398300000.0,0.2718025,0.27305,0.27081,0.271845,4317.662841
1678397400000.0,0.27453000000000005,0.277,0.271675,0.271675,455.583819
1678396500000.0,0.276135,0.27736,0.27429000000000003,0.27429000000000003,591.869916
1678395600000.0,0.273745,0.27580499999999997,0.27187,0.27580499999999997,584.039051
1678394700000.0,0.27471999999999996,0.27757,0.27187,0.27371999999999996,17856.039419
1678393800000.0,0.27949,0.28141,0.27471999999999996,0.27471999999999996,208.393868
1678392900000.0,0.28090499999999996,0.28156,0.27913,0.27949,780.211781
1678392000000.0,0.28357,0.28562,0.28146499999999997,0.28146499999999997,3062.964947
1678391100000.0,0.2853925,0.28598,0.28357,0.28357,1505.941199
1678390200000.0,0.28627,0.28656,0.2858,0.2858,285.471824
1678389300000.0,0.2866725,0.28815,0.28599,0.28627,1393.113421
1678388400000.0,0.287945,0.2899,0.28599,0.286275,18318.835208
1678387500000.0,0.28978,0.2899,0.287945,0.287945,0.405078
1678386600000.0,0.29041,0.29169,0.2886,0.28978,2096.579239
1678385700000.0,0.29222000000000004,0.2931,0.290675,0.290675,9.84309
1678384800000.0,0.293005,0.29396,0.2917,0.292045,224.373666
1678383900000.0,0.29365,0.29401,0.29318,0.29318,1.283724
1678383000000.0,0.2939025,0.29481,0.29262,0.293665,7652.537402
1678382100000.0,0.2943,0.29529,0.29346,0.29409,79.799895
1678381200000.0,0.29364,0.294225,0.29364,0.294225,0.0
1678380300000.0,0.29349749999999997,0.29403,0.29316,0.29364,7.355686
1678379400000.0,0.29493250000000004,0.29709,0.29316,0.2934,272.099659
1678378500000.0,0.29750499999999996,0.29885,0.29474,0.29474,229.762354
1678377600000.0,0.2982775,0.29923,0.29715,0.297425,1579.208156
1678376700000.0,0.298985,0.29997,0.2982,0.298365,121.313088
1678375800000.0,0.3004825,0.30141,0.298885,0.298885,5.207445
1678374900000.0,0.3022775,0.30387,0.29996,0.30049000000000003,1199.456564
1678374000000.0,0.303945,0.30461,0.30264,0.30264,36.215557
1678373100000.0,0.30461,0.30461,0.30423999999999995,0.30423999999999995,0.0
1678372200000.0,0.3032425,0.30461,0.30122,0.30461,1337.605014
1678371300000.0,0.303315,0.30529,0.30251,0.30357,256.234227
1678370400000.0,0.30086,0.30293,0.29879,0.30273,89.341782
1678369500000.0,0.2973,0.30086,0.29566,0.30086,181.09462
1678368600000.0,0.29653,0.29814,0.29484,0.297375,34.9517
1678367700000.0,0.295255,0.29718,0.2927,0.29657,312.830576
1678366800000.0,0.29517499999999997,0.29639,0.29396,0.29557,11.619788
1678365900000.0,0.2961875,0.29639,0.29517499999999997,0.29517499999999997,0.427896
1678365000000.0,0.296585,0.29679,0.29638,0.296385,6.385873
1678364100000.0,0.2967475,0.2974,0.29599,0.296585,0.958442
1678363200000.0,0.2970725,0.29746,0.2968,0.2968,199.58571
1678362300000.0,0.29707,0.29721,0.29693,0.29701,3.213391
1678361400000.0,0.29640500000000003,0.29707,0.29588,0.29707,1.557799
1678360500000.0,0.29700499999999996,0.29813,0.29588,0.29640500000000003,35.144884
1678359600000.0,0.29623,0.29813,0.29433,0.29700499999999996,1558.875867
1678358700000.0,0.2939625,0.29623,0.29338,0.29623,2.888275
1678357800000.0,0.29401499999999997,0.2948,0.29338,0.293855,2.714274
1678356900000.0,0.29406499999999997,0.2948,0.29348,0.29394,1.96421
1678356000000.0,0.293755,0.29403,0.29348,0.29399,0.1
1678355100000.0,0.29403,0.29403,0.293755,0.293755,0.0
1678354200000.0,0.29477499999999995,0.29561,0.29385,0.29403,133.208734
1678353300000.0,0.295755,0.29591,0.29481999999999997,0.29481999999999997,2.926467
1678352400000.0,0.29625,0.29659,0.29576,0.29576,0.207854
1678351500000.0,0.29551499999999997,0.2967,0.29316,0.29625,1092.90668
1678350600000.0,0.29632749999999997,0.2971,0.29561,0.29610000000000003,837.375631
1678349700000.0,0.29729,0.29781,0.2963,0.2963,3306.733658
1678348800000.0,0.2982,0.29859,0.2974,0.2974,0.144506
1678347900000.0,0.29828750000000004,0.29865,0.29745,0.2982,139.48791
1678347000000.0,0.29895499999999997,0.29945,0.29846,0.29852500000000004,62.826449
1678346100000.0,0.30030749999999995,0.30117,0.29895499999999997,0.29895499999999997,331.09362
1678345200000.0,0.30133,0.30149,0.30030999999999997,0.30030999999999997,0.1
1678344300000.0,0.30093499999999995,0.30149,0.30038,0.30133,0.174043
1678343400000.0,0.30081749999999996,0.30176,0.29937,0.30093499999999995,1.185068
1678342500000.0,0.30121,0.30176,0.30066,0.30106999999999995,4.924561
1678341600000.0,0.30069999999999997,0.30121,0.30066,0.30121,0.705209
1678340700000.0,0.3007225,0.30143,0.30036,0.30069999999999997,3.214813
1678339800000.0,0.30136,0.30236,0.30036,0.30055,1.708523
1678338900000.0,0.298905,0.30244,0.29541,0.30136,12979.375896
1678338000000.0,0.29541,0.298885,0.29541,0.298885,0.0
1678337100000.0,0.29541,0.29541,0.29541,0.29541,0.0
1678336200000.0,0.2985875,0.30258,0.29541,0.29541,147.723857
1678335300000.0,0.300915,0.30145,0.29818,0.29818,17.34895
1678334400000.0,0.30058,0.30079,0.30053,0.30079,0.333338
1678333500000.0,0.301155,0.30178,0.30053,0.30058,0.336791
1678332600000.0,0.3012125,0.30183,0.30062,0.301155,335.132284
1678331700000.0,0.30046,0.3012,0.3002,0.3012,5.002539
1678330800000.0,0.3002,0.30041,0.3002,0.30041,0.0
1678329900000.0,0.3002,0.3002,0.3002,0.3002,0.0
1678329000000.0,0.3007075,0.30133,0.30002,0.3002,36.470066
1678328100000.0,0.29984500000000003,0.30128,0.29841,0.30074,5.398319
1678327200000.0,0.29825999999999997,0.29984500000000003,0.29811,0.29984500000000003,0.120927
1678326300000.0,0.29815,0.29852,0.29745,0.29825999999999997,346.924788
1678325400000.0,0.2981475,0.29875,0.29737,0.298315,10.746116
1678324500000.0,0.296555,0.29823500000000003,0.29516,0.29823500000000003,0.303966
1678323600000.0,0.29564999999999997,0.296555,0.29516,0.296555,1.703014
1678322700000.0,0.299365,0.30259,0.29564999999999997,0.29564999999999997,12.753186
1678321800000.0,0.300435,0.30259,0.29828,0.299365,20.070076
1678320900000.0,0.29873,0.30259,0.29624,0.300435,67.515792
1678320000000.0,0.29834499999999997,0.29888,0.29781,0.298045,0.586907
1678319100000.0,0.29878,0.29888,0.29834499999999997,0.29834499999999997,2.027029
1678318200000.0,0.2994875,0.30059,0.29868,0.29878,23.094957
1678317300000.0,0.300075,0.30148,0.29934,0.29934,86.881944
1678316400000.0,0.296285,0.299705,0.29316,0.299705,229.059173
1678315500000.0,0.29625999999999997,0.29936,0.29316,0.296285,402.193064
1678314600000.0,0.30064,0.3025,0.29625999999999997,0.29625999999999997,1695.244086
1678313700000.0,0.302205,0.3025,0.30093000000000003,0.30093000000000003,32.106747
1678312800000.0,0.30136750000000007,0.30248,0.30048,0.302265,110.746762
1678311900000.0,0.30169,0.3029,0.30048,0.30125500000000005,5871.516536
1678311000000.0,0.30429,0.30569,0.30169,0.30169,2.409939
1678310100000.0,0.30537000000000003,0.30569,0.304295,0.304295,9.001221
1678309200000.0,0.305075,0.305435,0.30497,0.305435,0.15906
1678308300000.0,0.30491999999999997,0.30527,0.30472,0.305075,6.084956
1678307400000.0,0.30423749999999994,0.30537,0.30343,0.30484500000000003,1358.879633
1678306500000.0,0.302825,0.304075,0.30194,0.304075,2858.866793
1678305600000.0,0.3035,0.30529,0.30218,0.302965,24758.760857
1678304700000.0,0.30488000000000004,0.30573,0.303265,0.303265,5.265292
1678303800000.0,0.30503749999999996,0.30688,0.30377,0.30488000000000004,1616.103832
1678302900000.0,0.3032975,0.30474999999999997,0.30267,0.30474999999999997,29.538866
1678302000000.0,0.30278,0.30327499999999996,0.30278,0.30327499999999996,0.0
1678301100000.0,0.30278,0.30278,0.30278,0.30278,0.0
1678300200000.0,0.3042025,0.30612,0.30278,0.30278,754.959408
1678299300000.0,0.30644000000000005,0.30792,0.303955,0.303955,1865.828771
1678298400000.0,0.30749499999999996,0.308,0.30648,0.30649000000000004,580.488126
1678297500000.0,0.307875,0.30854,0.30721,0.30774999999999997,43.398827
1678296600000.0,0.3083825,0.30868,0.307875,0.307875,6.628958
1678295700000.0,0.30889,0.3091,0.30839,0.30839,5.319719
1678294800000.0,0.3095175,0.31007,0.30889,0.30889,168.1106
1678293900000.0,0.3099375,0.31065,0.30945,0.30945,12.005893
1678293000000.0,0.30913999999999997,0.30972500000000003,0.3083,0.30972500000000003,41.1234
1678292100000.0,0.31010000000000004,0.31161,0.30896,0.309305,1645.320515
1678291200000.0,0.31084,0.31271,0.30941,0.309915,13856.180115
1678290300000.0,0.30988,0.31062,0.30939,0.31062,1579.040169
1678289400000.0,0.30904,0.31134,0.30764,0.30988,247.323133
1678288500000.0,0.307455,0.30859000000000003,0.30711,0.30859000000000003,31.554139
1678287600000.0,0.3049725,0.30745,0.30281,0.30745,146.235118
1678286700000.0,0.30285,0.304985,0.30256,0.304985,12.06928
1678285800000.0,0.3024075,0.30299,0.30157,0.302925,102.144399
1678284900000.0,0.30236250000000003,0.3032,0.30208,0.302535,18.007235
1678284000000.0,0.3017925,0.30268,0.3005,0.30208500000000005,453.647379
1678283100000.0,0.30311750000000004,0.30469,0.30157,0.301995,444.775706
1678282200000.0,0.304945,0.30558,0.303105,0.303105,14.722883
1678281300000.0,0.3048375,0.30567,0.30405,0.304945,3.977414
1678280400000.0,0.30561,0.30778,0.30405,0.304815,224.875509
1678279500000.0,0.30766499999999997,0.30877,0.305305,0.305305,160.339282
1678278600000.0,0.30933750000000004,0.30991,0.30766499999999997,0.30766499999999997,22.04757
1678277700000.0,0.3101975,0.3105,0.309335,0.309335,2.020859
1678276800000.0,0.311095,0.31169,0.31020000000000003,0.31020000000000003,0.261628
1678275900000.0,0.31169,0.31169,0.311095,0.311095,0.0
1678275000000.0,0.311585,0.31181,0.31109,0.31169,30.843703
1678274100000.0,0.31212249999999997,0.31253,0.31168,0.31172,23.182649
1678273200000.0,0.31225499999999995,0.31253,0.31198,0.31214,24.997466
1678272300000.0,0.31121,0.31242,0.31022,0.31225499999999995,1.260799
1678271400000.0,0.3094875,0.3111,0.30872,0.3111,15.150227
1678270500000.0,0.30837250000000005,0.30950500000000003,0.30784,0.30950500000000003,2.550099
1678269600000.0,0.30898000000000003,0.31012,0.30784,0.308315,0.76605
1678268700000.0,0.30983,0.31012,0.30898000000000003,0.30898000000000003,3.518217
1678267800000.0,0.3091775,0.30983,0.3088,0.30983,6.556595
1678266900000.0,0.30854499999999996,0.309175,0.30811,0.309175,2.557495
1678266000000.0,0.30811,0.30845999999999996,0.30811,0.30845999999999996,0.0
1678265100000.0,0.30852,0.30893,0.30811,0.30811,178.439847
1678264200000.0,0.3087175,0.30906,0.30828,0.30852,7.379332
1678263300000.0,0.30812,0.30946,0.30721,0.30876499999999996,34.429943
1678262400000.0,0.30721,0.307905,0.30721,0.307905,0.0
1678261500000.0,0.30833,0.30945,0.30721,0.30721,1013.91866
1678260600000.0,0.30936250000000004,0.31058,0.30833,0.30833,5668.356507
1678259700000.0,0.30951,0.3105,0.30871,0.30908,6.240064
1678258800000.0,0.31012,0.31012,0.309415,0.309415,0.0
1678257900000.0,0.30981,0.31012,0.30944,0.31012,12.350496
1678257000000.0,0.310015,0.31111,0.30956,0.30984,35.678922
1678256100000.0,0.30974999999999997,0.30995,0.30961,0.309695,4.783767
1678255200000.0,0.31139,0.31317,0.30961,0.30972,202.5
1678254300000.0,0.312165,0.31337,0.31106,0.31139,3.558504
1678253400000.0,0.3122925,0.3138,0.31106,0.31211500000000003,821.525746
1678252500000.0,0.31471499999999997,0.31618,0.31215499999999996,0.31215499999999996,169.80931
1678251600000.0,0.317005,0.31783,0.31471499999999997,0.31471499999999997,0.484278
1678250700000.0,0.31784,0.31786,0.317005,0.317005,0.602897
1678249800000.0,0.31745,0.31794,0.31685,0.317835,5.871655
1678248900000.0,0.31738500000000003,0.31784,0.31669,0.31750500000000004,7.817751
1678248000000.0,0.31784,0.31784,0.31750500000000004,0.31750500000000004,0.0
1678247100000.0,0.31738,0.31784,0.31692,0.31784,2.753283
1678246200000.0,0.3164825,0.31738,0.31588,0.31738,3.378894
1678245300000.0,0.316745,0.31732,0.31619,0.31655500000000003,40.715045
1678244400000.0,0.317535,0.31779,0.316735,0.316735,4660.443648
1678243500000.0,0.31833,0.31907,0.317535,0.317535,4.795282
1678242600000.0,0.318455,0.31893,0.31749,0.31823,2.752919
1678241700000.0,0.3189375,0.31954,0.31832,0.3187,563.121099
1678240800000.0,0.318695,0.31916,0.31823,0.31894500000000003,1314.278952
1678239900000.0,0.31923500000000005,0.32024,0.31823,0.318695,30.308985
1678239000000.0,0.319375,0.32024,0.31851,0.31923500000000005,4.859661
1678238100000.0,0.3188225,0.31985,0.31841,0.319375,58.055738
1678237200000.0,0.31923,0.32001,0.318515,0.318515,22.023106
1678236300000.0,0.32008499999999995,0.3203,0.319195,0.319195,9.472356
1678235400000.0,0.3202775,0.32119,0.31981,0.32008499999999995,10.752665
1678234500000.0,0.31998499999999996,0.32016,0.31981,0.320055,21.992786
1678233600000.0,0.320565,0.32097,0.31998499999999996,0.31998499999999996,1943.313025
1678232700000.0,0.32097,0.32097,0.320565,0.320565,0.0
1678231800000.0,0.320445,0.32106,0.31978,0.32097,196.540469
1678230900000.0,0.31867999999999996,0.32047,0.31714,0.32047,48.321584
1678230000000.0,0.31676499999999996,0.318555,0.31639,0.318555,26.877779
1678229100000.0,0.3166,0.31684,0.31639,0.31676499999999996,2.792896
1678228200000.0,0.3154525,0.31683,0.3141,0.316585,4.032442
1678227300000.0,0.3136475,0.31544,0.31267,0.31544,3.705526
1678226400000.0,0.314255,0.31584,0.31267,0.313385,62.330996
1678225500000.0,0.31649,0.31714,0.314255,0.314255,163.627541
1678224600000.0,0.316435,0.31714,0.31573,0.31649,73.42158
1678223700000.0,0.315515,0.31649,0.31335,0.316435,10201.631529
1678222800000.0,0.317225,0.31796,0.31611,0.31611,61.463741
1678221900000.0,0.319155,0.32035,0.317225,0.317225,49.406739
1678221000000.0,0.3199125,0.32052,0.319155,0.319155,3.711152
1678220100000.0,0.31896,0.31999,0.31823,0.31987,3.710888
1678219200000.0,0.3191475,0.32015,0.31823,0.31881000000000004,155.756996
1678218300000.0,0.320885,0.32179,0.31910499999999997,0.31910499999999997,34.025976
1678217400000.0,0.3223075,0.32297,0.320885,0.320885,3.255309
1678216500000.0,0.3225475,0.32347,0.32202,0.32223500000000005,36.665566
1678215600000.0,0.321875,0.32235,0.32173,0.32235,5.639273
1678214700000.0,0.321905,0.32243,0.32173,0.321875,29.120915
1678213800000.0,0.32296,0.32425,0.32173,0.32173,38.423647
1678212900000.0,0.32465249999999996,0.32563,0.32293,0.32293,464.179012
1678212000000.0,0.32472,0.32472,0.32442499999999996,0.32442499999999996,0.0
1678211100000.0,0.32443,0.32472,0.32414,0.32472,3.004851
1678210200000.0,0.322965,0.32443,0.32179,0.32443,79.294409
1678209300000.0,0.3204225,0.322965,0.31893,0.322965,75.27798
1678208400000.0,0.318735,0.32036,0.31696,0.32036,208.180378
1678207500000.0,0.31933,0.32061,0.31874,0.31888,720.895453
1678206600000.0,0.319045,0.32115,0.31672,0.31898499999999996,2598.332755
1678205700000.0,0.321025,0.32291,0.31915499999999997,0.31915499999999997,16601.064739
1678204800000.0,0.3230425,0.32373,0.32101,0.32101,1187.453366
1678203900000.0,0.32287,0.32292,0.32282,0.322835,0.802749
1678203000000.0,0.321855,0.32362,0.32044,0.32287,151.064358
1678202100000.0,0.3184275,0.32187,0.3157,0.32167999999999997,250.318043
1678201200000.0,0.31882,0.32236,0.3157,0.31806999999999996,3275.69275
1678200300000.0,0.32155,0.3219,0.31860999999999995,0.31860999999999995,3.152804
1678199400000.0,0.3209975,0.32236,0.31898,0.321455,49.595259
1678198500000.0,0.320915,0.32132499999999997,0.32057,0.32132499999999997,5.063154
1678197600000.0,0.3207525,0.32123,0.31998,0.320915,347.419643
1678196700000.0,0.32254499999999997,0.32386,0.3209,0.3209,54.238873
1678195800000.0,0.3240775,0.32439,0.32254499999999997,0.32254499999999997,31.910029
1678194900000.0,0.32464,0.3253,0.324125,0.324125,5.853608
1678194000000.0,0.32418250000000004,0.32471,0.32377,0.32443500000000003,1.395772
1678193100000.0,0.324055,0.32434,0.32377,0.324125,0.346315
1678192200000.0,0.32414750000000003,0.32479,0.32267,0.324055,3.827172
1678191300000.0,0.3241975,0.32504,0.32348,0.324565,2.145605
1678190400000.0,0.3232975,0.324135,0.32273,0.324135,107.130265
1678189500000.0,0.32421500000000003,0.32494,0.323485,0.323485,31.55545
1678188600000.0,0.3249725,0.32546,0.32421500000000003,0.32421500000000003,9.129096
1678187700000.0,0.32435,0.32535,0.32353,0.324965,1.491647
1678186800000.0,0.32353,0.32426,0.32353,0.32426,0.0
1678185900000.0,0.325545,0.32756,0.32353,0.32353,832.959394
1678185000000.0,0.3275075,0.3277,0.325545,0.325545,25.466336
1678184100000.0,0.32781000000000005,0.32804,0.32755,0.327585,1.392717
1678183200000.0,0.32742,0.32804,0.3268,0.32782500000000003,0.1
1678182300000.0,0.3268,0.32742,0.3268,0.32742,0.0
1678181400000.0,0.327515,0.32846,0.32634,0.3268,35.059312
1678180500000.0,0.329515,0.33101,0.32758,0.32763,37.257196
1678179600000.0,0.33101,0.33101,0.329735,0.329735,0.0
1678178700000.0,0.33028,0.33107,0.32948,0.33101,4.293333
1678177800000.0,0.32982,0.33033,0.32956,0.33028500000000005,33.125947
1678176900000.0,0.33002750000000003,0.33053,0.32922,0.329695,19.452347
1678176000000.0,0.329925,0.33053,0.32932,0.33018000000000003,0.18134
1678175100000.0,0.32968,0.33004,0.32932,0.329925,130.96412
1678174200000.0,0.3302225,0.33055,0.32968,0.32968,12.206428
1678173300000.0,0.330315,0.33092,0.33004,0.33015,3.196029
1678172400000.0,0.33086499999999996,0.33169,0.33004,0.33015,29.514675
1678171500000.0,0.33168,0.33169,0.33086499999999996,0.33086499999999996,0.101408
1678170600000.0,0.331245,0.33172,0.33066,0.33168,4.824312
1678169700000.0,0.3312475,0.33158,0.33093,0.33130000000000004,6.304651
1678168800000.0,0.332075,0.3326,0.33124,0.33124,0.832635
1678167900000.0,0.33243999999999996,0.33274,0.332075,0.332075,3.093261
1678167000000.0,0.33186499999999997,0.332405,0.33127,0.332405,7.000143
1678166100000.0,0.332145,0.33256,0.33173,0.33197,0.534645
1678165200000.0,0.33256,0.33256,0.332145,0.332145,0.0
1678164300000.0,0.3323975,0.33256,0.33214,0.33256,1.936098
1678163400000.0,0.33239250000000004,0.33274,0.33176,0.332445,13.033301
1678162500000.0,0.33251,0.33274,0.33228,0.332535,12.112137
1678161600000.0,0.33228,0.33251,0.33228,0.33251,0.0
1678160700000.0,0.33274250000000005,0.33331,0.33228,0.33228,36.556941
1678159800000.0,0.33347000000000004,0.33384,0.33269000000000004,0.33269000000000004,11.957751
1678158900000.0,0.3342125,0.33459,0.33347000000000004,0.33347000000000004,19.347446
1678158000000.0,0.33455999999999997,0.33459,0.33421500000000004,0.33421500000000004,0.121268
1678157100000.0,0.334545,0.33463,0.33439,0.33455999999999997,0.645844
1678156200000.0,0.33526,0.33589,0.33458,0.33458,13.836174
1678155300000.0,0.33583,0.33589,0.33526,0.33526,50.665953
1678154400000.0,0.33577,0.33587500000000003,0.33568,0.33587500000000003,0.437827
1678153500000.0,0.33568,0.33577,0.33568,0.33577,0.0
1678152600000.0,0.33563750000000003,0.33586,0.33549,0.33568,100.507746
1678151700000.0,0.33475,0.33572,0.33388,0.3356,229.179816
1678150800000.0,0.33292,0.3347,0.33196,0.3347,35.847685
1678149900000.0,0.3321875,0.33292,0.33173,0.33292,282.491344
1678149000000.0,0.33128,0.33253,0.33003,0.332245,188.413976
1678148100000.0,0.32920499999999997,0.33128,0.32832,0.33128,169.758819
1678147200000.0,0.32832,0.329175,0.32832,0.329175,0.0
1678146300000.0,0.32832,0.32832,0.32832,0.32832,0.0
1678145400000.0,0.32832,0.32832,0.32832,0.32832,0.0
1678144500000.0,0.32832,0.32832,0.32832,0.32832,0.0
1678143600000.0,0.32832,0.32832,0.32832,0.32832,0.0
1678142700000.0,0.32832,0.32832,0.32832,0.32832,0.0
1678141800000.0,0.32820499999999997,0.32846,0.32802,0.32832,0.449287
1678140900000.0,0.3278275,0.32816999999999996,0.32758,0.32816999999999996,23.907696
1678140000000.0,0.3275425,0.327855,0.32711,0.327855,15.066662
1678139100000.0,0.3273275,0.327685,0.32681,0.327685,6.142298
1678138200000.0,0.327075,0.32769,0.3266,0.32741,3.79539
1678137300000.0,0.326175,0.327005,0.32511,0.327005,4.036138
1678136400000.0,0.32570499999999997,0.32636,0.32503,0.32636,133.91049
1678135500000.0,0.3258275,0.32649,0.32542,0.32591,590.52599
1678134600000.0,0.325345,0.3257,0.32526,0.3257,0.103375
1678133700000.0,0.32596499999999995,0.32674,0.32526,0.325345,62.5869
1678132800000.0,0.32672,0.32703,0.32593,0.32593,1.988246
1678131900000.0,0.327165,0.32754,0.326735,0.326735,0.248168
1678131000000.0,0.32804500000000003,0.32871,0.327125,0.327125,21.409887
1678130100000.0,0.32866,0.32969,0.32704,0.32804500000000003,338.010985
1678129200000.0,0.329145,0.3292,0.328955,0.328955,1.580103
1678128300000.0,0.32936,0.33025,0.32895,0.329195,3.978827
1678127400000.0,0.3292275,0.32989,0.32854,0.32911999999999997,2.354142
1678126500000.0,0.32943,0.33005,0.32899,0.32924,2.469247
1678125600000.0,0.3290225,0.32955,0.32833,0.32933999999999997,464.644057
1678124700000.0,0.328945,0.32914,0.32871,0.329105,56.641859
1678123800000.0,0.3290225,0.32915,0.32896499999999995,0.32896499999999995,138.715417
1678122900000.0,0.32916,0.32963,0.32897,0.32898499999999997,294.166639
1678122000000.0,0.3293375,0.32968,0.32895,0.32902,0.807375
1678121100000.0,0.3291725,0.32968,0.32852,0.32936,4.954549
1678120200000.0,0.329685,0.33069,0.32855,0.329245,1066.679765
1678119300000.0,0.3311675,0.33207,0.32975,0.32975,2202.073457
1678118400000.0,0.3306975,0.33235,0.32935,0.331215,8724.164811
1678117500000.0,0.328785,0.330545,0.32791,0.330545,44.597734
1678116600000.0,0.3280075,0.32863,0.3277,0.32863,11.019808
1678115700000.0,0.3281,0.32821,0.32799,0.32806,24997.600053
1678114800000.0,0.327895,0.32821,0.32769,0.3281,329.456754
1678113900000.0,0.3269425,0.32784,0.32603,0.32784,57.010584
1678113000000.0,0.32649249999999996,0.327025,0.32631,0.327025,134.606007
1678112100000.0,0.32566,0.326335,0.32501,0.326335,2.686449
1678111200000.0,0.325525,0.32637,0.32481,0.32566,23.795923
1678110300000.0,0.32552749999999997,0.32597,0.32485,0.32545999999999997,1303.567768
1678109400000.0,0.32484250000000003,0.32571,0.32414,0.32564499999999996,3.520309
1678108500000.0,0.32414,0.32476,0.32414,0.32476,27.566951
1678107600000.0,0.32399999999999995,0.32414,0.32359,0.32414,7.341104
1678106700000.0,0.32392499999999996,0.32413499999999995,0.32331,0.32413499999999995,677.616729
1678105800000.0,0.3237025,0.32414,0.32327,0.32413,1.887233
1678104900000.0,0.32261,0.3237,0.32186,0.3237,15.664532
1678104000000.0,0.32273999999999997,0.32397,0.32173,0.322565,37.745552
1678103100000.0,0.32398000000000005,0.32456,0.32263,0.32263,33.287186
1678102200000.0,0.325225,0.32589,0.32398000000000005,0.32398000000000005,4.776795
1678101300000.0,0.32599249999999996,0.32646,0.325225,0.325225,7.897381
1678100400000.0,0.32651,0.32736,0.32581,0.32585,4.131404
1678099500000.0,0.32651,0.32726,0.32581,0.32643500000000003,6.020748
1678098600000.0,0.32627,0.32671,0.32575,0.326485,1.162408
1678097700000.0,0.3271075,0.32768,0.32631,0.32631,11.559616
1678096800000.0,0.32739250000000003,0.32767,0.32707,0.32719,0.202478
1678095900000.0,0.3267,0.327415,0.32624,0.327415,1.22183
1678095000000.0,0.326025,0.3267,0.32581,0.3267,4.090707
1678094100000.0,0.3258525,0.32656,0.32552,0.326025,3.589389
1678093200000.0,0.32611749999999995,0.32698,0.32499,0.325665,1.609034
1678092300000.0,0.3260575,0.32757,0.32484,0.32625,36.193078
1678091400000.0,0.32416500000000004,0.32591000000000003,0.32349,0.32591000000000003,0.121287
1678090500000.0,0.32504500000000003,0.3266,0.32349,0.32416500000000004,33.90765
1678089600000.0,0.326405,0.32708,0.32504500000000003,0.32504500000000003,33.536787
1678088700000.0,0.326625,0.32717,0.32632,0.32646,5.556765
1678087800000.0,0.32659499999999997,0.32669,0.32631,0.326505,26.123497
1678086900000.0,0.32613499999999995,0.32669,0.32558,0.32669,29.962999
1678086000000.0,0.325175,0.32613499999999995,0.32412,0.32613499999999995,5.273706
1678085100000.0,0.32509499999999997,0.32563,0.32451,0.32542,1.764063
1678084200000.0,0.3250825,0.32522,0.32491,0.32511999999999996,4.59414
1678083300000.0,0.32521,0.32568,0.32497,0.3251,16.438345
1678082400000.0,0.3248875,0.32547,0.32431,0.325095,1502.971731
1678081500000.0,0.32410249999999996,0.324885,0.3229,0.324885,2023.784848
1678080600000.0,0.32383,0.32474,0.32294,0.32435499999999995,19344.0
1678079700000.0,0.32308000000000003,0.32393,0.32233,0.32382,17.761549
1678078800000.0,0.3228075,0.32393,0.32226,0.32303000000000004,3030.960613
1678077900000.0,0.323225,0.32374,0.32252000000000003,0.32252000000000003,31.777796
1678077000000.0,0.324795,0.32591,0.323225,0.323225,2.902107
1678076100000.0,0.32557499999999995,0.32591,0.32482500000000003,0.32482500000000003,45.002057
1678075200000.0,0.32502,0.32557499999999995,0.3245,0.32557499999999995,1.646423
1678074300000.0,0.3246725,0.32574,0.32392,0.32516999999999996,10834.316507
1678073400000.0,0.323565,0.324515,0.32316,0.324515,4.759874
1678072500000.0,0.323525,0.32413,0.32268,0.32354499999999997,5.016157
1678071600000.0,0.3240325,0.32414,0.32364499999999996,0.32364499999999996,8.165688
1678070700000.0,0.32353999999999994,0.32408,0.32218,0.32403,1.26782
1678069800000.0,0.3226,0.32397,0.32123,0.32394999999999996,2.901961
1678068900000.0,0.322435,0.32364,0.32123,0.3226,77.184264
1678068000000.0,0.32398,0.32493,0.32242,0.322435,38.575543
1678067100000.0,0.3244225,0.32493,0.32356,0.324285,2.523954
1678066200000.0,0.32509,0.32591,0.32427,0.3246,0.791112
1678065300000.0,0.32582500000000003,0.32695,0.32349,0.32509,94.145732
1678064400000.0,0.3268675,0.32703,0.32643,0.32643,3.261129
1678063500000.0,0.3272,0.32737,0.32699,0.32699,0.621638
1678062600000.0,0.327055,0.32737,0.32674,0.3272,2.50271
1678061700000.0,0.3257025,0.327055,0.32414,0.327055,22.893495
1678060800000.0,0.32631,0.32743,0.32519,0.32596499999999995,163.918054
1678059900000.0,0.3272025,0.32749,0.32631,0.32631,2.842385
1678059000000.0,0.326905,0.327325,0.32659,0.327325,0.1
1678058100000.0,0.32611999999999997,0.326905,0.3256,0.326905,11.10265
1678057200000.0,0.32726,0.32896,0.32552,0.326095,54.67622
1678056300000.0,0.32867749999999996,0.32941,0.32728,0.32728,1.386265
1678055400000.0,0.32899,0.32958,0.3284,0.32867999999999997,199.657539
1678054500000.0,0.32981499999999997,0.33022,0.32899,0.32899,20.346929
1678053600000.0,0.33026500000000003,0.33065,0.32972999999999997,0.32972999999999997,1.626448
1678052700000.0,0.329785,0.33067,0.32891,0.33026500000000003,1.717096
1678051800000.0,0.3301925,0.33151,0.32884,0.32977999999999996,4.312017
1678050900000.0,0.33116,0.33151,0.33021,0.33021,591.6327
1678050000000.0,0.3305825,0.33116,0.33021,0.33116,3.926978
1678049100000.0,0.33041750000000003,0.33065500000000003,0.33014,0.33065500000000003,3.082157
1678048200000.0,0.33042499999999997,0.33068,0.32985,0.330495,7.029223
1678047300000.0,0.3296675,0.33087,0.32824,0.330585,4.060375
1678046400000.0,0.328835,0.32977999999999996,0.32858,0.32977999999999996,13.402012
1678045500000.0,0.32833,0.32872999999999997,0.32808,0.32872999999999997,4.462317
1678044600000.0,0.328325,0.32857,0.32808,0.32833,0.107034
1678043700000.0,0.32906749999999996,0.3296,0.328325,0.328325,2.859262
1678042800000.0,0.32930499999999996,0.32953,0.32898,0.32904999999999995,3.649709
1678041900000.0,0.32946749999999997,0.32978,0.32913,0.32935499999999995,3.492344
1678041000000.0,0.330005,0.33023,0.32948,0.32948,0.113331
1678040100000.0,0.329685,0.33028,0.32898,0.330005,12.788785
1678039200000.0,0.32898249999999996,0.32974000000000003,0.32831,0.32974000000000003,32.768093
1678038300000.0,0.32952000000000004,0.33006,0.32884,0.329185,3.819615
1678037400000.0,0.3297575,0.33029,0.32934,0.32959000000000005,0.817473
1678036500000.0,0.329795,0.33025,0.32934,0.3297,8.681731
1678035600000.0,0.33025000000000004,0.33107,0.329795,0.329795,0.904021
1678034700000.0,0.33033250000000003,0.33156,0.32984,0.33004500000000003,1.859264
1678033800000.0,0.32989999999999997,0.33009,0.32971,0.329965,0.565375
1678032900000.0,0.32972750000000006,0.33,0.3296,0.32989999999999997,5.803398
1678032000000.0,0.3301425,0.33107,0.3296,0.32965500000000003,1.58328
1678031100000.0,0.3305425,0.33107,0.32994999999999997,0.32994999999999997,3.588403
1678030200000.0,0.3310625,0.33177,0.3304,0.3304,3.174228
1678029300000.0,0.33122999999999997,0.33161,0.33087,0.33103499999999997,9.726918
1678028400000.0,0.33092999999999995,0.33127,0.33031,0.33121999999999996,19.826641
1678027500000.0,0.3312225,0.33163,0.33081,0.33107,6.739265
1678026600000.0,0.33104999999999996,0.331225,0.33092,0.331225,0.1
1678025700000.0,0.33094250000000003,0.33157,0.33045,0.33104999999999996,3.915599
1678024800000.0,0.3310875,0.33169,0.33083,0.33087500000000003,0.82328
1678023900000.0,0.3313175,0.33174,0.33079,0.330915,8.731224
1678023000000.0,0.33121749999999994,0.33174,0.33042,0.33137,30.554006
1678022100000.0,0.33099999999999996,0.33135499999999996,0.33043,0.33135499999999996,15.334472
1678021200000.0,0.3306,0.3313,0.3298,0.33113499999999996,34.613474
1678020300000.0,0.329575,0.33065,0.32915,0.33065,61.784326
1678019400000.0,0.3291325,0.329575,0.32847,0.329575,28.882746
1678018500000.0,0.328975,0.32949,0.32848,0.329285,4.200796
1678017600000.0,0.3283075,0.328965,0.32801,0.328965,0.555456
1678016700000.0,0.3285,0.3288,0.3282,0.328355,4.857837
1678015800000.0,0.32875750000000004,0.32881,0.3285,0.3285,0.317002
1678014900000.0,0.32881,0.32926,0.32802,0.328755,11.240046
1678014000000.0,0.32889999999999997,0.32925,0.32855,0.32898,2.214803
1678013100000.0,0.32835000000000003,0.32889999999999997,0.32801,0.32889999999999997,0.508135
1678012200000.0,0.3283475,0.32942,0.32798,0.32828,1.521406
1678011300000.0,0.32762,0.32804,0.32723,0.32799500000000004,300.77672
1678010400000.0,0.3278675,0.32854,0.32716,0.32760500000000004,1.991451
1678009500000.0,0.32799,0.32854,0.32719,0.327885,3.049203
1678008600000.0,0.32817250000000003,0.32867,0.32766,0.328115,0.694324
1678007700000.0,0.32737750000000004,0.32904,0.3259,0.32818,5.417926
1678006800000.0,0.32620000000000005,0.32728500000000005,0.3259,0.32728500000000005,24.525308
1678005900000.0,0.32686750000000003,0.32732,0.32620000000000005,0.32620000000000005,28.419907
1678005000000.0,0.32755,0.32809,0.32691000000000003,0.32691000000000003,3.102479
1678004100000.0,0.32843,0.32915,0.327535,0.327535,35.074941
1678003200000.0,0.32821500000000003,0.32915,0.32718,0.32845,2.315744
1678002300000.0,0.32776,0.32826500000000003,0.32738,0.32826500000000003,1.05195
1678001400000.0,0.328115,0.3284,0.32752,0.32776,457.941852
1678000500000.0,0.3280425,0.3284,0.32713,0.32827,11.795858
1677999600000.0,0.328435,0.32876,0.32798,0.32832,1.168077
1677998700000.0,0.3285125,0.3288,0.32772,0.3285,9.070082
1677997800000.0,0.32850999999999997,0.32897,0.32733,0.328765,122.660194
1677996900000.0,0.328685,0.32902,0.32831,0.32887,10.081217
1677996000000.0,0.3289025,0.32937,0.32844,0.328705,35.150738
1677995100000.0,0.329735,0.33011,0.32889999999999997,0.32889999999999997,5.13286
1677994200000.0,0.330305,0.3305,0.329735,0.329735,0.583353
1677993300000.0,0.33101,0.33156,0.330305,0.330305,151.659909
1677992400000.0,0.33179499999999995,0.33241,0.3308,0.33103000000000005,55.756162
1677991500000.0,0.3318175,0.33241,0.33086,0.331985,1.296124
1677990600000.0,0.33111250000000003,0.33199999999999996,0.33061,0.33199999999999996,170.759928
1677989700000.0,0.3303625,0.331125,0.33004,0.331125,113.428666
1677988800000.0,0.3301625,0.33061,0.33,0.33035000000000003,478.867307
1677987900000.0,0.3298525,0.3301,0.32963,0.33002,3.226042
1677987000000.0,0.329685,0.33005,0.32942,0.32984,7.668144
1677986100000.0,0.32947499999999996,0.32985,0.32919,0.329635,21.354338
1677985200000.0,0.328665,0.32949,0.32795,0.32943,32.491008
1677984300000.0,0.3262725,0.3288,0.32417,0.32861,37.737635
1677983400000.0,0.3267625,0.32947,0.32417,0.32606,354.835825
1677982500000.0,0.3298325,0.33071,0.326705,0.326705,41.654355
1677981600000.0,0.32975,0.33014,0.32921,0.32969,2.157264
1677980700000.0,0.329515,0.33037,0.32886,0.32982500000000003,5.06638
1677979800000.0,0.32917250000000003,0.32972,0.32861,0.329415,10.653233
1677978900000.0,0.3275575,0.32949,0.32579,0.32918000000000003,3727.317814
1677978000000.0,0.32384999999999997,0.32747499999999996,0.32179,0.32747499999999996,205.990936
1677977100000.0,0.3212,0.32384999999999997,0.32012,0.32384999999999997,1.041823
1677976200000.0,0.3208525,0.32237,0.32012,0.320955,1023.318506
1677975300000.0,0.3214,0.32237,0.32045999999999997,0.32045999999999997,23.826939
1677974400000.0,0.32175000000000004,0.32237,0.32121500000000003,0.32121500000000003,3.479283
1677973500000.0,0.32136,0.32199,0.32077,0.32162500000000005,192.293389
1677972600000.0,0.32075,0.32134,0.32044,0.32134,0.475167
1677971700000.0,0.3207375,0.32106,0.32042,0.32075,24.612303
1677970800000.0,0.32045250000000003,0.32106,0.31984,0.320735,16.488867
1677969900000.0,0.31985749999999996,0.320455,0.31883,0.320455,56.546264
1677969000000.0,0.32042,0.3206,0.32011999999999996,0.32011999999999996,32.099681
1677968100000.0,0.3189175,0.32061,0.31735,0.32036,860.409505
1677967200000.0,0.3175275,0.318855,0.31714,0.318855,1.587555
1677966300000.0,0.31675,0.31887,0.3147,0.31754000000000004,96.930652
1677965400000.0,0.3174725,0.32001,0.3157,0.31671499999999997,308.721489
1677964500000.0,0.3183725,0.31855,0.31709,0.31709,9.22626
1677963600000.0,0.32006249999999997,0.32215,0.31823,0.318355,35.557513
1677962700000.0,0.32011999999999996,0.32164,0.31823,0.31993499999999997,60.790952
1677961800000.0,0.320995,0.32302,0.31897,0.32030499999999995,261.098116
1677960900000.0,0.3222625,0.32307,0.320995,0.320995,5.347522
1677960000000.0,0.32261,0.32363,0.32173,0.32237499999999997,210.352545
1677959100000.0,0.323915,0.32508,0.32215,0.32254000000000005,37.982379
1677958200000.0,0.3246675,0.32527,0.32349,0.32421500000000003,1.489875
1677957300000.0,0.325855,0.32688,0.32483,0.324955,0.36695
1677956400000.0,0.32693,0.32701,0.325855,0.325855,2.256358
1677955500000.0,0.326725,0.32701,0.32609,0.326915,5.103472
1677954600000.0,0.326845,0.32689999999999997,0.32684,0.32689999999999997,1.455643
1677953700000.0,0.32647000000000004,0.32701,0.326,0.326845,11.752318
1677952800000.0,0.32656999999999997,0.32753,0.32519,0.32643500000000003,397.184174
1677951900000.0,0.3278625,0.3282,0.32677999999999996,0.32677999999999996,12.662397
1677951000000.0,0.3279425,0.32823,0.32767,0.32786499999999996,3168.391527
1677950100000.0,0.32813000000000003,0.32899,0.32767,0.327935,454.550225
1677949200000.0,0.3283725,0.32864,0.32793,0.32793,0.929805
1677948300000.0,0.32848,0.32893,0.32759,0.32833,1.214686
1677947400000.0,0.32876,0.32904,0.32834,0.3287,3.293165
1677946500000.0,0.3283625,0.32894,0.32787,0.32883,1226.698056
1677945600000.0,0.3282075,0.32859,0.32791,0.32832,65.94111
1677944700000.0,0.3286175,0.32884,0.328165,0.328165,1.254867
1677943800000.0,0.32955,0.33026,0.32863,0.32863,267.597842
1677942900000.0,0.3302175,0.33053,0.32955,0.32955,14.205588
1677942000000.0,0.3301575,0.33051,0.33004,0.33015,1.41494
1677941100000.0,0.3302475,0.33072,0.33004,0.33004,3.702648
1677940200000.0,0.330515,0.33103,0.330115,0.330115,23.019018
1677939300000.0,0.3308125,0.33132,0.33042,0.33042,13.393783
1677938400000.0,0.33074,0.33104,0.33064,0.33064499999999997,1.540469
1677937500000.0,0.33064499999999997,0.33065,0.33064,0.33064,6.166766
1677936600000.0,0.33138999999999996,0.33213,0.33064499999999997,0.33064499999999997,0.970606
1677935700000.0,0.33262499999999995,0.3332,0.33138999999999996,0.33138999999999996,17.808466
1677934800000.0,0.33282999999999996,0.3332,0.33246,0.332665,0.96261
1677933900000.0,0.3316425,0.33282999999999996,0.33081,0.33282999999999996,1.515935
1677933000000.0,0.331215,0.33169,0.33067,0.331635,1.759891
1677932100000.0,0.3317375,0.332,0.33125,0.33125,13.996502
1677931200000.0,0.33153,0.33232,0.3309,0.331845,2.38921
1677930300000.0,0.3311525,0.33201,0.33085,0.33145,1131.063094
1677929400000.0,0.33193500000000004,0.33318,0.33071,0.33087500000000003,4.218621
1677928500000.0,0.332295,0.333,0.33159,0.331925,5.264803
1677927600000.0,0.3316775,0.332295,0.33128,0.332295,0.759112
1677926700000.0,0.331515,0.33226,0.33094,0.331755,3.818486
1677925800000.0,0.3318175,0.33294,0.33094,0.33143,29.008611
1677924900000.0,0.33320000000000005,0.33437,0.331695,0.331695,36.89829
1677924000000.0,0.3337575,0.33444,0.33299,0.33299,34.858803
1677923100000.0,0.33329249999999994,0.33394,0.33279,0.33359,0.441106
1677922200000.0,0.33368,0.33457,0.33279,0.33321999999999996,4.067915
1677921300000.0,0.33442,0.33528,0.33368,0.33368,8.197788
1677920400000.0,0.33394250000000003,0.334285,0.33387,0.334285,1633.888858
1677919500000.0,0.333935,0.334,0.3339,0.33394999999999997,5.048164
1677918600000.0,0.33412,0.3343,0.33392,0.33392,0.253543
1677917700000.0,0.33478,0.33526,0.33412,0.33412,37.369785
1677916800000.0,0.33521500000000004,0.33556,0.33477999999999997,0.33477999999999997,0.531083
1677915900000.0,0.3353775,0.33587,0.33489,0.33514,30.035712
1677915000000.0,0.33573,0.33573,0.335375,0.335375,0.0
1677914100000.0,0.33514,0.33573,0.33455,0.33573,281.372873
1677913200000.0,0.3350025,0.33546,0.33455,0.33514,0.456366
1677912300000.0,0.33561,0.33584,0.335,0.335,2.071403
1677911400000.0,0.3360075,0.33667,0.335615,0.335615,509.218575
1677910500000.0,0.3349475,0.33583,0.33393,0.33579000000000003,8.094597
1677909600000.0,0.33389749999999996,0.335015,0.33336,0.335015,2.094829
1677908700000.0,0.333365,0.334,0.33296,0.334,0.41188
1677907800000.0,0.3338925,0.33496,0.33269,0.333365,31.625041
1677906900000.0,0.3348675,0.33496,0.33396,0.33396,12.463375
1677906000000.0,0.334825,0.33491,0.33479,0.33491,0.113164
