1679116320000.0,1.535,1.535,1.535,1.535,0.0
1679116260000.0,1.5335,1.535,1.532,1.535,1.459819
1679116200000.0,1.5325,1.5335,1.532,1.5335,0.040614
1679116140000.0,1.5335,1.534,1.5325,1.5325,0.877697
1679116080000.0,1.534,1.534,1.5335,1.5335,0.0
1679116020000.0,1.534,1.534,1.534,1.534,0.0
1679115960000.0,1.534,1.534,1.534,1.534,0.0
1679115900000.0,1.534,1.534,1.534,1.534,60.218931
1679115840000.0,1.5394999999999999,1.545,1.534,1.534,13.03781
1679115780000.0,1.545,1.545,1.5394999999999999,1.5394999999999999,0.0
1679115720000.0,1.545,1.545,1.545,1.545,0.0
1679115660000.0,1.5459999999999998,1.547,1.545,1.545,0.076847
1679115600000.0,1.5479999999999998,1.549,1.5459999999999998,1.5459999999999998,0.134313
1679115540000.0,1.549,1.549,1.548,1.548,0.0
1679115480000.0,1.553,1.557,1.549,1.549,0.294394
1679115420000.0,1.557,1.557,1.553,1.553,0.0
1679115360000.0,1.557,1.557,1.557,1.557,0.0
1679115300000.0,1.557,1.557,1.557,1.557,0.0
1679115240000.0,1.557,1.557,1.557,1.557,0.0
1679115180000.0,1.557,1.557,1.557,1.557,0.0
1679115120000.0,1.5515,1.557,1.546,1.557,0.247753
1679115060000.0,1.5430000000000001,1.5514999999999999,1.54,1.5514999999999999,0.022796
1679115000000.0,1.54,1.5430000000000001,1.54,1.5430000000000001,0.0
1679114940000.0,1.54,1.54,1.54,1.54,0.0
1679114880000.0,1.54,1.54,1.54,1.54,0.0
1679114820000.0,1.5375,1.54,1.535,1.54,0.154255
1679114760000.0,1.535,1.5375,1.535,1.5375,0.0
1679114700000.0,1.535,1.535,1.535,1.535,0.0
1679114640000.0,1.5375,1.54,1.535,1.535,0.767666
1679114580000.0,1.54,1.54,1.5375,1.5375,0.0
1679114520000.0,1.54,1.54,1.54,1.54,0.0
1679114460000.0,1.54,1.54,1.54,1.54,0.0
1679114400000.0,1.54,1.54,1.54,1.54,0.0
1679114340000.0,1.542,1.544,1.54,1.54,0.097532
1679114280000.0,1.54425,1.547,1.542,1.542,0.283166
1679114220000.0,1.543,1.5434999999999999,1.543,1.5434999999999999,0.0
1679114160000.0,1.5485,1.554,1.543,1.543,0.025864
1679114100000.0,1.554,1.554,1.5485,1.5485,0.0
1679114040000.0,1.554,1.554,1.554,1.554,0.0
1679113980000.0,1.554,1.554,1.554,1.554,0.0
1679113920000.0,1.554,1.554,1.554,1.554,0.0
1679113860000.0,1.554,1.554,1.554,1.554,0.0
1679113800000.0,1.5525,1.554,1.551,1.554,0.077275
1679113740000.0,1.5535,1.556,1.551,1.5525,7.192126
1679113680000.0,1.557,1.558,1.5535,1.5535,6.563919
1679113620000.0,1.558,1.558,1.557,1.557,0.0
1679113560000.0,1.558,1.558,1.558,1.558,0.0
1679113500000.0,1.557,1.558,1.556,1.558,0.065256
1679113440000.0,1.556,1.557,1.556,1.557,0.0
1679113380000.0,1.5514999999999999,1.556,1.547,1.556,0.026066
1679113320000.0,1.547,1.5514999999999999,1.547,1.5514999999999999,0.0
1679113260000.0,1.547,1.547,1.547,1.547,0.0
1679113200000.0,1.547,1.547,1.547,1.547,0.0
1679113140000.0,1.547,1.547,1.547,1.547,0.0
1679113080000.0,1.547,1.547,1.547,1.547,0.0
1679113020000.0,1.547,1.547,1.547,1.547,0.0
1679112960000.0,1.547,1.547,1.547,1.547,0.0
1679112900000.0,1.547,1.547,1.547,1.547,0.0
1679112840000.0,1.547,1.547,1.547,1.547,0.0
1679112780000.0,1.547,1.547,1.547,1.547,0.0
1679112720000.0,1.547,1.547,1.547,1.547,0.0
1679112660000.0,1.5494999999999999,1.552,1.547,1.547,0.037807
1679112600000.0,1.552,1.552,1.5495,1.5495,0.0
1679112540000.0,1.5539999999999998,1.556,1.552,1.552,0.418953
1679112480000.0,1.556,1.556,1.554,1.554,0.0
1679112420000.0,1.5565,1.557,1.556,1.556,7.975597
1679112360000.0,1.5505,1.557,1.544,1.5565,2.444311
1679112300000.0,1.544,1.5505,1.544,1.5505,0.0
1679112240000.0,1.544,1.544,1.544,1.544,0.0
1679112180000.0,1.544,1.544,1.544,1.544,0.0
1679112120000.0,1.544,1.544,1.544,1.544,0.0
1679112060000.0,1.544,1.544,1.544,1.544,0.0
1679112000000.0,1.544,1.544,1.544,1.544,0.900424
1679111940000.0,1.5470000000000002,1.55,1.544,1.544,0.504645
1679111880000.0,1.55,1.55,1.5470000000000002,1.5470000000000002,0.0
1679111820000.0,1.55,1.55,1.55,1.55,0.942362
1679111760000.0,1.55,1.55,1.55,1.55,0.083601
1679111700000.0,1.55,1.55,1.55,1.55,0.0
1679111640000.0,1.55,1.55,1.55,1.55,0.326906
1679111580000.0,1.55,1.55,1.55,1.55,0.330731
1679111520000.0,1.55,1.55,1.55,1.55,0.0
1679111460000.0,1.55,1.55,1.55,1.55,0.0
1679111400000.0,1.55,1.55,1.55,1.55,0.498195
1679111340000.0,1.55,1.55,1.55,1.55,0.860211
1679111280000.0,1.55,1.55,1.55,1.55,0.0
1679111220000.0,1.55,1.55,1.55,1.55,0.227122
1679111160000.0,1.5525,1.555,1.55,1.55,0.278544
1679111100000.0,1.555,1.555,1.5525,1.5525,0.0
1679111040000.0,1.555,1.555,1.555,1.555,0.0
1679110980000.0,1.555,1.555,1.555,1.555,0.0
1679110920000.0,1.555,1.555,1.555,1.555,0.0
1679110860000.0,1.555,1.555,1.555,1.555,0.0
1679110800000.0,1.555,1.555,1.555,1.555,0.0
1679110740000.0,1.55525,1.556,1.555,1.555,0.579299
1679110680000.0,1.555,1.555,1.555,1.555,0.0
1679110620000.0,1.556,1.557,1.555,1.555,0.077561
1679110560000.0,1.557,1.557,1.556,1.556,0.581294
1679110500000.0,1.557,1.557,1.557,1.557,0.977078
1679110440000.0,1.557,1.557,1.557,1.557,0.120598
1679110380000.0,1.557,1.557,1.557,1.557,0.0
1679110320000.0,1.557,1.557,1.557,1.557,0.0
1679110260000.0,1.555,1.557,1.553,1.557,1.460446
1679110200000.0,1.5539999999999998,1.555,1.553,1.555,0.040462
1679110140000.0,1.55525,1.556,1.5539999999999998,1.5539999999999998,11.415332
1679110080000.0,1.5550000000000002,1.556,1.554,1.5554999999999999,14.434689
1679110020000.0,1.554,1.5550000000000002,1.554,1.5550000000000002,0.0
1679109960000.0,1.554,1.554,1.554,1.554,0.0
1679109900000.0,1.554,1.554,1.554,1.554,0.0
1679109840000.0,1.554,1.554,1.554,1.554,0.0
1679109780000.0,1.554,1.554,1.554,1.554,0.0
1679109720000.0,1.552,1.554,1.55,1.554,378.760919
1679109660000.0,1.55,1.552,1.55,1.552,0.0
1679109600000.0,1.55,1.55,1.55,1.55,0.0
1679109540000.0,1.55,1.55,1.55,1.55,0.0
1679109480000.0,1.55,1.55,1.55,1.55,0.0
1679109420000.0,1.553,1.556,1.55,1.55,9.67742
1679109360000.0,1.556,1.556,1.553,1.553,0.0
1679109300000.0,1.556,1.556,1.556,1.556,0.0
1679109240000.0,1.556,1.556,1.556,1.556,0.0
1679109180000.0,1.556,1.556,1.556,1.556,0.0
1679109120000.0,1.556,1.556,1.556,1.556,0.0
1679109060000.0,1.556,1.556,1.556,1.556,0.0
1679109000000.0,1.556,1.556,1.556,1.556,0.0
1679108940000.0,1.556,1.556,1.556,1.556,0.346995
1679108880000.0,1.5545,1.556,1.553,1.556,0.13041
1679108820000.0,1.553,1.5545,1.553,1.5545,0.041171
1679108760000.0,1.5499999999999998,1.553,1.547,1.553,4.31639
1679108700000.0,1.547,1.5499999999999998,1.547,1.5499999999999998,0.0
1679108640000.0,1.547,1.547,1.547,1.547,0.0
1679108580000.0,1.547,1.547,1.547,1.547,0.0
1679108520000.0,1.547,1.547,1.547,1.547,0.0
1679108460000.0,1.547,1.547,1.547,1.547,0.0
1679108400000.0,1.5485,1.55,1.547,1.547,0.190087
1679108340000.0,1.55025,1.551,1.5485,1.5485,0.119969
1679108280000.0,1.55,1.55,1.55,1.55,0.0
1679108220000.0,1.55,1.55,1.55,1.55,0.0
1679108160000.0,1.552,1.554,1.55,1.55,0.020346
1679108100000.0,1.554,1.554,1.552,1.552,0.0
1679108040000.0,1.5507499999999999,1.555,1.547,1.554,3.91226
1679107980000.0,1.547,1.5505,1.547,1.5505,0.0
1679107920000.0,1.547,1.547,1.547,1.547,0.0
1679107860000.0,1.547,1.547,1.547,1.547,0.0
1679107800000.0,1.547,1.547,1.547,1.547,0.0
1679107740000.0,1.5519999999999998,1.557,1.547,1.547,0.387599
1679107680000.0,1.557,1.557,1.552,1.552,0.0
1679107620000.0,1.557,1.557,1.557,1.557,0.0
1679107560000.0,1.557,1.557,1.557,1.557,0.586619
1679107500000.0,1.557,1.557,1.557,1.557,0.284012
1679107440000.0,1.557,1.557,1.557,1.557,0.0
1679107380000.0,1.557,1.557,1.557,1.557,0.020552
1679107320000.0,1.557,1.557,1.557,1.557,0.098977
1679107260000.0,1.5565,1.557,1.556,1.557,0.453019
1679107200000.0,1.556,1.5565,1.556,1.5565,0.0
1679107140000.0,1.5565,1.557,1.556,1.556,12.327981
1679107080000.0,1.557,1.557,1.5565,1.5565,0.0
1679107020000.0,1.557,1.557,1.557,1.557,0.076426
1679106960000.0,1.557,1.557,1.557,1.557,0.129148
1679106900000.0,1.5565,1.557,1.556,1.557,0.375979
1679106840000.0,1.556,1.5565,1.556,1.5565,0.0
1679106780000.0,1.556,1.556,1.556,1.556,0.0
1679106720000.0,1.5565,1.557,1.556,1.556,0.383498
1679106660000.0,1.557,1.557,1.5565,1.5565,0.0
1679106600000.0,1.557,1.557,1.557,1.557,0.0
1679106540000.0,1.5554999999999999,1.557,1.554,1.557,20.669874
1679106480000.0,1.55375,1.5554999999999999,1.553,1.5554999999999999,141.680901
1679106420000.0,1.553,1.5535,1.553,1.5535,0.0
1679106360000.0,1.553,1.553,1.553,1.553,0.0
1679106300000.0,1.553,1.553,1.553,1.553,0.0
1679106240000.0,1.553,1.553,1.553,1.553,0.0
1679106180000.0,1.553,1.553,1.553,1.553,0.0
1679106120000.0,1.553,1.553,1.553,1.553,0.0
1679106060000.0,1.553,1.553,1.553,1.553,0.0
1679106000000.0,1.5509999999999997,1.553,1.549,1.553,117.490738
1679105940000.0,1.549,1.551,1.549,1.551,0.0
1679105880000.0,1.549,1.549,1.549,1.549,0.0
1679105820000.0,1.5475,1.549,1.546,1.549,0.086966
1679105760000.0,1.546,1.5474999999999999,1.546,1.5474999999999999,0.0
1679105700000.0,1.546,1.546,1.546,1.546,0.0
1679105640000.0,1.545,1.546,1.544,1.546,29.314274
1679105580000.0,1.544,1.545,1.544,1.545,0.0
1679105520000.0,1.544,1.544,1.544,1.544,0.497017
1679105460000.0,1.541,1.544,1.538,1.544,5.44316
1679105400000.0,1.532,1.541,1.526,1.541,0.034031
1679105340000.0,1.526,1.532,1.526,1.532,0.596074
1679105280000.0,1.526,1.526,1.526,1.526,0.0
1679105220000.0,1.526,1.526,1.526,1.526,0.0
1679105160000.0,1.526,1.526,1.526,1.526,0.0
1679105100000.0,1.526,1.526,1.526,1.526,0.0
1679105040000.0,1.5285,1.531,1.526,1.526,127.19259
1679104980000.0,1.5319999999999998,1.533,1.5285,1.5285,46.219196
1679104920000.0,1.533,1.533,1.532,1.532,0.0
1679104860000.0,1.5385,1.544,1.533,1.533,81.46822
1679104800000.0,1.544,1.544,1.5385,1.5385,0.0
1679104740000.0,1.542,1.544,1.54,1.544,1.451783
1679104680000.0,1.5405,1.542,1.54,1.542,0.062906
1679104620000.0,1.541,1.541,1.5405,1.5405,0.0
1679104560000.0,1.541,1.541,1.541,1.541,0.0
1679104500000.0,1.541,1.541,1.541,1.541,0.0
1679104440000.0,1.541,1.541,1.541,1.541,0.0
1679104380000.0,1.5419999999999998,1.543,1.541,1.541,117.510568
1679104320000.0,1.543,1.543,1.5419999999999998,1.5419999999999998,0.0
1679104260000.0,1.543,1.543,1.543,1.543,0.0
1679104200000.0,1.543,1.543,1.543,1.543,0.124319
1679104140000.0,1.5450000000000002,1.548,1.543,1.543,61.450784
1679104080000.0,1.546,1.546,1.5445,1.5445,0.0
1679104020000.0,1.545,1.546,1.544,1.546,979.0
1679103960000.0,1.545,1.546,1.544,1.545,46.536139
1679103900000.0,1.546,1.546,1.545,1.545,0.0
1679103840000.0,1.5485,1.551,1.546,1.546,117.412598
1679103780000.0,1.551,1.551,1.5485,1.5485,14.769355
1679103720000.0,1.5535,1.556,1.551,1.551,30.070102
1679103660000.0,1.5565,1.557,1.5535,1.5535,28.891017
1679103600000.0,1.557,1.557,1.5565,1.5565,0.0
1679103540000.0,1.557,1.557,1.557,1.557,0.98265
1679103480000.0,1.557,1.557,1.557,1.557,0.0
1679103420000.0,1.557,1.557,1.557,1.557,0.0
1679103360000.0,1.557,1.557,1.557,1.557,377.611527
1679103300000.0,1.557,1.557,1.557,1.557,0.0
1679103240000.0,1.5585,1.56,1.557,1.557,0.640251
1679103180000.0,1.56,1.56,1.5585,1.5585,50.74206
1679103120000.0,1.5655000000000001,1.571,1.56,1.56,49.76647
1679103060000.0,1.575,1.579,1.5655000000000001,1.5655000000000001,0.512628
1679103000000.0,1.579,1.579,1.575,1.575,0.0
1679102940000.0,1.581,1.583,1.579,1.579,2.286252
1679102880000.0,1.584,1.586,1.581,1.581,66.448377
1679102820000.0,1.5825,1.586,1.579,1.5845,2.522069
1679102760000.0,1.579,1.5825,1.579,1.5825,0.0
1679102700000.0,1.579,1.579,1.579,1.579,0.0
1679102640000.0,1.579,1.579,1.579,1.579,0.0
1679102580000.0,1.579,1.579,1.579,1.579,0.0
1679102520000.0,1.585,1.591,1.579,1.579,947.0
1679102460000.0,1.591,1.591,1.585,1.585,0.0
1679102400000.0,1.591,1.591,1.591,1.591,0.0
1679102340000.0,1.591,1.591,1.591,1.591,0.054909
1679102280000.0,1.591,1.591,1.591,1.591,0.0
1679102220000.0,1.584,1.591,1.577,1.591,0.10706
1679102160000.0,1.577,1.584,1.577,1.584,0.0
1679102100000.0,1.5835,1.59,1.577,1.577,1209.525997
1679102040000.0,1.5885,1.59,1.5835,1.5835,30.972591
1679101980000.0,1.581,1.5885,1.575,1.5885,163.156623
1679101920000.0,1.575,1.581,1.575,1.581,0.0
1679101860000.0,1.575,1.575,1.575,1.575,59.364273
1679101800000.0,1.575,1.575,1.575,1.575,9.52381
1679101740000.0,1.575,1.575,1.575,1.575,0.771017
1679101680000.0,1.575,1.575,1.575,1.575,0.0
1679101620000.0,1.575,1.575,1.575,1.575,0.850075
1679101560000.0,1.5747499999999999,1.575,1.574,1.575,32.96592
1679101500000.0,1.5739999999999998,1.575,1.573,1.575,28.43417
1679101440000.0,1.573,1.5739999999999998,1.573,1.5739999999999998,0.0
1679101380000.0,1.5705,1.573,1.568,1.573,137.63009
1679101320000.0,1.5665,1.5705,1.565,1.5705,199.227996
1679101260000.0,1.565,1.5665,1.565,1.5665,0.0
1679101200000.0,1.565,1.565,1.565,1.565,0.0
1679101140000.0,1.5635000000000001,1.565,1.562,1.565,4.034292
1679101080000.0,1.564,1.566,1.562,1.5635,7.682459
1679101020000.0,1.564,1.566,1.562,1.564,34.278841
1679100960000.0,1.562,1.564,1.562,1.564,0.0
1679100900000.0,1.562,1.562,1.562,1.562,0.0
1679100840000.0,1.562,1.562,1.562,1.562,0.0
1679100780000.0,1.562,1.562,1.562,1.562,48.018391
1679100720000.0,1.5615,1.562,1.561,1.562,4.024591
1679100660000.0,1.56,1.5615,1.559,1.5615,28.669912
1679100600000.0,1.559,1.56,1.559,1.56,2.565748
1679100540000.0,1.5575,1.559,1.556,1.559,117.184197
1679100480000.0,1.5550000000000002,1.5575,1.554,1.5575,3.593819
1679100420000.0,1.5505,1.5550000000000002,1.547,1.5550000000000002,143.993946
1679100360000.0,1.547,1.5505,1.547,1.5505,0.0
1679100300000.0,1.5479999999999998,1.549,1.547,1.547,593.172606
1679100240000.0,1.549,1.549,1.548,1.548,0.0
1679100180000.0,1.549,1.549,1.549,1.549,0.0
1679100120000.0,1.549,1.549,1.549,1.549,0.0
1679100060000.0,1.549,1.549,1.549,1.549,0.0
1679100000000.0,1.54775,1.549,1.546,1.549,13.214924
1679099940000.0,1.52875,1.548,1.51,1.548,615.020875
1679099880000.0,1.5085,1.5285,1.507,1.5285,1.634415
1679099820000.0,1.507,1.5085,1.507,1.5085,0.454427
1679099760000.0,1.507,1.507,1.507,1.507,1.255557
1679099700000.0,1.507,1.507,1.507,1.507,0.0
1679099640000.0,1.507,1.507,1.507,1.507,0.282527
1679099580000.0,1.507,1.507,1.507,1.507,0.0
1679099520000.0,1.507,1.507,1.507,1.507,3.316355
1679099460000.0,1.507,1.507,1.507,1.507,0.0
1679099400000.0,1.507,1.507,1.507,1.507,1.421882
1679099340000.0,1.507,1.507,1.507,1.507,16.761297
1679099280000.0,1.507,1.507,1.507,1.507,4.95393
1679099220000.0,1.505,1.507,1.503,1.507,16.274654
1679099160000.0,1.511,1.519,1.503,1.505,261.216588
1679099100000.0,1.519,1.519,1.511,1.511,0.0
1679099040000.0,1.519,1.519,1.519,1.519,0.0
1679098980000.0,1.52,1.521,1.519,1.519,123.266379
1679098920000.0,1.521,1.521,1.52,1.52,0.0
1679098860000.0,1.521,1.521,1.521,1.521,0.0
1679098800000.0,1.521,1.521,1.521,1.521,0.0
1679098740000.0,1.5325,1.544,1.521,1.521,197.079109
1679098680000.0,1.5470000000000002,1.55,1.5325,1.5325,29.115558
1679098620000.0,1.55,1.55,1.5470000000000002,1.5470000000000002,0.0
1679098560000.0,1.55,1.55,1.55,1.55,0.0
1679098500000.0,1.5474999999999999,1.55,1.545,1.55,102.0
1679098440000.0,1.5505,1.556,1.545,1.5474999999999999,155.624012
1679098380000.0,1.556,1.556,1.5505,1.5505,30.789303
1679098320000.0,1.556,1.556,1.556,1.556,0.0
1679098260000.0,1.556,1.556,1.556,1.556,0.0
1679098200000.0,1.556,1.556,1.556,1.556,0.0
1679098140000.0,1.55575,1.556,1.555,1.556,13.170426
1679098080000.0,1.5535,1.556,1.551,1.556,3.736178
1679098020000.0,1.552,1.555,1.551,1.5535,2972.724255
1679097960000.0,1.54,1.551,1.529,1.551,555.776295
1679097900000.0,1.5295,1.54,1.529,1.54,9.509927
1679097840000.0,1.53,1.53,1.5295,1.5295,0.0
1679097780000.0,1.53,1.53,1.53,1.53,0.0
1679097720000.0,1.529,1.53,1.528,1.53,7.418301
1679097660000.0,1.528,1.529,1.528,1.529,0.0
1679097600000.0,1.5275,1.528,1.527,1.528,103.185785
1679097540000.0,1.51825,1.5274999999999999,1.509,1.5274999999999999,389.00919
1679097480000.0,1.51,1.5185,1.51,1.5185,0.0
1679097420000.0,1.5095,1.51,1.509,1.51,20.436462
1679097360000.0,1.509,1.5095,1.509,1.5095,4.165147
1679097300000.0,1.508,1.509,1.507,1.509,2.650763
1679097240000.0,1.5059999999999998,1.508,1.505,1.508,16.562027
1679097180000.0,1.505,1.5059999999999998,1.505,1.5059999999999998,2.315906
1679097120000.0,1.505,1.505,1.505,1.505,90.199336
1679097060000.0,1.4964999999999997,1.505,1.488,1.505,535.63637
1679097000000.0,1.488,1.4965,1.488,1.4965,0.0
1679096940000.0,1.488,1.488,1.488,1.488,1726.917549
1679096880000.0,1.488,1.488,1.488,1.488,33.602151
1679096820000.0,1.488,1.488,1.488,1.488,0.0
1679096760000.0,1.488,1.488,1.488,1.488,33.602151
1679096700000.0,1.488,1.488,1.488,1.488,145.698926
1679096640000.0,1.4875,1.488,1.487,1.488,201.612904
1679096580000.0,1.487,1.4875,1.487,1.4875,0.0
1679096520000.0,1.487,1.487,1.487,1.487,0.0
1679096460000.0,1.4837500000000001,1.488,1.48,1.487,303.491555
1679096400000.0,1.473,1.4835,1.466,1.4835,248.554152
1679096340000.0,1.4655,1.4729999999999999,1.465,1.4729999999999999,31.627998
1679096280000.0,1.4635,1.4655,1.462,1.4655,38.400773
1679096220000.0,1.462,1.4635,1.462,1.4635,19.463606
1679096160000.0,1.46175,1.462,1.461,1.462,0.236966
1679096100000.0,1.462,1.462,1.462,1.462,0.0
1679096040000.0,1.462,1.462,1.462,1.462,0.0
1679095980000.0,1.462,1.462,1.462,1.462,0.027384
1679095920000.0,1.462,1.462,1.462,1.462,0.042345
1679095860000.0,1.459,1.462,1.456,1.462,155.066094
1679095800000.0,1.456,1.459,1.456,1.459,14.526174
1679095740000.0,1.4555,1.456,1.455,1.456,0.146978
1679095680000.0,1.4555,1.456,1.455,1.4555,1.417034
1679095620000.0,1.456,1.456,1.4555,1.4555,0.021997
1679095560000.0,1.456,1.456,1.456,1.456,0.312558
1679095500000.0,1.456,1.456,1.456,1.456,0.183807
1679095440000.0,1.4555,1.456,1.455,1.456,1.857346
1679095380000.0,1.455,1.4555,1.455,1.4555,0.0
1679095320000.0,1.455,1.455,1.455,1.455,0.0
1679095260000.0,1.455,1.455,1.455,1.455,0.0
1679095200000.0,1.455,1.455,1.455,1.455,0.0
1679095140000.0,1.455,1.455,1.455,1.455,2.30065
1679095080000.0,1.452,1.455,1.449,1.455,188.304255
1679095020000.0,1.449,1.452,1.449,1.452,0.0
1679094960000.0,1.449,1.449,1.449,1.449,0.0
1679094900000.0,1.449,1.449,1.449,1.449,0.0
1679094840000.0,1.449,1.449,1.449,1.449,0.0
1679094780000.0,1.4465,1.449,1.444,1.449,84.901541
1679094720000.0,1.444,1.4465,1.444,1.4465,15.207721
1679094660000.0,1.444,1.444,1.444,1.444,2.146337
1679094600000.0,1.444,1.444,1.444,1.444,1.862711
1679094540000.0,1.444,1.444,1.444,1.444,0.253318
1679094480000.0,1.444,1.444,1.444,1.444,0.0
1679094420000.0,1.4434999999999998,1.444,1.443,1.444,0.308747
1679094360000.0,1.4425,1.4435,1.442,1.4435,18.189341
1679094300000.0,1.442,1.4425,1.442,1.4425,0.0
1679094240000.0,1.442,1.442,1.442,1.442,0.0
1679094180000.0,1.442,1.442,1.442,1.442,0.0
1679094120000.0,1.442,1.442,1.442,1.442,0.0
1679094060000.0,1.442,1.442,1.442,1.442,0.0
1679094000000.0,1.4415,1.442,1.441,1.442,10.33091
1679093940000.0,1.4405000000000001,1.4415,1.44,1.4415,17.35662
1679093880000.0,1.44,1.4405000000000001,1.44,1.4405000000000001,0.0
1679093820000.0,1.4389999999999998,1.44,1.438,1.44,19.717122
1679093760000.0,1.438,1.439,1.438,1.439,98.266068
1679093700000.0,1.4369999999999998,1.438,1.436,1.438,17.593758
1679093640000.0,1.436,1.4369999999999998,1.436,1.4369999999999998,0.0
1679093580000.0,1.436,1.436,1.436,1.436,0.0
1679093520000.0,1.436,1.436,1.436,1.436,0.0
1679093460000.0,1.436,1.436,1.436,1.436,0.588352
1679093400000.0,1.436,1.436,1.436,1.436,0.0
1679093340000.0,1.436,1.436,1.436,1.436,0.0
1679093280000.0,1.436,1.436,1.436,1.436,0.0
1679093220000.0,1.436,1.436,1.436,1.436,0.0
1679093160000.0,1.4355000000000002,1.436,1.435,1.436,0.5138
1679093100000.0,1.435,1.4355,1.435,1.4355,0.0
1679093040000.0,1.435,1.435,1.435,1.435,2.39736
1679092980000.0,1.435,1.435,1.435,1.435,0.020132
1679092920000.0,1.435,1.435,1.435,1.435,0.054861
1679092860000.0,1.435,1.435,1.435,1.435,0.082202
1679092800000.0,1.4340000000000002,1.435,1.433,1.435,6.012236
1679092740000.0,1.433,1.4340000000000002,1.433,1.4340000000000002,60.829712
1679092680000.0,1.433,1.433,1.433,1.433,66.720167
1679092620000.0,1.433,1.433,1.433,1.433,0.379845
1679092560000.0,1.433,1.433,1.433,1.433,0.0
1679092500000.0,1.433,1.433,1.433,1.433,0.611368
1679092440000.0,1.433,1.433,1.433,1.433,0.060598
1679092380000.0,1.433,1.433,1.433,1.433,0.021871
1679092320000.0,1.433,1.433,1.433,1.433,0.255488
1679092260000.0,1.433,1.433,1.433,1.433,0.448302
1679092200000.0,1.433,1.433,1.433,1.433,0.0
1679092140000.0,1.433,1.433,1.433,1.433,2.960396
1679092080000.0,1.4325,1.433,1.432,1.433,18.725491
1679092020000.0,1.432,1.4325,1.432,1.4325,0.0
1679091960000.0,1.4315,1.432,1.431,1.432,62.920413
1679091900000.0,1.431,1.4315,1.431,1.4315,0.000558
1679091840000.0,1.431,1.431,1.431,1.431,0.0
1679091780000.0,1.431,1.431,1.431,1.431,0.645151
1679091720000.0,1.431,1.431,1.431,1.431,0.0
1679091660000.0,1.4304999999999999,1.431,1.43,1.431,0.7452
1679091600000.0,1.43,1.4304999999999999,1.43,1.4304999999999999,0.0
1679091540000.0,1.43,1.43,1.43,1.43,0.0
1679091480000.0,1.4304999999999999,1.431,1.43,1.43,0.137052
1679091420000.0,1.431,1.431,1.4304999999999999,1.4304999999999999,0.0
1679091360000.0,1.431,1.431,1.431,1.431,0.0
1679091300000.0,1.431,1.431,1.431,1.431,0.025816
1679091240000.0,1.431,1.431,1.431,1.431,0.0
1679091180000.0,1.431,1.431,1.431,1.431,0.0
1679091120000.0,1.431,1.431,1.431,1.431,0.083149
1679091060000.0,1.431,1.431,1.431,1.431,0.0
1679091000000.0,1.431,1.431,1.431,1.431,0.0
1679090940000.0,1.431,1.431,1.431,1.431,0.07854
1679090880000.0,1.431,1.431,1.431,1.431,0.0
1679090820000.0,1.4304999999999999,1.431,1.43,1.431,1.354092
1679090760000.0,1.4304999999999999,1.431,1.43,1.4304999999999999,0.026019
1679090700000.0,1.431,1.431,1.4304999999999999,1.4304999999999999,0.0
1679090640000.0,1.431,1.431,1.431,1.431,0.0
1679090580000.0,1.431,1.431,1.431,1.431,0.0
1679090520000.0,1.431,1.431,1.431,1.431,0.0
1679090460000.0,1.431,1.431,1.431,1.431,0.0
1679090400000.0,1.431,1.431,1.431,1.431,0.0
1679090340000.0,1.4300000000000002,1.431,1.429,1.431,17.945807
1679090280000.0,1.429,1.4300000000000002,1.429,1.4300000000000002,0.0
1679090220000.0,1.429,1.429,1.429,1.429,0.037396
1679090160000.0,1.429,1.429,1.429,1.429,0.0
1679090100000.0,1.429,1.429,1.429,1.429,22.953116
1679090040000.0,1.424,1.429,1.419,1.429,386.921062
1679089980000.0,1.4185,1.424,1.418,1.424,0.034531
1679089920000.0,1.418,1.4184999999999999,1.418,1.4184999999999999,0.0
1679089860000.0,1.418,1.418,1.418,1.418,0.0
1679089800000.0,1.418,1.418,1.418,1.418,0.0
1679089740000.0,1.41775,1.42,1.413,1.418,168.72057
1679089680000.0,1.42,1.42,1.419,1.419,0.0
1679089620000.0,1.42,1.42,1.42,1.42,0.0
1679089560000.0,1.41975,1.42,1.419,1.42,0.364118
1679089500000.0,1.42,1.42,1.42,1.42,12.039827
1679089440000.0,1.42,1.42,1.42,1.42,0.0
1679089380000.0,1.419,1.42,1.418,1.42,0.238191
1679089320000.0,1.4165,1.419,1.415,1.419,0.26745
1679089260000.0,1.415,1.4165,1.415,1.4165,0.0
1679089200000.0,1.415,1.415,1.415,1.415,0.0
1679089140000.0,1.415,1.415,1.415,1.415,0.0
1679089080000.0,1.415,1.415,1.415,1.415,0.03822
1679089020000.0,1.4165,1.418,1.415,1.415,0.181386
1679088960000.0,1.418,1.418,1.4165,1.4165,0.0
1679088900000.0,1.418,1.418,1.418,1.418,0.0
1679088840000.0,1.41775,1.419,1.415,1.418,0.054012
1679088780000.0,1.419,1.419,1.4184999999999999,1.4184999999999999,0.0
1679088720000.0,1.419,1.419,1.419,1.419,0.0
1679088660000.0,1.4180000000000001,1.419,1.417,1.419,0.059607
1679088600000.0,1.417,1.4180000000000001,1.417,1.4180000000000001,0.0
1679088540000.0,1.417,1.417,1.417,1.417,16.430554
1679088480000.0,1.41825,1.42,1.417,1.417,0.736501
1679088420000.0,1.419,1.419,1.4180000000000001,1.4180000000000001,0.0
1679088360000.0,1.419,1.419,1.419,1.419,0.0
1679088300000.0,1.4185,1.419,1.418,1.419,0.045447
1679088240000.0,1.418,1.4184999999999999,1.418,1.4184999999999999,0.0
1679088180000.0,1.418,1.418,1.418,1.418,0.0
1679088120000.0,1.4144999999999999,1.418,1.411,1.418,43.312746
1679088060000.0,1.411,1.4144999999999999,1.411,1.4144999999999999,0.0
1679088000000.0,1.411,1.411,1.411,1.411,0.0
1679087940000.0,1.411,1.411,1.411,1.411,0.0
1679087880000.0,1.411,1.411,1.411,1.411,0.0
1679087820000.0,1.411,1.411,1.411,1.411,0.0
1679087760000.0,1.411,1.411,1.411,1.411,0.0
1679087700000.0,1.411,1.411,1.411,1.411,0.0
1679087640000.0,1.41,1.411,1.409,1.411,0.955948
1679087580000.0,1.409,1.4100000000000001,1.409,1.4100000000000001,0.0
1679087520000.0,1.409,1.409,1.409,1.409,0.0
1679087460000.0,1.4064999999999999,1.409,1.404,1.409,0.227646
1679087400000.0,1.404,1.4064999999999999,1.404,1.4064999999999999,0.0
1679087340000.0,1.404,1.404,1.404,1.404,0.0
1679087280000.0,1.41,1.416,1.404,1.404,0.104992
1679087220000.0,1.416,1.416,1.41,1.41,0.0
1679087160000.0,1.416,1.416,1.416,1.416,0.0
1679087100000.0,1.416,1.416,1.416,1.416,0.0
1679087040000.0,1.416,1.416,1.416,1.416,0.0
1679086980000.0,1.416,1.416,1.416,1.416,0.0
1679086920000.0,1.416,1.416,1.416,1.416,0.0
1679086860000.0,1.416,1.416,1.416,1.416,0.0
1679086800000.0,1.416,1.416,1.416,1.416,0.0
1679086740000.0,1.41325,1.416,1.409,1.416,0.169954
1679086680000.0,1.412,1.414,1.412,1.414,0.0
1679086620000.0,1.414,1.416,1.412,1.412,0.032355
1679086560000.0,1.416,1.416,1.414,1.414,0.069423
1679086500000.0,1.416,1.416,1.416,1.416,0.721943
1679086440000.0,1.416,1.416,1.416,1.416,0.511944
1679086380000.0,1.4075,1.416,1.399,1.416,0.454027
1679086320000.0,1.399,1.4075,1.399,1.4075,0.0
1679086260000.0,1.399,1.399,1.399,1.399,0.0
1679086200000.0,1.399,1.399,1.399,1.399,0.0
1679086140000.0,1.3980000000000001,1.399,1.397,1.399,426.450216
1679086080000.0,1.395,1.3980000000000001,1.393,1.3980000000000001,0.342146
1679086020000.0,1.393,1.395,1.393,1.395,0.0
1679085960000.0,1.3964999999999999,1.4,1.393,1.393,0.057659
1679085900000.0,1.4,1.4,1.3965,1.3965,0.0
1679085840000.0,1.4,1.4,1.4,1.4,0.0
1679085780000.0,1.4,1.4,1.4,1.4,0.0
1679085720000.0,1.4,1.4,1.4,1.4,0.0
1679085660000.0,1.4015,1.403,1.4,1.4,557.498585
1679085600000.0,1.403,1.403,1.4015,1.4015,0.0
1679085540000.0,1.403,1.403,1.403,1.403,0.0
1679085480000.0,1.403,1.403,1.403,1.403,0.0
1679085420000.0,1.403,1.403,1.403,1.403,0.175613
1679085360000.0,1.403,1.403,1.403,1.403,0.0
1679085300000.0,1.4055,1.408,1.403,1.403,0.295719
1679085240000.0,1.408,1.408,1.4055,1.4055,0.0
1679085180000.0,1.408,1.408,1.408,1.408,0.0
1679085120000.0,1.408,1.408,1.408,1.408,0.0
1679085060000.0,1.4075,1.408,1.407,1.408,0.062166
1679085000000.0,1.4075,1.408,1.407,1.4075,0.028595
1679084940000.0,1.4095,1.411,1.4075,1.4075,2.504667
1679084880000.0,1.411,1.411,1.4095,1.4095,0.136712
1679084820000.0,1.4135,1.416,1.411,1.411,5.90298
1679084760000.0,1.416,1.416,1.4135,1.4135,0.0
1679084700000.0,1.4169999999999998,1.418,1.416,1.416,0.079677
1679084640000.0,1.418,1.418,1.4169999999999998,1.4169999999999998,0.06622
1679084580000.0,1.4175,1.418,1.417,1.418,4.423636
1679084520000.0,1.4165,1.4175,1.416,1.4175,0.353107
1679084460000.0,1.416,1.4165,1.416,1.4165,0.0
1679084400000.0,1.415,1.416,1.414,1.416,107.840653
1679084340000.0,1.414,1.415,1.414,1.415,0.0
1679084280000.0,1.414,1.414,1.414,1.414,0.0
1679084220000.0,1.4129999999999998,1.414,1.412,1.414,18.681896
1679084160000.0,1.412,1.4129999999999998,1.412,1.4129999999999998,0.0
1679084100000.0,1.412,1.412,1.412,1.412,0.0
1679084040000.0,1.412,1.412,1.412,1.412,0.0
1679083980000.0,1.412,1.412,1.412,1.412,0.0
1679083920000.0,1.412,1.412,1.412,1.412,0.0
1679083860000.0,1.412,1.412,1.412,1.412,0.0
1679083800000.0,1.412,1.412,1.412,1.412,0.0
1679083740000.0,1.4085,1.412,1.405,1.412,0.03629
1679083680000.0,1.405,1.4085,1.405,1.4085,0.0
1679083620000.0,1.4045,1.405,1.404,1.405,0.490092
1679083560000.0,1.4045,1.405,1.404,1.4045,0.171694
1679083500000.0,1.409,1.413,1.4045,1.4045,1.23207
1679083440000.0,1.413,1.413,1.409,1.409,0.0
1679083380000.0,1.413,1.413,1.413,1.413,0.0
1679083320000.0,1.4135,1.414,1.413,1.413,0.050351
1679083260000.0,1.414,1.414,1.4135,1.4135,0.0
1679083200000.0,1.4129999999999998,1.414,1.412,1.414,0.153165
1679083140000.0,1.412,1.4129999999999998,1.412,1.4129999999999998,0.0
1679083080000.0,1.412,1.412,1.412,1.412,0.0
1679083020000.0,1.412,1.412,1.412,1.412,0.0
1679082960000.0,1.412,1.412,1.412,1.412,0.0
1679082900000.0,1.412,1.412,1.412,1.412,0.0
1679082840000.0,1.4125,1.413,1.412,1.412,0.034131
1679082780000.0,1.4125,1.413,1.412,1.4125,0.040547
1679082720000.0,1.412,1.4125,1.412,1.4125,0.0
1679082660000.0,1.412,1.412,1.412,1.412,0.0
1679082600000.0,1.412,1.412,1.412,1.412,0.0
1679082540000.0,1.4125,1.413,1.412,1.412,247.419724
1679082480000.0,1.413,1.413,1.4125,1.4125,0.0
1679082420000.0,1.413,1.413,1.413,1.413,0.0
1679082360000.0,1.413,1.413,1.413,1.413,0.0
1679082300000.0,1.4125,1.413,1.412,1.413,162.214135
1679082240000.0,1.412,1.4125,1.412,1.4125,0.0
1679082180000.0,1.41125,1.412,1.41,1.412,154.072026
1679082120000.0,1.411,1.4115,1.411,1.4115,0.0
1679082060000.0,1.411,1.411,1.411,1.411,0.0
1679082000000.0,1.411,1.411,1.411,1.411,0.0
1679081940000.0,1.411,1.411,1.411,1.411,0.0
1679081880000.0,1.411,1.411,1.411,1.411,0.0
1679081820000.0,1.411,1.411,1.411,1.411,0.0
1679081760000.0,1.4060000000000001,1.411,1.401,1.411,19.751474
1679081700000.0,1.401,1.4060000000000001,1.401,1.4060000000000001,0.0
1679081640000.0,1.4015,1.402,1.401,1.401,0.092511
1679081580000.0,1.402,1.402,1.4015,1.4015,0.0
1679081520000.0,1.402,1.402,1.402,1.402,0.0
1679081460000.0,1.402,1.402,1.402,1.402,0.0
1679081400000.0,1.4025,1.403,1.402,1.402,0.144927
1679081340000.0,1.4055,1.408,1.4024999999999999,1.4024999999999999,2.778369
1679081280000.0,1.405,1.408,1.402,1.4055,0.100578
1679081220000.0,1.4055,1.409,1.402,1.4049999999999998,0.28629
1679081160000.0,1.409,1.409,1.4055,1.4055,0.0
1679081100000.0,1.409,1.409,1.409,1.409,0.0
1679081040000.0,1.409,1.409,1.409,1.409,0.0
1679080980000.0,1.409,1.409,1.409,1.409,0.0
1679080920000.0,1.409,1.409,1.409,1.409,0.0
1679080860000.0,1.409,1.409,1.409,1.409,0.0
1679080800000.0,1.409,1.409,1.409,1.409,0.0
1679080740000.0,1.409,1.409,1.409,1.409,0.0
1679080680000.0,1.409,1.409,1.409,1.409,0.0
1679080620000.0,1.409,1.409,1.409,1.409,0.0
1679080560000.0,1.409,1.409,1.409,1.409,0.0
1679080500000.0,1.409,1.409,1.409,1.409,0.0
1679080440000.0,1.4055,1.409,1.402,1.409,0.402741
1679080380000.0,1.402,1.4055,1.402,1.4055,0.0
1679080320000.0,1.403,1.404,1.402,1.402,0.77368
1679080260000.0,1.404,1.404,1.403,1.403,0.0
1679080200000.0,1.404,1.404,1.404,1.404,0.0
1679080140000.0,1.404,1.404,1.404,1.404,0.0
1679080080000.0,1.406,1.408,1.404,1.404,0.238149
1679080020000.0,1.408,1.408,1.406,1.406,0.0
1679079960000.0,1.408,1.408,1.408,1.408,0.0
1679079900000.0,1.405,1.408,1.402,1.408,73.841016
1679079840000.0,1.403,1.4049999999999998,1.402,1.4049999999999998,5.627596
1679079780000.0,1.404,1.404,1.403,1.403,0.0
1679079720000.0,1.404,1.404,1.404,1.404,0.0
1679079660000.0,1.404,1.404,1.404,1.404,0.0
1679079600000.0,1.404,1.404,1.404,1.404,0.0
1679079540000.0,1.40325,1.404,1.402,1.404,46.230768
1679079480000.0,1.403,1.4035,1.403,1.4035,0.0
1679079420000.0,1.403,1.403,1.403,1.403,0.0
1679079360000.0,1.403,1.403,1.403,1.403,0.0
1679079300000.0,1.4020000000000001,1.403,1.401,1.403,12.089095
1679079240000.0,1.4005,1.4020000000000001,1.4,1.4020000000000001,11.585265
1679079180000.0,1.4,1.4005,1.4,1.4005,0.0
1679079120000.0,1.4,1.4,1.4,1.4,0.0
1679079060000.0,1.4,1.4,1.4,1.4,0.0
1679079000000.0,1.3995,1.4,1.399,1.4,39.140608
1679078940000.0,1.3980000000000001,1.3995,1.397,1.3995,10.646243
1679078880000.0,1.3955,1.3980000000000001,1.394,1.3980000000000001,19.388307
1679078820000.0,1.394,1.3955,1.394,1.3955,0.0
1679078760000.0,1.394,1.394,1.394,1.394,0.0
1679078700000.0,1.394,1.394,1.394,1.394,0.0
1679078640000.0,1.3935,1.394,1.393,1.394,1.501056
1679078580000.0,1.393,1.3935,1.393,1.3935,0.549112
1679078520000.0,1.393,1.393,1.393,1.393,0.946593
1679078460000.0,1.393,1.393,1.393,1.393,0.0
1679078400000.0,1.393,1.393,1.393,1.393,0.0
1679078340000.0,1.394,1.395,1.393,1.393,603.033199
1679078280000.0,1.395,1.395,1.3940000000000001,1.3940000000000001,0.0
1679078220000.0,1.395,1.395,1.395,1.395,0.0
1679078160000.0,1.389,1.395,1.383,1.395,175.659771
1679078100000.0,1.383,1.389,1.383,1.389,0.0
1679078040000.0,1.3820000000000001,1.383,1.381,1.383,0.146429
1679077980000.0,1.381,1.3820000000000001,1.381,1.3820000000000001,0.0
1679077920000.0,1.381,1.381,1.381,1.381,0.0
1679077860000.0,1.3824999999999998,1.384,1.381,1.381,0.192229
1679077800000.0,1.384,1.384,1.3824999999999998,1.3824999999999998,0.0
1679077740000.0,1.3824999999999998,1.384,1.381,1.384,0.959189
1679077680000.0,1.3815,1.383,1.381,1.3824999999999998,1.032294
1679077620000.0,1.381,1.381,1.381,1.381,0.0
1679077560000.0,1.381,1.381,1.381,1.381,0.0
1679077500000.0,1.381,1.381,1.381,1.381,0.0
1679077440000.0,1.381,1.381,1.381,1.381,0.0
1679077380000.0,1.381,1.381,1.381,1.381,0.0
1679077320000.0,1.381,1.381,1.381,1.381,0.0
1679077260000.0,1.381,1.381,1.381,1.381,0.0
1679077200000.0,1.381,1.381,1.381,1.381,0.0
1679077140000.0,1.381,1.381,1.381,1.381,0.0
1679077080000.0,1.381,1.381,1.381,1.381,0.0
1679077020000.0,1.381,1.381,1.381,1.381,0.0
1679076960000.0,1.381,1.381,1.381,1.381,0.0
1679076900000.0,1.381,1.381,1.381,1.381,0.0
1679076840000.0,1.381,1.381,1.381,1.381,0.0
1679076780000.0,1.381,1.381,1.381,1.381,0.0
1679076720000.0,1.381,1.381,1.381,1.381,1.093521
1679076660000.0,1.381,1.381,1.381,1.381,0.0
1679076600000.0,1.381,1.381,1.381,1.381,0.0
1679076540000.0,1.3820000000000001,1.383,1.381,1.381,1.137544
1679076480000.0,1.383,1.383,1.3820000000000001,1.3820000000000001,150.0
1679076420000.0,1.383,1.383,1.383,1.383,0.0
1679076360000.0,1.383,1.383,1.383,1.383,0.041121
1679076300000.0,1.383,1.383,1.383,1.383,0.0
1679076240000.0,1.383,1.383,1.383,1.383,0.0
1679076180000.0,1.383,1.383,1.383,1.383,0.0
1679076120000.0,1.383,1.383,1.383,1.383,0.0
1679076060000.0,1.383,1.383,1.383,1.383,0.150416
1679076000000.0,1.383,1.383,1.383,1.383,0.0
1679075940000.0,1.383,1.383,1.383,1.383,0.129268
1679075880000.0,1.383,1.383,1.383,1.383,0.0
1679075820000.0,1.383,1.383,1.383,1.383,0.0
1679075760000.0,1.383,1.383,1.383,1.383,0.0
1679075700000.0,1.383,1.383,1.383,1.383,0.0
1679075640000.0,1.383,1.383,1.383,1.383,0.436538
1679075580000.0,1.383,1.383,1.383,1.383,0.0
1679075520000.0,1.383,1.383,1.383,1.383,0.0
1679075460000.0,1.383,1.383,1.383,1.383,0.0
1679075400000.0,1.383,1.383,1.383,1.383,0.723992
1679075340000.0,1.383,1.383,1.383,1.383,4.025201
1679075280000.0,1.383,1.383,1.383,1.383,0.243639
1679075220000.0,1.383,1.383,1.383,1.383,0.0
1679075160000.0,1.383,1.383,1.383,1.383,0.0
1679075100000.0,1.383,1.383,1.383,1.383,0.0
1679075040000.0,1.383,1.383,1.383,1.383,0.0
1679074980000.0,1.383,1.383,1.383,1.383,0.0
1679074920000.0,1.3824999999999998,1.383,1.382,1.383,1.571022
1679074860000.0,1.382,1.3824999999999998,1.382,1.3824999999999998,0.0
1679074800000.0,1.382,1.382,1.382,1.382,0.0
1679074740000.0,1.382,1.382,1.382,1.382,0.0
1679074680000.0,1.382,1.382,1.382,1.382,0.0
1679074620000.0,1.382,1.382,1.382,1.382,0.0
1679074560000.0,1.382,1.382,1.382,1.382,0.093805
1679074500000.0,1.382,1.382,1.382,1.382,0.0
1679074440000.0,1.382,1.382,1.382,1.382,1.092834
1679074380000.0,1.382,1.382,1.382,1.382,0.0
1679074320000.0,1.382,1.382,1.382,1.382,0.25576
1679074260000.0,1.3824999999999998,1.383,1.382,1.382,0.269168
1679074200000.0,1.38375,1.385,1.3824999999999998,1.3824999999999998,0.911266
1679074140000.0,1.3835,1.384,1.383,1.3835,0.918054
1679074080000.0,1.384,1.385,1.383,1.3835,7.147044
1679074020000.0,1.3900000000000001,1.395,1.384,1.384,8.631224
1679073960000.0,1.395,1.395,1.3900000000000001,1.3900000000000001,0.0
1679073900000.0,1.395,1.395,1.395,1.395,0.0
1679073840000.0,1.395,1.395,1.395,1.395,0.0
1679073780000.0,1.395,1.395,1.395,1.395,0.0
1679073720000.0,1.395,1.395,1.395,1.395,0.0
1679073660000.0,1.395,1.395,1.395,1.395,0.0
1679073600000.0,1.395,1.395,1.395,1.395,0.0
1679073540000.0,1.395,1.395,1.395,1.395,0.0
1679073480000.0,1.395,1.395,1.395,1.395,0.0
1679073420000.0,1.395,1.395,1.395,1.395,0.0
1679073360000.0,1.3935,1.395,1.392,1.395,164.476579
1679073300000.0,1.392,1.3935,1.392,1.3935,158.071245
1679073240000.0,1.3875,1.392,1.383,1.392,217.064641
1679073180000.0,1.3815,1.3875,1.38,1.3875,94.039495
1679073120000.0,1.38,1.3815,1.38,1.3815,0.0
1679073060000.0,1.38,1.38,1.38,1.38,0.0
1679073000000.0,1.38,1.38,1.38,1.38,0.0
1679072940000.0,1.38,1.38,1.38,1.38,0.0
1679072880000.0,1.3794999999999997,1.38,1.379,1.38,0.380172
1679072820000.0,1.379,1.3795,1.379,1.3795,0.0
1679072760000.0,1.379,1.379,1.379,1.379,0.0
1679072700000.0,1.3784999999999998,1.379,1.378,1.379,39.746766
1679072640000.0,1.3777499999999998,1.3784999999999998,1.377,1.3784999999999998,12.683528
1679072580000.0,1.378,1.378,1.378,1.378,0.0
1679072520000.0,1.3735,1.378,1.369,1.378,20.401936
1679072460000.0,1.369,1.3735,1.369,1.3735,103.86583
1679072400000.0,1.369,1.369,1.369,1.369,0.0
1679072340000.0,1.369,1.369,1.369,1.369,0.0
1679072280000.0,1.369,1.369,1.369,1.369,0.0
1679072220000.0,1.369,1.369,1.369,1.369,0.946782
1679072160000.0,1.369,1.369,1.369,1.369,0.0
1679072100000.0,1.369,1.369,1.369,1.369,0.083323
1679072040000.0,1.3675000000000002,1.369,1.366,1.369,0.142127
1679071980000.0,1.366,1.3675000000000002,1.366,1.3675000000000002,0.0
1679071920000.0,1.3630000000000002,1.366,1.36,1.366,0.071809
1679071860000.0,1.36,1.363,1.36,1.363,0.0
1679071800000.0,1.36,1.36,1.36,1.36,0.0
1679071740000.0,1.3610000000000002,1.362,1.36,1.36,9.0
1679071680000.0,1.3585000000000003,1.362,1.355,1.3610000000000002,0.068766
1679071620000.0,1.355,1.3585,1.355,1.3585,0.0
1679071560000.0,1.355,1.355,1.355,1.355,0.0
1679071500000.0,1.355,1.355,1.355,1.355,0.0
1679071440000.0,1.355,1.355,1.355,1.355,0.0
1679071380000.0,1.355,1.355,1.355,1.355,0.0
1679071320000.0,1.355,1.355,1.355,1.355,0.0
1679071260000.0,1.355,1.355,1.355,1.355,0.0
1679071200000.0,1.355,1.355,1.355,1.355,0.0
1679071140000.0,1.3565,1.358,1.355,1.355,0.204757
1679071080000.0,1.358,1.358,1.3565,1.3565,0.0
1679071020000.0,1.3640000000000003,1.37,1.358,1.358,0.355307
1679070960000.0,1.37,1.37,1.364,1.364,0.0
1679070900000.0,1.37,1.37,1.37,1.37,0.0
1679070840000.0,1.37,1.37,1.37,1.37,0.0
1679070780000.0,1.3690000000000002,1.37,1.368,1.37,3.69825
1679070720000.0,1.368,1.3690000000000002,1.368,1.3690000000000002,0.0
1679070660000.0,1.3675000000000002,1.368,1.367,1.368,0.915057
1679070600000.0,1.3664999999999998,1.3675000000000002,1.366,1.3675000000000002,0.191815
1679070540000.0,1.3664999999999998,1.367,1.366,1.3665,1.636564
1679070480000.0,1.3639999999999999,1.367,1.361,1.3665,0.903572
1679070420000.0,1.363,1.365,1.361,1.3639999999999999,3.343621
1679070360000.0,1.365,1.365,1.363,1.363,0.0
1679070300000.0,1.365,1.365,1.365,1.365,0.0
1679070240000.0,1.3685,1.372,1.365,1.365,0.039938
1679070180000.0,1.372,1.372,1.3685,1.3685,0.0
1679070120000.0,1.372,1.372,1.372,1.372,0.0
1679070060000.0,1.372,1.372,1.372,1.372,0.0
1679070000000.0,1.372,1.372,1.372,1.372,0.05767
1679069940000.0,1.372,1.372,1.372,1.372,0.0
1679069880000.0,1.372,1.372,1.372,1.372,0.0
1679069820000.0,1.3690000000000002,1.372,1.366,1.372,13.029424
1679069760000.0,1.366,1.3690000000000002,1.366,1.3690000000000002,0.0
1679069700000.0,1.366,1.366,1.366,1.366,0.0
1679069640000.0,1.366,1.366,1.366,1.366,0.0
1679069580000.0,1.366,1.366,1.366,1.366,0.0
1679069520000.0,1.367,1.368,1.366,1.366,150.0
1679069460000.0,1.3685,1.369,1.367,1.367,0.082013
1679069400000.0,1.369,1.369,1.3685,1.3685,0.0
1679069340000.0,1.363,1.369,1.357,1.369,0.227373
1679069280000.0,1.359,1.363,1.357,1.363,2.766332
1679069220000.0,1.361,1.361,1.359,1.359,0.0
1679069160000.0,1.3615,1.362,1.361,1.361,0.116206
1679069100000.0,1.362,1.362,1.3615,1.3615,0.0
1679069040000.0,1.3635000000000002,1.365,1.362,1.362,0.116237
1679068980000.0,1.365,1.365,1.3635000000000002,1.3635000000000002,0.0
1679068920000.0,1.365,1.365,1.365,1.365,0.0
1679068860000.0,1.365,1.365,1.365,1.365,0.048289
1679068800000.0,1.365,1.365,1.365,1.365,0.092956
1679068740000.0,1.365,1.365,1.365,1.365,0.0
1679068680000.0,1.3655,1.366,1.365,1.365,0.050697
1679068620000.0,1.366,1.366,1.3655,1.3655,0.0
1679068560000.0,1.366,1.366,1.366,1.366,0.0
1679068500000.0,1.366,1.366,1.366,1.366,56.635858
1679068440000.0,1.3655,1.366,1.365,1.366,0.309484
1679068380000.0,1.365,1.3655,1.365,1.3655,0.0
1679068320000.0,1.3625,1.365,1.36,1.365,21.67186
1679068260000.0,1.36,1.3625,1.36,1.3625,0.0
1679068200000.0,1.36,1.36,1.36,1.36,0.0
1679068140000.0,1.36,1.36,1.36,1.36,0.0
1679068080000.0,1.36,1.36,1.36,1.36,0.0
1679068020000.0,1.359,1.36,1.358,1.36,0.353002
1679067960000.0,1.358,1.359,1.358,1.359,0.024521
1679067900000.0,1.358,1.358,1.358,1.358,0.377691
1679067840000.0,1.358,1.358,1.358,1.358,0.161193
1679067780000.0,1.358,1.358,1.358,1.358,0.0
1679067720000.0,1.3575000000000002,1.358,1.357,1.358,0.462515
1679067660000.0,1.3565,1.3575,1.356,1.3575,0.030138
1679067600000.0,1.356,1.3565,1.356,1.3565,0.0
1679067540000.0,1.356,1.356,1.356,1.356,0.210864
1679067480000.0,1.356,1.356,1.356,1.356,0.0
1679067420000.0,1.3570000000000002,1.358,1.356,1.356,1.040291
1679067360000.0,1.3585000000000003,1.359,1.3570000000000002,1.3570000000000002,0.023787
1679067300000.0,1.3565,1.359,1.354,1.3585,0.08287
1679067240000.0,1.354,1.3565,1.354,1.3565,0.0
1679067180000.0,1.354,1.354,1.354,1.354,0.0
1679067120000.0,1.354,1.354,1.354,1.354,0.0
1679067060000.0,1.354,1.354,1.354,1.354,0.0
1679067000000.0,1.354,1.354,1.354,1.354,8.664258
1679066940000.0,1.354,1.354,1.354,1.354,0.0
1679066880000.0,1.356,1.358,1.354,1.354,7.304932
1679066820000.0,1.358,1.358,1.356,1.356,0.0
1679066760000.0,1.358,1.358,1.358,1.358,0.0
1679066700000.0,1.358,1.358,1.358,1.358,0.043025
1679066640000.0,1.3625000000000003,1.367,1.358,1.358,0.031842
1679066580000.0,1.367,1.367,1.3625,1.3625,0.0
1679066520000.0,1.367,1.367,1.367,1.367,0.079266
1679066460000.0,1.367,1.367,1.367,1.367,0.0
1679066400000.0,1.3655,1.367,1.364,1.367,0.55912
1679066340000.0,1.364,1.3655,1.364,1.3655,0.0
1679066280000.0,1.364,1.364,1.364,1.364,0.0
1679066220000.0,1.364,1.364,1.364,1.364,0.0
1679066160000.0,1.364,1.364,1.364,1.364,0.055958
1679066100000.0,1.364,1.364,1.364,1.364,4.049854
1679066040000.0,1.364,1.364,1.364,1.364,52.681462
1679065980000.0,1.3615,1.364,1.359,1.364,0.040948
1679065920000.0,1.359,1.3615,1.359,1.3615,0.0
1679065860000.0,1.359,1.359,1.359,1.359,0.0
1679065800000.0,1.3565,1.359,1.354,1.359,45.248905
1679065740000.0,1.354,1.3565,1.354,1.3565,0.198951
1679065680000.0,1.354,1.354,1.354,1.354,0.0
1679065620000.0,1.354,1.354,1.354,1.354,0.0
1679065560000.0,1.354,1.354,1.354,1.354,0.0
1679065500000.0,1.354,1.354,1.354,1.354,0.0
1679065440000.0,1.354,1.354,1.354,1.354,0.0
1679065380000.0,1.354,1.354,1.354,1.354,0.0
1679065320000.0,1.354,1.354,1.354,1.354,0.0
1679065260000.0,1.354,1.354,1.354,1.354,0.0
1679065200000.0,1.3535,1.354,1.353,1.354,0.067693
1679065140000.0,1.354,1.355,1.353,1.3535,0.228595
1679065080000.0,1.362,1.369,1.354,1.354,362.563609
1679065020000.0,1.369,1.369,1.362,1.362,0.0
1679064960000.0,1.369,1.369,1.369,1.369,1.18477
1679064900000.0,1.369,1.369,1.369,1.369,0.0
1679064840000.0,1.369,1.369,1.369,1.369,0.0
1679064780000.0,1.3695,1.37,1.369,1.369,0.085909
1679064720000.0,1.3715000000000002,1.373,1.3695,1.3695,52.594796
1679064660000.0,1.373,1.373,1.3715000000000002,1.3715000000000002,0.0
1679064600000.0,1.37275,1.373,1.372,1.373,0.427422
1679064540000.0,1.373,1.373,1.373,1.373,0.0
1679064480000.0,1.373,1.373,1.373,1.373,0.0
1679064420000.0,1.373,1.373,1.373,1.373,0.0
1679064360000.0,1.3725,1.373,1.372,1.373,0.119718
1679064300000.0,1.372,1.3725,1.372,1.3725,45.237865
1679064240000.0,1.3730000000000002,1.374,1.372,1.372,66.66644
1679064180000.0,1.374,1.374,1.3730000000000002,1.3730000000000002,0.0
1679064120000.0,1.375,1.376,1.374,1.374,20.792935
1679064060000.0,1.376,1.376,1.375,1.375,0.0
1679064000000.0,1.3765,1.377,1.376,1.376,10.694573
1679063940000.0,1.3765,1.377,1.376,1.3765,0.020287
1679063880000.0,1.376,1.3765,1.376,1.3765,0.0
1679063820000.0,1.3765,1.377,1.376,1.376,0.052139
1679063760000.0,1.377,1.377,1.3765,1.3765,32.974001
1679063700000.0,1.377,1.377,1.377,1.377,0.0
1679063640000.0,1.3775,1.378,1.377,1.377,6.273427
1679063580000.0,1.378,1.378,1.3775,1.3775,0.0
1679063520000.0,1.378,1.378,1.378,1.378,0.0
1679063460000.0,1.378,1.378,1.378,1.378,0.0
1679063400000.0,1.37975,1.382,1.378,1.378,30.370009
1679063340000.0,1.381,1.381,1.3795,1.3795,1.178985
1679063280000.0,1.38125,1.382,1.381,1.381,0.130863
1679063220000.0,1.3875,1.394,1.381,1.381,2.253258
1679063160000.0,1.3944999999999999,1.395,1.3875,1.3875,0.096495
1679063100000.0,1.395,1.395,1.3944999999999999,1.3944999999999999,0.0
1679063040000.0,1.396,1.397,1.395,1.395,0.021135
1679062980000.0,1.397,1.397,1.396,1.396,0.0
1679062920000.0,1.397,1.397,1.397,1.397,0.0
1679062860000.0,1.397,1.397,1.397,1.397,0.0
1679062800000.0,1.397,1.397,1.397,1.397,0.0
1679062740000.0,1.397,1.397,1.397,1.397,0.0
1679062680000.0,1.397,1.397,1.397,1.397,0.0
1679062620000.0,1.397,1.397,1.397,1.397,0.0
1679062560000.0,1.397,1.397,1.397,1.397,0.0
1679062500000.0,1.397,1.397,1.397,1.397,0.0
1679062440000.0,1.397,1.397,1.397,1.397,0.0
1679062380000.0,1.397,1.397,1.397,1.397,0.0
1679062320000.0,1.397,1.397,1.397,1.397,0.0
1679062260000.0,1.397,1.397,1.397,1.397,0.0
1679062200000.0,1.397,1.397,1.397,1.397,0.0
1679062140000.0,1.3975,1.398,1.397,1.397,0.039066
1679062080000.0,1.3984999999999999,1.399,1.3975,1.3975,1.917669
1679062020000.0,1.399,1.399,1.3984999999999999,1.3984999999999999,0.0
1679061960000.0,1.399,1.399,1.399,1.399,0.0
1679061900000.0,1.3995,1.4,1.399,1.399,753.149272
1679061840000.0,1.4,1.4,1.3995,1.3995,0.0
1679061780000.0,1.4,1.4,1.4,1.4,0.153071
1679061720000.0,1.396,1.4,1.392,1.4,0.437418
1679061660000.0,1.392,1.396,1.392,1.396,0.0
1679061600000.0,1.392,1.392,1.392,1.392,0.0
1679061540000.0,1.392,1.392,1.392,1.392,0.773824
1679061480000.0,1.3909999999999998,1.392,1.39,1.392,0.042938
1679061420000.0,1.39,1.391,1.39,1.391,0.0
1679061360000.0,1.3889999999999998,1.39,1.388,1.39,13.668124
1679061300000.0,1.388,1.3889999999999998,1.388,1.3889999999999998,0.0
1679061240000.0,1.388,1.388,1.388,1.388,0.0
1679061180000.0,1.388,1.388,1.388,1.388,0.09298
1679061120000.0,1.388,1.388,1.388,1.388,0.0
1679061060000.0,1.388,1.388,1.388,1.388,0.0
1679061000000.0,1.388,1.388,1.388,1.388,0.0
1679060940000.0,1.388,1.388,1.388,1.388,1.870858
1679060880000.0,1.3915,1.395,1.388,1.388,0.078825
1679060820000.0,1.3984999999999999,1.402,1.3915,1.3915,0.032551
1679060760000.0,1.402,1.402,1.3984999999999999,1.3984999999999999,0.0
1679060700000.0,1.402,1.402,1.402,1.402,0.0
1679060640000.0,1.402,1.402,1.402,1.402,0.0
1679060580000.0,1.4025,1.403,1.402,1.402,0.096394
1679060520000.0,1.403,1.403,1.4024999999999999,1.4024999999999999,0.0
1679060460000.0,1.403,1.403,1.403,1.403,2.879211
1679060400000.0,1.4015,1.403,1.4,1.403,38.03632
1679060340000.0,1.4,1.4015,1.4,1.4015,0.730481
1679060280000.0,1.4,1.4,1.4,1.4,0.043049
1679060220000.0,1.4,1.4,1.4,1.4,0.32512
1679060160000.0,1.4,1.4,1.4,1.4,0.120176
1679060100000.0,1.4,1.4,1.4,1.4,0.071505
1679060040000.0,1.4,1.4,1.4,1.4,0.0
1679059980000.0,1.4,1.4,1.4,1.4,0.0
1679059920000.0,1.4,1.4,1.4,1.4,0.0
1679059860000.0,1.4,1.4,1.4,1.4,0.0
1679059800000.0,1.3984999999999999,1.4,1.397,1.4,0.169266
1679059740000.0,1.3980000000000001,1.399,1.397,1.3984999999999999,1.159589
1679059680000.0,1.399,1.399,1.3980000000000001,1.3980000000000001,4.804684
1679059620000.0,1.399,1.399,1.399,1.399,0.194466
1679059560000.0,1.399,1.399,1.399,1.399,0.0
1679059500000.0,1.399,1.399,1.399,1.399,0.0
1679059440000.0,1.399,1.399,1.399,1.399,0.0
1679059380000.0,1.399,1.399,1.399,1.399,0.029736
1679059320000.0,1.399,1.399,1.399,1.399,0.0
1679059260000.0,1.399,1.399,1.399,1.399,0.0
1679059200000.0,1.399,1.399,1.399,1.399,0.0
1679059140000.0,1.399,1.399,1.399,1.399,0.0
1679059080000.0,1.399,1.399,1.399,1.399,0.0
1679059020000.0,1.399,1.399,1.399,1.399,3.626147
1679058960000.0,1.399,1.399,1.399,1.399,0.0
1679058900000.0,1.399,1.399,1.399,1.399,0.02224
1679058840000.0,1.399,1.399,1.399,1.399,0.0
1679058780000.0,1.399,1.399,1.399,1.399,1.68767
1679058720000.0,1.399,1.399,1.399,1.399,0.0
1679058660000.0,1.399,1.399,1.399,1.399,0.0
1679058600000.0,1.399,1.399,1.399,1.399,0.0
1679058540000.0,1.399,1.399,1.399,1.399,0.098831
1679058480000.0,1.399,1.399,1.399,1.399,0.0
1679058420000.0,1.399,1.399,1.399,1.399,0.023804
1679058360000.0,1.399,1.399,1.399,1.399,0.0
1679058300000.0,1.3980000000000001,1.399,1.397,1.399,0.101295
1679058240000.0,1.397,1.3980000000000001,1.397,1.3980000000000001,0.0
1679058180000.0,1.397,1.397,1.397,1.397,17.700722
1679058120000.0,1.397,1.397,1.397,1.397,0.0
1679058060000.0,1.397,1.397,1.397,1.397,0.0
1679058000000.0,1.396,1.397,1.395,1.397,0.163122
1679057940000.0,1.395,1.396,1.395,1.396,0.0
1679057880000.0,1.395,1.395,1.395,1.395,0.0
1679057820000.0,1.3944999999999999,1.395,1.394,1.395,235.820116
1679057760000.0,1.38225,1.402,1.331,1.3944999999999999,7827.550982
1679057700000.0,1.3984999999999999,1.402,1.395,1.398,0.454419
1679057640000.0,1.395,1.3984999999999999,1.395,1.3984999999999999,0.0
1679057580000.0,1.395,1.395,1.395,1.395,0.0
1679057520000.0,1.3984999999999999,1.402,1.395,1.395,0.05088
1679057460000.0,1.402,1.402,1.3984999999999999,1.3984999999999999,0.0
1679057400000.0,1.402,1.402,1.402,1.402,0.0
1679057340000.0,1.402,1.402,1.402,1.402,0.031937
1679057280000.0,1.3984999999999999,1.402,1.395,1.402,1.076736
1679057220000.0,1.395,1.3984999999999999,1.395,1.3984999999999999,0.0
1679057160000.0,1.395,1.395,1.395,1.395,0.0
1679057100000.0,1.395,1.395,1.395,1.395,0.0
1679057040000.0,1.394,1.395,1.393,1.395,0.029445
1679056980000.0,1.393,1.3940000000000001,1.393,1.3940000000000001,0.0
1679056920000.0,1.393,1.393,1.393,1.393,0.0
1679056860000.0,1.393,1.393,1.393,1.393,0.0
1679056800000.0,1.393,1.393,1.393,1.393,0.0
1679056740000.0,1.393,1.393,1.393,1.393,0.0
1679056680000.0,1.401,1.409,1.393,1.393,103.251599
1679056620000.0,1.4095,1.41,1.401,1.401,14.399633
1679056560000.0,1.4095,1.41,1.409,1.4095,0.023053
1679056500000.0,1.409,1.4095,1.409,1.4095,0.0
1679056440000.0,1.409,1.409,1.409,1.409,0.0
1679056380000.0,1.4095,1.41,1.409,1.409,0.04143
1679056320000.0,1.41,1.41,1.4095,1.4095,0.0
1679056260000.0,1.41,1.41,1.41,1.41,0.0
1679056200000.0,1.41,1.41,1.41,1.41,0.235811
1679056140000.0,1.41,1.41,1.41,1.41,3.081994
1679056080000.0,1.4095,1.41,1.409,1.41,0.12825
1679056020000.0,1.41,1.411,1.409,1.4095,0.212305
1679055960000.0,1.411,1.411,1.4100000000000001,1.4100000000000001,0.0
1679055900000.0,1.411,1.411,1.411,1.411,0.18668
1679055840000.0,1.411,1.411,1.411,1.411,0.0
1679055780000.0,1.411,1.411,1.411,1.411,0.0
1679055720000.0,1.4125,1.414,1.411,1.411,1.735256
1679055660000.0,1.412,1.414,1.41,1.4125,0.08507
1679055600000.0,1.41,1.412,1.41,1.412,0.0
1679055540000.0,1.4125,1.415,1.41,1.41,0.195721
1679055480000.0,1.4155,1.416,1.4125,1.4125,10.664131
1679055420000.0,1.416,1.416,1.4155,1.4155,0.0
1679055360000.0,1.416,1.416,1.416,1.416,0.0
1679055300000.0,1.416,1.416,1.416,1.416,0.795842
1679055240000.0,1.416,1.416,1.416,1.416,0.023835
1679055180000.0,1.4155,1.416,1.415,1.416,0.407151
1679055120000.0,1.415,1.4155,1.415,1.4155,0.0
1679055060000.0,1.415,1.415,1.415,1.415,0.0
1679055000000.0,1.415,1.415,1.415,1.415,0.0
1679054940000.0,1.4155,1.416,1.415,1.415,0.041377
1679054880000.0,1.416,1.416,1.4155,1.4155,0.0
1679054820000.0,1.416,1.416,1.416,1.416,0.0
1679054760000.0,1.416,1.416,1.416,1.416,0.0
1679054700000.0,1.416,1.416,1.416,1.416,0.0
1679054640000.0,1.416,1.416,1.416,1.416,0.048807
1679054580000.0,1.416,1.416,1.416,1.416,0.0
1679054520000.0,1.416,1.416,1.416,1.416,0.0
1679054460000.0,1.416,1.416,1.416,1.416,0.0
1679054400000.0,1.416,1.416,1.416,1.416,0.0
1679054340000.0,1.4157499999999998,1.416,1.415,1.416,0.304425
1679054280000.0,1.416,1.416,1.416,1.416,0.192792
1679054220000.0,1.416,1.416,1.416,1.416,0.024406
1679054160000.0,1.416,1.416,1.416,1.416,0.149965
1679054100000.0,1.416,1.416,1.416,1.416,0.070187
1679054040000.0,1.416,1.416,1.416,1.416,0.0
1679053980000.0,1.416,1.416,1.416,1.416,0.0
1679053920000.0,1.416,1.416,1.416,1.416,1.997514
1679053860000.0,1.416,1.416,1.416,1.416,0.169205
1679053800000.0,1.416,1.416,1.416,1.416,0.0
1679053740000.0,1.416,1.416,1.416,1.416,0.0
1679053680000.0,1.416,1.416,1.416,1.416,0.0
1679053620000.0,1.416,1.416,1.416,1.416,0.315216
1679053560000.0,1.416,1.416,1.416,1.416,0.0
1679053500000.0,1.416,1.416,1.416,1.416,0.0
1679053440000.0,1.416,1.416,1.416,1.416,0.0
1679053380000.0,1.416,1.416,1.416,1.416,0.712024
1679053320000.0,1.416,1.416,1.416,1.416,65.674157
1679053260000.0,1.416,1.416,1.416,1.416,0.0
1679053200000.0,1.416,1.416,1.416,1.416,0.175734
1679053140000.0,1.416,1.416,1.416,1.416,0.198587
1679053080000.0,1.416,1.416,1.416,1.416,0.132637
1679053020000.0,1.416,1.416,1.416,1.416,0.0
1679052960000.0,1.416,1.416,1.416,1.416,0.077811
1679052900000.0,1.416,1.416,1.416,1.416,0.0272
1679052840000.0,1.416,1.416,1.416,1.416,0.0
1679052780000.0,1.416,1.416,1.416,1.416,0.0
1679052720000.0,1.416,1.416,1.416,1.416,0.314855
1679052660000.0,1.416,1.416,1.416,1.416,0.0
1679052600000.0,1.416,1.416,1.416,1.416,4.379752
1679052540000.0,1.416,1.416,1.416,1.416,0.032873
1679052480000.0,1.416,1.416,1.416,1.416,5.35264
1679052420000.0,1.416,1.416,1.416,1.416,0.0
1679052360000.0,1.416,1.416,1.416,1.416,0.0
1679052300000.0,1.416,1.416,1.416,1.416,0.0
1679052240000.0,1.4155,1.416,1.415,1.416,0.263807
1679052180000.0,1.415,1.4155,1.415,1.4155,0.0
1679052120000.0,1.415,1.415,1.415,1.415,0.0
1679052060000.0,1.415,1.415,1.415,1.415,0.0
1679052000000.0,1.415,1.415,1.415,1.415,0.0
1679051940000.0,1.415,1.415,1.415,1.415,0.0
1679051880000.0,1.415,1.415,1.415,1.415,0.0
1679051820000.0,1.415,1.415,1.415,1.415,0.0
1679051760000.0,1.415,1.415,1.415,1.415,0.0
1679051700000.0,1.4155,1.416,1.415,1.415,0.190328
1679051640000.0,1.416,1.416,1.4155,1.4155,0.0
1679051580000.0,1.4157499999999998,1.416,1.415,1.416,17.758176
1679051520000.0,1.416,1.416,1.416,1.416,15.971039
1679051460000.0,1.416,1.416,1.416,1.416,0.0
1679051400000.0,1.416,1.416,1.416,1.416,0.0
1679051340000.0,1.416,1.416,1.416,1.416,0.076118
1679051280000.0,1.416,1.416,1.416,1.416,0.0
1679051220000.0,1.416,1.416,1.416,1.416,0.0
1679051160000.0,1.414,1.416,1.412,1.416,0.091461
1679051100000.0,1.414,1.416,1.412,1.414,0.075116
1679051040000.0,1.416,1.416,1.414,1.414,0.0
1679050980000.0,1.416,1.416,1.416,1.416,0.0
1679050920000.0,1.416,1.416,1.416,1.416,0.03152
1679050860000.0,1.416,1.416,1.416,1.416,0.092358
1679050800000.0,1.416,1.416,1.416,1.416,1.062213
1679050740000.0,1.4155,1.416,1.415,1.416,0.313881
1679050680000.0,1.415,1.4155,1.415,1.4155,0.0
1679050620000.0,1.415,1.415,1.415,1.415,0.0
1679050560000.0,1.415,1.415,1.415,1.415,0.0
1679050500000.0,1.415,1.415,1.415,1.415,0.0
1679050440000.0,1.4155,1.416,1.415,1.415,0.025712
1679050380000.0,1.416,1.416,1.4155,1.4155,0.0
1679050320000.0,1.4155,1.416,1.415,1.416,0.114683
1679050260000.0,1.415,1.4155,1.415,1.4155,0.0
1679050200000.0,1.415,1.415,1.415,1.415,0.0
1679050140000.0,1.4155,1.416,1.415,1.415,0.158101
1679050080000.0,1.416,1.416,1.4155,1.4155,0.0
1679050020000.0,1.416,1.416,1.416,1.416,0.0
1679049960000.0,1.416,1.416,1.416,1.416,0.0
1679049900000.0,1.416,1.416,1.416,1.416,0.0
1679049840000.0,1.4155,1.416,1.415,1.416,0.313573
1679049780000.0,1.415,1.4155,1.415,1.4155,0.0
1679049720000.0,1.4155,1.416,1.415,1.415,0.482674
1679049660000.0,1.416,1.416,1.4155,1.4155,0.261089
1679049600000.0,1.4155,1.416,1.415,1.416,0.054218
1679049540000.0,1.415,1.4155,1.415,1.4155,0.0
1679049480000.0,1.415,1.415,1.415,1.415,0.0
1679049420000.0,1.41425,1.415,1.412,1.415,0.37396
1679049360000.0,1.415,1.415,1.415,1.415,0.0
1679049300000.0,1.415,1.415,1.415,1.415,0.0
1679049240000.0,1.4155,1.416,1.415,1.415,0.068423
1679049180000.0,1.416,1.416,1.4155,1.4155,0.0
1679049120000.0,1.416,1.416,1.416,1.416,0.0
1679049060000.0,1.416,1.416,1.416,1.416,0.0
1679049000000.0,1.4137499999999998,1.416,1.411,1.416,171.83078
1679048940000.0,1.41175,1.414,1.411,1.414,3.189794
1679048880000.0,1.4114999999999998,1.412,1.411,1.412,0.476604
1679048820000.0,1.4104999999999999,1.4115,1.41,1.4115,4.220572
1679048760000.0,1.41,1.4104999999999999,1.41,1.4104999999999999,0.0
1679048700000.0,1.41,1.41,1.41,1.41,0.0
1679048640000.0,1.4089999999999998,1.41,1.408,1.41,19.647753
1679048580000.0,1.4065,1.4089999999999998,1.405,1.4089999999999998,18.80899
1679048520000.0,1.4045,1.4064999999999999,1.404,1.4064999999999999,32.26255
1679048460000.0,1.404,1.4045,1.404,1.4045,0.0
1679048400000.0,1.403,1.404,1.402,1.404,1.223281
1679048340000.0,1.402,1.403,1.402,1.403,0.0
1679048280000.0,1.402,1.402,1.402,1.402,0.145046
1679048220000.0,1.399,1.402,1.396,1.402,0.465855
1679048160000.0,1.396,1.399,1.396,1.399,0.0
1679048100000.0,1.396,1.396,1.396,1.396,0.0
1679048040000.0,1.396,1.396,1.396,1.396,0.0
1679047980000.0,1.396,1.396,1.396,1.396,0.0
1679047920000.0,1.396,1.396,1.396,1.396,0.0
1679047860000.0,1.398,1.4,1.396,1.396,12.034384
1679047800000.0,1.4,1.4,1.398,1.398,0.0
1679047740000.0,1.396,1.4,1.392,1.4,63.206918
1679047680000.0,1.392,1.396,1.392,1.396,0.0
1679047620000.0,1.392,1.392,1.392,1.392,0.0
1679047560000.0,1.395,1.398,1.392,1.392,2.894113
1679047500000.0,1.398,1.398,1.395,1.395,0.0
1679047440000.0,1.3969999999999998,1.398,1.396,1.398,0.198572
1679047380000.0,1.3939999999999997,1.3969999999999998,1.392,1.3969999999999998,19.673361
1679047320000.0,1.392,1.394,1.392,1.394,0.0
1679047260000.0,1.3909999999999998,1.392,1.39,1.392,0.14138
1679047200000.0,1.3904999999999998,1.391,1.39,1.391,0.130914
1679047140000.0,1.3895,1.391,1.388,1.3904999999999998,8.296798
1679047080000.0,1.388,1.3895,1.388,1.3895,0.0
1679047020000.0,1.388,1.388,1.388,1.388,0.0
1679046960000.0,1.388,1.388,1.388,1.388,0.400467
1679046900000.0,1.388,1.388,1.388,1.388,0.495667
1679046840000.0,1.3849999999999998,1.388,1.382,1.388,0.035476
1679046780000.0,1.382,1.3849999999999998,1.382,1.3849999999999998,0.0
1679046720000.0,1.382,1.382,1.382,1.382,0.272723
1679046660000.0,1.382,1.382,1.382,1.382,0.0
1679046600000.0,1.382,1.382,1.382,1.382,0.643197
1679046540000.0,1.382,1.382,1.382,1.382,0.0
1679046480000.0,1.382,1.382,1.382,1.382,0.0
1679046420000.0,1.382,1.382,1.382,1.382,0.0
1679046360000.0,1.3835,1.385,1.382,1.382,0.105407
1679046300000.0,1.385,1.385,1.3835,1.3835,0.301488
1679046240000.0,1.385,1.385,1.385,1.385,0.0
1679046180000.0,1.385,1.385,1.385,1.385,0.676893
1679046120000.0,1.385,1.385,1.385,1.385,0.0
1679046060000.0,1.385,1.385,1.385,1.385,0.0
1679046000000.0,1.385,1.385,1.385,1.385,0.0
1679045940000.0,1.385,1.385,1.385,1.385,0.11136
1679045880000.0,1.3845,1.385,1.384,1.385,0.119124
1679045820000.0,1.383,1.3845,1.382,1.3845,0.677715
1679045760000.0,1.382,1.383,1.382,1.383,0.50211
1679045700000.0,1.382,1.382,1.382,1.382,0.0
1679045640000.0,1.382,1.382,1.382,1.382,0.126079
1679045580000.0,1.382,1.382,1.382,1.382,0.0
1679045520000.0,1.382,1.382,1.382,1.382,0.0
1679045460000.0,1.382,1.382,1.382,1.382,0.230486
1679045400000.0,1.382,1.382,1.382,1.382,4.302639
1679045340000.0,1.382,1.382,1.382,1.382,4.735004
1679045280000.0,1.382,1.382,1.382,1.382,0.742026
1679045220000.0,1.382,1.382,1.382,1.382,0.0
1679045160000.0,1.3815,1.382,1.381,1.382,0.028856
1679045100000.0,1.381,1.3815,1.381,1.3815,0.0
1679045040000.0,1.381,1.381,1.381,1.381,0.0
1679044980000.0,1.381,1.381,1.381,1.381,0.0
1679044920000.0,1.385,1.389,1.381,1.381,30.245295
1679044860000.0,1.3895,1.39,1.385,1.385,0.89876
1679044800000.0,1.39,1.39,1.3895,1.3895,0.0
1679044740000.0,1.39,1.39,1.39,1.39,0.0
1679044680000.0,1.39,1.39,1.39,1.39,0.0
1679044620000.0,1.39,1.39,1.39,1.39,0.0
1679044560000.0,1.39,1.39,1.39,1.39,0.0
1679044500000.0,1.39,1.39,1.39,1.39,1.447483
1679044440000.0,1.39,1.39,1.39,1.39,0.960486
1679044380000.0,1.39,1.39,1.39,1.39,0.0
1679044320000.0,1.39,1.39,1.39,1.39,0.0
1679044260000.0,1.39,1.39,1.39,1.39,0.02691
1679044200000.0,1.39,1.39,1.39,1.39,0.0
1679044140000.0,1.39,1.39,1.39,1.39,0.050284
1679044080000.0,1.39,1.39,1.39,1.39,0.0
1679044020000.0,1.39,1.39,1.39,1.39,0.0
1679043960000.0,1.39,1.39,1.39,1.39,0.0
1679043900000.0,1.39,1.39,1.39,1.39,0.049392
1679043840000.0,1.39,1.39,1.39,1.39,0.065795
1679043780000.0,1.39,1.39,1.39,1.39,0.0
1679043720000.0,1.39,1.39,1.39,1.39,0.039842
1679043660000.0,1.39,1.39,1.39,1.39,0.0
1679043600000.0,1.39,1.39,1.39,1.39,0.068284
1679043540000.0,1.39,1.39,1.39,1.39,0.150892
1679043480000.0,1.39,1.39,1.39,1.39,0.0
1679043420000.0,1.39,1.39,1.39,1.39,0.0
1679043360000.0,1.39,1.39,1.39,1.39,0.0
1679043300000.0,1.39,1.39,1.39,1.39,0.174898
1679043240000.0,1.39,1.39,1.39,1.39,0.0
1679043180000.0,1.39,1.39,1.39,1.39,0.0
1679043120000.0,1.39,1.39,1.39,1.39,0.351291
1679043060000.0,1.39,1.39,1.39,1.39,0.0
1679043000000.0,1.39,1.39,1.39,1.39,0.0
1679042940000.0,1.39,1.39,1.39,1.39,0.021894
1679042880000.0,1.39,1.39,1.39,1.39,0.0
1679042820000.0,1.3909999999999998,1.392,1.39,1.39,3.158664
1679042760000.0,1.3925,1.393,1.391,1.391,0.576748
1679042700000.0,1.393,1.393,1.3925,1.3925,0.214842
1679042640000.0,1.393,1.393,1.393,1.393,0.0
1679042580000.0,1.39275,1.393,1.392,1.393,0.372509
1679042520000.0,1.393,1.393,1.393,1.393,0.0
1679042460000.0,1.393,1.393,1.393,1.393,0.048175
1679042400000.0,1.393,1.393,1.393,1.393,0.0
1679042340000.0,1.393,1.393,1.393,1.393,0.0
1679042280000.0,1.393,1.393,1.393,1.393,0.110324
1679042220000.0,1.393,1.393,1.393,1.393,0.540208
1679042160000.0,1.393,1.393,1.393,1.393,0.0
1679042100000.0,1.393,1.393,1.393,1.393,0.0
1679042040000.0,1.393,1.393,1.393,1.393,0.0
1679041980000.0,1.393,1.393,1.393,1.393,0.0
1679041920000.0,1.393,1.393,1.393,1.393,0.183924
1679041860000.0,1.393,1.393,1.393,1.393,0.0
1679041800000.0,1.393,1.393,1.393,1.393,1.798112
1679041740000.0,1.3925,1.393,1.392,1.393,1.865152
1679041680000.0,1.3925,1.393,1.392,1.3925,14.619182
1679041620000.0,1.393,1.393,1.3925,1.3925,0.0
1679041560000.0,1.393,1.393,1.393,1.393,0.0
1679041500000.0,1.39275,1.393,1.392,1.393,14.497353
1679041440000.0,1.393,1.393,1.393,1.393,0.0
1679041380000.0,1.393,1.393,1.393,1.393,0.027967
1679041320000.0,1.393,1.393,1.393,1.393,0.03778
1679041260000.0,1.393,1.393,1.393,1.393,0.0
1679041200000.0,1.393,1.393,1.393,1.393,0.0
1679041140000.0,1.393,1.393,1.393,1.393,0.0
1679041080000.0,1.393,1.393,1.393,1.393,0.0
1679041020000.0,1.393,1.393,1.393,1.393,0.031028
1679040960000.0,1.393,1.393,1.393,1.393,0.02004
1679040900000.0,1.396,1.399,1.393,1.393,3.484723
1679040840000.0,1.399,1.399,1.396,1.396,0.036067
1679040780000.0,1.399,1.399,1.399,1.399,0.0
1679040720000.0,1.399,1.399,1.399,1.399,0.0
1679040660000.0,1.3984999999999999,1.399,1.398,1.399,0.569283
1679040600000.0,1.398,1.3984999999999999,1.398,1.3984999999999999,0.0
1679040540000.0,1.3955,1.398,1.393,1.398,0.071114
1679040480000.0,1.393,1.3955,1.393,1.3955,0.0
1679040420000.0,1.393,1.393,1.393,1.393,0.0
1679040360000.0,1.393,1.393,1.393,1.393,0.0
1679040300000.0,1.393,1.393,1.393,1.393,0.0
1679040240000.0,1.393,1.393,1.393,1.393,0.02999
1679040180000.0,1.393,1.393,1.393,1.393,0.100053
1679040120000.0,1.397,1.401,1.393,1.393,0.034736
1679040060000.0,1.401,1.401,1.397,1.397,0.038333
1679040000000.0,1.397,1.401,1.393,1.401,0.027376
1679039940000.0,1.393,1.397,1.393,1.397,0.0
1679039880000.0,1.393,1.393,1.393,1.393,0.0
1679039820000.0,1.393,1.393,1.393,1.393,0.048
1679039760000.0,1.3925,1.393,1.392,1.393,0.073895
1679039700000.0,1.3925,1.393,1.392,1.3925,0.146962
1679039640000.0,1.393,1.393,1.3925,1.3925,0.0
1679039580000.0,1.393,1.393,1.393,1.393,0.0
1679039520000.0,1.393,1.393,1.393,1.393,0.0
1679039460000.0,1.393,1.393,1.393,1.393,0.0
1679039400000.0,1.393,1.393,1.393,1.393,0.0
1679039340000.0,1.393,1.393,1.393,1.393,0.0
1679039280000.0,1.393,1.393,1.393,1.393,0.0
1679039220000.0,1.393,1.393,1.393,1.393,0.0
1679039160000.0,1.393,1.393,1.393,1.393,0.037701
1679039100000.0,1.393,1.393,1.393,1.393,0.031964
1679039040000.0,1.393,1.393,1.393,1.393,0.027446
1679038980000.0,1.393,1.393,1.393,1.393,0.0
1679038920000.0,1.393,1.393,1.393,1.393,0.0
1679038860000.0,1.393,1.393,1.393,1.393,0.0
1679038800000.0,1.393,1.393,1.393,1.393,0.0
1679038740000.0,1.393,1.393,1.393,1.393,0.032375
1679038680000.0,1.393,1.393,1.393,1.393,0.0
1679038620000.0,1.393,1.393,1.393,1.393,0.0
1679038560000.0,1.3932499999999999,1.394,1.393,1.393,0.135971
1679038500000.0,1.393,1.393,1.393,1.393,0.0
1679038440000.0,1.393,1.393,1.393,1.393,0.0
1679038380000.0,1.393,1.393,1.393,1.393,0.0
1679038320000.0,1.393,1.393,1.393,1.393,0.0
1679038260000.0,1.393,1.393,1.393,1.393,0.0
1679038200000.0,1.393,1.393,1.393,1.393,2.47575
1679038140000.0,1.393,1.393,1.393,1.393,3.390687
1679038080000.0,1.393,1.393,1.393,1.393,0.357647
1679038020000.0,1.393,1.393,1.393,1.393,0.0
1679037960000.0,1.393,1.393,1.393,1.393,0.0
1679037900000.0,1.393,1.393,1.393,1.393,0.068297
1679037840000.0,1.393,1.393,1.393,1.393,0.0
1679037780000.0,1.393,1.393,1.393,1.393,0.069864
1679037720000.0,1.393,1.393,1.393,1.393,0.0
1679037660000.0,1.393,1.393,1.393,1.393,0.0
1679037600000.0,1.393,1.393,1.393,1.393,0.0
1679037540000.0,1.393,1.393,1.393,1.393,0.0
1679037480000.0,1.393,1.393,1.393,1.393,0.0
1679037420000.0,1.393,1.393,1.393,1.393,0.0
1679037360000.0,1.393,1.393,1.393,1.393,0.0
1679037300000.0,1.393,1.393,1.393,1.393,0.0
1679037240000.0,1.393,1.393,1.393,1.393,0.0
1679037180000.0,1.393,1.393,1.393,1.393,0.0
1679037120000.0,1.393,1.393,1.393,1.393,0.0
1679037060000.0,1.393,1.393,1.393,1.393,0.0
1679037000000.0,1.3937499999999998,1.395,1.392,1.393,0.972008
1679036940000.0,1.3980000000000001,1.401,1.3940000000000001,1.3940000000000001,0.136223
1679036880000.0,1.401,1.401,1.3980000000000001,1.3980000000000001,0.0
1679036820000.0,1.401,1.401,1.401,1.401,0.0
1679036760000.0,1.401,1.401,1.401,1.401,0.0
1679036700000.0,1.401,1.401,1.401,1.401,0.0
1679036640000.0,1.404,1.407,1.401,1.401,0.02873
1679036580000.0,1.407,1.407,1.404,1.404,0.0
1679036520000.0,1.407,1.407,1.407,1.407,0.0
1679036460000.0,1.4075,1.408,1.407,1.407,0.069876
1679036400000.0,1.408,1.408,1.4075,1.4075,0.107075
1679036340000.0,1.408,1.408,1.408,1.408,0.176202
1679036280000.0,1.408,1.408,1.408,1.408,0.0
1679036220000.0,1.408,1.408,1.408,1.408,0.024729
1679036160000.0,1.4065,1.408,1.405,1.408,1.585732
1679036100000.0,1.4005,1.4064999999999999,1.396,1.4064999999999999,32.262549
1679036040000.0,1.396,1.4005,1.396,1.4005,0.0
1679035980000.0,1.396,1.396,1.396,1.396,0.0
1679035920000.0,1.396,1.396,1.396,1.396,0.0
1679035860000.0,1.396,1.396,1.396,1.396,0.0
1679035800000.0,1.396,1.396,1.396,1.396,0.0
1679035740000.0,1.3939999999999997,1.396,1.392,1.396,0.418561
1679035680000.0,1.392,1.394,1.392,1.394,0.0
1679035620000.0,1.3909999999999998,1.392,1.39,1.392,7.861635
1679035560000.0,1.39,1.391,1.39,1.391,0.0
1679035500000.0,1.39,1.39,1.39,1.39,0.0
1679035440000.0,1.39,1.39,1.39,1.39,0.0
1679035380000.0,1.39,1.39,1.39,1.39,0.243101
1679035320000.0,1.39,1.39,1.39,1.39,0.0
1679035260000.0,1.39,1.39,1.39,1.39,0.0
1679035200000.0,1.39,1.39,1.39,1.39,0.074996
1679035140000.0,1.39,1.39,1.39,1.39,0.0
1679035080000.0,1.39,1.39,1.39,1.39,0.0
1679035020000.0,1.39,1.39,1.39,1.39,0.247512
1679034960000.0,1.39,1.39,1.39,1.39,0.0
1679034900000.0,1.39,1.39,1.39,1.39,0.028528
1679034840000.0,1.39,1.39,1.39,1.39,0.0
1679034780000.0,1.39,1.39,1.39,1.39,0.110835
1679034720000.0,1.39,1.39,1.39,1.39,0.0
1679034660000.0,1.39,1.39,1.39,1.39,0.031908
1679034600000.0,1.39,1.39,1.39,1.39,0.072848
1679034540000.0,1.39,1.39,1.39,1.39,2.142144
1679034480000.0,1.39,1.39,1.39,1.39,0.604103
1679034420000.0,1.39,1.39,1.39,1.39,0.0
1679034360000.0,1.39,1.39,1.39,1.39,0.0
1679034300000.0,1.39,1.39,1.39,1.39,0.0
1679034240000.0,1.39,1.39,1.39,1.39,0.0
1679034180000.0,1.39,1.39,1.39,1.39,0.0
1679034120000.0,1.39,1.39,1.39,1.39,0.0
1679034060000.0,1.39,1.39,1.39,1.39,0.0
1679034000000.0,1.39,1.39,1.39,1.39,0.0
1679033940000.0,1.39,1.39,1.39,1.39,0.0
1679033880000.0,1.39,1.39,1.39,1.39,0.0
1679033820000.0,1.39,1.39,1.39,1.39,0.0
1679033760000.0,1.39,1.39,1.39,1.39,0.0
1679033700000.0,1.39,1.39,1.39,1.39,352.57695
1679033640000.0,1.39,1.39,1.39,1.39,0.0
1679033580000.0,1.39,1.39,1.39,1.39,0.0
1679033520000.0,1.39,1.39,1.39,1.39,0.0
1679033460000.0,1.39,1.39,1.39,1.39,0.0
1679033400000.0,1.39,1.39,1.39,1.39,0.0
1679033340000.0,1.3895,1.39,1.389,1.39,0.226369
1679033280000.0,1.3895,1.39,1.389,1.3895,0.938289
1679033220000.0,1.39,1.39,1.3895,1.3895,0.0
1679033160000.0,1.39,1.39,1.39,1.39,0.0
1679033100000.0,1.39,1.39,1.39,1.39,0.0
1679033040000.0,1.39,1.39,1.39,1.39,0.0
1679032980000.0,1.39,1.39,1.39,1.39,0.023082
1679032920000.0,1.39,1.39,1.39,1.39,0.0
1679032860000.0,1.39,1.39,1.39,1.39,0.029835
1679032800000.0,1.3895,1.39,1.389,1.39,0.059541
1679032740000.0,1.389,1.3895,1.389,1.3895,0.0
1679032680000.0,1.389,1.389,1.389,1.389,0.0
1679032620000.0,1.389,1.389,1.389,1.389,0.0
1679032560000.0,1.389,1.389,1.389,1.389,0.0
1679032500000.0,1.389,1.389,1.389,1.389,0.0
1679032440000.0,1.389,1.389,1.389,1.389,0.0
1679032380000.0,1.389,1.389,1.389,1.389,0.0
1679032320000.0,1.3895,1.39,1.389,1.389,0.287559
1679032260000.0,1.39,1.39,1.3895,1.3895,0.0
1679032200000.0,1.39,1.39,1.39,1.39,0.0
1679032140000.0,1.39,1.39,1.39,1.39,0.0
1679032080000.0,1.3895,1.39,1.389,1.39,0.20415
1679032020000.0,1.389,1.3895,1.389,1.3895,0.0
1679031960000.0,1.389,1.389,1.389,1.389,0.0
1679031900000.0,1.3895,1.39,1.389,1.389,0.020527
1679031840000.0,1.39,1.39,1.3895,1.3895,0.0
1679031780000.0,1.39,1.39,1.39,1.39,0.0
1679031720000.0,1.39,1.39,1.39,1.39,0.0
1679031660000.0,1.39,1.39,1.39,1.39,0.054573
1679031600000.0,1.39,1.39,1.39,1.39,0.044575
1679031540000.0,1.39,1.39,1.39,1.39,0.070984
1679031480000.0,1.39,1.39,1.39,1.39,0.0
1679031420000.0,1.39,1.39,1.39,1.39,0.0
1679031360000.0,1.3895,1.39,1.389,1.39,0.041916
1679031300000.0,1.389,1.3895,1.389,1.3895,0.259583
1679031240000.0,1.389,1.389,1.389,1.389,0.033633
1679031180000.0,1.389,1.389,1.389,1.389,0.082135
1679031120000.0,1.389,1.389,1.389,1.389,0.0
1679031060000.0,1.389,1.389,1.389,1.389,0.0
1679031000000.0,1.3895,1.39,1.389,1.389,0.247722
1679030940000.0,1.3904999999999998,1.391,1.3895,1.3895,3.21727
1679030880000.0,1.39075,1.391,1.39,1.3904999999999998,0.886899
1679030820000.0,1.391,1.391,1.391,1.391,0.0
1679030760000.0,1.391,1.391,1.391,1.391,0.0
1679030700000.0,1.391,1.391,1.391,1.391,0.0
1679030640000.0,1.391,1.391,1.391,1.391,0.0
1679030580000.0,1.391,1.391,1.391,1.391,0.0
1679030520000.0,1.391,1.391,1.391,1.391,0.0
1679030460000.0,1.391,1.391,1.391,1.391,0.0
1679030400000.0,1.391,1.391,1.391,1.391,0.0
1679030340000.0,1.391,1.391,1.391,1.391,0.0
1679030280000.0,1.391,1.391,1.391,1.391,0.0
1679030220000.0,1.391,1.391,1.391,1.391,0.0
1679030160000.0,1.391,1.391,1.391,1.391,0.0
1679030100000.0,1.391,1.391,1.391,1.391,0.02942
1679030040000.0,1.391,1.391,1.391,1.391,0.0
