1679116320000,0.06602,0.06602,0.06602,0.06602,0
1679116260000,0.06602,0.06602,0.06602,0.06602,0
1679116200000,0.06602,0.06602,0.06602,0.06602,0
1679116140000,0.06602,0.06602,0.06602,0.06602,0
1679116080000,0.06607,0.06607,0.06602,0.06602,0.082457
1679116020000,0.06607,0.06607,0.06607,0.06607,0
1679115960000,0.06607,0.06607,0.06607,0.06607,0
1679115900000,0.06607,0.06607,0.06607,0.06607,0
1679115840000,0.06607,0.06607,0.06607,0.06607,0
1679115780000,0.06607,0.06607,0.06607,0.06607,0
1679115720000,0.06607,0.06607,0.06607,0.06607,0
1679115660000,0.06607,0.06607,0.06607,0.06607,0
1679115600000,0.06607,0.06607,0.06607,0.06607,0
1679115540000,0.06607,0.06607,0.06607,0.06607,0
1679115480000,0.06607,0.06607,0.06607,0.06607,0
1679115420000,0.06607,0.06607,0.06607,0.06607,0
1679115360000,0.06607,0.06607,0.06607,0.06607,0
1679115300000,0.06607,0.06607,0.06607,0.06607,0
1679115240000,0.06607,0.06607,0.06607,0.06607,0
1679115180000,0.06607,0.06607,0.06607,0.06607,0
1679115120000,0.06607,0.06607,0.06607,0.06607,0
1679115060000,0.06615,0.06615,0.06607,0.06607,0.160833
1679115000000,0.06623,0.06623,0.06615,0.06615,0.026633
1679114940000,0.06623,0.06623,0.06623,0.06623,0
1679114880000,0.06623,0.06623,0.06623,0.06623,0
1679114820000,0.06623,0.06623,0.06623,0.06623,0
1679114760000,0.06623,0.06623,0.06623,0.06623,0
1679114700000,0.06623,0.06623,0.06623,0.06623,0
1679114640000,0.06623,0.06623,0.06623,0.06623,0
1679114580000,0.06623,0.06623,0.06623,0.06623,0
1679114520000,0.06623,0.06623,0.06623,0.06623,0
1679114460000,0.06623,0.06623,0.06623,0.06623,0
1679114400000,0.06623,0.06623,0.06623,0.06623,0
1679114340000,0.06623,0.06623,0.06623,0.06623,0
1679114280000,0.06625,0.06625,0.06623,0.06623,12.404226
1679114220000,0.06635,0.06635,0.06625,0.06625,2.884
1679114160000,0.06635,0.06635,0.06635,0.06635,0
1679114100000,0.06635,0.06635,0.06635,0.06635,0
1679114040000,0.06635,0.06635,0.06635,0.06635,0
1679113980000,0.06635,0.06635,0.06635,0.06635,0
1679113920000,0.06635,0.06635,0.06635,0.06635,0
1679113860000,0.06643,0.06643,0.06635,0.06635,0.067724
1679113800000,0.06643,0.06643,0.06643,0.06643,0
1679113740000,0.06643,0.06643,0.06643,0.06643,0
1679113680000,0.06643,0.06643,0.06643,0.06643,0
1679113620000,0.06643,0.06643,0.06643,0.06643,0
1679113560000,0.06643,0.06643,0.06643,0.06643,0
1679113500000,0.06643,0.06643,0.06643,0.06643,0
1679113440000,0.06643,0.06643,0.06643,0.06643,0
1679113380000,0.06643,0.06643,0.06643,0.06643,0
1679113320000,0.06643,0.06643,0.06643,0.06643,0
1679113260000,0.06643,0.06643,0.06643,0.06643,0
1679113200000,0.06643,0.06643,0.06643,0.06643,0
1679113140000,0.06643,0.06643,0.06643,0.06643,0
1679113080000,0.06643,0.06643,0.06643,0.06643,0
1679113020000,0.06643,0.06643,0.06643,0.06643,0
1679112960000,0.06643,0.06643,0.06643,0.06643,0
1679112900000,0.06643,0.06643,0.06643,0.06643,0
1679112840000,0.06643,0.06643,0.06643,0.06643,0
1679112780000,0.06643,0.06643,0.06643,0.06643,0
1679112720000,0.06643,0.06643,0.06643,0.06643,0
1679112660000,0.06643,0.06643,0.06643,0.06643,0
1679112600000,0.06643,0.06643,0.06643,0.06643,0
1679112540000,0.06643,0.06643,0.06643,0.06643,0
1679112480000,0.06632,0.06643,0.06632,0.06643,1.423795
1679112420000,0.06632,0.06632,0.06632,0.06632,0
1679112360000,0.06632,0.06632,0.06632,0.06632,0
1679112300000,0.06632,0.06632,0.06632,0.06632,0
1679112240000,0.06632,0.06632,0.06632,0.06632,0
1679112180000,0.06632,0.06632,0.06632,0.06632,0
1679112120000,0.06632,0.06632,0.06632,0.06632,0
1679112060000,0.06632,0.06632,0.06632,0.06632,0
1679112000000,0.06632,0.06632,0.06632,0.06632,0
1679111940000,0.06632,0.06632,0.06632,0.06632,0
1679111880000,0.06632,0.06632,0.06632,0.06632,0
1679111820000,0.06632,0.06632,0.06632,0.06632,0
1679111760000,0.06632,0.06632,0.06632,0.06632,0
1679111700000,0.06632,0.06632,0.06632,0.06632,0
1679111640000,0.06632,0.06632,0.06632,0.06632,0
1679111580000,0.06632,0.06632,0.06632,0.06632,0
1679111520000,0.06632,0.06632,0.06632,0.06632,0
1679111460000,0.06632,0.06632,0.06632,0.06632,0
1679111400000,0.06632,0.06632,0.06632,0.06632,0
1679111340000,0.06632,0.06632,0.06632,0.06632,0
1679111280000,0.06632,0.06632,0.06632,0.06632,0
1679111220000,0.06632,0.06632,0.06632,0.06632,0
1679111160000,0.06632,0.06632,0.06632,0.06632,0
1679111100000,0.06632,0.06632,0.06632,0.06632,0
1679111040000,0.06632,0.06632,0.06632,0.06632,0
1679110980000,0.06632,0.06632,0.06632,0.06632,0
1679110920000,0.06632,0.06632,0.06632,0.06632,0
1679110860000,0.06632,0.06632,0.06632,0.06632,0
1679110800000,0.06633,0.06635,0.06632,0.06632,0.056307
1679110740000,0.06633,0.06633,0.06633,0.06633,0
1679110680000,0.06633,0.06633,0.06633,0.06633,0
1679110620000,0.06633,0.06633,0.06633,0.06633,0
1679110560000,0.06633,0.06633,0.06633,0.06633,0
1679110500000,0.06633,0.06633,0.06633,0.06633,0
1679110440000,0.06633,0.06633,0.06633,0.06633,0
1679110380000,0.06633,0.06633,0.06633,0.06633,0
1679110320000,0.06633,0.06633,0.06633,0.06633,0
1679110260000,0.06631,0.06633,0.06631,0.06633,0.001121
1679110200000,0.06637,0.06637,0.06631,0.06631,0.0055
1679110140000,0.06637,0.06637,0.06637,0.06637,0
1679110080000,0.06637,0.06637,0.06637,0.06637,0
1679110020000,0.06637,0.06637,0.06637,0.06637,0
1679109960000,0.06637,0.06637,0.06637,0.06637,0
1679109900000,0.06637,0.06637,0.06637,0.06637,0
1679109840000,0.06637,0.06637,0.06637,0.06637,0
1679109780000,0.06637,0.06637,0.06637,0.06637,0
1679109720000,0.06637,0.06637,0.06637,0.06637,0
1679109660000,0.06637,0.06637,0.06637,0.06637,0
1679109600000,0.06637,0.06637,0.06637,0.06637,0
1679109540000,0.06637,0.06637,0.06637,0.06637,0
1679109480000,0.06637,0.06637,0.06637,0.06637,7.21
1679109420000,0.06637,0.06637,0.06637,0.06637,0
1679109360000,0.06614,0.06637,0.06614,0.06637,2.404
1679109300000,0.06614,0.06614,0.06614,0.06614,0
1679109240000,0.06614,0.06614,0.06614,0.06614,0
1679109180000,0.06614,0.06614,0.06614,0.06614,0
1679109120000,0.06614,0.06614,0.06614,0.06614,0
1679109060000,0.06614,0.06614,0.06614,0.06614,0
1679109000000,0.06614,0.06614,0.06614,0.06614,0
1679108940000,0.06614,0.06614,0.06614,0.06614,0
1679108880000,0.06614,0.06614,0.06614,0.06614,0
1679108820000,0.06614,0.06614,0.06614,0.06614,0
1679108760000,0.06614,0.06614,0.06614,0.06614,0
1679108700000,0.06614,0.06614,0.06614,0.06614,0
1679108640000,0.06614,0.06614,0.06614,0.06614,0
1679108580000,0.06614,0.06614,0.06614,0.06614,0
1679108520000,0.06614,0.06614,0.06614,0.06614,3.447829
1679108460000,0.06624,0.06624,0.06614,0.06614,15.08
1679108400000,0.06624,0.06624,0.06624,0.06624,0
1679108340000,0.06624,0.06624,0.06624,0.06624,0
1679108280000,0.06614,0.06624,0.06614,0.06624,1.05484
1679108220000,0.06614,0.06614,0.06614,0.06614,0
1679108160000,0.06614,0.06614,0.06614,0.06614,0
1679108100000,0.06614,0.06614,0.06614,0.06614,0
1679108040000,0.06614,0.06614,0.06614,0.06614,0
1679107980000,0.06614,0.06614,0.06614,0.06614,0
1679107920000,0.06614,0.06614,0.06614,0.06614,0
1679107860000,0.06611,0.06614,0.06611,0.06614,0.003923
1679107800000,0.06611,0.06611,0.06611,0.06611,0
1679107740000,0.06611,0.06611,0.06611,0.06611,0
1679107680000,0.06611,0.06611,0.06611,0.06611,0
1679107620000,0.06615,0.06615,0.06611,0.06611,0.703606
1679107560000,0.06622,0.06622,0.06615,0.06615,0.029636
1679107500000,0.06622,0.06622,0.06622,0.06622,0
1679107440000,0.06622,0.06622,0.06622,0.06622,0
1679107380000,0.06623,0.06623,0.0662,0.06622,0.215791
1679107320000,0.06623,0.06623,0.06623,0.06623,0
1679107260000,0.06623,0.06623,0.06623,0.06623,0
1679107200000,0.06623,0.06623,0.06623,0.06623,0
1679107140000,0.06623,0.06623,0.06623,0.06623,0
1679107080000,0.06623,0.06623,0.06623,0.06623,0
1679107020000,0.06623,0.06623,0.06623,0.06623,0
1679106960000,0.06623,0.06623,0.06623,0.06623,0
1679106900000,0.06622,0.06623,0.06622,0.06623,0.002831
1679106840000,0.06622,0.06622,0.06622,0.06622,0
1679106780000,0.06622,0.06622,0.06622,0.06622,0
1679106720000,0.06623,0.06623,0.06622,0.06622,0.332
1679106660000,0.0663,0.0663,0.06623,0.06623,0.089573
1679106600000,0.0663,0.0663,0.0663,0.0663,0
1679106540000,0.0663,0.0663,0.0663,0.0663,0
1679106480000,0.06637,0.06637,0.0663,0.0663,0.001016
1679106420000,0.06637,0.06637,0.06637,0.06637,0
1679106360000,0.06637,0.06637,0.06637,0.06637,0
1679106300000,0.06637,0.06637,0.06637,0.06637,0
1679106240000,0.06637,0.06637,0.06637,0.06637,0
1679106180000,0.06637,0.06637,0.06637,0.06637,0
1679106120000,0.06637,0.06637,0.06637,0.06637,0
1679106060000,0.06637,0.06637,0.06637,0.06637,0
1679106000000,0.06637,0.06637,0.06637,0.06637,0
1679105940000,0.06637,0.06637,0.06637,0.06637,0
1679105880000,0.06639,0.06639,0.06637,0.06637,0.00314
1679105820000,0.06639,0.06639,0.06639,0.06639,0
1679105760000,0.06639,0.06639,0.06639,0.06639,0
1679105700000,0.06639,0.06639,0.06639,0.06639,0
1679105640000,0.06639,0.06639,0.06639,0.06639,0
1679105580000,0.06639,0.06639,0.06639,0.06639,0
1679105520000,0.06639,0.06639,0.06639,0.06639,0
1679105460000,0.06612,0.06639,0.06612,0.06639,0.126606
1679105400000,0.06612,0.06612,0.06612,0.06612,0
1679105340000,0.06612,0.06612,0.06612,0.06612,0
1679105280000,0.06612,0.06612,0.06612,0.06612,0
1679105220000,0.06612,0.06612,0.06612,0.06612,0
1679105160000,0.06612,0.06612,0.06612,0.06612,0
1679105100000,0.06612,0.06612,0.06612,0.06612,0
1679105040000,0.06612,0.06612,0.06612,0.06612,0
1679104980000,0.06628,0.06628,0.06612,0.06612,5.5
1679104920000,0.06628,0.06628,0.06628,0.06628,0
1679104860000,0.06628,0.06628,0.06628,0.06628,0
1679104800000,0.06628,0.06628,0.06628,0.06628,0
1679104740000,0.06628,0.06628,0.06628,0.06628,0
1679104680000,0.06628,0.06628,0.06628,0.06628,0
1679104620000,0.06628,0.06628,0.06628,0.06628,0
1679104560000,0.06628,0.06628,0.06628,0.06628,0
1679104500000,0.06628,0.06628,0.06628,0.06628,0
1679104440000,0.06628,0.06628,0.06628,0.06628,0
1679104380000,0.06628,0.06628,0.06628,0.06628,0
1679104320000,0.0665,0.0665,0.06628,0.06628,0.5
1679104260000,0.0665,0.0665,0.0665,0.0665,0
1679104200000,0.0665,0.0665,0.0665,0.0665,0
1679104140000,0.0665,0.0665,0.0665,0.0665,0
1679104080000,0.0665,0.0665,0.0665,0.0665,0
1679104020000,0.0665,0.0665,0.0665,0.0665,0
1679103960000,0.0665,0.0665,0.0665,0.0665,0
1679103900000,0.06656,0.06656,0.0665,0.0665,0.015987
1679103840000,0.0663,0.06656,0.0663,0.06656,0.008681
1679103780000,0.0663,0.0663,0.0663,0.0663,0
1679103720000,0.06648,0.06648,0.0663,0.0663,1
1679103660000,0.06648,0.06648,0.06648,0.06648,0
1679103600000,0.06648,0.06648,0.06648,0.06648,0
1679103540000,0.06648,0.06648,0.06648,0.06648,0
1679103480000,0.06648,0.06648,0.06648,0.06648,0
1679103420000,0.06648,0.06648,0.06648,0.06648,0
1679103360000,0.06648,0.06648,0.06648,0.06648,0
1679103300000,0.06635,0.06648,0.06635,0.06648,0.012091
1679103240000,0.06635,0.06635,0.06635,0.06635,0
1679103180000,0.0665,0.0665,0.06635,0.06635,0.004446
1679103120000,0.06658,0.06658,0.0665,0.0665,0.002792
1679103060000,0.06634,0.06658,0.06634,0.06658,0.026526
1679103000000,0.06669,0.06669,0.06634,0.06634,0.329245
1679102940000,0.06662,0.06669,0.06662,0.06669,0.283259
1679102880000,0.0666,0.06662,0.06635,0.06662,0.752319
1679102820000,0.0666,0.0666,0.0666,0.0666,0
1679102760000,0.06658,0.0666,0.06658,0.0666,0.101366
1679102700000,0.06658,0.06658,0.06658,0.06658,0
1679102640000,0.06656,0.06658,0.06656,0.06658,0.068296
1679102580000,0.06656,0.06656,0.06656,0.06656,0
1679102520000,0.06656,0.06656,0.06656,0.06656,0
1679102460000,0.06655,0.06656,0.06655,0.06656,0.012728
1679102400000,0.06652,0.06655,0.06652,0.06655,0.298765
1679102340000,0.06645,0.06652,0.06645,0.06652,0.036676
1679102280000,0.06639,0.06645,0.06615,0.06645,0.181371
1679102220000,0.06639,0.06639,0.06639,0.06639,0
1679102160000,0.06634,0.06639,0.06634,0.06639,0.772246
1679102100000,0.06631,0.06634,0.06631,0.06634,0.013145
1679102040000,0.06628,0.06631,0.06628,0.06631,0.240489
1679101980000,0.06627,0.06628,0.06627,0.06628,0.026648
1679101920000,0.06622,0.06627,0.06622,0.06627,0.84973
1679101860000,0.06619,0.06622,0.06619,0.06622,0.067746
1679101800000,0.06619,0.06619,0.06619,0.06619,0
1679101740000,0.06615,0.06619,0.06615,0.06619,0.246469
1679101680000,0.06609,0.06615,0.06609,0.06615,0.731311
1679101620000,0.06608,0.06609,0.06608,0.06609,0.013194
1679101560000,0.06603,0.06608,0.06603,0.06608,0.274258
1679101500000,0.06599,0.06603,0.06599,0.06603,0.001336
1679101440000,0.06598,0.06599,0.06598,0.06599,0.026765
1679101380000,0.06598,0.06598,0.06598,0.06598,0
1679101320000,0.06578,0.06598,0.06578,0.06598,0.857059
1679101260000,0.06551,0.06592,0.06551,0.06578,0.800626
1679101200000,0.06586,0.06592,0.06551,0.06551,1.803456
1679101140000,0.06586,0.06586,0.06586,0.06586,0
1679101080000,0.06579,0.06589,0.06579,0.06586,1.419099
1679101020000,0.06562,0.06579,0.06562,0.06579,1.071375
1679100960000,0.06546,0.06562,0.06546,0.06562,1.661848
1679100900000,0.06543,0.06546,0.06543,0.06546,0.231903
1679100840000,0.06531,0.06543,0.06531,0.06543,31.732396
1679100780000,0.06526,0.06531,0.06526,0.06531,36.012785
1679100720000,0.06516,0.06526,0.06516,0.06526,12
1679100660000,0.06516,0.06516,0.06516,0.06516,0
1679100600000,0.06516,0.06516,0.06516,0.06516,0
1679100540000,0.06506,0.06516,0.06506,0.06516,12
1679100480000,0.06506,0.06506,0.06506,0.06506,0
1679100420000,0.06506,0.06506,0.06506,0.06506,0
1679100360000,0.06506,0.06506,0.06506,0.06506,0
1679100300000,0.06506,0.06506,0.06506,0.06506,0.001705
1679100240000,0.06506,0.06506,0.06506,0.06506,0
1679100180000,0.06506,0.06506,0.06506,0.06506,0
1679100120000,0.06506,0.06506,0.06506,0.06506,0
1679100060000,0.06506,0.06506,0.06506,0.06506,0
1679100000000,0.06506,0.06506,0.06506,0.06506,9.924726
1679099940000,0.06506,0.06506,0.06506,0.06506,1.811739
1679099880000,0.06506,0.06506,0.06506,0.06506,0
1679099820000,0.06501,0.06506,0.06501,0.06506,9.535885
1679099760000,0.06501,0.06501,0.06501,0.06501,2.452
1679099700000,0.06501,0.06501,0.06501,0.06501,0
1679099640000,0.06499,0.06501,0.06499,0.06501,0.276753
1679099580000,0.06499,0.06499,0.06499,0.06499,0
1679099520000,0.06499,0.06499,0.06499,0.06499,0
1679099460000,0.06523,0.06523,0.06499,0.06499,0.11892
1679099400000,0.06523,0.06523,0.06523,0.06523,0
1679099340000,0.06523,0.06523,0.06523,0.06523,0
1679099280000,0.06523,0.06523,0.06523,0.06523,0
1679099220000,0.06523,0.06523,0.06523,0.06523,0
1679099160000,0.06523,0.06523,0.06523,0.06523,0
1679099100000,0.06529,0.06529,0.06523,0.06523,0.021008
1679099040000,0.06529,0.06529,0.06529,0.06529,0
1679098980000,0.06519,0.06529,0.06519,0.06529,0.014263
1679098920000,0.06519,0.06519,0.06519,0.06519,0
1679098860000,0.06519,0.06519,0.06519,0.06519,0
1679098800000,0.06515,0.06519,0.06496,0.06519,1.808271
1679098740000,0.06515,0.06515,0.06515,0.06515,0
1679098680000,0.06515,0.06515,0.06515,0.06515,0
1679098620000,0.06515,0.06515,0.06515,0.06515,0
1679098560000,0.06515,0.06515,0.06515,0.06515,0
1679098500000,0.06515,0.06515,0.06515,0.06515,0
1679098440000,0.06537,0.06537,0.06515,0.06515,0.033398
1679098380000,0.06533,0.06537,0.06533,0.06537,1.500509
1679098320000,0.06509,0.06533,0.06509,0.06533,0.073
1679098260000,0.06485,0.06533,0.06477,0.06509,64.26613
1679098200000,0.06489,0.06529,0.06485,0.06485,25.665705
1679098140000,0.06489,0.06519,0.06489,0.06489,2.935504
1679098080000,0.06489,0.06519,0.06489,0.06489,2.862621
1679098020000,0.06489,0.06519,0.06489,0.06489,2.981282
1679097960000,0.06486,0.06529,0.06486,0.06489,3.574557
1679097900000,0.06489,0.06533,0.06486,0.06486,5.274695
1679097840000,0.06489,0.06529,0.06489,0.06489,2.762537
1679097780000,0.06498,0.06529,0.06489,0.06489,2.963195
1679097720000,0.06501,0.06532,0.06498,0.06498,3.848815
1679097660000,0.06501,0.06531,0.06501,0.06501,3.28117
1679097600000,0.06533,0.06533,0.06501,0.06501,1.769191
1679097540000,0.06535,0.06535,0.06533,0.06533,1.355
1679097480000,0.06535,0.06537,0.06535,0.06535,6.254076
1679097420000,0.06533,0.06535,0.06533,0.06535,2
1679097360000,0.06533,0.06533,0.06533,0.06533,16.28951
1679097300000,0.06529,0.06533,0.0649,0.06533,17.410138
1679097240000,0.06529,0.06529,0.06529,0.06529,0
1679097180000,0.06529,0.06529,0.06529,0.06529,0
1679097120000,0.06533,0.06533,0.06488,0.06529,4.169555
1679097060000,0.06533,0.06533,0.06533,0.06533,0
1679097000000,0.06533,0.06533,0.06533,0.06533,0
1679096940000,0.06533,0.06533,0.06533,0.06533,0
1679096880000,0.06527,0.06533,0.06527,0.06533,2.428
1679096820000,0.06527,0.06527,0.06527,0.06527,0
1679096760000,0.06527,0.06527,0.06527,0.06527,0
1679096700000,0.06498,0.06529,0.06498,0.06527,0.039305
1679096640000,0.06533,0.06533,0.06498,0.06498,0.103684
1679096580000,0.06533,0.06533,0.06533,0.06533,0
1679096520000,0.06533,0.06533,0.06533,0.06533,0
1679096460000,0.0653,0.06533,0.0653,0.06533,0.07351
1679096400000,0.06527,0.0653,0.06527,0.0653,0.078293
1679096340000,0.06527,0.06527,0.06527,0.06527,0
1679096280000,0.06527,0.06527,0.06527,0.06527,0
1679096220000,0.06524,0.06527,0.06524,0.06527,0.035188
1679096160000,0.0652,0.06524,0.0652,0.06524,0.866362
1679096100000,0.0652,0.0652,0.0652,0.0652,0
1679096040000,0.0652,0.0652,0.0652,0.0652,0
1679095980000,0.06513,0.0652,0.06513,0.0652,0.136428
1679095920000,0.06513,0.06513,0.06513,0.06513,0
1679095860000,0.06513,0.06513,0.06513,0.06513,0
1679095800000,0.06513,0.06513,0.06513,0.06513,0
1679095740000,0.06513,0.06513,0.06513,0.06513,0
1679095680000,0.06511,0.06513,0.06492,0.06513,0.072864
1679095620000,0.06511,0.06511,0.06511,0.06511,0
1679095560000,0.06511,0.06511,0.06511,0.06511,0
1679095500000,0.06511,0.06511,0.06511,0.06511,0
1679095440000,0.06517,0.06517,0.06511,0.06511,0.001984
1679095380000,0.06505,0.06517,0.06505,0.06517,0.682192
1679095320000,0.06505,0.06505,0.06505,0.06505,0
1679095260000,0.06505,0.06505,0.06505,0.06505,0
1679095200000,0.06496,0.06505,0.06464,0.06505,0.721492
1679095140000,0.06499,0.065,0.06457,0.06496,1.694534
1679095080000,0.06497,0.06499,0.06497,0.06499,0.027174
1679095020000,0.06496,0.06497,0.06496,0.06497,0.045418
1679094960000,0.06495,0.06496,0.06495,0.06496,0.116184
1679094900000,0.06493,0.06495,0.06452,0.06495,1.088079
1679094840000,0.06493,0.06493,0.06493,0.06493,0
1679094780000,0.06493,0.06493,0.06493,0.06493,0
1679094720000,0.06493,0.06493,0.06493,0.06493,0
1679094660000,0.06493,0.06493,0.06493,0.06493,0
1679094600000,0.06493,0.06493,0.06493,0.06493,0
1679094540000,0.0647,0.06493,0.0647,0.06493,0.134824
1679094480000,0.06476,0.0649,0.06448,0.0647,0.960064
1679094420000,0.06471,0.06476,0.06471,0.06476,26.383645
1679094360000,0.06454,0.06471,0.06454,0.06471,26.638986
1679094300000,0.06452,0.06454,0.06452,0.06454,21.480606
1679094240000,0.06447,0.06452,0.06447,0.06452,4.468752
1679094180000,0.06444,0.06447,0.06444,0.06447,36
1679094120000,0.06444,0.06444,0.06444,0.06444,8.52
1679094060000,0.06435,0.06444,0.06435,0.06444,27.792
1679094000000,0.06437,0.06437,0.06435,0.06435,12
1679093940000,0.06439,0.06439,0.06437,0.06437,12
1679093880000,0.06424,0.06439,0.06424,0.06439,60
1679093820000,0.06424,0.06424,0.06424,0.06424,0
1679093760000,0.06424,0.06424,0.06424,0.06424,0
1679093700000,0.06424,0.06424,0.06424,0.06424,0
1679093640000,0.06424,0.06424,0.06424,0.06424,0
1679093580000,0.06424,0.06424,0.06424,0.06424,0
1679093520000,0.06433,0.06433,0.06424,0.06424,0.398952
1679093460000,0.06433,0.06433,0.06433,0.06433,0
1679093400000,0.06433,0.06433,0.06433,0.06433,0
1679093340000,0.06433,0.06433,0.06433,0.06433,0
1679093280000,0.06433,0.06433,0.06433,0.06433,0
1679093220000,0.06424,0.06433,0.06424,0.06433,0.003342
1679093160000,0.06426,0.06426,0.06424,0.06424,0.010699
1679093100000,0.06426,0.06426,0.06426,0.06426,0
1679093040000,0.06423,0.06426,0.06423,0.06426,0.1
1679092980000,0.0642,0.06423,0.0642,0.06423,0.7
1679092920000,0.06422,0.06422,0.0642,0.0642,0.1
1679092860000,0.06418,0.06422,0.06418,0.06422,0.2
1679092800000,0.06413,0.06418,0.06413,0.06418,1.8
1679092740000,0.06414,0.06414,0.06413,0.06413,0.055
1679092680000,0.06427,0.06427,0.06414,0.06414,0.964744
1679092620000,0.06433,0.06433,0.06427,0.06427,0.551587
1679092560000,0.06439,0.06439,0.06433,0.06433,0.344981
1679092500000,0.06439,0.06439,0.06439,0.06439,0
1679092440000,0.0644,0.0644,0.06439,0.06439,0.027361
1679092380000,0.06446,0.06446,0.0644,0.0644,0.739938
1679092320000,0.06454,0.06454,0.06446,0.06446,0.115507
1679092260000,0.0645,0.06454,0.0645,0.06454,0.005961
1679092200000,0.0645,0.0645,0.0645,0.0645,0
1679092140000,0.06457,0.06457,0.0645,0.0645,0.804303
1679092080000,0.0646,0.0646,0.06457,0.06457,0.186769
1679092020000,0.0646,0.0646,0.0646,0.0646,0
1679091960000,0.0646,0.0646,0.0646,0.0646,0
1679091900000,0.06461,0.06461,0.0646,0.0646,0.121822
1679091840000,0.06464,0.06464,0.06461,0.06461,0.033
1679091780000,0.06464,0.06464,0.06464,0.06464,0
1679091720000,0.06468,0.06468,0.06464,0.06464,0.710455
1679091660000,0.06468,0.06468,0.06468,0.06468,0
1679091600000,0.06468,0.06468,0.06468,0.06468,0
1679091540000,0.06468,0.06468,0.06468,0.06468,0
1679091480000,0.06491,0.06491,0.06468,0.06468,0.027239
1679091420000,0.06491,0.06491,0.06491,0.06491,0
1679091360000,0.06491,0.06491,0.06491,0.06491,0
1679091300000,0.06491,0.06491,0.06491,0.06491,0
1679091240000,0.06491,0.06491,0.06491,0.06491,0
1679091180000,0.06491,0.06491,0.06491,0.06491,0
1679091120000,0.06491,0.06491,0.06491,0.06491,0
1679091060000,0.06491,0.06491,0.06491,0.06491,0
1679091000000,0.06491,0.06491,0.06491,0.06491,0
1679090940000,0.06491,0.06491,0.06491,0.06491,0
1679090880000,0.06491,0.06491,0.06491,0.06491,0
1679090820000,0.06491,0.06491,0.06491,0.06491,0
1679090760000,0.06491,0.06491,0.06491,0.06491,0
1679090700000,0.06488,0.06491,0.06483,0.06491,0.617697
1679090640000,0.06488,0.06488,0.06488,0.06488,0
1679090580000,0.06488,0.06488,0.06488,0.06488,0
1679090520000,0.06488,0.06488,0.06488,0.06488,0
1679090460000,0.06488,0.06488,0.06488,0.06488,0
1679090400000,0.06459,0.06495,0.06459,0.06488,2.836166
1679090340000,0.0649,0.0649,0.06459,0.06459,19.32495
1679090280000,0.0649,0.0649,0.0649,0.0649,0
1679090220000,0.06492,0.06492,0.06488,0.0649,0.031235
1679090160000,0.06492,0.06492,0.06492,0.06492,0
1679090100000,0.06492,0.06492,0.06492,0.06492,0
1679090040000,0.06492,0.06492,0.06492,0.06492,0
1679089980000,0.06492,0.06492,0.06492,0.06492,0
1679089920000,0.06519,0.06519,0.06492,0.06492,2.8503
1679089860000,0.06519,0.06519,0.06519,0.06519,0
1679089800000,0.06519,0.06519,0.06519,0.06519,0
1679089740000,0.06492,0.06519,0.06492,0.06519,0.013583
1679089680000,0.06507,0.06507,0.06492,0.06492,1.027117
1679089620000,0.06531,0.06531,0.06507,0.06507,0.027075
1679089560000,0.06519,0.06531,0.06519,0.06531,0.146131
1679089500000,0.06497,0.06519,0.06497,0.06519,0.002116
1679089440000,0.06497,0.06497,0.06497,0.06497,0
1679089380000,0.06497,0.06497,0.06497,0.06497,0
1679089320000,0.06505,0.06505,0.06497,0.06497,0.015802
1679089260000,0.06505,0.06505,0.06505,0.06505,0
1679089200000,0.06505,0.06505,0.06505,0.06505,0
1679089140000,0.06497,0.06505,0.06497,0.06505,0.003
1679089080000,0.06497,0.06497,0.06497,0.06497,0
1679089020000,0.06497,0.06497,0.06497,0.06497,0
1679088960000,0.06497,0.06497,0.06497,0.06497,0
1679088900000,0.06497,0.06497,0.06497,0.06497,0
1679088840000,0.06497,0.06497,0.06497,0.06497,0
1679088780000,0.06497,0.06497,0.06497,0.06497,0
1679088720000,0.06497,0.06497,0.06497,0.06497,0
1679088660000,0.06497,0.06497,0.06497,0.06497,0
1679088600000,0.06497,0.06497,0.06497,0.06497,0
1679088540000,0.06497,0.06497,0.06497,0.06497,0
1679088480000,0.06502,0.06502,0.06497,0.06497,0.011315
1679088420000,0.06502,0.06502,0.06502,0.06502,0
1679088360000,0.06502,0.06502,0.06502,0.06502,0
1679088300000,0.06502,0.06502,0.06502,0.06502,0
1679088240000,0.06502,0.06502,0.06502,0.06502,0
1679088180000,0.06502,0.06502,0.06502,0.06502,0
1679088120000,0.06502,0.06502,0.06502,0.06502,0
1679088060000,0.06502,0.06502,0.06502,0.06502,0
1679088000000,0.06502,0.06502,0.06502,0.06502,0
1679087940000,0.06502,0.06502,0.06502,0.06502,0
1679087880000,0.06502,0.06502,0.06502,0.06502,0
1679087820000,0.06502,0.06502,0.06502,0.06502,0
1679087760000,0.06502,0.06502,0.06502,0.06502,0
1679087700000,0.06502,0.06502,0.06502,0.06502,0
1679087640000,0.06504,0.06504,0.06502,0.06502,0.2
1679087580000,0.06504,0.06504,0.06504,0.06504,0
1679087520000,0.06504,0.06504,0.06504,0.06504,0
1679087460000,0.06504,0.06504,0.06504,0.06504,0
1679087400000,0.06504,0.06504,0.06504,0.06504,0
1679087340000,0.06504,0.06504,0.06504,0.06504,0
1679087280000,0.06504,0.06504,0.06504,0.06504,0
1679087220000,0.06504,0.06504,0.06504,0.06504,0
1679087160000,0.06504,0.06504,0.06504,0.06504,0
1679087100000,0.06504,0.06504,0.06504,0.06504,0
1679087040000,0.06504,0.06504,0.06504,0.06504,0
1679086980000,0.06504,0.06504,0.06504,0.06504,0
1679086920000,0.06504,0.06504,0.06504,0.06504,0
1679086860000,0.06504,0.06504,0.06504,0.06504,0
1679086800000,0.06504,0.06504,0.06504,0.06504,0
1679086740000,0.0651,0.0651,0.06504,0.06504,0.014631
1679086680000,0.0651,0.0651,0.0651,0.0651,0
1679086620000,0.0651,0.0651,0.0651,0.0651,0
1679086560000,0.0651,0.0651,0.0651,0.0651,0
1679086500000,0.0651,0.0651,0.0651,0.0651,0
1679086440000,0.0651,0.0651,0.0651,0.0651,0
1679086380000,0.0651,0.0651,0.0651,0.0651,0
1679086320000,0.0651,0.0651,0.0651,0.0651,0
1679086260000,0.0651,0.0651,0.0651,0.0651,0
1679086200000,0.0651,0.0651,0.0651,0.0651,0
1679086140000,0.06519,0.06519,0.0651,0.0651,0.00233
1679086080000,0.06519,0.06519,0.06519,0.06519,0
1679086020000,0.06519,0.06519,0.06519,0.06519,0
1679085960000,0.06519,0.06519,0.06519,0.06519,0
1679085900000,0.06519,0.06519,0.06519,0.06519,0
1679085840000,0.06519,0.06519,0.06519,0.06519,0
1679085780000,0.06519,0.06519,0.06519,0.06519,0
1679085720000,0.06504,0.06519,0.06504,0.06519,1.4
1679085660000,0.06504,0.06504,0.06504,0.06504,0
1679085600000,0.06504,0.06504,0.06504,0.06504,0
1679085540000,0.06504,0.06504,0.06504,0.06504,0
1679085480000,0.06504,0.06504,0.06504,0.06504,0
1679085420000,0.06504,0.06504,0.06504,0.06504,0
1679085360000,0.06504,0.06504,0.06504,0.06504,0
1679085300000,0.06509,0.06509,0.06504,0.06504,0.001067
1679085240000,0.06509,0.06509,0.06509,0.06509,0
1679085180000,0.06509,0.06509,0.06509,0.06509,0
1679085120000,0.06509,0.06509,0.06509,0.06509,0
1679085060000,0.06509,0.06509,0.06509,0.06509,0
1679085000000,0.06509,0.06509,0.06509,0.06509,0
1679084940000,0.06509,0.06509,0.06509,0.06509,0
1679084880000,0.0651,0.0651,0.06509,0.06509,0.006528
1679084820000,0.0651,0.0651,0.0651,0.0651,0
1679084760000,0.06517,0.06517,0.0651,0.0651,1
1679084700000,0.06517,0.06517,0.06517,0.06517,0
1679084640000,0.06527,0.06527,0.06517,0.06517,0.5
1679084580000,0.06527,0.06527,0.06527,0.06527,0
1679084520000,0.06527,0.06527,0.06527,0.06527,0
1679084460000,0.06521,0.06527,0.06521,0.06527,10.24812
1679084400000,0.06508,0.06521,0.06508,0.06521,10.072339
1679084340000,0.06508,0.06508,0.06508,0.06508,0
1679084280000,0.06508,0.06508,0.06508,0.06508,0
1679084220000,0.06508,0.06508,0.06508,0.06508,10.485
1679084160000,0.06506,0.06508,0.06506,0.06508,4.946
1679084100000,0.06506,0.06506,0.06506,0.06506,0
1679084040000,0.06506,0.06506,0.06506,0.06506,0
1679083980000,0.06506,0.06506,0.06506,0.06506,0
1679083920000,0.06506,0.06506,0.06506,0.06506,0
1679083860000,0.06506,0.06506,0.06506,0.06506,0
1679083800000,0.06506,0.06506,0.06506,0.06506,0
1679083740000,0.06506,0.06506,0.06506,0.06506,0
1679083680000,0.06506,0.06506,0.06506,0.06506,0
1679083620000,0.06506,0.06506,0.06506,0.06506,0
1679083560000,0.06506,0.06506,0.06506,0.06506,0
1679083500000,0.06506,0.06506,0.06506,0.06506,0
1679083440000,0.06506,0.06506,0.06506,0.06506,0
1679083380000,0.06506,0.06506,0.06506,0.06506,0
1679083320000,0.06506,0.06506,0.06506,0.06506,0
1679083260000,0.06506,0.06506,0.06506,0.06506,0
1679083200000,0.06506,0.06506,0.06506,0.06506,0
1679083140000,0.06503,0.06506,0.06503,0.06506,1.715
1679083080000,0.06503,0.06503,0.06503,0.06503,0
1679083020000,0.06497,0.06503,0.06497,0.06503,0.2
1679082960000,0.06497,0.06497,0.06497,0.06497,0
1679082900000,0.06497,0.06497,0.06497,0.06497,0
1679082840000,0.06497,0.06497,0.06497,0.06497,0
1679082780000,0.06497,0.06497,0.06497,0.06497,0
1679082720000,0.06497,0.06497,0.06497,0.06497,0
1679082660000,0.06497,0.06497,0.06497,0.06497,0
1679082600000,0.06497,0.06497,0.06497,0.06497,0
1679082540000,0.06497,0.06497,0.06497,0.06497,0
1679082480000,0.06493,0.06497,0.06493,0.06497,0.001431
1679082420000,0.06493,0.06493,0.06493,0.06493,0
1679082360000,0.06493,0.06493,0.06493,0.06493,0
1679082300000,0.06493,0.06493,0.06493,0.06493,0
1679082240000,0.06493,0.06493,0.06493,0.06493,0
1679082180000,0.06493,0.06493,0.06493,0.06493,0
1679082120000,0.06492,0.06493,0.06492,0.06493,0.4
1679082060000,0.06492,0.06492,0.06492,0.06492,0
1679082000000,0.06492,0.06492,0.06492,0.06492,0
1679081940000,0.06492,0.06492,0.06492,0.06492,0
1679081880000,0.06492,0.06492,0.06492,0.06492,0
1679081820000,0.06492,0.06492,0.06492,0.06492,0
1679081760000,0.06492,0.06492,0.06492,0.06492,0
1679081700000,0.06492,0.06492,0.06492,0.06492,0
1679081640000,0.06492,0.06492,0.06492,0.06492,0
1679081580000,0.0649,0.06492,0.0649,0.06492,0.2
1679081520000,0.06496,0.06496,0.0649,0.0649,0.004572
1679081460000,0.06496,0.06496,0.06496,0.06496,0
1679081400000,0.06496,0.06496,0.06496,0.06496,0
1679081340000,0.06495,0.06496,0.06495,0.06496,0.003344
1679081280000,0.06506,0.06506,0.06495,0.06495,0.001056
1679081220000,0.06506,0.06506,0.06506,0.06506,0
1679081160000,0.06506,0.06506,0.06506,0.06506,0
1679081100000,0.06506,0.06506,0.06506,0.06506,0
1679081040000,0.06506,0.06506,0.06506,0.06506,0
1679080980000,0.06506,0.06506,0.06506,0.06506,0
1679080920000,0.06506,0.06506,0.06506,0.06506,0
1679080860000,0.06506,0.06506,0.06506,0.06506,0
1679080800000,0.06506,0.06506,0.06506,0.06506,0
1679080740000,0.06506,0.06506,0.06506,0.06506,0
1679080680000,0.06506,0.06506,0.06506,0.06506,0
1679080620000,0.06506,0.06506,0.06506,0.06506,0
1679080560000,0.065,0.06506,0.065,0.06506,5.454
1679080500000,0.065,0.065,0.065,0.065,0
1679080440000,0.065,0.065,0.065,0.065,0
1679080380000,0.06493,0.065,0.06493,0.065,10
1679080320000,0.06493,0.06493,0.06493,0.06493,0
1679080260000,0.06493,0.06493,0.06493,0.06493,0
1679080200000,0.06497,0.06497,0.06493,0.06493,0.039188
1679080140000,0.06497,0.06497,0.06497,0.06497,0
1679080080000,0.06497,0.06497,0.06497,0.06497,0
1679080020000,0.06497,0.06497,0.06497,0.06497,0
1679079960000,0.0651,0.0651,0.06497,0.06497,0.027117
1679079900000,0.06506,0.0651,0.06506,0.0651,0.2
1679079840000,0.06506,0.06506,0.06506,0.06506,0
1679079780000,0.06506,0.06506,0.06506,0.06506,0
1679079720000,0.06512,0.06512,0.06506,0.06506,0.001223
1679079660000,0.06512,0.06512,0.06512,0.06512,0
1679079600000,0.06512,0.06512,0.06512,0.06512,0
1679079540000,0.06512,0.06512,0.06512,0.06512,7.675
1679079480000,0.06505,0.06512,0.06505,0.06512,2.525
1679079420000,0.06505,0.06505,0.06505,0.06505,0
1679079360000,0.06505,0.06505,0.06505,0.06505,0
1679079300000,0.06505,0.06505,0.06505,0.06505,0
1679079240000,0.06505,0.06505,0.06505,0.06505,0
1679079180000,0.06505,0.06505,0.06505,0.06505,0
1679079120000,0.06505,0.06505,0.06505,0.06505,0
1679079060000,0.06505,0.06505,0.06505,0.06505,0
1679079000000,0.06505,0.06505,0.06505,0.06505,0
1679078940000,0.06505,0.06505,0.06505,0.06505,0
1679078880000,0.06505,0.06505,0.06505,0.06505,0
1679078820000,0.06515,0.06515,0.06505,0.06505,10.2
1679078760000,0.06515,0.06515,0.06515,0.06515,0
1679078700000,0.06515,0.06515,0.06515,0.06515,0
1679078640000,0.06515,0.06515,0.06515,0.06515,0
1679078580000,0.06515,0.06515,0.06515,0.06515,0
1679078520000,0.06515,0.06515,0.06515,0.06515,0
1679078460000,0.06519,0.06519,0.06515,0.06515,0.356
1679078400000,0.06519,0.06519,0.06519,0.06519,0
1679078340000,0.06516,0.06519,0.06516,0.06519,0.027089
1679078280000,0.06509,0.06516,0.06509,0.06516,7.475
1679078220000,0.06509,0.06509,0.06509,0.06509,0
1679078160000,0.06509,0.06509,0.06509,0.06509,0
1679078100000,0.06509,0.06509,0.06509,0.06509,0
1679078040000,0.06509,0.06509,0.06509,0.06509,0
1679077980000,0.06509,0.06509,0.06509,0.06509,0
1679077920000,0.06509,0.06509,0.06509,0.06509,0
1679077860000,0.06509,0.06509,0.06509,0.06509,0
1679077800000,0.06509,0.06509,0.06509,0.06509,0
1679077740000,0.06509,0.06509,0.06509,0.06509,0.001085
1679077680000,0.06497,0.06509,0.06485,0.06509,0.629532
1679077620000,0.06515,0.06515,0.06497,0.06497,0.40073
1679077560000,0.06515,0.06515,0.06515,0.06515,0
1679077500000,0.06516,0.06516,0.06515,0.06515,0.2
1679077440000,0.06516,0.06516,0.06516,0.06516,0
1679077380000,0.06516,0.06516,0.06516,0.06516,0
1679077320000,0.06516,0.06516,0.06516,0.06516,0
1679077260000,0.06516,0.06516,0.06516,0.06516,0
1679077200000,0.06515,0.06516,0.06515,0.06516,2.525
1679077140000,0.06513,0.06515,0.06513,0.06515,10.2
1679077080000,0.06513,0.06513,0.06513,0.06513,2.425
1679077020000,0.06513,0.06513,0.06509,0.06513,4.746567
1679076960000,0.06513,0.06513,0.06513,0.06513,0
1679076900000,0.06522,0.06522,0.06513,0.06513,3.23
1679076840000,0.06522,0.06522,0.06522,0.06522,0
1679076780000,0.06522,0.06522,0.06522,0.06522,0
1679076720000,0.06522,0.06522,0.06522,0.06522,0
1679076660000,0.06522,0.06522,0.06522,0.06522,0
1679076600000,0.06516,0.06523,0.06516,0.06522,5.936238
1679076540000,0.06511,0.06516,0.06511,0.06516,16.66
1679076480000,0.06509,0.06511,0.06509,0.06511,10.2
1679076420000,0.06509,0.06509,0.06509,0.06509,0
1679076360000,0.06509,0.06509,0.06509,0.06509,0
1679076300000,0.06509,0.06509,0.06509,0.06509,0
1679076240000,0.06509,0.06509,0.06509,0.06509,0
1679076180000,0.06509,0.06509,0.06509,0.06509,0
1679076120000,0.06509,0.06509,0.06509,0.06509,0
1679076060000,0.06509,0.06509,0.06509,0.06509,0
1679076000000,0.06509,0.06509,0.06509,0.06509,0
1679075940000,0.06509,0.06509,0.06509,0.06509,0
1679075880000,0.06509,0.06509,0.06509,0.06509,0
1679075820000,0.06487,0.06509,0.06487,0.06509,0.027132
1679075760000,0.06518,0.06518,0.06487,0.06487,1.328791
1679075700000,0.06518,0.06518,0.06518,0.06518,0
1679075640000,0.06518,0.06518,0.06518,0.06518,0
1679075580000,0.06518,0.06518,0.06518,0.06518,0
1679075520000,0.06518,0.06518,0.06518,0.06518,0
1679075460000,0.06518,0.06518,0.06518,0.06518,0
1679075400000,0.06517,0.06518,0.06517,0.06518,0.2
1679075340000,0.06517,0.06517,0.06517,0.06517,0
1679075280000,0.06517,0.06517,0.06517,0.06517,0
1679075220000,0.06517,0.06517,0.06517,0.06517,0
1679075160000,0.06513,0.06517,0.06513,0.06517,0.920334
1679075100000,0.0651,0.06513,0.0651,0.06513,1.641828
1679075040000,0.06504,0.0651,0.06504,0.0651,0.716366
1679074980000,0.06499,0.06504,0.06499,0.06504,1
1679074920000,0.06499,0.06499,0.06499,0.06499,0
1679074860000,0.06499,0.06499,0.06499,0.06499,0
1679074800000,0.06499,0.06499,0.06499,0.06499,0
1679074740000,0.06496,0.06499,0.06496,0.06499,0.029101
1679074680000,0.06496,0.06496,0.06496,0.06496,0
1679074620000,0.06496,0.06496,0.06496,0.06496,0
1679074560000,0.06496,0.06496,0.06496,0.06496,0
1679074500000,0.06496,0.06496,0.06496,0.06496,0
1679074440000,0.06496,0.06496,0.06496,0.06496,0
1679074380000,0.06496,0.06496,0.06496,0.06496,0
1679074320000,0.06496,0.06496,0.06496,0.06496,0
1679074260000,0.06496,0.06496,0.06496,0.06496,0
1679074200000,0.06496,0.06496,0.06496,0.06496,0
1679074140000,0.06496,0.06496,0.06496,0.06496,0
1679074080000,0.06495,0.06496,0.06495,0.06496,0.004894
1679074020000,0.06495,0.06495,0.06495,0.06495,0
1679073960000,0.06495,0.06495,0.06495,0.06495,0
1679073900000,0.06495,0.06495,0.06495,0.06495,0
1679073840000,0.06495,0.06495,0.06495,0.06495,0
1679073780000,0.06494,0.06495,0.06494,0.06495,0.0916
1679073720000,0.06494,0.06494,0.06494,0.06494,0
1679073660000,0.06494,0.06494,0.06494,0.06494,0
1679073600000,0.06494,0.06494,0.06494,0.06494,0
1679073540000,0.06494,0.06494,0.06494,0.06494,0
1679073480000,0.06494,0.06494,0.06494,0.06494,0
1679073420000,0.06494,0.06494,0.06494,0.06494,0
1679073360000,0.06494,0.06494,0.06494,0.06494,0
1679073300000,0.06494,0.06494,0.06494,0.06494,0
1679073240000,0.06487,0.06494,0.06487,0.06494,0.6
1679073180000,0.06487,0.06487,0.06487,0.06487,0
1679073120000,0.06489,0.06489,0.06487,0.06487,0.536
1679073060000,0.06487,0.06489,0.06487,0.06489,0.4
1679073000000,0.06482,0.06487,0.06482,0.06487,1.751058
1679072940000,0.0648,0.06482,0.0648,0.06482,0.758
1679072880000,0.06474,0.0648,0.06474,0.0648,2.949
1679072820000,0.06474,0.06474,0.06474,0.06474,0
1679072760000,0.06481,0.06481,0.06474,0.06474,0.58497
1679072700000,0.06483,0.06484,0.06481,0.06481,0.090775
1679072640000,0.06485,0.06491,0.06483,0.06483,1.486642
1679072580000,0.06485,0.06485,0.06485,0.06485,0
1679072520000,0.06485,0.06485,0.06485,0.06485,0
1679072460000,0.06487,0.06487,0.06485,0.06485,1.419753
1679072400000,0.06487,0.06487,0.06487,0.06487,0
1679072340000,0.06487,0.06487,0.06487,0.06487,0
1679072280000,0.06487,0.06487,0.06487,0.06487,0
1679072220000,0.06487,0.06487,0.06487,0.06487,0
1679072160000,0.06487,0.06487,0.06487,0.06487,0
1679072100000,0.06487,0.06487,0.06487,0.06487,0
1679072040000,0.06492,0.06492,0.06487,0.06487,0.057029
1679071980000,0.06491,0.06492,0.0649,0.06492,1.346017
1679071920000,0.06491,0.06491,0.06491,0.06491,0
1679071860000,0.06491,0.06491,0.06491,0.06491,0
1679071800000,0.06491,0.06491,0.06491,0.06491,0
1679071740000,0.06491,0.06491,0.06491,0.06491,0.00191
1679071680000,0.06486,0.06491,0.06486,0.06491,0.001985
1679071620000,0.06486,0.06486,0.06486,0.06486,0
1679071560000,0.06486,0.06486,0.06486,0.06486,0
1679071500000,0.06487,0.06487,0.06486,0.06486,0.001216
1679071440000,0.06487,0.06487,0.06487,0.06487,0
1679071380000,0.06487,0.06487,0.06487,0.06487,0.007877
1679071320000,0.06487,0.06487,0.06487,0.06487,0
1679071260000,0.06487,0.06487,0.06487,0.06487,0
1679071200000,0.06487,0.06487,0.06487,0.06487,0
1679071140000,0.06487,0.06487,0.06487,0.06487,0
1679071080000,0.06487,0.06487,0.06487,0.06487,0
1679071020000,0.06487,0.06487,0.06487,0.06487,0
1679070960000,0.06487,0.06487,0.06487,0.06487,0
1679070900000,0.06487,0.06487,0.06487,0.06487,0
1679070840000,0.06487,0.06487,0.06487,0.06487,0
1679070780000,0.06487,0.06487,0.06487,0.06487,0
1679070720000,0.06487,0.06487,0.06487,0.06487,0
1679070660000,0.06492,0.06492,0.06487,0.06487,0.066112
1679070600000,0.06492,0.06492,0.06492,0.06492,0
1679070540000,0.06492,0.06492,0.06492,0.06492,0
1679070480000,0.06492,0.06492,0.06492,0.06492,0
1679070420000,0.06499,0.06499,0.06492,0.06492,0.001095
1679070360000,0.06499,0.06499,0.06499,0.06499,0
1679070300000,0.06499,0.06499,0.06499,0.06499,0
1679070240000,0.06499,0.06499,0.06499,0.06499,0
1679070180000,0.06499,0.06499,0.06499,0.06499,0
1679070120000,0.06499,0.06499,0.06499,0.06499,0
1679070060000,0.06499,0.06499,0.06499,0.06499,0
1679070000000,0.06499,0.06499,0.06499,0.06499,0
1679069940000,0.06499,0.06499,0.06499,0.06499,0
1679069880000,0.06499,0.06499,0.06499,0.06499,0
1679069820000,0.06499,0.06499,0.06499,0.06499,0
1679069760000,0.06499,0.06499,0.06499,0.06499,0
1679069700000,0.06499,0.06499,0.06499,0.06499,0
1679069640000,0.06499,0.06499,0.06499,0.06499,0
1679069580000,0.06499,0.06499,0.06499,0.06499,0
1679069520000,0.06499,0.06499,0.06499,0.06499,0
1679069460000,0.06493,0.06499,0.06493,0.06499,0.548791
1679069400000,0.06493,0.06493,0.06493,0.06493,0
1679069340000,0.06492,0.06493,0.06492,0.06493,0.013857
1679069280000,0.06492,0.06492,0.06492,0.06492,0
1679069220000,0.06492,0.06492,0.06492,0.06492,0
1679069160000,0.06503,0.06503,0.06492,0.06492,2.5
1679069100000,0.06503,0.06503,0.06503,0.06503,0
1679069040000,0.06503,0.06503,0.06503,0.06503,0
1679068980000,0.06503,0.06503,0.06503,0.06503,0
1679068920000,0.06503,0.06503,0.06503,0.06503,0
1679068860000,0.06503,0.06503,0.06503,0.06503,0
1679068800000,0.06503,0.06503,0.06503,0.06503,0
1679068740000,0.06503,0.06503,0.06503,0.06503,0
1679068680000,0.06503,0.06503,0.06503,0.06503,0
1679068620000,0.06503,0.06503,0.06503,0.06503,0
1679068560000,0.06503,0.06503,0.06503,0.06503,0
1679068500000,0.06503,0.06503,0.06503,0.06503,0
1679068440000,0.06504,0.06504,0.06503,0.06503,0.2
1679068380000,0.06504,0.06504,0.06504,0.06504,0
1679068320000,0.06504,0.06504,0.06504,0.06504,0
1679068260000,0.06504,0.06504,0.06504,0.06504,0
1679068200000,0.06504,0.06504,0.06504,0.06504,0
1679068140000,0.06504,0.06504,0.06504,0.06504,0
1679068080000,0.06504,0.06504,0.06504,0.06504,0
1679068020000,0.06504,0.06504,0.06504,0.06504,0.00248
1679067960000,0.06504,0.06504,0.06504,0.06504,0
1679067900000,0.06504,0.06504,0.06504,0.06504,0
1679067840000,0.06504,0.06504,0.06504,0.06504,0
1679067780000,0.06504,0.06504,0.06504,0.06504,0
1679067720000,0.06504,0.06504,0.06504,0.06504,0
1679067660000,0.06504,0.06504,0.06504,0.06504,0
1679067600000,0.06504,0.06504,0.06504,0.06504,0
1679067540000,0.06501,0.06504,0.06501,0.06504,0.002279
1679067480000,0.06501,0.06501,0.06501,0.06501,0
1679067420000,0.06501,0.06501,0.06501,0.06501,0
1679067360000,0.065,0.06501,0.06499,0.06501,0.402533
1679067300000,0.065,0.065,0.065,0.065,0
1679067240000,0.065,0.065,0.065,0.065,0
1679067180000,0.06501,0.06501,0.065,0.065,1.465569
1679067120000,0.06501,0.06501,0.06501,0.06501,0
1679067060000,0.06503,0.06503,0.06501,0.06501,0.082944
1679067000000,0.06504,0.06504,0.06503,0.06503,0.003058
1679066940000,0.06504,0.06504,0.06504,0.06504,0.012221
1679066880000,0.06505,0.06505,0.06504,0.06504,0.088238
1679066820000,0.06505,0.06505,0.06505,0.06505,0.006241
1679066760000,0.06505,0.06505,0.06505,0.06505,0
1679066700000,0.06505,0.06505,0.06505,0.06505,0
1679066640000,0.06505,0.06505,0.06505,0.06505,0
1679066580000,0.06505,0.06505,0.06505,0.06505,0
1679066520000,0.06505,0.06505,0.06505,0.06505,0
1679066460000,0.06505,0.06505,0.06505,0.06505,0
1679066400000,0.06505,0.06505,0.06505,0.06505,0
1679066340000,0.06505,0.06505,0.06505,0.06505,0
1679066280000,0.06505,0.06505,0.06505,0.06505,0
1679066220000,0.06507,0.06507,0.06505,0.06505,0.045831
1679066160000,0.06508,0.06508,0.06507,0.06507,0.027075
1679066100000,0.06508,0.06508,0.06508,0.06508,0
1679066040000,0.06508,0.06508,0.06508,0.06508,0
1679065980000,0.06508,0.06508,0.06508,0.06508,0
1679065920000,0.06508,0.06508,0.06508,0.06508,0
1679065860000,0.06508,0.06508,0.06508,0.06508,0
1679065800000,0.06508,0.06508,0.06508,0.06508,0
1679065740000,0.06508,0.06508,0.06508,0.06508,0
1679065680000,0.06509,0.06509,0.06508,0.06508,0.166841
1679065620000,0.06509,0.06509,0.06509,0.06509,0
1679065560000,0.06509,0.06509,0.06509,0.06509,0
1679065500000,0.06509,0.06509,0.06509,0.06509,0
1679065440000,0.0651,0.0651,0.06509,0.06509,0.071944
1679065380000,0.06514,0.06514,0.0651,0.0651,0.013904
1679065320000,0.06514,0.06514,0.06514,0.06514,0
1679065260000,0.06514,0.06514,0.06514,0.06514,0
1679065200000,0.06514,0.06514,0.06514,0.06514,0
1679065140000,0.06515,0.06515,0.06514,0.06514,0.029133
1679065080000,0.06515,0.06515,0.06515,0.06515,0
1679065020000,0.06515,0.06515,0.06515,0.06515,0
1679064960000,0.06515,0.06515,0.06515,0.06515,0
1679064900000,0.06515,0.06515,0.06515,0.06515,0
1679064840000,0.06515,0.06515,0.06515,0.06515,0
1679064780000,0.0652,0.0652,0.06515,0.06515,1
1679064720000,0.0652,0.0652,0.0652,0.0652,0
1679064660000,0.06524,0.06524,0.0652,0.0652,0.073312
1679064600000,0.06524,0.06524,0.06524,0.06524,0
1679064540000,0.06525,0.06525,0.06524,0.06524,0.004154
1679064480000,0.06525,0.06525,0.06525,0.06525,0
1679064420000,0.06525,0.06525,0.06525,0.06525,0
1679064360000,0.06525,0.06525,0.06525,0.06525,0
1679064300000,0.06525,0.06525,0.06525,0.06525,0
1679064240000,0.06524,0.06525,0.06524,0.06525,0.039036
1679064180000,0.06524,0.06524,0.06524,0.06524,0
1679064120000,0.06524,0.06524,0.06524,0.06524,0
1679064060000,0.06524,0.06524,0.06524,0.06524,0
1679064000000,0.06524,0.06524,0.06524,0.06524,0
1679063940000,0.06524,0.06524,0.06524,0.06524,0
1679063880000,0.06524,0.06524,0.06524,0.06524,0
1679063820000,0.06524,0.06524,0.06524,0.06524,0
1679063760000,0.06524,0.06524,0.06524,0.06524,0
1679063700000,0.06524,0.06524,0.06524,0.06524,0
1679063640000,0.06524,0.06524,0.06524,0.06524,0
1679063580000,0.06524,0.06524,0.06524,0.06524,0
1679063520000,0.06524,0.06524,0.06524,0.06524,0
1679063460000,0.06536,0.06536,0.06524,0.06524,0.46775
1679063400000,0.06536,0.06536,0.06536,0.06536,0
1679063340000,0.06536,0.06536,0.06536,0.06536,0
1679063280000,0.06536,0.06536,0.06536,0.06536,0
1679063220000,0.06541,0.06541,0.06536,0.06536,0.026955
1679063160000,0.06541,0.06541,0.06541,0.06541,0
1679063100000,0.06541,0.06541,0.06541,0.06541,0
1679063040000,0.06541,0.06541,0.06541,0.06541,0
1679062980000,0.06541,0.06541,0.06541,0.06541,0
1679062920000,0.06541,0.06541,0.06541,0.06541,0
1679062860000,0.06541,0.06541,0.06541,0.06541,0
1679062800000,0.06541,0.06541,0.06541,0.06541,0
1679062740000,0.06552,0.06552,0.06541,0.06541,0.005614
1679062680000,0.06552,0.06552,0.06552,0.06552,0
1679062620000,0.06552,0.06552,0.06552,0.06552,0
1679062560000,0.06552,0.06552,0.06552,0.06552,0
1679062500000,0.06552,0.06552,0.06552,0.06552,0
1679062440000,0.06552,0.06552,0.06552,0.06552,0
1679062380000,0.06552,0.06552,0.06552,0.06552,0
1679062320000,0.06546,0.06552,0.06546,0.06552,0.0778
1679062260000,0.06546,0.06546,0.06546,0.06546,0
1679062200000,0.06546,0.06546,0.06546,0.06546,0
1679062140000,0.06546,0.06546,0.06546,0.06546,0
1679062080000,0.06546,0.06546,0.06546,0.06546,0
1679062020000,0.06546,0.06546,0.06546,0.06546,0
1679061960000,0.06546,0.06546,0.06546,0.06546,0
1679061900000,0.06546,0.06546,0.06546,0.06546,0
1679061840000,0.0655,0.0655,0.06546,0.06546,0.005286
1679061780000,0.06553,0.06553,0.0655,0.0655,0.2
1679061720000,0.06553,0.06553,0.06553,0.06553,0
1679061660000,0.06553,0.06553,0.06553,0.06553,0
1679061600000,0.06553,0.06553,0.06553,0.06553,0
1679061540000,0.06553,0.06553,0.06553,0.06553,0
1679061480000,0.06553,0.06553,0.06553,0.06553,0
1679061420000,0.06561,0.06561,0.06553,0.06553,0.166355
1679061360000,0.06558,0.06561,0.06558,0.06561,0.213292
1679061300000,0.06558,0.06558,0.06558,0.06558,0.2
1679061240000,0.06558,0.06558,0.06558,0.06558,0
1679061180000,0.06558,0.06558,0.06558,0.06558,0
1679061120000,0.06558,0.06558,0.06558,0.06558,0
1679061060000,0.06558,0.06558,0.06558,0.06558,0
1679061000000,0.06558,0.06558,0.06558,0.06558,0
1679060940000,0.06553,0.06558,0.06553,0.06558,0.100166
1679060880000,0.06553,0.06553,0.06553,0.06553,0
1679060820000,0.06553,0.06553,0.06553,0.06553,0
1679060760000,0.06544,0.06553,0.06544,0.06553,0.002664
1679060700000,0.06544,0.06544,0.06544,0.06544,0
1679060640000,0.06544,0.06544,0.06544,0.06544,0
1679060580000,0.06544,0.06544,0.06544,0.06544,0
1679060520000,0.06544,0.06544,0.06544,0.06544,0
1679060460000,0.06544,0.06544,0.06544,0.06544,0
1679060400000,0.06544,0.06544,0.06544,0.06544,0
1679060340000,0.06544,0.06544,0.06544,0.06544,0
1679060280000,0.06544,0.06544,0.06544,0.06544,0
1679060220000,0.06548,0.06551,0.06544,0.06544,3.728055
1679060160000,0.06548,0.06548,0.06548,0.06548,0
1679060100000,0.06545,0.06548,0.06545,0.06548,0.02697
1679060040000,0.06545,0.06545,0.06545,0.06545,0
1679059980000,0.06545,0.06545,0.06545,0.06545,0
1679059920000,0.06545,0.06545,0.06545,0.06545,0
1679059860000,0.06545,0.06545,0.06545,0.06545,0
1679059800000,0.06545,0.06545,0.06545,0.06545,0
1679059740000,0.06545,0.06545,0.06545,0.06545,0
1679059680000,0.06543,0.06545,0.06543,0.06545,0.001222
1679059620000,0.06543,0.06543,0.06543,0.06543,0
1679059560000,0.06543,0.06543,0.06543,0.06543,0
1679059500000,0.06543,0.06543,0.06543,0.06543,0
1679059440000,0.06543,0.06543,0.06543,0.06543,0
1679059380000,0.06543,0.06543,0.06543,0.06543,0.003194
1679059320000,0.06543,0.06543,0.06543,0.06543,0
1679059260000,0.06533,0.06543,0.06533,0.06543,0.154109
1679059200000,0.06533,0.06533,0.06533,0.06533,0
1679059140000,0.06533,0.06533,0.06533,0.06533,0
1679059080000,0.06533,0.06533,0.06533,0.06533,0
1679059020000,0.06533,0.06533,0.06533,0.06533,0
1679058960000,0.06533,0.06533,0.06533,0.06533,0
1679058900000,0.06533,0.06533,0.06533,0.06533,0
1679058840000,0.06533,0.06533,0.06533,0.06533,0
1679058780000,0.0652,0.06533,0.0652,0.06533,0.002
1679058720000,0.0652,0.0652,0.0652,0.0652,0
1679058660000,0.0652,0.0652,0.0652,0.0652,0
1679058600000,0.0652,0.0652,0.0652,0.0652,0
1679058540000,0.0652,0.0652,0.0652,0.0652,0
1679058480000,0.0652,0.0652,0.0652,0.0652,0
1679058420000,0.0652,0.0652,0.0652,0.0652,0
1679058360000,0.0652,0.0652,0.0652,0.0652,0
1679058300000,0.0652,0.0652,0.0652,0.0652,0
1679058240000,0.0652,0.0652,0.0652,0.0652,0
1679058180000,0.06525,0.06525,0.0652,0.0652,0.073312
1679058120000,0.06525,0.06525,0.06525,0.06525,0
1679058060000,0.06525,0.06525,0.06525,0.06525,0
1679058000000,0.06525,0.06525,0.06525,0.06525,0
1679057940000,0.06525,0.06525,0.06525,0.06525,0
1679057880000,0.06525,0.06525,0.06525,0.06525,0
1679057820000,0.06525,0.06525,0.06525,0.06525,0
1679057760000,0.06525,0.06525,0.06525,0.06525,0
1679057700000,0.06525,0.06525,0.06525,0.06525,0
1679057640000,0.06525,0.06525,0.06525,0.06525,0
1679057580000,0.06523,0.06525,0.06523,0.06525,0.057029
1679057520000,0.06523,0.06523,0.06523,0.06523,0
1679057460000,0.06526,0.06526,0.06523,0.06523,0.005244
1679057400000,0.06526,0.06526,0.06526,0.06526,0
1679057340000,0.06526,0.06526,0.06526,0.06526,0
1679057280000,0.06557,0.06557,0.06526,0.06526,0.026997
1679057220000,0.06557,0.06557,0.06557,0.06557,0
1679057160000,0.06557,0.06557,0.06557,0.06557,0
1679057100000,0.06557,0.06557,0.06557,0.06557,0
1679057040000,0.06557,0.06557,0.06557,0.06557,0
1679056980000,0.06557,0.06557,0.06557,0.06557,0
1679056920000,0.06557,0.06557,0.06557,0.06557,0
1679056860000,0.06557,0.06557,0.06557,0.06557,0
1679056800000,0.06557,0.06557,0.06557,0.06557,0
1679056740000,0.06557,0.06557,0.06557,0.06557,0
1679056680000,0.06557,0.06557,0.06557,0.06557,0
1679056620000,0.06544,0.06557,0.06544,0.06557,0.073239
1679056560000,0.06544,0.06544,0.06544,0.06544,0
1679056500000,0.06548,0.06548,0.06543,0.06544,0.005922
1679056440000,0.06548,0.06548,0.06548,0.06548,0
1679056380000,0.06548,0.06548,0.06548,0.06548,0
1679056320000,0.06548,0.06548,0.06548,0.06548,0
1679056260000,0.06548,0.06548,0.06548,0.06548,0
1679056200000,0.06548,0.06548,0.06548,0.06548,0
1679056140000,0.06531,0.06548,0.06531,0.06548,0.02697
1679056080000,0.06531,0.06531,0.06531,0.06531,0
1679056020000,0.06531,0.06531,0.06531,0.06531,0
1679055960000,0.06531,0.06531,0.06531,0.06531,0
1679055900000,0.06531,0.06531,0.06531,0.06531,0
1679055840000,0.06531,0.06531,0.06531,0.06531,0
1679055780000,0.06531,0.06531,0.06531,0.06531,0
1679055720000,0.06531,0.06531,0.06531,0.06531,0
1679055660000,0.06544,0.06544,0.06531,0.06531,2.291054
1679055600000,0.06544,0.06544,0.06544,0.06544,0
1679055540000,0.06538,0.06544,0.06538,0.06544,0.003565
1679055480000,0.06538,0.06538,0.06538,0.06538,0
1679055420000,0.06541,0.06541,0.06538,0.06538,0.1
1679055360000,0.06541,0.06541,0.06541,0.06541,0
1679055300000,0.06541,0.06541,0.06541,0.06541,0
1679055240000,0.06541,0.06541,0.06541,0.06541,0
1679055180000,0.06541,0.06541,0.06541,0.06541,0
1679055120000,0.06541,0.06541,0.06541,0.06541,0
1679055060000,0.06541,0.06541,0.06541,0.06541,0
1679055000000,0.06541,0.06541,0.06541,0.06541,0
1679054940000,0.06541,0.06541,0.06541,0.06541,0
1679054880000,0.06541,0.06542,0.06541,0.06541,0.01
1679054820000,0.06541,0.06541,0.06541,0.06541,0.005
1679054760000,0.06541,0.06541,0.06541,0.06541,0
1679054700000,0.06541,0.06541,0.06541,0.06541,0
1679054640000,0.06541,0.06541,0.06541,0.06541,0
1679054580000,0.06541,0.06541,0.06541,0.06541,0
1679054520000,0.06541,0.06541,0.06541,0.06541,0
1679054460000,0.06533,0.06541,0.06533,0.06541,3.826725
1679054400000,0.06533,0.06533,0.06533,0.06533,0
1679054340000,0.06533,0.06533,0.06533,0.06533,0
1679054280000,0.06533,0.06533,0.06533,0.06533,0
1679054220000,0.06533,0.06533,0.06533,0.06533,0
1679054160000,0.06533,0.06533,0.06533,0.06533,0
1679054100000,0.06533,0.06533,0.06533,0.06533,0
1679054040000,0.06542,0.06542,0.06533,0.06533,0.003007
1679053980000,0.06542,0.06542,0.06542,0.06542,0
1679053920000,0.06542,0.06542,0.06542,0.06542,0
1679053860000,0.06542,0.06542,0.06542,0.06542,0
1679053800000,0.06542,0.06542,0.06542,0.06542,0
1679053740000,0.06542,0.06542,0.06542,0.06542,0
1679053680000,0.06542,0.06542,0.06542,0.06542,0
1679053620000,0.06536,0.06542,0.06536,0.06542,0.002535
1679053560000,0.06536,0.06536,0.06536,0.06536,0
1679053500000,0.06536,0.06536,0.06536,0.06536,0
1679053440000,0.06536,0.06536,0.06536,0.06536,0
1679053380000,0.06536,0.06536,0.06536,0.06536,0
1679053320000,0.06536,0.06536,0.06536,0.06536,0
1679053260000,0.0654,0.0654,0.06536,0.06536,0.296961
1679053200000,0.0654,0.0654,0.0654,0.0654,0
1679053140000,0.0654,0.0654,0.0654,0.0654,0
1679053080000,0.0654,0.0654,0.0654,0.0654,0
1679053020000,0.0654,0.0654,0.0654,0.0654,0
1679052960000,0.0654,0.0654,0.0654,0.0654,0
1679052900000,0.0654,0.0654,0.0654,0.0654,0
1679052840000,0.0654,0.0654,0.0654,0.0654,0
1679052780000,0.0654,0.0654,0.0654,0.0654,0
1679052720000,0.0654,0.0654,0.0654,0.0654,0
1679052660000,0.0654,0.0654,0.0654,0.0654,0
1679052600000,0.0654,0.0654,0.0654,0.0654,0
1679052540000,0.06538,0.0654,0.06538,0.0654,0.005396
1679052480000,0.06536,0.06538,0.06536,0.06538,0.003
1679052420000,0.06536,0.06536,0.06536,0.06536,0
1679052360000,0.06538,0.06538,0.06536,0.06536,0.004476
1679052300000,0.06531,0.06538,0.06531,0.06538,0.002375
1679052240000,0.06531,0.06531,0.06531,0.06531,0
1679052180000,0.06531,0.06531,0.06531,0.06531,0
1679052120000,0.06531,0.06531,0.06531,0.06531,0
1679052060000,0.06531,0.06531,0.06531,0.06531,0
1679052000000,0.06531,0.06531,0.06531,0.06531,0
1679051940000,0.06531,0.06531,0.06531,0.06531,0
1679051880000,0.06531,0.06531,0.06531,0.06531,0
1679051820000,0.06531,0.06531,0.06531,0.06531,0
1679051760000,0.06531,0.06531,0.06531,0.06531,0
1679051700000,0.06531,0.06531,0.06531,0.06531,0
1679051640000,0.06531,0.06531,0.06531,0.06531,0
1679051580000,0.06531,0.06531,0.06531,0.06531,0
1679051520000,0.06531,0.06531,0.06531,0.06531,0
1679051460000,0.06531,0.06531,0.06531,0.06531,0
1679051400000,0.06531,0.06531,0.06531,0.06531,0
1679051340000,0.06531,0.06531,0.06531,0.06531,0
1679051280000,0.06531,0.06531,0.06531,0.06531,0
1679051220000,0.06531,0.06531,0.06531,0.06531,0
1679051160000,0.06531,0.06531,0.06531,0.06531,0
1679051100000,0.06531,0.06531,0.06531,0.06531,0
1679051040000,0.06531,0.06531,0.06531,0.06531,0
1679050980000,0.06531,0.06531,0.06531,0.06531,0
1679050920000,0.06531,0.06531,0.06531,0.06531,0
1679050860000,0.06531,0.06531,0.06531,0.06531,0
1679050800000,0.06531,0.06531,0.06531,0.06531,0
1679050740000,0.06531,0.06531,0.06531,0.06531,0
1679050680000,0.06531,0.06531,0.06531,0.06531,0
1679050620000,0.06522,0.06531,0.06522,0.06531,0.001114
1679050560000,0.06522,0.06522,0.06522,0.06522,0
1679050500000,0.06522,0.06522,0.06522,0.06522,0
1679050440000,0.06522,0.06522,0.06522,0.06522,0
1679050380000,0.06522,0.06522,0.06522,0.06522,0
1679050320000,0.06522,0.06522,0.06522,0.06522,0
1679050260000,0.06522,0.06522,0.06522,0.06522,0
1679050200000,0.06522,0.06522,0.06522,0.06522,0
1679050140000,0.06522,0.06522,0.06522,0.06522,0
1679050080000,0.06524,0.06524,0.06522,0.06522,0.00526
1679050020000,0.06516,0.06524,0.06516,0.06524,0.001634
1679049960000,0.06516,0.06516,0.06516,0.06516,0
1679049900000,0.06516,0.06516,0.06516,0.06516,0
1679049840000,0.06516,0.06516,0.06516,0.06516,0
1679049780000,0.06516,0.06516,0.06516,0.06516,0
1679049720000,0.06516,0.06516,0.06516,0.06516,0
1679049660000,0.06516,0.06516,0.06516,0.06516,0
1679049600000,0.06524,0.06524,0.06516,0.06516,0.293442
1679049540000,0.06528,0.06528,0.06524,0.06524,0.054292
1679049480000,0.0654,0.0654,0.06528,0.06528,0.135527
1679049420000,0.0654,0.0654,0.0654,0.0654,0
1679049360000,0.0654,0.0654,0.0654,0.0654,0
1679049300000,0.06547,0.06547,0.0654,0.0654,0.006078
1679049240000,0.06547,0.06547,0.06547,0.06547,0
1679049180000,0.06547,0.06547,0.06541,0.06547,2.17724
1679049120000,0.06547,0.06547,0.06547,0.06547,0
1679049060000,0.06532,0.06547,0.06532,0.06547,0.066088
1679049000000,0.06532,0.06532,0.06532,0.06532,0
1679048940000,0.06532,0.06532,0.06532,0.06532,0
1679048880000,0.06533,0.06533,0.06532,0.06532,0.012864
1679048820000,0.06536,0.06536,0.06533,0.06533,0.175693
1679048760000,0.0654,0.0654,0.06536,0.06536,0.056239
1679048700000,0.06543,0.06543,0.0654,0.0654,0.012373
1679048640000,0.06543,0.06543,0.06543,0.06543,0
1679048580000,0.06549,0.06549,0.06542,0.06543,0.297184
1679048520000,0.06549,0.06549,0.06549,0.06549,0
1679048460000,0.06543,0.06549,0.06543,0.06549,0.3
1679048400000,0.06543,0.06543,0.06543,0.06543,0
1679048340000,0.06543,0.06543,0.06543,0.06543,0
1679048280000,0.06543,0.06543,0.06543,0.06543,0
1679048220000,0.06546,0.06546,0.06543,0.06543,0.096048
1679048160000,0.06546,0.06546,0.06546,0.06546,0
1679048100000,0.06546,0.06546,0.06546,0.06546,0
1679048040000,0.06546,0.06546,0.06546,0.06546,0
1679047980000,0.06546,0.06546,0.06546,0.06546,0
1679047920000,0.06546,0.06546,0.06546,0.06546,0
1679047860000,0.06546,0.06546,0.06546,0.06546,0
1679047800000,0.06546,0.06546,0.06546,0.06546,0
1679047740000,0.06546,0.06546,0.06546,0.06546,0
1679047680000,0.06546,0.06546,0.06546,0.06546,0
1679047620000,0.06547,0.06547,0.06546,0.06546,0.026914
1679047560000,0.06547,0.06547,0.06547,0.06547,0
1679047500000,0.0655,0.0655,0.06547,0.06547,0.780887
1679047440000,0.0655,0.0655,0.0655,0.0655,0
1679047380000,0.0655,0.0655,0.0655,0.0655,0
1679047320000,0.0655,0.0655,0.0655,0.0655,0
1679047260000,0.06554,0.06554,0.0655,0.0655,0.564596
1679047200000,0.06554,0.06554,0.06554,0.06554,0
1679047140000,0.06554,0.06554,0.06554,0.06554,0
1679047080000,0.06554,0.06554,0.06554,0.06554,0
1679047020000,0.06554,0.06554,0.06554,0.06554,0
1679046960000,0.06554,0.06554,0.06554,0.06554,0
1679046900000,0.06554,0.06554,0.06554,0.06554,0
1679046840000,0.06554,0.06554,0.06554,0.06554,0
1679046780000,0.06567,0.06567,0.06554,0.06554,0.877099
1679046720000,0.06567,0.06567,0.06567,0.06567,0
1679046660000,0.06567,0.06567,0.06567,0.06567,0
1679046600000,0.06567,0.06567,0.06567,0.06567,0
1679046540000,0.06566,0.06567,0.06566,0.06567,0.002175
1679046480000,0.06566,0.06566,0.06566,0.06566,0
1679046420000,0.06566,0.06566,0.06566,0.06566,0
1679046360000,0.06566,0.06566,0.06566,0.06566,0
1679046300000,0.06566,0.06566,0.06566,0.06566,0
1679046240000,0.06566,0.06566,0.06566,0.06566,0
1679046180000,0.06566,0.06566,0.06566,0.06566,0
1679046120000,0.06568,0.06568,0.06566,0.06566,0.026832
1679046060000,0.06568,0.06568,0.06568,0.06568,0
1679046000000,0.06568,0.06568,0.06568,0.06568,0
1679045940000,0.06568,0.06568,0.06568,0.06568,0
1679045880000,0.06568,0.06568,0.06568,0.06568,0
1679045820000,0.06568,0.06568,0.06568,0.06568,0
1679045760000,0.06568,0.06568,0.06568,0.06568,0
1679045700000,0.06568,0.06568,0.06568,0.06568,0
1679045640000,0.06568,0.06568,0.06568,0.06568,0
1679045580000,0.06568,0.06568,0.06568,0.06568,0
1679045520000,0.06568,0.06568,0.06568,0.06568,0
1679045460000,0.06569,0.06569,0.06567,0.06568,0.348818
1679045400000,0.06569,0.06569,0.06569,0.06569,0
1679045340000,0.0657,0.0657,0.06569,0.06569,0.236348
1679045280000,0.06576,0.06576,0.0657,0.0657,0.341728
1679045220000,0.06576,0.06576,0.06576,0.06576,0
1679045160000,0.06582,0.06582,0.06576,0.06576,0.015332
1679045100000,0.06582,0.06582,0.06582,0.06582,0
1679045040000,0.06582,0.06582,0.06582,0.06582,0
1679044980000,0.06582,0.06582,0.06582,0.06582,0
1679044920000,0.06582,0.06582,0.06582,0.06582,0
1679044860000,0.06582,0.06582,0.06582,0.06582,0
1679044800000,0.06582,0.06582,0.06582,0.06582,0
1679044740000,0.06582,0.06582,0.06582,0.06582,0
1679044680000,0.06582,0.06582,0.06582,0.06582,0
1679044620000,0.06582,0.06582,0.06582,0.06582,0
1679044560000,0.06582,0.06582,0.06582,0.06582,0
1679044500000,0.06582,0.06582,0.06582,0.06582,0
1679044440000,0.06582,0.06582,0.06582,0.06582,0.115641
1679044380000,0.06582,0.06582,0.06582,0.06582,0
1679044320000,0.06582,0.06582,0.06582,0.06582,0
1679044260000,0.06582,0.06582,0.06582,0.06582,0
1679044200000,0.06582,0.06582,0.06582,0.06582,0
1679044140000,0.06582,0.06582,0.06582,0.06582,0
1679044080000,0.06582,0.06582,0.06582,0.06582,0
1679044020000,0.06582,0.06582,0.06582,0.06582,0
1679043960000,0.06582,0.06582,0.06582,0.06582,0
1679043900000,0.06584,0.06584,0.06582,0.06582,0.084359
1679043840000,0.06586,0.06586,0.06584,0.06584,0.2
1679043780000,0.06592,0.06592,0.06586,0.06586,0.191422
1679043720000,0.06592,0.06592,0.06592,0.06592,0
1679043660000,0.06592,0.06592,0.06592,0.06592,0
1679043600000,0.06592,0.06592,0.06592,0.06592,0
1679043540000,0.06592,0.06592,0.06592,0.06592,0
1679043480000,0.06592,0.06592,0.06592,0.06592,0
1679043420000,0.06592,0.06592,0.06592,0.06592,0
1679043360000,0.06592,0.06592,0.06592,0.06592,0
1679043300000,0.06592,0.06592,0.06592,0.06592,0
1679043240000,0.06586,0.06592,0.06586,0.06592,0.004281
1679043180000,0.06602,0.06608,0.06586,0.06586,0.584847
1679043120000,0.06602,0.06602,0.06602,0.06602,0
1679043060000,0.06602,0.06602,0.06602,0.06602,0
1679043000000,0.06602,0.06602,0.06602,0.06602,0.002123
1679042940000,0.0657,0.06602,0.0657,0.06602,1.737772
1679042880000,0.0657,0.0657,0.0657,0.0657,0
1679042820000,0.0657,0.0657,0.0657,0.0657,0
1679042760000,0.0657,0.0657,0.0657,0.0657,0
1679042700000,0.0657,0.0657,0.0657,0.0657,0
1679042640000,0.0657,0.0657,0.0657,0.0657,0
1679042580000,0.0657,0.0657,0.0657,0.0657,0
1679042520000,0.0657,0.0657,0.0657,0.0657,0
1679042460000,0.0657,0.0657,0.0657,0.0657,0
1679042400000,0.0657,0.0657,0.0657,0.0657,0
1679042340000,0.0657,0.0657,0.0657,0.0657,0
1679042280000,0.0657,0.0657,0.0657,0.0657,0
1679042220000,0.0657,0.0657,0.0657,0.0657,0
1679042160000,0.0657,0.0657,0.0657,0.0657,0
1679042100000,0.06593,0.06593,0.0657,0.0657,11.3
1679042040000,0.06593,0.06593,0.06593,0.06593,0
1679041980000,0.06593,0.06593,0.06593,0.06593,0.002921
1679041920000,0.06593,0.06593,0.06593,0.06593,0
1679041860000,0.06593,0.06593,0.06593,0.06593,0
1679041800000,0.06593,0.06593,0.06593,0.06593,0.015954
1679041740000,0.06593,0.06593,0.06593,0.06593,0
1679041680000,0.0658,0.06593,0.0658,0.06593,0.030363
1679041620000,0.0658,0.0658,0.0658,0.0658,0
1679041560000,0.0658,0.0658,0.0658,0.0658,0
1679041500000,0.06576,0.0658,0.06576,0.0658,0.003
1679041440000,0.06576,0.06576,0.06576,0.06576,0
1679041380000,0.06576,0.06576,0.06576,0.06576,0
1679041320000,0.06576,0.06576,0.06576,0.06576,0
1679041260000,0.06577,0.06577,0.06576,0.06576,0.320489
1679041200000,0.06577,0.06577,0.06577,0.06577,0
1679041140000,0.06577,0.06577,0.06577,0.06577,0
1679041080000,0.06577,0.06577,0.06577,0.06577,0
1679041020000,0.06577,0.06577,0.06577,0.06577,0.079672
1679040960000,0.06577,0.06577,0.06577,0.06577,0
1679040900000,0.06577,0.06577,0.06577,0.06577,0
1679040840000,0.06579,0.06579,0.06577,0.06577,0.4
1679040780000,0.06581,0.06581,0.06579,0.06579,0.038954
1679040720000,0.06581,0.06581,0.06581,0.06581,0
1679040660000,0.06581,0.06581,0.06581,0.06581,0
1679040600000,0.06581,0.06581,0.06581,0.06581,0
1679040540000,0.06588,0.06588,0.06581,0.06581,0.179779
1679040480000,0.06588,0.06588,0.06588,0.06588,0
1679040420000,0.06588,0.06588,0.06588,0.06588,0
1679040360000,0.06588,0.06588,0.06588,0.06588,0
1679040300000,0.06588,0.06588,0.06588,0.06588,0
1679040240000,0.06588,0.06588,0.06588,0.06588,0
1679040180000,0.06588,0.06588,0.06588,0.06588,0
1679040120000,0.06588,0.06588,0.06588,0.06588,0
1679040060000,0.06588,0.06588,0.06588,0.06588,0
1679040000000,0.06588,0.06588,0.06588,0.06588,0
1679039940000,0.06588,0.06588,0.06588,0.06588,0
1679039880000,0.06589,0.06589,0.06588,0.06588,0.398735
1679039820000,0.06589,0.06589,0.06589,0.06589,0
1679039760000,0.06589,0.06589,0.06589,0.06589,0
1679039700000,0.06589,0.06589,0.06589,0.06589,0
1679039640000,0.06589,0.06589,0.06589,0.06589,0
1679039580000,0.06589,0.06589,0.06589,0.06589,0
1679039520000,0.06589,0.06589,0.06589,0.06589,0
1679039460000,0.06589,0.06589,0.06589,0.06589,0
1679039400000,0.06589,0.06589,0.06589,0.06589,0
1679039340000,0.06589,0.06589,0.06589,0.06589,0
1679039280000,0.06591,0.06591,0.06589,0.06589,0.001265
1679039220000,0.06591,0.06591,0.06591,0.06591,0
1679039160000,0.06591,0.06591,0.06591,0.06591,0
1679039100000,0.06591,0.06591,0.06591,0.06591,0
1679039040000,0.06591,0.06591,0.06591,0.06591,0
1679038980000,0.06591,0.06591,0.06591,0.06591,0
1679038920000,0.06591,0.06591,0.06591,0.06591,0.195803
1679038860000,0.06591,0.06591,0.06591,0.06591,0
1679038800000,0.06591,0.06591,0.06591,0.06591,0
1679038740000,0.06591,0.06591,0.06591,0.06591,0.002754
1679038680000,0.06591,0.06591,0.06591,0.06591,0
1679038620000,0.06591,0.06591,0.06591,0.06591,0
1679038560000,0.06591,0.06591,0.06591,0.06591,0
1679038500000,0.06593,0.06593,0.06591,0.06591,0.001443
1679038440000,0.06595,0.06595,0.06593,0.06593,0.2
1679038380000,0.06603,0.06603,0.06595,0.06595,0.8
1679038320000,0.06603,0.06603,0.06603,0.06603,0
1679038260000,0.06605,0.06605,0.06603,0.06603,0.386536
1679038200000,0.06605,0.06605,0.06605,0.06605,0
1679038140000,0.06605,0.06605,0.06605,0.06605,0
1679038080000,0.06605,0.06605,0.06605,0.06605,0.012369
1679038020000,0.06605,0.06605,0.06605,0.06605,0
1679037960000,0.06605,0.06605,0.06605,0.06605,0
1679037900000,0.06605,0.06605,0.06605,0.06605,0
1679037840000,0.06605,0.06605,0.06605,0.06605,0
1679037780000,0.06605,0.06605,0.06605,0.06605,0
1679037720000,0.06605,0.06605,0.06605,0.06605,0
1679037660000,0.06594,0.06605,0.06594,0.06605,0.001095
1679037600000,0.06594,0.06594,0.06594,0.06594,0
1679037540000,0.06594,0.06594,0.06594,0.06594,0
1679037480000,0.06594,0.06594,0.06594,0.06594,0
1679037420000,0.06594,0.06594,0.06594,0.06594,0
1679037360000,0.06594,0.06594,0.06594,0.06594,0
1679037300000,0.06594,0.06594,0.06594,0.06594,0
1679037240000,0.06594,0.06594,0.06594,0.06594,0
1679037180000,0.06594,0.06594,0.06594,0.06594,0
1679037120000,0.06594,0.06594,0.06594,0.06594,0
1679037060000,0.06594,0.06594,0.06594,0.06594,0
1679037000000,0.06594,0.06594,0.06594,0.06594,0
1679036940000,0.06594,0.06594,0.06594,0.06594,0
1679036880000,0.06594,0.06594,0.06594,0.06594,0
1679036820000,0.06594,0.06594,0.06594,0.06594,0
1679036760000,0.06594,0.06594,0.06594,0.06594,0
1679036700000,0.06594,0.06594,0.06594,0.06594,0
1679036640000,0.06594,0.06594,0.06594,0.06594,0
1679036580000,0.06594,0.06594,0.06594,0.06594,0
1679036520000,0.06594,0.06594,0.06594,0.06594,0
1679036460000,0.06594,0.06594,0.06594,0.06594,0
1679036400000,0.06594,0.06594,0.06594,0.06594,0
1679036340000,0.06594,0.06594,0.06594,0.06594,0
1679036280000,0.06594,0.06594,0.06594,0.06594,0
1679036220000,0.06594,0.06594,0.06594,0.06594,0
1679036160000,0.06594,0.06594,0.06594,0.06594,0
1679036100000,0.06594,0.06594,0.06594,0.06594,0
1679036040000,0.06593,0.06594,0.06593,0.06594,2.653515
1679035980000,0.06593,0.06593,0.06593,0.06593,0
1679035920000,0.06593,0.06593,0.06593,0.06593,0
1679035860000,0.06593,0.06593,0.06593,0.06593,0
1679035800000,0.06593,0.06593,0.06593,0.06593,0
1679035740000,0.06593,0.06593,0.06593,0.06593,0.002455
1679035680000,0.06593,0.06593,0.06593,0.06593,0
1679035620000,0.06593,0.06593,0.06593,0.06593,0
1679035560000,0.06593,0.06593,0.06593,0.06593,0
1679035500000,0.06593,0.06593,0.06593,0.06593,0
1679035440000,0.06593,0.06593,0.06593,0.06593,0
1679035380000,0.06593,0.06593,0.06593,0.06593,0
1679035320000,0.06593,0.06593,0.06593,0.06593,0
1679035260000,0.06587,0.06593,0.06587,0.06593,0.2
1679035200000,0.06587,0.06587,0.06587,0.06587,0
1679035140000,0.06586,0.06587,0.06586,0.06587,0.001429
1679035080000,0.06586,0.06586,0.06586,0.06586,0
1679035020000,0.06586,0.06586,0.06586,0.06586,0
1679034960000,0.06586,0.06586,0.06586,0.06586,0
1679034900000,0.06586,0.06586,0.06586,0.06586,0
1679034840000,0.06594,0.06594,0.06586,0.06586,0.206876
1679034780000,0.06594,0.06594,0.06594,0.06594,0
1679034720000,0.06594,0.06595,0.06594,0.06594,2.554799
1679034660000,0.06594,0.06594,0.06594,0.06594,0
1679034600000,0.06598,0.06598,0.06594,0.06594,0.161
1679034540000,0.06598,0.06598,0.06598,0.06598,0
1679034480000,0.06597,0.06598,0.06597,0.06598,0.066247
1679034420000,0.06597,0.06597,0.06597,0.06597,0
1679034360000,0.06597,0.06597,0.06597,0.06597,0
1679034300000,0.06595,0.06597,0.06595,0.06597,0.128405
1679034240000,0.06618,0.06618,0.06595,0.06595,1.048431
1679034180000,0.06618,0.06618,0.06618,0.06618,0
1679034120000,0.06618,0.06618,0.06618,0.06618,0
1679034060000,0.06618,0.06618,0.06618,0.06618,0
1679034000000,0.06618,0.06618,0.06618,0.06618,0
1679033940000,0.06618,0.06618,0.06618,0.06618,0
1679033880000,0.06618,0.06618,0.06618,0.06618,0
1679033820000,0.06618,0.06618,0.06618,0.06618,0
1679033760000,0.06618,0.06618,0.06618,0.06618,0
1679033700000,0.06618,0.06618,0.06618,0.06618,0
1679033640000,0.06618,0.06618,0.06618,0.06618,0
1679033580000,0.06618,0.06618,0.06618,0.06618,0
1679033520000,0.06618,0.06618,0.06618,0.06618,0
1679033460000,0.06618,0.06618,0.06618,0.06618,0
1679033400000,0.06618,0.06618,0.06618,0.06618,0
1679033340000,0.06618,0.06618,0.06618,0.06618,0
1679033280000,0.06618,0.06618,0.06618,0.06618,0
1679033220000,0.06618,0.06618,0.06618,0.06618,0
1679033160000,0.06618,0.06618,0.06618,0.06618,0
1679033100000,0.06618,0.06618,0.06618,0.06618,0
1679033040000,0.06618,0.06618,0.06618,0.06618,0
1679032980000,0.06618,0.06618,0.06618,0.06618,0
1679032920000,0.06618,0.06618,0.06618,0.06618,0
1679032860000,0.06618,0.06618,0.06618,0.06618,0
1679032800000,0.06618,0.06618,0.06618,0.06618,0
1679032740000,0.06618,0.06618,0.06618,0.06618,0
1679032680000,0.06618,0.06618,0.06618,0.06618,0
1679032620000,0.0662,0.0662,0.06618,0.06618,0.001347
1679032560000,0.0662,0.0662,0.0662,0.0662,0
1679032500000,0.0662,0.0662,0.0662,0.0662,0
1679032440000,0.0662,0.0662,0.0662,0.0662,0
1679032380000,0.0662,0.0662,0.0662,0.0662,0
1679032320000,0.0662,0.0662,0.0662,0.0662,0
1679032260000,0.0662,0.0662,0.0662,0.0662,0
1679032200000,0.0662,0.0662,0.0662,0.0662,0
1679032140000,0.06611,0.0662,0.06611,0.0662,0.001461
1679032080000,0.06611,0.06611,0.06611,0.06611,0
1679032020000,0.06611,0.06611,0.06611,0.06611,0
1679031960000,0.06611,0.06611,0.06611,0.06611,0
1679031900000,0.06611,0.06611,0.06611,0.06611,0
1679031840000,0.06611,0.06611,0.06611,0.06611,0
1679031780000,0.06611,0.06611,0.06611,0.06611,0
1679031720000,0.06611,0.06611,0.06611,0.06611,0
1679031660000,0.06611,0.06611,0.06611,0.06611,0
1679031600000,0.06611,0.06611,0.06611,0.06611,0
1679031540000,0.06611,0.06611,0.06611,0.06611,0
1679031480000,0.06611,0.06611,0.06611,0.06611,0
1679031420000,0.06611,0.06611,0.06611,0.06611,0
1679031360000,0.06611,0.06611,0.06611,0.06611,0
1679031300000,0.06611,0.06611,0.06611,0.06611,0
1679031240000,0.06611,0.06611,0.06611,0.06611,0
1679031180000,0.06611,0.06611,0.06611,0.06611,0
1679031120000,0.06611,0.06611,0.06611,0.06611,0
1679031060000,0.06611,0.06611,0.06611,0.06611,0
1679031000000,0.06611,0.06611,0.06611,0.06611,0
1679030940000,0.06611,0.06611,0.06611,0.06611,0.011312
1679030880000,0.06624,0.06624,0.06611,0.06611,0.066221
1679030820000,0.06624,0.06624,0.06624,0.06624,0
1679030760000,0.06624,0.06624,0.06624,0.06624,0
1679030700000,0.06624,0.06624,0.06624,0.06624,0
1679030640000,0.06624,0.06624,0.06624,0.06624,0
1679030580000,0.06624,0.06624,0.06624,0.06624,0
1679030520000,0.06624,0.06624,0.06624,0.06624,0
1679030460000,0.06624,0.06624,0.06624,0.06624,0
1679030400000,0.06624,0.06624,0.06624,0.06624,0
1679030340000,0.06624,0.06624,0.06624,0.06624,0
1679030280000,0.06624,0.06624,0.06624,0.06624,0
1679030220000,0.06624,0.06624,0.06624,0.06624,0
1679030160000,0.06624,0.06624,0.06624,0.06624,0
1679030100000,0.06624,0.06624,0.06624,0.06624,0
1679030040000,0.06624,0.06624,0.06624,0.06624,0
1679029980000,0.06624,0.06624,0.06624,0.06624,0