1679116380000,0.1598,0.1598,0.1597,0.1597,3.340443
1679116320000,0.1598,0.1598,0.1598,0.1598,0
1679116260000,0.1598,0.1598,0.1598,0.1598,0
1679116200000,0.1598,0.1598,0.1598,0.1598,0
1679116140000,0.1598,0.1598,0.1598,0.1598,1.459401
1679116080000,0.1598,0.1598,0.1598,0.1598,0
1679116020000,0.1598,0.1598,0.1598,0.1598,0
1679115960000,0.1598,0.1598,0.1598,0.1598,0
1679115900000,0.1598,0.1598,0.1598,0.1598,4.585073
1679115840000,0.1598,0.1598,0.1598,0.1598,0.158307
1679115780000,0.1595,0.1598,0.1595,0.1598,0.215719
1679115720000,0.1595,0.1595,0.1595,0.1595,0
1679115660000,0.1595,0.1595,0.1595,0.1595,0
1679115600000,0.159,0.1595,0.1586,0.1595,1288.790505
1679115540000,0.1597,0.1597,0.159,0.159,515.428748
1679115480000,0.1597,0.1597,0.1597,0.1597,0
1679115420000,0.1597,0.1597,0.1597,0.1597,0
1679115360000,0.1603,0.1603,0.1597,0.1597,2160.988246
1679115300000,0.16,0.1603,0.16,0.1603,1.283798
1679115240000,0.16,0.16,0.16,0.16,0
1679115180000,0.1602,0.1602,0.16,0.16,462.425474
1679115120000,0.1605,0.1605,0.1602,0.1602,0.848756
1679115060000,0.1606,0.1606,0.1605,0.1605,1397.959368
1679115000000,0.1606,0.1606,0.1606,0.1606,0.700342
1679114940000,0.1612,0.1612,0.1606,0.1606,6.616527
1679114880000,0.1612,0.1612,0.1612,0.1612,0
1679114820000,0.162,0.162,0.1612,0.1612,0.194023
1679114760000,0.162,0.162,0.162,0.162,0
1679114700000,0.162,0.162,0.162,0.162,0
1679114640000,0.162,0.162,0.162,0.162,0
1679114580000,0.162,0.162,0.162,0.162,0
1679114520000,0.162,0.162,0.162,0.162,0
1679114460000,0.1614,0.162,0.1611,0.162,0.375422
1679114400000,0.1614,0.1618,0.1614,0.1614,4.600038
1679114340000,0.1614,0.1618,0.1614,0.1614,1.108736
1679114280000,0.1608,0.1614,0.1608,0.1614,0.626724
1679114220000,0.1611,0.1611,0.1607,0.1608,0.382868
1679114160000,0.1611,0.1611,0.1611,0.1611,0
1679114100000,0.1618,0.1618,0.1611,0.1611,0.378984
1679114040000,0.1618,0.1618,0.1618,0.1618,0
1679113980000,0.1622,0.1622,0.1618,0.1618,9.621178
1679113920000,0.1624,0.1624,0.1622,0.1622,0.100739
1679113860000,0.1624,0.1624,0.1624,0.1624,0
1679113800000,0.1624,0.1624,0.1624,0.1624,55.406721
1679113740000,0.1624,0.1624,0.1624,0.1624,28.158458
1679113680000,0.1624,0.1624,0.1624,0.1624,3.880265
1679113620000,0.1624,0.1624,0.1624,0.1624,0
1679113560000,0.1624,0.1624,0.1624,0.1624,0
1679113500000,0.1624,0.1624,0.1624,0.1624,5.56483
1679113440000,0.1624,0.1624,0.1624,0.1624,0
1679113380000,0.162,0.1624,0.162,0.1624,0.10753
1679113320000,0.162,0.162,0.162,0.162,0
1679113260000,0.162,0.162,0.162,0.162,0
1679113200000,0.1624,0.1624,0.162,0.162,0.293076
1679113140000,0.1624,0.1624,0.1624,0.1624,0
1679113080000,0.1606,0.1624,0.1606,0.1624,0.391368
1679113020000,0.1606,0.1606,0.1606,0.1606,0
1679112960000,0.161,0.161,0.1606,0.1606,0.407014
1679112900000,0.161,0.161,0.161,0.161,0
1679112840000,0.1614,0.1617,0.161,0.161,62.466657
1679112780000,0.1613,0.1614,0.1613,0.1614,11.010343
1679112720000,0.1619,0.1619,0.1613,0.1613,1692.250591
1679112660000,0.1632,0.1632,0.1619,0.1619,1.434485
1679112600000,0.1632,0.1632,0.1632,0.1632,0
1679112540000,0.1621,0.1632,0.1619,0.1632,24.576278
1679112480000,0.1621,0.1621,0.1621,0.1621,0
1679112420000,0.1621,0.1621,0.1621,0.1621,0
1679112360000,0.1623,0.1623,0.1621,0.1621,1.071707
1679112300000,0.1624,0.1624,0.1622,0.1623,2.583523
1679112240000,0.1621,0.1624,0.1621,0.1624,24.19338
1679112180000,0.162,0.1621,0.162,0.1621,0.216411
1679112120000,0.162,0.162,0.162,0.162,0
1679112060000,0.162,0.162,0.162,0.162,0
1679112000000,0.162,0.162,0.162,0.162,0
1679111940000,0.1621,0.1621,0.162,0.162,62.037428
1679111880000,0.1621,0.1621,0.1621,0.1621,0
1679111820000,0.1621,0.1621,0.1621,0.1621,0
1679111760000,0.1621,0.1621,0.1621,0.1621,0
1679111700000,0.1624,0.1627,0.1621,0.1621,108.777434
1679111640000,0.1624,0.1626,0.1624,0.1624,0.862858
1679111580000,0.1633,0.1633,0.1624,0.1624,3.687101
1679111520000,0.1623,0.1633,0.1623,0.1633,366.9
1679111460000,0.1626,0.1626,0.1623,0.1623,1.496475
1679111400000,0.1627,0.1627,0.1626,0.1626,1.559267
1679111340000,0.1628,0.1628,0.1627,0.1627,6.523524
1679111280000,0.1631,0.1631,0.1628,0.1628,2.006873
1679111220000,0.1631,0.1631,0.1631,0.1631,0
1679111160000,0.1631,0.1631,0.1631,0.1631,0
1679111100000,0.1631,0.1631,0.1631,0.1631,0
1679111040000,0.1631,0.1631,0.1631,0.1631,0
1679110980000,0.1631,0.1631,0.1631,0.1631,0
1679110920000,0.1631,0.1631,0.1631,0.1631,0
1679110860000,0.1631,0.1631,0.1631,0.1631,0
1679110800000,0.1632,0.1632,0.1631,0.1631,0.905523
1679110740000,0.1632,0.1632,0.1632,0.1632,7.358303
1679110680000,0.163,0.1632,0.163,0.1632,0.826477
1679110620000,0.163,0.163,0.163,0.163,0
1679110560000,0.1625,0.163,0.1625,0.163,0.161267
1679110500000,0.1625,0.1625,0.1625,0.1625,0
1679110440000,0.1613,0.1625,0.1613,0.1625,1690.558341
1679110380000,0.1632,0.1632,0.1613,0.1613,100467.121455
1679110320000,0.1632,0.1632,0.1632,0.1632,0.697671
1679110260000,0.1623,0.1632,0.1614,0.1632,55.780586
1679110200000,0.1632,0.1632,0.1623,0.1623,3.886076
1679110140000,0.163,0.1632,0.163,0.1632,102.566743
1679110080000,0.1615,0.163,0.1615,0.163,5.042489
1679110020000,0.1615,0.1615,0.1615,0.1615,0
1679109960000,0.1615,0.1615,0.1615,0.1615,0
1679109900000,0.1624,0.1625,0.1615,0.1615,1691.175345
1679109840000,0.1624,0.1624,0.1624,0.1624,0
1679109780000,0.1615,0.1624,0.1615,0.1624,0.447265
1679109720000,0.1615,0.1615,0.1615,0.1615,0
1679109660000,0.1615,0.1615,0.1615,0.1615,0
1679109600000,0.1615,0.1615,0.1615,0.1615,0
1679109540000,0.1615,0.1615,0.1615,0.1615,0
1679109480000,0.1606,0.1615,0.1606,0.1615,0.353474
1679109420000,0.1606,0.1606,0.1606,0.1606,0
1679109360000,0.1606,0.1606,0.1606,0.1606,0
1679109300000,0.1606,0.1606,0.1606,0.1606,0
1679109240000,0.1614,0.1614,0.1606,0.1606,0.12001
1679109180000,0.1619,0.1619,0.1614,0.1614,5.251505
1679109120000,0.1621,0.1621,0.1618,0.1619,8.698239
1679109060000,0.1618,0.1621,0.1618,0.1621,0.212979
1679109000000,0.1624,0.1624,0.1618,0.1618,10.45755
1679108940000,0.1624,0.1624,0.1624,0.1624,1.59787
1679108880000,0.1624,0.1624,0.1624,0.1624,0
1679108820000,0.1606,0.1624,0.1606,0.1624,0.147583
1679108760000,0.1621,0.1624,0.1606,0.1606,358.510192
1679108700000,0.1621,0.1621,0.1621,0.1621,0
1679108640000,0.1621,0.1621,0.1621,0.1621,0
1679108580000,0.1619,0.1621,0.1619,0.1621,0.211322
1679108520000,0.1617,0.162,0.1617,0.1619,0.304758
1679108460000,0.1617,0.1617,0.1617,0.1617,0
1679108400000,0.1621,0.1621,0.1617,0.1617,0.162565
1679108340000,0.1621,0.1621,0.1621,0.1621,0
1679108280000,0.1621,0.1621,0.1621,0.1621,0
1679108220000,0.1621,0.1621,0.1621,0.1621,0
1679108160000,0.1622,0.1622,0.1621,0.1621,0.263923
1679108100000,0.1622,0.1622,0.1622,0.1622,0
1679108040000,0.1617,0.1622,0.1617,0.1622,0.30503
1679107980000,0.1617,0.1617,0.1617,0.1617,0
1679107920000,0.1611,0.1617,0.1611,0.1617,3.034354
1679107860000,0.1611,0.1611,0.1611,0.1611,0
1679107800000,0.1615,0.1615,0.1611,0.1611,2.119646
1679107740000,0.1613,0.1615,0.1613,0.1615,30.897833
1679107680000,0.1621,0.1621,0.1613,0.1613,1655.097266
1679107620000,0.1637,0.1637,0.1621,0.1621,1683.903796
1679107560000,0.1637,0.1637,0.1637,0.1637,0
1679107500000,0.1637,0.1637,0.1637,0.1637,0
1679107440000,0.1637,0.1637,0.1637,0.1637,0
1679107380000,0.1635,0.1637,0.1633,0.1637,2.320063
1679107320000,0.163,0.1635,0.163,0.1635,2.292936
1679107260000,0.1633,0.1633,0.1627,0.163,17.331751
1679107200000,0.1633,0.1633,0.1633,0.1633,0
1679107140000,0.1633,0.1633,0.1633,0.1633,0
1679107080000,0.1633,0.1633,0.1633,0.1633,0
1679107020000,0.1635,0.1635,0.1633,0.1633,0.976387
1679106960000,0.1637,0.1637,0.1635,0.1635,0.108469
1679106900000,0.1636,0.1637,0.1636,0.1637,0.308758
1679106840000,0.163,0.1637,0.163,0.1636,1686.943122
1679106780000,0.1625,0.163,0.1625,0.163,61.598395
1679106720000,0.1625,0.1625,0.1625,0.1625,471.621863
1679106660000,0.162,0.1625,0.162,0.1625,3.766645
1679106600000,0.1625,0.1625,0.162,0.162,112.711681
1679106540000,0.1625,0.1625,0.1613,0.1625,43.890548
1679106480000,0.1622,0.1625,0.1622,0.1625,5.48044
1679106420000,0.1625,0.1625,0.1622,0.1622,0.409521
1679106360000,0.1625,0.1625,0.1625,0.1625,0
1679106300000,0.1623,0.1625,0.1623,0.1625,176.3622
1679106240000,0.1623,0.1623,0.1623,0.1623,117.950835
1679106180000,0.1623,0.1624,0.1623,0.1623,14.870254
1679106120000,0.1623,0.1623,0.1623,0.1623,0
1679106060000,0.1623,0.1623,0.1623,0.1623,0
1679106000000,0.1623,0.1623,0.1623,0.1623,0
1679105940000,0.1624,0.1624,0.1623,0.1623,9.166081
1679105880000,0.1617,0.1624,0.1617,0.1624,0.217962
1679105820000,0.1617,0.1617,0.1617,0.1617,0
1679105760000,0.1617,0.1617,0.1617,0.1617,1597.360895
1679105700000,0.1617,0.1617,0.1617,0.1617,0
1679105640000,0.1616,0.1617,0.1616,0.1617,101.311477
1679105580000,0.1616,0.1616,0.1616,0.1616,0
1679105520000,0.1616,0.1616,0.1616,0.1616,0
1679105460000,0.1616,0.1616,0.1616,0.1616,0
1679105400000,0.1616,0.1616,0.1616,0.1616,0
1679105340000,0.1605,0.1616,0.1605,0.1616,0.307493
1679105280000,0.1611,0.1611,0.1605,0.1605,1761.725737
1679105220000,0.1611,0.1611,0.1611,0.1611,0.247075
1679105160000,0.161,0.1611,0.161,0.1611,2.048645
1679105100000,0.161,0.161,0.161,0.161,0
1679105040000,0.1613,0.1613,0.161,0.161,62.111801
1679104980000,0.1619,0.1619,0.1613,0.1613,96.236221
1679104920000,0.1613,0.1619,0.1613,0.1619,1.914298
1679104860000,0.1613,0.1613,0.1613,0.1613,0
1679104800000,0.1618,0.1618,0.1613,0.1613,10.307745
1679104740000,0.1618,0.1618,0.1618,0.1618,0
1679104680000,0.1618,0.1618,0.1618,0.1618,0
1679104620000,0.162,0.162,0.1618,0.1618,0.244222
1679104560000,0.162,0.162,0.162,0.162,0
1679104500000,0.1623,0.1623,0.162,0.162,1.102258
1679104440000,0.1621,0.1623,0.1621,0.1623,18.997194
1679104380000,0.1621,0.1621,0.1621,0.1621,10.467697
1679104320000,0.1618,0.1621,0.1618,0.1621,3.209312
1679104260000,0.1617,0.1618,0.1617,0.1618,70.205552
1679104200000,0.1617,0.1617,0.1617,0.1617,0
1679104140000,0.1617,0.1625,0.1617,0.1617,1547.773732
1679104080000,0.1617,0.1617,0.1617,0.1617,0
1679104020000,0.1612,0.1617,0.1612,0.1617,1667.345602
1679103960000,0.1612,0.1612,0.1612,0.1612,0
1679103900000,0.1612,0.1612,0.1612,0.1612,0
1679103840000,0.1612,0.1612,0.1612,0.1612,0
1679103780000,0.1612,0.1612,0.1612,0.1612,0
1679103720000,0.1601,0.1612,0.1601,0.1612,1.339223
1679103660000,0.1601,0.1601,0.1601,0.1601,0
1679103600000,0.1613,0.1613,0.1601,0.1601,2000
1679103540000,0.1613,0.1613,0.1613,0.1613,0
1679103480000,0.1613,0.1613,0.1613,0.1613,0
1679103420000,0.1616,0.1616,0.1613,0.1613,0.489345
1679103360000,0.1606,0.1616,0.1606,0.1616,33.530232
1679103300000,0.1602,0.1606,0.1602,0.1606,1.390935
1679103240000,0.1602,0.1602,0.1602,0.1602,0
1679103180000,0.1606,0.1606,0.1602,0.1602,503.177903
1679103120000,0.1621,0.1621,0.1606,0.1606,3348.954416
1679103060000,0.1618,0.1639,0.1614,0.1621,13239.942677
1679103000000,0.1622,0.1633,0.1618,0.1618,650.454343
1679102940000,0.1632,0.1633,0.1622,0.1622,109.31601
1679102880000,0.1622,0.1632,0.1622,0.1632,3.598674
1679102820000,0.1632,0.1632,0.1622,0.1622,0.472152
1679102760000,0.1632,0.1632,0.1632,0.1632,0
1679102700000,0.1632,0.1632,0.1632,0.1632,8.939442
1679102640000,0.1632,0.1632,0.1632,0.1632,0
1679102580000,0.162,0.1632,0.162,0.1632,0.511325
1679102520000,0.162,0.162,0.162,0.162,0
1679102460000,0.163,0.163,0.162,0.162,162.020447
1679102400000,0.163,0.163,0.163,0.163,0
1679102340000,0.1632,0.1633,0.163,0.163,10.736976
1679102280000,0.1632,0.1632,0.1632,0.1632,0
1679102220000,0.163,0.1632,0.163,0.1632,5.383842
1679102160000,0.163,0.163,0.163,0.163,9.236829
1679102100000,0.163,0.163,0.163,0.163,0
1679102040000,0.163,0.163,0.163,0.163,0
1679101980000,0.1629,0.163,0.1629,0.163,61.349693
1679101920000,0.1631,0.1641,0.1622,0.1629,2896.15851
1679101860000,0.1631,0.1631,0.1631,0.1631,0
1679101800000,0.164,0.164,0.1631,0.1631,4.053137
1679101740000,0.1629,0.164,0.1629,0.164,1.679179
1679101680000,0.1629,0.1629,0.1629,0.1629,0
1679101620000,0.1629,0.1629,0.1629,0.1629,0
1679101560000,0.1629,0.1629,0.1629,0.1629,0
1679101500000,0.163,0.163,0.1629,0.1629,99.799519
1679101440000,0.163,0.163,0.163,0.163,0
1679101380000,0.1633,0.1633,0.163,0.163,1337.094115
1679101320000,0.1643,0.1643,0.1633,0.1633,0.369859
1679101260000,0.1643,0.1643,0.1643,0.1643,0
1679101200000,0.163,0.1643,0.163,0.1643,73.260079
1679101140000,0.1643,0.1643,0.163,0.163,300.448385
1679101080000,0.1634,0.1643,0.1634,0.1643,7554.726889
1679101020000,0.1633,0.1634,0.1633,0.1634,2.834395
1679100960000,0.1631,0.1633,0.1631,0.1633,1682.219893
1679100900000,0.1614,0.1631,0.1614,0.1631,14.128611
1679100840000,0.1614,0.1614,0.1614,0.1614,0
1679100780000,0.1614,0.1614,0.1614,0.1614,0
1679100720000,0.1614,0.1614,0.1614,0.1614,0
1679100660000,0.1614,0.1614,0.1614,0.1614,0
1679100600000,0.1614,0.1614,0.1614,0.1614,0
1679100540000,0.1618,0.1618,0.1614,0.1614,9.404005
1679100480000,0.1618,0.1618,0.1618,0.1618,0
1679100420000,0.1621,0.1621,0.1618,0.1618,395.015292
1679100360000,0.164,0.164,0.1621,0.1621,1698.766568
1679100300000,0.164,0.164,0.164,0.164,0
1679100240000,0.164,0.164,0.164,0.164,0
1679100180000,0.164,0.164,0.164,0.164,0
1679100120000,0.1637,0.164,0.1637,0.164,456.547783
1679100060000,0.1633,0.1637,0.1633,0.1637,274.577099
1679100000000,0.1633,0.1633,0.1633,0.1633,47.304182
1679099940000,0.1616,0.1633,0.1616,0.1633,5787.095855
1679099880000,0.1614,0.1616,0.1614,0.1616,0.619747
1679099820000,0.1614,0.1614,0.1614,0.1614,0
1679099760000,0.1609,0.1614,0.1609,0.1614,7.504368
1679099700000,0.1609,0.1609,0.1609,0.1609,0
1679099640000,0.1608,0.1609,0.1608,0.1609,1605.788254
1679099580000,0.1607,0.1608,0.1607,0.1608,102.08877
1679099520000,0.1603,0.1607,0.1603,0.1607,45.499858
1679099460000,0.16,0.1603,0.1591,0.1603,11.608143
1679099400000,0.1591,0.16,0.1591,0.16,54.240751
1679099340000,0.1591,0.1607,0.1591,0.1591,56.619429
1679099280000,0.159,0.1591,0.159,0.1591,12.352209
1679099220000,0.159,0.159,0.159,0.159,0
1679099160000,0.159,0.159,0.159,0.159,0
1679099100000,0.1591,0.1591,0.159,0.159,15.632333
1679099040000,0.1591,0.1591,0.1591,0.1591,0
1679098980000,0.159,0.1591,0.159,0.1591,0.895982
1679098920000,0.159,0.159,0.159,0.159,0
1679098860000,0.159,0.159,0.159,0.159,3.832847
1679098800000,0.159,0.159,0.159,0.159,0
1679098740000,0.1603,0.1603,0.159,0.159,3217.978643
1679098680000,0.1605,0.1605,0.1603,0.1603,1.068021
1679098620000,0.1605,0.1605,0.1605,0.1605,0
1679098560000,0.1605,0.1605,0.1605,0.1605,0
1679098500000,0.1605,0.1605,0.1605,0.1605,0
1679098440000,0.1606,0.161,0.1605,0.1605,1735.417007
1679098380000,0.1606,0.1606,0.1606,0.1606,0
1679098320000,0.1606,0.1606,0.1606,0.1606,0
1679098260000,0.1606,0.1606,0.1606,0.1606,0
1679098200000,0.1606,0.1606,0.1606,0.1606,0
1679098140000,0.1607,0.1609,0.1606,0.1606,6.93319
1679098080000,0.1613,0.1613,0.1606,0.1607,98.162832
1679098020000,0.1621,0.1621,0.1613,0.1613,1692.250591
1679097960000,0.1626,0.1626,0.1621,0.1621,100.292052
1679097900000,0.1626,0.1626,0.1626,0.1626,0
1679097840000,0.1626,0.1626,0.1626,0.1626,0
1679097780000,0.1622,0.1626,0.1622,0.1626,14.953141
1679097720000,0.1622,0.1622,0.1622,0.1622,0
1679097660000,0.1636,0.1636,0.1622,0.1622,1583.611744
1679097600000,0.1633,0.1636,0.1633,0.1636,0.42088
1679097540000,0.1633,0.1633,0.1633,0.1633,0
1679097480000,0.1633,0.1633,0.1633,0.1633,0
1679097420000,0.1629,0.1633,0.1629,0.1633,1585.158156
1679097360000,0.163,0.163,0.1629,0.1629,3.250868
1679097300000,0.163,0.163,0.163,0.163,0
1679097240000,0.163,0.163,0.163,0.163,0
1679097180000,0.163,0.163,0.163,0.163,0
1679097120000,0.1621,0.163,0.1621,0.163,29063.437499
1679097060000,0.1621,0.1621,0.1621,0.1621,0
1679097000000,0.1617,0.1621,0.1617,0.1621,18.466257
1679096940000,0.1617,0.1617,0.1617,0.1617,0
1679096880000,0.1617,0.1617,0.1617,0.1617,0.965754
1679096820000,0.161,0.1617,0.161,0.1617,2.51122
1679096760000,0.161,0.161,0.161,0.161,0
1679096700000,0.1613,0.1613,0.1608,0.161,10.035967
1679096640000,0.1613,0.1613,0.1613,0.1613,0
1679096580000,0.1613,0.1613,0.1613,0.1613,0
1679096520000,0.1613,0.1613,0.1613,0.1613,0
1679096460000,0.1613,0.1613,0.1613,0.1613,0
1679096400000,0.1613,0.1613,0.1613,0.1613,0
1679096340000,0.1615,0.1615,0.1613,0.1613,0.144896
1679096280000,0.161,0.1621,0.161,0.1615,601.001148
1679096220000,0.161,0.161,0.161,0.161,0
1679096160000,0.162,0.162,0.161,0.161,125.104681
1679096100000,0.1617,0.162,0.1617,0.162,0.117013
1679096040000,0.161,0.1617,0.161,0.1617,1908.472033
1679095980000,0.1608,0.161,0.1608,0.161,10374.592892
1679095920000,0.1601,0.1608,0.1601,0.1608,544.514071
1679095860000,0.16,0.1601,0.16,0.1601,758.290115
1679095800000,0.1601,0.1601,0.16,0.16,70.615855
1679095740000,0.16,0.1601,0.1589,0.1601,153.394237
1679095680000,0.1601,0.1601,0.16,0.16,25.142062
1679095620000,0.16,0.1601,0.16,0.1601,114.968944
1679095560000,0.16,0.16,0.16,0.16,3.867249
1679095500000,0.1589,0.16,0.1589,0.16,26.949451
1679095440000,0.1589,0.1589,0.1589,0.1589,0
1679095380000,0.1592,0.1592,0.1589,0.1589,103.477719
1679095320000,0.1592,0.1592,0.1592,0.1592,0
1679095260000,0.1599,0.1599,0.1592,0.1592,7.725513
1679095200000,0.1599,0.1599,0.1599,0.1599,0
1679095140000,0.1599,0.1599,0.1599,0.1599,0
1679095080000,0.1599,0.1599,0.1599,0.1599,0
1679095020000,0.1599,0.1599,0.1599,0.1599,0
1679094960000,0.1599,0.1599,0.1599,0.1599,0
1679094900000,0.1599,0.1599,0.1599,0.1599,0
1679094840000,0.1601,0.1601,0.1599,0.1599,4.481558
1679094780000,0.16,0.1601,0.16,0.1601,1223.785827
1679094720000,0.1582,0.16,0.1582,0.16,12.044556
1679094660000,0.1582,0.1582,0.1582,0.1582,0
1679094600000,0.1598,0.1598,0.1582,0.1582,31.832165
1679094540000,0.1598,0.16,0.1598,0.1598,1.180234
1679094480000,0.1598,0.1598,0.1598,0.1598,0
1679094420000,0.1598,0.1598,0.1598,0.1598,0
1679094360000,0.1598,0.1598,0.1598,0.1598,0
1679094300000,0.1598,0.1598,0.1598,0.1598,0
1679094240000,0.1587,0.1598,0.1587,0.1598,97.011952
1679094180000,0.1587,0.1587,0.1587,0.1587,0
1679094120000,0.1587,0.1587,0.1587,0.1587,0
1679094060000,0.1587,0.1587,0.1587,0.1587,0
1679094000000,0.1587,0.1587,0.1587,0.1587,0
1679093940000,0.1587,0.1587,0.1587,0.1587,0
1679093880000,0.1586,0.159,0.1586,0.1587,5.012918
1679093820000,0.1586,0.1586,0.1586,0.1586,0
1679093760000,0.1586,0.1586,0.1586,0.1586,0
1679093700000,0.1586,0.1586,0.1586,0.1586,0
1679093640000,0.1586,0.1586,0.1586,0.1586,0
1679093580000,0.1586,0.1586,0.1586,0.1586,0
1679093520000,0.1583,0.1586,0.1583,0.1586,1.529505
1679093460000,0.1591,0.1591,0.1583,0.1583,0.888827
1679093400000,0.1593,0.1594,0.1591,0.1591,3.461713
1679093340000,0.1593,0.1593,0.1593,0.1593,0
1679093280000,0.1593,0.1593,0.1593,0.1593,0
1679093220000,0.159,0.1593,0.159,0.1593,1753.85852
1679093160000,0.1588,0.159,0.1588,0.159,63.972564
1679093100000,0.1584,0.1588,0.1584,0.1588,1065.464226
1679093040000,0.1584,0.1584,0.1584,0.1584,99.822651
1679092980000,0.1579,0.1584,0.1579,0.1584,0.17688
1679092920000,0.1579,0.1579,0.1579,0.1579,0
1679092860000,0.1581,0.1581,0.1579,0.1579,0.302884
1679092800000,0.1581,0.1581,0.1581,0.1581,0
1679092740000,0.1584,0.1584,0.1581,0.1581,0.980591
1679092680000,0.157,0.1584,0.157,0.1584,3.249575
1679092620000,0.157,0.157,0.157,0.157,0
1679092560000,0.157,0.157,0.157,0.157,0
1679092500000,0.1581,0.1581,0.157,0.157,0.226428
1679092440000,0.157,0.1581,0.157,0.1581,147.954688
1679092380000,0.157,0.157,0.157,0.157,0.202326
1679092320000,0.157,0.1572,0.1567,0.157,7.251558
1679092260000,0.1573,0.1573,0.1565,0.157,16.52559
1679092200000,0.1573,0.1573,0.1573,0.1573,0
1679092140000,0.1573,0.1573,0.1573,0.1573,49.28783
1679092080000,0.1573,0.1585,0.1573,0.1573,39.416774
1679092020000,0.1573,0.1573,0.1573,0.1573,0.905973
1679091960000,0.1573,0.1573,0.1573,0.1573,0
1679091900000,0.1579,0.1579,0.1573,0.1573,11.935884
1679091840000,0.1579,0.1579,0.1579,0.1579,0
1679091780000,0.1574,0.1579,0.1573,0.1579,6.669717
1679091720000,0.1574,0.1574,0.1574,0.1574,0
1679091660000,0.1585,0.1585,0.1574,0.1574,0.132196
1679091600000,0.157,0.1585,0.157,0.1585,314.579013
1679091540000,0.1566,0.157,0.1566,0.157,4.135572
1679091480000,0.1566,0.1566,0.1566,0.1566,0
1679091420000,0.1566,0.1566,0.1566,0.1566,0
1679091360000,0.1566,0.1566,0.1566,0.1566,0
1679091300000,0.1566,0.1566,0.1566,0.1566,5.589996
1679091240000,0.1565,0.1566,0.1565,0.1566,0.426534
1679091180000,0.1573,0.1573,0.1565,0.1565,4.377632
1679091120000,0.1575,0.1575,0.1573,0.1573,103.352458
1679091060000,0.1575,0.1575,0.1575,0.1575,0
1679091000000,0.1575,0.1575,0.1575,0.1575,4.469736
1679090940000,0.1585,0.1585,0.1575,0.1575,3.363496
1679090880000,0.1585,0.1585,0.1585,0.1585,0
1679090820000,0.1567,0.1585,0.1567,0.1585,930.200331
1679090760000,0.1567,0.1567,0.1567,0.1567,0
1679090700000,0.1571,0.1571,0.1567,0.1567,0.524431
1679090640000,0.1571,0.1571,0.1571,0.1571,0
1679090580000,0.1571,0.1571,0.1571,0.1571,0
1679090520000,0.1574,0.1574,0.1569,0.1571,4.515663
1679090460000,0.1574,0.1574,0.1574,0.1574,0
1679090400000,0.1574,0.1574,0.1574,0.1574,0
1679090340000,0.1574,0.1574,0.1574,0.1574,0
1679090280000,0.1579,0.1579,0.1574,0.1574,0.543116
1679090220000,0.1579,0.1579,0.1579,0.1579,39.764034
1679090160000,0.1579,0.1579,0.1579,0.1579,0
1679090100000,0.1567,0.1579,0.1567,0.1579,12414.618777
1679090040000,0.1567,0.1567,0.1567,0.1567,0
1679089980000,0.1558,0.1567,0.1558,0.1567,104.310112
1679089920000,0.1558,0.1558,0.1558,0.1558,0
1679089860000,0.1558,0.1558,0.1558,0.1558,0
1679089800000,0.1554,0.1558,0.1553,0.1558,10.678057
1679089740000,0.1557,0.1557,0.1554,0.1554,411.283618
1679089680000,0.1569,0.1569,0.1557,0.1557,105.629601
1679089620000,0.1569,0.1569,0.1569,0.1569,0
1679089560000,0.1569,0.1569,0.1569,0.1569,0
1679089500000,0.1572,0.1574,0.1569,0.1569,2.843605
1679089440000,0.157,0.1572,0.157,0.1572,410.872335
1679089380000,0.1567,0.157,0.1567,0.157,65.229477
1679089320000,0.1563,0.1567,0.1563,0.1567,104.310111
1679089260000,0.1563,0.1563,0.1563,0.1563,0
1679089200000,0.1563,0.1563,0.1563,0.1563,0
1679089140000,0.1557,0.1563,0.1557,0.1563,1748.631114
1679089080000,0.1557,0.1557,0.1557,0.1557,0
1679089020000,0.1557,0.1557,0.1557,0.1557,0
1679088960000,0.1553,0.1557,0.1553,0.1557,0.107895
1679088900000,0.1553,0.1553,0.1553,0.1553,0
1679088840000,0.155,0.1553,0.155,0.1553,0.201977
1679088780000,0.155,0.155,0.155,0.155,0
1679088720000,0.155,0.155,0.155,0.155,0
1679088660000,0.156,0.156,0.155,0.155,1.018518
1679088600000,0.156,0.156,0.156,0.156,0
1679088540000,0.1557,0.156,0.1544,0.156,680.747369
1679088480000,0.1553,0.1557,0.1543,0.1557,1.912563
1679088420000,0.1542,0.1553,0.1542,0.1553,1579.209476
1679088360000,0.1542,0.1542,0.1542,0.1542,0
1679088300000,0.1553,0.1553,0.1542,0.1542,6.814374
1679088240000,0.1553,0.1553,0.1553,0.1553,0
1679088180000,0.1553,0.1553,0.1552,0.1553,0.904551
1679088120000,0.1553,0.1553,0.1553,0.1553,0
1679088060000,0.1553,0.1553,0.1553,0.1553,0
1679088000000,0.1553,0.1553,0.1553,0.1553,0
1679087940000,0.1553,0.1553,0.1553,0.1553,0
1679087880000,0.1553,0.1553,0.1553,0.1553,0
1679087820000,0.1552,0.1553,0.1552,0.1553,179.551282
1679087760000,0.1552,0.1552,0.1552,0.1552,0
1679087700000,0.1551,0.1552,0.1551,0.1552,8.691272
1679087640000,0.1546,0.1552,0.1546,0.1551,0.238303
1679087580000,0.1546,0.1546,0.1546,0.1546,0
1679087520000,0.1546,0.1546,0.1546,0.1546,1668.197238
1679087460000,0.1546,0.1546,0.1546,0.1546,1.060456
1679087400000,0.1546,0.1546,0.1546,0.1546,0
1679087340000,0.1538,0.1546,0.1538,0.1546,1.347534
1679087280000,0.1538,0.1538,0.1538,0.1538,0
1679087220000,0.1545,0.1545,0.1538,0.1538,11.584354
1679087160000,0.1545,0.1545,0.1545,0.1545,0
1679087100000,0.1545,0.1545,0.1545,0.1545,0
1679087040000,0.1545,0.1545,0.1545,0.1545,0
1679086980000,0.1545,0.1545,0.1545,0.1545,0
1679086920000,0.1543,0.1545,0.1543,0.1545,1.34455
1679086860000,0.1543,0.1543,0.1543,0.1543,0
1679086800000,0.1543,0.1543,0.1543,0.1543,0
1679086740000,0.1543,0.1543,0.1543,0.1543,0
1679086680000,0.1545,0.1545,0.1543,0.1543,0.394385
1679086620000,0.1545,0.1545,0.1545,0.1545,0
1679086560000,0.1538,0.1545,0.1538,0.1545,0.53387
1679086500000,0.1538,0.1538,0.1538,0.1538,0
1679086440000,0.1538,0.1538,0.1538,0.1538,0
1679086380000,0.1538,0.1538,0.1538,0.1538,0
1679086320000,0.1536,0.1538,0.1536,0.1538,0.141868
1679086260000,0.1536,0.1536,0.1536,0.1536,0
1679086200000,0.1536,0.1536,0.1536,0.1536,0
1679086140000,0.1536,0.1536,0.1536,0.1536,0.253137
1679086080000,0.1536,0.1536,0.1536,0.1536,0
1679086020000,0.1536,0.1536,0.1536,0.1536,0
1679085960000,0.1536,0.1536,0.1536,0.1536,0
1679085900000,0.1536,0.1536,0.1536,0.1536,0
1679085840000,0.1536,0.1536,0.1536,0.1536,0
1679085780000,0.1542,0.1542,0.1536,0.1536,1672.277505
1679085720000,0.1542,0.1554,0.1539,0.1542,8625.191831
1679085660000,0.1547,0.1547,0.1542,0.1542,1754.052007
1679085600000,0.1547,0.1547,0.1547,0.1547,0
1679085540000,0.1543,0.1547,0.1543,0.1547,0.249214
1679085480000,0.1543,0.1543,0.1543,0.1543,0
1679085420000,0.1546,0.1546,0.1543,0.1543,2.522152
1679085360000,0.1546,0.1546,0.1546,0.1546,0
1679085300000,0.1548,0.1548,0.1546,0.1546,0.421248
1679085240000,0.1549,0.1549,0.1548,0.1548,0.117613
1679085180000,0.1546,0.1549,0.1546,0.1549,0.174518
1679085120000,0.1546,0.1546,0.1546,0.1546,0
1679085060000,0.1543,0.1557,0.1543,0.1546,1.481951
1679085000000,0.1543,0.1543,0.1543,0.1543,0
1679084940000,0.1557,0.1557,0.1543,0.1543,14.805472
1679084880000,0.1557,0.1557,0.1543,0.1557,4.11691
1679084820000,0.1557,0.1557,0.1557,0.1557,0.36184
1679084760000,0.1557,0.1557,0.1557,0.1557,0
1679084700000,0.1552,0.1557,0.1552,0.1557,8.72139
1679084640000,0.1557,0.1557,0.1552,0.1552,6.28494
1679084580000,0.1557,0.1558,0.1557,0.1557,32105.416913
1679084520000,0.1553,0.1557,0.1553,0.1557,0.243789
1679084460000,0.1552,0.1553,0.1552,0.1553,168.05296
1679084400000,0.1552,0.1552,0.1552,0.1552,44.589019
1679084340000,0.1552,0.1552,0.1552,0.1552,0
1679084280000,0.155,0.1552,0.155,0.1552,0.248202
1679084220000,0.155,0.155,0.155,0.155,0
1679084160000,0.155,0.155,0.155,0.155,0
1679084100000,0.155,0.155,0.155,0.155,0
1679084040000,0.155,0.155,0.155,0.155,0
1679083980000,0.155,0.155,0.155,0.155,0
1679083920000,0.1549,0.155,0.1549,0.155,16.04054
1679083860000,0.1549,0.1549,0.1549,0.1549,0
1679083800000,0.1551,0.1551,0.1549,0.1549,1.197377
1679083740000,0.1549,0.1551,0.1548,0.1551,0.897679
1679083680000,0.1549,0.1549,0.1549,0.1549,0
1679083620000,0.1549,0.1549,0.1549,0.1549,0
1679083560000,0.1549,0.1549,0.1549,0.1549,3.790523
1679083500000,0.1551,0.1552,0.1549,0.1549,58.635651
1679083440000,0.1551,0.1551,0.1551,0.1551,0
1679083380000,0.1551,0.1551,0.1551,0.1551,0
1679083320000,0.1551,0.1551,0.1551,0.1551,0
1679083260000,0.1551,0.1551,0.1551,0.1551,0
1679083200000,0.1551,0.1551,0.1551,0.1551,0
1679083140000,0.1551,0.1551,0.1551,0.1551,0
1679083080000,0.1551,0.1551,0.1551,0.1551,0
1679083020000,0.1552,0.1552,0.1551,0.1551,4.211069
1679082960000,0.1552,0.1552,0.1552,0.1552,1.569236
1679082900000,0.1544,0.1552,0.1544,0.1552,1.161933
1679082840000,0.1544,0.1544,0.1544,0.1544,0
1679082780000,0.1544,0.1544,0.1544,0.1544,0
1679082720000,0.1544,0.1544,0.1544,0.1544,0
1679082660000,0.154,0.1544,0.154,0.1544,0.246303
1679082600000,0.155,0.155,0.154,0.154,77.833068
1679082540000,0.155,0.155,0.155,0.155,0
1679082480000,0.155,0.155,0.155,0.155,0
1679082420000,0.155,0.155,0.155,0.155,0
1679082360000,0.155,0.155,0.155,0.155,0
1679082300000,0.155,0.155,0.155,0.155,0
1679082240000,0.155,0.155,0.155,0.155,0
1679082180000,0.155,0.155,0.155,0.155,0
1679082120000,0.155,0.155,0.155,0.155,0
1679082060000,0.1544,0.155,0.1544,0.155,1.159389
1679082000000,0.1542,0.1544,0.1542,0.1544,0.606291
1679081940000,0.1546,0.1546,0.1542,0.1542,0.939345
1679081880000,0.1546,0.1546,0.1546,0.1546,0
1679081820000,0.1546,0.1546,0.1546,0.1546,0
1679081760000,0.155,0.155,0.1546,0.1546,2.654875
1679081700000,0.155,0.155,0.155,0.155,0
1679081640000,0.1544,0.155,0.1544,0.155,0.118207
1679081580000,0.1545,0.1545,0.1544,0.1544,3.638238
1679081520000,0.1549,0.1549,0.1545,0.1545,0.638707
1679081460000,0.1553,0.1553,0.1549,0.1549,0.646544
1679081400000,0.1553,0.1553,0.1553,0.1553,0.236608
1679081340000,0.1552,0.1553,0.1542,0.1553,58.554804
1679081280000,0.1552,0.1552,0.1542,0.1552,25.34346
1679081220000,0.1553,0.1553,0.1542,0.1552,33.67787
1679081160000,0.1553,0.1553,0.1553,0.1553,0
1679081100000,0.1552,0.1553,0.1552,0.1553,3.059204
1679081040000,0.1552,0.1552,0.1552,0.1552,0
1679080980000,0.1543,0.1552,0.1543,0.1552,0.685974
1679080920000,0.1543,0.1543,0.1543,0.1543,0
1679080860000,0.1543,0.1543,0.1543,0.1543,0
1679080800000,0.1543,0.1543,0.1543,0.1543,0
1679080740000,0.1543,0.1543,0.1543,0.1543,0
1679080680000,0.1547,0.1547,0.1543,0.1543,0.109753
1679080620000,0.1547,0.1547,0.1547,0.1547,0
1679080560000,0.1547,0.1547,0.1547,0.1547,0
1679080500000,0.1547,0.1547,0.1547,0.1547,0
1679080440000,0.1547,0.1547,0.1547,0.1547,0
1679080380000,0.1553,0.1553,0.1547,0.1547,2.91912
1679080320000,0.1553,0.1553,0.1553,0.1553,0
1679080260000,0.1553,0.1553,0.1553,0.1553,0
1679080200000,0.1553,0.1553,0.1553,0.1553,0
1679080140000,0.1549,0.1553,0.1548,0.1553,1270.543116
1679080080000,0.1552,0.1552,0.1549,0.1549,2.434214
1679080020000,0.1552,0.1552,0.1552,0.1552,0
1679079960000,0.1542,0.1552,0.1542,0.1552,671.596008
1679079900000,0.154,0.1543,0.154,0.1542,4444
1679079840000,0.1543,0.1543,0.154,0.154,1.159546
1679079780000,0.1548,0.1548,0.1543,0.1543,0.577352
1679079720000,0.1548,0.1548,0.1548,0.1548,0
1679079660000,0.1547,0.1548,0.1547,0.1548,0.172263
1679079600000,0.1544,0.1547,0.1544,0.1547,0.158326
1679079540000,0.1544,0.1544,0.1544,0.1544,0
1679079480000,0.1546,0.1546,0.1544,0.1544,1.014747
1679079420000,0.1546,0.1546,0.1546,0.1546,0
1679079360000,0.1546,0.1546,0.1546,0.1546,1670.420639
1679079300000,0.1544,0.1546,0.1544,0.1546,1.223323
1679079240000,0.1544,0.1544,0.1544,0.1544,0
1679079180000,0.1544,0.1544,0.1544,0.1544,0
1679079120000,0.1544,0.1544,0.1544,0.1544,0
1679079060000,0.1544,0.1544,0.1544,0.1544,0
1679079000000,0.1536,0.1544,0.1536,0.1544,105.874083
1679078940000,0.1536,0.1536,0.1536,0.1536,0
1679078880000,0.1538,0.1541,0.1521,0.1536,1863.612671
1679078820000,0.1532,0.1538,0.1532,0.1538,718.672465
1679078760000,0.1534,0.1534,0.1532,0.1532,0.237114
1679078700000,0.1534,0.1534,0.1534,0.1534,0
1679078640000,0.1534,0.1534,0.1534,0.1534,0
1679078580000,0.1534,0.1534,0.1534,0.1534,0
1679078520000,0.1534,0.1534,0.1534,0.1534,0
1679078460000,0.1535,0.1535,0.1533,0.1534,0.987648
1679078400000,0.153,0.1536,0.153,0.1535,0.572785
1679078340000,0.153,0.153,0.153,0.153,1026.884454
1679078280000,0.153,0.153,0.153,0.153,0.776503
1679078220000,0.153,0.153,0.153,0.153,0.368498
1679078160000,0.153,0.153,0.153,0.153,0.379905
1679078100000,0.153,0.153,0.153,0.153,1.286654
1679078040000,0.153,0.153,0.153,0.153,0
1679077980000,0.1529,0.153,0.1529,0.153,312.158647
1679077920000,0.1529,0.1529,0.1529,0.1529,0
1679077860000,0.1529,0.1529,0.1513,0.1529,2.400319
1679077800000,0.1529,0.1529,0.1529,0.1529,0
1679077740000,0.1529,0.1529,0.1529,0.1529,54.749575
1679077680000,0.1513,0.1529,0.1513,0.1529,2.10112
1679077620000,0.1529,0.1529,0.1513,0.1513,6.657677
1679077560000,0.1529,0.1529,0.1529,0.1529,0
1679077500000,0.1529,0.1529,0.1529,0.1529,5.105591
1679077440000,0.1529,0.1529,0.1529,0.1529,0
1679077380000,0.1514,0.1529,0.1514,0.1529,0.853885
1679077320000,0.1514,0.1514,0.1514,0.1514,0
1679077260000,0.153,0.153,0.1514,0.1514,7.658353
1679077200000,0.153,0.153,0.153,0.153,0
1679077140000,0.153,0.153,0.153,0.153,0
1679077080000,0.153,0.153,0.153,0.153,0
1679077020000,0.153,0.153,0.153,0.153,0
1679076960000,0.153,0.153,0.153,0.153,0
1679076900000,0.1527,0.153,0.1514,0.153,1094.845352
1679076840000,0.1527,0.1527,0.1527,0.1527,0
1679076780000,0.1519,0.1527,0.1519,0.1527,153.356401
1679076720000,0.1519,0.1519,0.1519,0.1519,5.838864
1679076660000,0.152,0.152,0.1519,0.1519,1.524986
1679076600000,0.152,0.152,0.152,0.152,1639.978556
1679076540000,0.1525,0.1525,0.152,0.152,17.011348
1679076480000,0.153,0.153,0.1525,0.1525,261.940501
1679076420000,0.153,0.153,0.153,0.153,0
1679076360000,0.153,0.153,0.153,0.153,0
1679076300000,0.1534,0.1534,0.153,0.153,0.213346
1679076240000,0.1534,0.1534,0.1534,0.1534,0
1679076180000,0.1534,0.1534,0.1534,0.1534,0
1679076120000,0.1529,0.1534,0.1529,0.1534,9.636769
1679076060000,0.1529,0.1529,0.1529,0.1529,0
1679076000000,0.1529,0.1529,0.1529,0.1529,0
1679075940000,0.1531,0.1531,0.1529,0.1529,0.50209
1679075880000,0.1534,0.1534,0.1531,0.1531,0.309498
1679075820000,0.1534,0.1534,0.1534,0.1534,0
1679075760000,0.1532,0.1535,0.1532,0.1534,0.342333
1679075700000,0.1532,0.1532,0.1532,0.1532,0
1679075640000,0.1532,0.1532,0.1532,0.1532,0
1679075580000,0.1532,0.1532,0.1532,0.1532,0
1679075520000,0.1532,0.1532,0.1532,0.1532,0
1679075460000,0.1532,0.1532,0.1532,0.1532,0
1679075400000,0.1534,0.1534,0.1532,0.1532,0.642475
1679075340000,0.1526,0.1534,0.1526,0.1534,0.956209
1679075280000,0.1532,0.1532,0.1526,0.1526,155.03539
1679075220000,0.1536,0.1536,0.1531,0.1532,0.893705
1679075160000,0.1536,0.1536,0.1536,0.1536,0
1679075100000,0.1536,0.1536,0.1536,0.1536,0
1679075040000,0.1536,0.1536,0.1536,0.1536,0
1679074980000,0.1536,0.1536,0.1536,0.1536,0
1679074920000,0.1529,0.1536,0.1529,0.1536,119.883419
1679074860000,0.1529,0.1529,0.1529,0.1529,0
1679074800000,0.1529,0.1529,0.1529,0.1529,43.667661
1679074740000,0.1529,0.1529,0.1529,0.1529,0
1679074680000,0.1526,0.1529,0.1526,0.1529,2.47251
1679074620000,0.1526,0.1526,0.1526,0.1526,0
1679074560000,0.1528,0.1528,0.1526,0.1526,1.899642
1679074500000,0.1528,0.1528,0.1528,0.1528,987.666197
1679074440000,0.1528,0.1528,0.1528,0.1528,0
1679074380000,0.1528,0.1528,0.1528,0.1528,0
1679074320000,0.1526,0.1528,0.1526,0.1528,3.326193
1679074260000,0.1526,0.1526,0.1526,0.1526,5.273869
1679074200000,0.1526,0.1531,0.1526,0.1526,79.375999
1679074140000,0.1526,0.1526,0.1526,0.1526,48.305985
1679074080000,0.1526,0.1526,0.1526,0.1526,30.772017
1679074020000,0.1526,0.1526,0.1526,0.1526,1.277713
1679073960000,0.1526,0.1526,0.1526,0.1526,0
1679073900000,0.1535,0.1535,0.1526,0.1526,8.24612
1679073840000,0.1533,0.1535,0.1533,0.1535,0.3171
1679073780000,0.1534,0.1534,0.1532,0.1533,44.734369
1679073720000,0.1538,0.1538,0.1534,0.1534,6.041473
1679073660000,0.1538,0.1538,0.1538,0.1538,0
1679073600000,0.1538,0.1538,0.1538,0.1538,0
1679073540000,0.1538,0.1538,0.1538,0.1538,0
1679073480000,0.1538,0.1538,0.1538,0.1538,0
1679073420000,0.1536,0.1538,0.1536,0.1538,2.954871
1679073360000,0.1521,0.1536,0.1521,0.1536,106.429125
1679073300000,0.152,0.1521,0.152,0.1521,2.842534
1679073240000,0.1529,0.153,0.152,0.152,1852.530015
1679073180000,0.1514,0.1529,0.1514,0.1529,106.41866
1679073120000,0.1514,0.1514,0.1514,0.1514,0
1679073060000,0.1514,0.1514,0.1514,0.1514,0
1679073000000,0.1514,0.1514,0.1514,0.1514,0
1679072940000,0.1523,0.1529,0.1514,0.1514,49.766014
1679072880000,0.1523,0.1523,0.1523,0.1523,0
1679072820000,0.1523,0.1523,0.1523,0.1523,0
1679072760000,0.1523,0.1523,0.1523,0.1523,0
1679072700000,0.1523,0.1523,0.1523,0.1523,0
1679072640000,0.1523,0.1523,0.1523,0.1523,0
1679072580000,0.1523,0.1523,0.1523,0.1523,0
1679072520000,0.152,0.1523,0.152,0.1523,1769.400728
1679072460000,0.1517,0.152,0.1516,0.152,70.172363
1679072400000,0.1517,0.1517,0.1517,0.1517,0
1679072340000,0.1509,0.1518,0.1509,0.1517,1.354047
1679072280000,0.1509,0.1509,0.1509,0.1509,0
1679072220000,0.1509,0.1509,0.1509,0.1509,0
1679072160000,0.1509,0.1509,0.1509,0.1509,0
1679072100000,0.1509,0.1509,0.1509,0.1509,0.14321
1679072040000,0.1509,0.1509,0.1509,0.1509,0
1679071980000,0.1509,0.1509,0.1509,0.1509,0.961241
1679071920000,0.1509,0.1509,0.1509,0.1509,4.665761
1679071860000,0.1515,0.1515,0.1509,0.1509,3.004565
1679071800000,0.1515,0.1515,0.1515,0.1515,0
1679071740000,0.1515,0.1515,0.1515,0.1515,0
1679071680000,0.1515,0.1515,0.1515,0.1515,0
1679071620000,0.1515,0.1515,0.1515,0.1515,0
1679071560000,0.152,0.152,0.1515,0.1515,0.126665
1679071500000,0.152,0.152,0.152,0.152,0
1679071440000,0.152,0.152,0.152,0.152,0
1679071380000,0.1509,0.152,0.1509,0.152,0.671695
1679071320000,0.151,0.151,0.1509,0.1509,0.50132
1679071260000,0.151,0.151,0.151,0.151,0
1679071200000,0.151,0.151,0.151,0.151,0
1679071140000,0.1515,0.1515,0.151,0.151,67.425379
1679071080000,0.1511,0.1515,0.1511,0.1515,0.787403
1679071020000,0.1519,0.1519,0.1511,0.1511,109.89166
1679070960000,0.1519,0.1519,0.1519,0.1519,0
1679070900000,0.1517,0.1519,0.1517,0.1519,0.381222
1679070840000,0.152,0.152,0.1517,0.1517,0.805473
1679070780000,0.1523,0.1523,0.152,0.152,0.891951
1679070720000,0.1523,0.1523,0.1523,0.1523,1.091353
1679070660000,0.152,0.1523,0.152,0.1523,2.601845
1679070600000,0.1523,0.1523,0.152,0.152,12.335496
1679070540000,0.1512,0.1528,0.1512,0.1523,28.67929
1679070480000,0.1513,0.1529,0.1512,0.1512,3067.187365
1679070420000,0.1513,0.1513,0.1513,0.1513,0.559421
1679070360000,0.1513,0.1513,0.1513,0.1513,0
1679070300000,0.1519,0.1519,0.1513,0.1513,52.246221
1679070240000,0.1519,0.1519,0.1519,0.1519,0
1679070180000,0.1519,0.1519,0.1519,0.1519,0.956828
1679070120000,0.1526,0.1526,0.1519,0.1519,1812.019362
1679070060000,0.1528,0.1538,0.1526,0.1526,881.50661
1679070000000,0.1536,0.1536,0.1528,0.1528,2.640381
1679069940000,0.1536,0.1536,0.1536,0.1536,0
1679069880000,0.153,0.1536,0.153,0.1536,0.162669
1679069820000,0.153,0.153,0.153,0.153,1768.836345
1679069760000,0.1529,0.153,0.1529,0.153,120.351105
1679069700000,0.1529,0.1529,0.1529,0.1529,0.158822
1679069640000,0.1526,0.1529,0.1526,0.1529,0.299851
1679069580000,0.152,0.1526,0.152,0.1526,422.872065
1679069520000,0.1526,0.1526,0.152,0.152,66.095166
1679069460000,0.1523,0.1526,0.1523,0.1526,0.252924
1679069400000,0.1523,0.1523,0.1523,0.1523,0
1679069340000,0.1516,0.1523,0.1516,0.1523,660.303197
1679069280000,0.1516,0.1516,0.1516,0.1516,0
1679069220000,0.1514,0.1516,0.1514,0.1516,0.70297
1679069160000,0.1514,0.1514,0.1514,0.1514,0
1679069100000,0.1517,0.1517,0.1514,0.1514,7.543336
1679069040000,0.1517,0.1517,0.1517,0.1517,23.625851
1679068980000,0.1517,0.1517,0.1517,0.1517,0
1679068920000,0.1506,0.1517,0.1506,0.1517,1.684475
1679068860000,0.1514,0.1514,0.1506,0.1506,24.443741
1679068800000,0.1514,0.1514,0.1514,0.1514,0
1679068740000,0.1514,0.1514,0.1514,0.1514,0
1679068680000,0.1512,0.1514,0.1512,0.1514,1.360174
1679068620000,0.1512,0.1512,0.1512,0.1512,0
1679068560000,0.1512,0.1512,0.1512,0.1512,0
1679068500000,0.1505,0.1512,0.1505,0.1512,0.198168
1679068440000,0.1505,0.1505,0.1505,0.1505,0
1679068380000,0.1505,0.1505,0.1505,0.1505,0
1679068320000,0.1505,0.1505,0.1505,0.1505,0
1679068260000,0.1505,0.1505,0.1505,0.1505,0
1679068200000,0.1508,0.1508,0.1505,0.1505,12.767997
1679068140000,0.1505,0.1508,0.1505,0.1508,32.834629
1679068080000,0.1505,0.1505,0.1505,0.1505,0
1679068020000,0.1505,0.1505,0.1505,0.1505,0
1679067960000,0.1505,0.1505,0.1505,0.1505,0
1679067900000,0.1514,0.1514,0.1505,0.1505,230.997936
1679067840000,0.1514,0.1514,0.1514,0.1514,0.228936
1679067780000,0.1513,0.1514,0.151,0.1514,150.653134
1679067720000,0.1523,0.1523,0.1513,0.1513,0.355984
1679067660000,0.1523,0.1523,0.1523,0.1523,0
1679067600000,0.151,0.1523,0.151,0.1523,248.269105
1679067540000,0.151,0.151,0.151,0.151,2.815945
1679067480000,0.1512,0.1512,0.151,0.151,4.680373
1679067420000,0.1515,0.1515,0.1512,0.1512,4.011212
1679067360000,0.1514,0.1515,0.1514,0.1515,0.168567
1679067300000,0.1514,0.1514,0.1514,0.1514,0
1679067240000,0.1514,0.1514,0.1514,0.1514,0
1679067180000,0.1514,0.1514,0.1514,0.1514,0
1679067120000,0.1512,0.1514,0.1512,0.1514,7.470595
1679067060000,0.1511,0.1512,0.151,0.1512,50.301606
1679067000000,0.152,0.152,0.1511,0.1511,40.101507
1679066940000,0.1523,0.1523,0.1511,0.152,7.049817
1679066880000,0.1511,0.1523,0.1511,0.1523,22.647866
1679066820000,0.1523,0.1523,0.1511,0.1511,0.392486
1679066760000,0.1523,0.1523,0.1523,0.1523,0.104573
1679066700000,0.1523,0.1523,0.1511,0.1523,9.594175
1679066640000,0.1511,0.1523,0.1511,0.1523,1.733494
1679066580000,0.1523,0.1523,0.1511,0.1511,1.096543
1679066520000,0.1523,0.1523,0.152,0.1523,23.119536
1679066460000,0.1523,0.1523,0.1523,0.1523,45.376878
1679066400000,0.1523,0.1523,0.1522,0.1523,179.072263
1679066340000,0.1523,0.1523,0.1523,0.1523,57.407777
1679066280000,0.1523,0.1523,0.1523,0.1523,124.908376
1679066220000,0.1514,0.1523,0.1514,0.1523,768.886251
1679066160000,0.1514,0.1514,0.1514,0.1514,27195.861937
1679066100000,0.1512,0.1514,0.1512,0.1514,1.215575
1679066040000,0.1514,0.1514,0.1512,0.1512,1.244414
1679065980000,0.1514,0.1514,0.1514,0.1514,0
1679065920000,0.151,0.1514,0.151,0.1514,3.692188
1679065860000,0.151,0.151,0.151,0.151,0
1679065800000,0.1512,0.1512,0.1509,0.151,95.379165
1679065740000,0.1519,0.1519,0.1505,0.1512,1.207529
1679065680000,0.15,0.153,0.15,0.1519,48637.569212
1679065620000,0.15,0.15,0.15,0.15,0.119614
1679065560000,0.15,0.15,0.15,0.15,0.102108
1679065500000,0.15,0.15,0.1499,0.15,0.395277
1679065440000,0.15,0.15,0.1499,0.15,36.590644
1679065380000,0.1498,0.15,0.1498,0.15,366.943466
1679065320000,0.1498,0.1498,0.1498,0.1498,0
1679065260000,0.1499,0.1499,0.1498,0.1498,359.927715
1679065200000,0.1499,0.1499,0.1499,0.1499,44.7307
1679065140000,0.1493,0.1499,0.1493,0.1499,9.122761
1679065080000,0.1493,0.1493,0.1493,0.1493,0
1679065020000,0.1493,0.1493,0.1493,0.1493,0
1679064960000,0.1493,0.1493,0.1493,0.1493,0
1679064900000,0.149,0.1493,0.149,0.1493,0.890002
1679064840000,0.149,0.149,0.149,0.149,0
1679064780000,0.149,0.149,0.149,0.149,27191.124161
1679064720000,0.149,0.149,0.149,0.149,0.97939
1679064660000,0.1487,0.149,0.1487,0.149,1.98954
1679064600000,0.1487,0.1487,0.1487,0.1487,0
1679064540000,0.1487,0.1487,0.1487,0.1487,0
1679064480000,0.1487,0.1487,0.1487,0.1487,0
1679064420000,0.1487,0.1487,0.1487,0.1487,0
1679064360000,0.1487,0.1487,0.1487,0.1487,0
1679064300000,0.1485,0.1487,0.1485,0.1487,2.303001
1679064240000,0.149,0.149,0.1485,0.1485,150.597575
1679064180000,0.1495,0.1495,0.149,0.149,2146.821795
1679064120000,0.1495,0.1495,0.1495,0.1495,0
1679064060000,0.1495,0.1495,0.1495,0.1495,0
1679064000000,0.1496,0.1496,0.1495,0.1495,11.154218
1679063940000,0.1504,0.1507,0.1496,0.1496,1923.966884
1679063880000,0.1513,0.1513,0.1504,0.1504,2688.214748
1679063820000,0.1511,0.1513,0.1507,0.1513,671.303157
1679063760000,0.1521,0.1521,0.1511,0.1511,2.578368
1679063700000,0.1521,0.1521,0.1521,0.1521,0
1679063640000,0.1521,0.1521,0.1521,0.1521,0
1679063580000,0.1521,0.1521,0.1521,0.1521,0
1679063520000,0.1521,0.1521,0.1521,0.1521,0
1679063460000,0.1521,0.1521,0.1521,0.1521,11.499417
1679063400000,0.1509,0.1523,0.1509,0.1521,14.219187
1679063340000,0.1529,0.1529,0.1509,0.1509,2350.732414
1679063280000,0.152,0.1536,0.1515,0.1529,118.815918
1679063220000,0.1524,0.1524,0.152,0.152,1755.933902
1679063160000,0.1532,0.1532,0.1524,0.1524,1660.230057
1679063100000,0.1536,0.1536,0.1528,0.1532,4.223237
1679063040000,0.1535,0.1536,0.1535,0.1536,2.42458
1679062980000,0.1529,0.1535,0.1528,0.1535,0.845489
1679062920000,0.1529,0.1529,0.1529,0.1529,0
1679062860000,0.1529,0.1529,0.1529,0.1529,0
1679062800000,0.1529,0.1529,0.1529,0.1529,0
1679062740000,0.1529,0.1529,0.1529,0.1529,0
1679062680000,0.1529,0.1529,0.1529,0.1529,0
1679062620000,0.1528,0.153,0.1528,0.1529,1.480117
1679062560000,0.1528,0.1528,0.1528,0.1528,0
1679062500000,0.1528,0.1528,0.1528,0.1528,0
1679062440000,0.1544,0.1544,0.1528,0.1528,2081.48625
1679062380000,0.1544,0.1544,0.1544,0.1544,0
1679062320000,0.1544,0.1544,0.1544,0.1544,0
1679062260000,0.1544,0.1544,0.1544,0.1544,0
1679062200000,0.1544,0.1544,0.1544,0.1544,0
1679062140000,0.1553,0.1553,0.1543,0.1544,0.651595
1679062080000,0.1553,0.1553,0.1553,0.1553,0
1679062020000,0.1553,0.1553,0.1553,0.1553,0.244012
1679061960000,0.1553,0.1553,0.1553,0.1553,0
1679061900000,0.1553,0.1553,0.1553,0.1553,0
1679061840000,0.1552,0.1553,0.1552,0.1553,307.559256
1679061780000,0.1552,0.1552,0.1552,0.1552,0
1679061720000,0.1552,0.1552,0.1552,0.1552,0
1679061660000,0.1542,0.1552,0.1536,0.1552,4.198511
1679061600000,0.1542,0.1542,0.1542,0.1542,0
1679061540000,0.1542,0.1542,0.1542,0.1542,0
1679061480000,0.1542,0.1542,0.1542,0.1542,0
1679061420000,0.1554,0.1554,0.1542,0.1542,1867.344397
1679061360000,0.1543,0.1576,0.1539,0.1554,9105.826221
1679061300000,0.1543,0.1543,0.1543,0.1543,1.509632
1679061240000,0.1543,0.1543,0.1543,0.1543,0
1679061180000,0.1543,0.1543,0.1543,0.1543,0.583363
1679061120000,0.1543,0.1543,0.1543,0.1543,0
1679061060000,0.1543,0.1543,0.1543,0.1543,3.351194
1679061000000,0.1543,0.1543,0.1543,0.1543,0
1679060940000,0.1544,0.1544,0.1543,0.1543,19.403315
1679060880000,0.1549,0.1549,0.1544,0.1544,0.731515
1679060820000,0.1549,0.1549,0.1549,0.1549,0
1679060760000,0.1549,0.1549,0.1549,0.1549,0
1679060700000,0.1549,0.1549,0.1549,0.1549,0
1679060640000,0.1549,0.1549,0.1549,0.1549,0
1679060580000,0.1549,0.1549,0.1549,0.1549,0
1679060520000,0.1549,0.1549,0.1549,0.1549,0
1679060460000,0.1552,0.1552,0.1549,0.1549,0.919685
1679060400000,0.1551,0.1552,0.1551,0.1552,1.882305
1679060340000,0.1554,0.1554,0.1551,0.1551,0.259859
1679060280000,0.1547,0.1554,0.1547,0.1554,1.707236
1679060220000,0.1547,0.1547,0.1547,0.1547,0
1679060160000,0.1547,0.1547,0.1547,0.1547,0.737799
1679060100000,0.1553,0.1553,0.1547,0.1547,0.835512
1679060040000,0.1553,0.1553,0.1553,0.1553,0
1679059980000,0.1552,0.1553,0.1552,0.1553,1454.196832
1679059920000,0.1552,0.1552,0.1537,0.1552,109.199088
1679059860000,0.1537,0.1552,0.1537,0.1552,2.189374
1679059800000,0.1553,0.1553,0.1537,0.1537,131.282798
1679059740000,0.1553,0.1553,0.1536,0.1553,1015.017509
1679059680000,0.1553,0.1553,0.1553,0.1553,10.482379
1679059620000,0.1553,0.1553,0.1543,0.1553,679.141434
1679059560000,0.155,0.1553,0.155,0.1553,307.559256
1679059500000,0.155,0.155,0.155,0.155,14.102511
1679059440000,0.155,0.155,0.155,0.155,0
1679059380000,0.1543,0.155,0.1543,0.155,2.337234
1679059320000,0.1543,0.1543,0.1543,0.1543,0
1679059260000,0.1543,0.1543,0.1543,0.1543,0
1679059200000,0.1543,0.1543,0.1543,0.1543,0
1679059140000,0.155,0.155,0.1543,0.1543,4.327553
1679059080000,0.1544,0.155,0.1544,0.155,0.410026
1679059020000,0.1544,0.1544,0.1544,0.1544,0
1679058960000,0.1544,0.1544,0.1544,0.1544,0
1679058900000,0.155,0.155,0.1544,0.1544,50.37262
1679058840000,0.155,0.155,0.155,0.155,0.116722
1679058780000,0.155,0.155,0.155,0.155,5.69281
1679058720000,0.155,0.155,0.155,0.155,3.083453
1679058660000,0.155,0.155,0.155,0.155,0
1679058600000,0.155,0.155,0.155,0.155,0
1679058540000,0.155,0.155,0.155,0.155,0.691072
1679058480000,0.155,0.155,0.155,0.155,0
1679058420000,0.155,0.155,0.155,0.155,0
1679058360000,0.1548,0.155,0.1548,0.155,4.663214
1679058300000,0.1548,0.1548,0.1548,0.1548,0
1679058240000,0.1545,0.1548,0.1545,0.1548,0.161817
1679058180000,0.1545,0.1545,0.1545,0.1545,0
1679058120000,0.1546,0.1546,0.1545,0.1545,1.577921
1679058060000,0.1546,0.1546,0.1546,0.1546,0
1679058000000,0.1546,0.1546,0.1546,0.1546,0
1679057940000,0.1546,0.1546,0.1546,0.1546,0
1679057880000,0.1546,0.1546,0.1546,0.1546,0
1679057820000,0.1547,0.1548,0.1546,0.1546,1.561039
1679057760000,0.1548,0.1548,0.1547,0.1547,7.841364
1679057700000,0.1536,0.1548,0.1536,0.1548,34.533994
1679057640000,0.1536,0.1536,0.1536,0.1536,0
1679057580000,0.1536,0.1536,0.1536,0.1536,0
1679057520000,0.1536,0.1536,0.1536,0.1536,0
1679057460000,0.1546,0.1546,0.1536,0.1536,24.499558
1679057400000,0.1546,0.1546,0.1546,0.1546,0
1679057340000,0.1546,0.1546,0.1546,0.1546,0
1679057280000,0.1546,0.1546,0.1546,0.1546,0
1679057220000,0.1546,0.1546,0.1546,0.1546,0
1679057160000,0.1546,0.1546,0.1546,0.1546,1666.094091
1679057100000,0.154,0.1546,0.154,0.1546,4.511137
1679057040000,0.1544,0.1544,0.154,0.154,0.66919
1679056980000,0.1544,0.1544,0.1544,0.1544,0
1679056920000,0.1535,0.1544,0.1535,0.1544,0.136232
1679056860000,0.1535,0.1535,0.1535,0.1535,0
1679056800000,0.1537,0.1537,0.1535,0.1535,14.125346
1679056740000,0.1536,0.1537,0.1536,0.1537,0.489925
1679056680000,0.154,0.154,0.1536,0.1536,2087.569736
1679056620000,0.1548,0.1548,0.154,0.154,1836.204739
1679056560000,0.1551,0.1551,0.1548,0.1548,2.936647
1679056500000,0.1559,0.1559,0.1551,0.1551,2.30014
1679056440000,0.1559,0.1559,0.1559,0.1559,0
1679056380000,0.1559,0.1559,0.1559,0.1559,0
1679056320000,0.1559,0.1559,0.1559,0.1559,0
1679056260000,0.1559,0.1559,0.1559,0.1559,0
1679056200000,0.1559,0.1559,0.1559,0.1559,22.147097
1679056140000,0.1549,0.1561,0.1549,0.1559,131.109408
1679056080000,0.1561,0.1561,0.1549,0.1549,8.055859
1679056020000,0.1557,0.1561,0.155,0.1561,2591.058949
1679055960000,0.1554,0.1574,0.1554,0.1557,3901.61882
1679055900000,0.1561,0.1561,0.1554,0.1554,3.3217
1679055840000,0.1557,0.1561,0.1557,0.1561,8.923579
1679055780000,0.1557,0.1557,0.1557,0.1557,0.503447
1679055720000,0.1557,0.1557,0.1557,0.1557,0
1679055660000,0.1557,0.1557,0.1557,0.1557,0
1679055600000,0.1557,0.1557,0.1557,0.1557,0
1679055540000,0.1557,0.1557,0.1557,0.1557,0
1679055480000,0.156,0.156,0.1557,0.1557,761.441411
1679055420000,0.156,0.156,0.156,0.156,0
1679055360000,0.156,0.156,0.156,0.156,0
1679055300000,0.156,0.1561,0.156,0.156,4.429097
1679055240000,0.156,0.156,0.156,0.156,0
1679055180000,0.156,0.156,0.156,0.156,0
1679055120000,0.1563,0.1563,0.156,0.156,2.29532
1679055060000,0.1562,0.1563,0.1562,0.1563,2.861469
1679055000000,0.1565,0.1565,0.1561,0.1562,7.35355
1679054940000,0.1566,0.1566,0.1565,0.1565,104.45028
1679054880000,0.1566,0.1566,0.1566,0.1566,1635.986614
1679054820000,0.1566,0.1566,0.1566,0.1566,3.296218
1679054760000,0.157,0.157,0.1566,0.1566,467.691446
1679054700000,0.1573,0.1573,0.157,0.157,4.05372
1679054640000,0.1581,0.1581,0.1573,0.1573,1735.257317
1679054580000,0.1581,0.1581,0.1581,0.1581,0
1679054520000,0.1581,0.1581,0.1581,0.1581,0
1679054460000,0.1581,0.1581,0.1581,0.1581,0
1679054400000,0.1581,0.1581,0.1581,0.1581,0
1679054340000,0.1593,0.1593,0.1581,0.1581,1726.481982
1679054280000,0.1593,0.1593,0.1593,0.1593,0
1679054220000,0.1593,0.1593,0.1593,0.1593,0
1679054160000,0.1593,0.1593,0.1593,0.1593,0
1679054100000,0.1593,0.1593,0.1593,0.1593,1255.49278
1679054040000,0.1593,0.1593,0.1593,0.1593,0.697486
1679053980000,0.1588,0.1593,0.1588,0.1593,980.699562
1679053920000,0.1585,0.1588,0.1585,0.1588,406.685101
1679053860000,0.1585,0.1585,0.1585,0.1585,0
1679053800000,0.1585,0.1585,0.1585,0.1585,0
1679053740000,0.1581,0.1585,0.1581,0.1585,1740.618987
1679053680000,0.158,0.1581,0.158,0.1581,5.106824
1679053620000,0.158,0.158,0.158,0.158,0
1679053560000,0.1578,0.158,0.1578,0.158,64.386129
1679053500000,0.1575,0.1578,0.1575,0.1578,29.268861
1679053440000,0.1575,0.1575,0.1575,0.1575,15.940729
1679053380000,0.1575,0.1575,0.1575,0.1575,0
1679053320000,0.1575,0.1575,0.1575,0.1575,0
1679053260000,0.1575,0.1575,0.1575,0.1575,0
1679053200000,0.1576,0.1576,0.1575,0.1575,5.218099
1679053140000,0.1576,0.1576,0.1576,0.1576,0
1679053080000,0.1576,0.1576,0.1576,0.1576,0
1679053020000,0.1567,0.1576,0.1567,0.1576,2101.264424
1679052960000,0.1567,0.1567,0.1567,0.1567,0
1679052900000,0.1567,0.1567,0.1567,0.1567,0
1679052840000,0.1559,0.1568,0.1559,0.1567,5.834777
1679052780000,0.1559,0.1559,0.1559,0.1559,32.498637
1679052720000,0.1559,0.1563,0.1559,0.1559,11.645136
1679052660000,0.1561,0.1562,0.1559,0.1559,7.815692
1679052600000,0.1565,0.1565,0.1559,0.1561,36.698981
1679052540000,0.1559,0.1565,0.1559,0.1565,6.81498
1679052480000,0.1559,0.1559,0.1559,0.1559,8.769904
1679052420000,0.1559,0.1559,0.1559,0.1559,0
1679052360000,0.1559,0.1559,0.1559,0.1559,0
1679052300000,0.1559,0.1559,0.1559,0.1559,7.505832
1679052240000,0.1559,0.1559,0.1559,0.1559,0
1679052180000,0.1559,0.1559,0.1559,0.1559,1.755099
1679052120000,0.1571,0.1571,0.1559,0.1559,15.124283
1679052060000,0.1571,0.1571,0.1571,0.1571,0
1679052000000,0.1571,0.1571,0.1571,0.1571,0
1679051940000,0.1571,0.1571,0.1571,0.1571,0
1679051880000,0.1571,0.1571,0.1571,0.1571,0
1679051820000,0.1571,0.1571,0.1571,0.1571,0
1679051760000,0.1571,0.1571,0.1571,0.1571,0
1679051700000,0.1571,0.1571,0.1571,0.1571,0
1679051640000,0.1559,0.1571,0.1559,0.1571,31.832165
1679051580000,0.1576,0.1576,0.1559,0.1559,1096.615501
1679051520000,0.1576,0.1576,0.1576,0.1576,0
1679051460000,0.1576,0.1576,0.1576,0.1576,0
1679051400000,0.1557,0.1576,0.1557,0.1576,206.931752
1679051340000,0.1572,0.1572,0.1557,0.1557,2.134871
1679051280000,0.1559,0.1572,0.1559,0.1572,1081.616113
1679051220000,0.1559,0.1559,0.1559,0.1559,0
1679051160000,0.1554,0.1559,0.1553,0.1559,4.17835
1679051100000,0.1557,0.1557,0.1552,0.1554,51.943203
1679051040000,0.156,0.156,0.1557,0.1557,104.414526
1679050980000,0.156,0.156,0.156,0.156,0
1679050920000,0.156,0.156,0.156,0.156,0
1679050860000,0.156,0.156,0.156,0.156,0
1679050800000,0.1558,0.156,0.1558,0.156,0.560501
1679050740000,0.1569,0.1569,0.1558,0.1558,2.184367
1679050680000,0.1569,0.1569,0.1569,0.1569,0
1679050620000,0.1569,0.1569,0.1569,0.1569,0
1679050560000,0.1569,0.1569,0.1569,0.1569,0
1679050500000,0.1569,0.1569,0.1567,0.1569,925.748848
1679050440000,0.1569,0.1569,0.1569,0.1569,2.868483
1679050380000,0.1569,0.1569,0.1569,0.1569,165.710642
1679050320000,0.1567,0.1569,0.1567,0.1569,246.016569
1679050260000,0.1563,0.1567,0.1562,0.1567,84.237396
1679050200000,0.1563,0.1563,0.1563,0.1563,0
1679050140000,0.1558,0.1563,0.1558,0.1563,4.739744
1679050080000,0.1553,0.1558,0.1553,0.1558,9.31144
1679050020000,0.156,0.156,0.1553,0.1553,1.42712
1679049960000,0.156,0.156,0.156,0.156,0
1679049900000,0.156,0.156,0.156,0.156,0
1679049840000,0.1555,0.156,0.1555,0.156,13.43424
1679049780000,0.1563,0.1567,0.1555,0.1555,2.644383
1679049720000,0.1563,0.1563,0.1563,0.1563,0
1679049660000,0.1561,0.1563,0.1561,0.1563,29.033956
1679049600000,0.1561,0.1561,0.1561,0.1561,0
1679049540000,0.1561,0.1561,0.1561,0.1561,0
1679049480000,0.1559,0.1561,0.1559,0.1561,1719.57676
1679049420000,0.155,0.1559,0.155,0.1559,519.621048
1679049360000,0.1548,0.155,0.1548,0.155,4.430188
1679049300000,0.1542,0.1548,0.1542,0.1548,2.971302
1679049240000,0.1542,0.1542,0.1542,0.1542,0
1679049180000,0.1542,0.1542,0.1542,0.1542,0
1679049120000,0.1542,0.1542,0.1542,0.1542,0
1679049060000,0.1552,0.1553,0.1537,0.1542,1668.861945
1679049000000,0.1537,0.1552,0.1537,0.1552,646.436951
1679048940000,0.1537,0.1547,0.1537,0.1537,95.672793
1679048880000,0.1537,0.1537,0.1537,0.1537,43.652759
1679048820000,0.1537,0.1537,0.1537,0.1537,2.16701
1679048760000,0.1537,0.1537,0.1537,0.1537,0
1679048700000,0.1549,0.1549,0.1537,0.1537,11.72733
1679048640000,0.1549,0.1549,0.1549,0.1549,0
1679048580000,0.1544,0.1549,0.1534,0.1549,1680.618003
1679048520000,0.1544,0.1544,0.1544,0.1544,0
1679048460000,0.1536,0.1544,0.1536,0.1544,2131.386634
1679048400000,0.1534,0.1536,0.1534,0.1536,105.540531
1679048340000,0.1534,0.1534,0.1534,0.1534,0
1679048280000,0.1534,0.1534,0.1534,0.1534,0
1679048220000,0.1534,0.1534,0.1534,0.1534,0
1679048160000,0.1536,0.1536,0.1534,0.1534,2.730298
1679048100000,0.1536,0.1536,0.1536,0.1536,0
1679048040000,0.152,0.1536,0.152,0.1536,0.888594
1679047980000,0.152,0.152,0.152,0.152,0
1679047920000,0.152,0.152,0.152,0.152,0
1679047860000,0.152,0.152,0.152,0.152,0
1679047800000,0.1523,0.153,0.152,0.152,2111.593996
1679047740000,0.152,0.1529,0.1505,0.1523,6212.568473
1679047680000,0.1518,0.153,0.1518,0.152,2242.641614
1679047620000,0.1518,0.1518,0.1518,0.1518,0
1679047560000,0.1518,0.1518,0.1518,0.1518,0
1679047500000,0.1518,0.1518,0.1518,0.1518,0
1679047440000,0.1518,0.1518,0.1518,0.1518,0
1679047380000,0.1526,0.1529,0.1517,0.1518,109.272811
1679047320000,0.1526,0.1526,0.1526,0.1526,0
1679047260000,0.1526,0.1526,0.1526,0.1526,0
1679047200000,0.1526,0.1526,0.1526,0.1526,0
1679047140000,0.1526,0.1526,0.1526,0.1526,0
1679047080000,0.1526,0.1526,0.1526,0.1526,0
1679047020000,0.1523,0.1526,0.1523,0.1526,423.858585
1679046960000,0.1523,0.1523,0.1523,0.1523,0
1679046900000,0.1523,0.1523,0.1523,0.1523,0
1679046840000,0.1523,0.1523,0.1523,0.1523,1694.390693
1679046780000,0.1519,0.1523,0.1519,0.1523,1.610384
1679046720000,0.1518,0.1519,0.1518,0.1519,5.515235
1679046660000,0.1518,0.1518,0.1518,0.1518,0
1679046600000,0.1518,0.1518,0.1518,0.1518,0
1679046540000,0.1517,0.1518,0.1517,0.1518,3.875131
1679046480000,0.1517,0.1517,0.1517,0.1517,0
1679046420000,0.1517,0.1517,0.1517,0.1517,0
1679046360000,0.1517,0.1517,0.1517,0.1517,25.265532
1679046300000,0.1522,0.1522,0.1517,0.1517,0.122319
1679046240000,0.1522,0.1522,0.1522,0.1522,0
1679046180000,0.1522,0.1522,0.1522,0.1522,0
1679046120000,0.1522,0.1522,0.1522,0.1522,0.769718
1679046060000,0.1522,0.1522,0.1522,0.1522,0
1679046000000,0.1522,0.1522,0.1522,0.1522,0.881308
1679045940000,0.152,0.1522,0.152,0.1522,3.941432
1679045880000,0.1521,0.1521,0.152,0.152,0.905741
1679045820000,0.1521,0.1521,0.1521,0.1521,0
1679045760000,0.1521,0.1521,0.1521,0.1521,0
1679045700000,0.1521,0.1521,0.1521,0.1521,0
1679045640000,0.1521,0.1521,0.1521,0.1521,0
1679045580000,0.1521,0.1521,0.1521,0.1521,0
1679045520000,0.152,0.1521,0.1517,0.1521,173.320501
1679045460000,0.1505,0.152,0.1505,0.152,23.486451
1679045400000,0.1514,0.1515,0.1501,0.1505,55579.057757
1679045340000,0.1511,0.1514,0.1501,0.1514,3.22506
1679045280000,0.1501,0.1511,0.1501,0.1511,2.709522
1679045220000,0.1501,0.1501,0.1501,0.1501,0
1679045160000,0.1511,0.1511,0.1501,0.1501,11.305256
1679045100000,0.1512,0.1512,0.1511,0.1511,0.676608
1679045040000,0.1505,0.1512,0.1505,0.1512,0.754064
1679044980000,0.1504,0.1505,0.1504,0.1505,1.095846
1679044920000,0.1504,0.1504,0.1504,0.1504,0
1679044860000,0.1504,0.1504,0.1504,0.1504,0
1679044800000,0.1501,0.1504,0.1501,0.1504,0.315971
1679044740000,0.1501,0.1501,0.1501,0.1501,0
1679044680000,0.1501,0.1501,0.1501,0.1501,0
1679044620000,0.1501,0.1501,0.1501,0.1501,759.724672
1679044560000,0.1501,0.1501,0.1501,0.1501,0
1679044500000,0.1501,0.1501,0.1501,0.1501,0
1679044440000,0.1501,0.1501,0.1501,0.1501,0
1679044380000,0.1501,0.1501,0.1501,0.1501,0
1679044320000,0.1502,0.1502,0.1501,0.1501,11.915259
1679044260000,0.1502,0.1502,0.1502,0.1502,0
1679044200000,0.1502,0.1502,0.1502,0.1502,0
1679044140000,0.1502,0.1502,0.1502,0.1502,0
1679044080000,0.1508,0.1508,0.1501,0.1502,9.966935
1679044020000,0.1508,0.1508,0.1508,0.1508,0
1679043960000,0.1508,0.1508,0.1508,0.1508,0
1679043900000,0.1507,0.1508,0.1507,0.1508,0.116574
1679043840000,0.1507,0.1507,0.1507,0.1507,0
1679043780000,0.1507,0.1507,0.1507,0.1507,0
1679043720000,0.1507,0.1507,0.1507,0.1507,0
1679043660000,0.1508,0.1508,0.1503,0.1507,0.711329
1679043600000,0.1508,0.1508,0.1508,0.1508,0
1679043540000,0.1508,0.1508,0.1508,0.1508,0
1679043480000,0.1509,0.1509,0.1508,0.1508,3.072761
1679043420000,0.1509,0.1509,0.1509,0.1509,0
1679043360000,0.1509,0.1509,0.1509,0.1509,0
1679043300000,0.1507,0.1509,0.1507,0.1509,1.905463
1679043240000,0.15,0.1507,0.15,0.1507,0.277453
1679043180000,0.15,0.15,0.15,0.15,0
1679043120000,0.15,0.15,0.15,0.15,0
1679043060000,0.15,0.15,0.15,0.15,0
1679043000000,0.15,0.15,0.15,0.15,0
1679042940000,0.15,0.15,0.15,0.15,11.507201
1679042880000,0.15,0.15,0.15,0.15,0
1679042820000,0.15,0.15,0.15,0.15,0
1679042760000,0.15,0.15,0.15,0.15,0
1679042700000,0.1503,0.1503,0.15,0.15,2.651719
1679042640000,0.1503,0.1503,0.1503,0.1503,0
1679042580000,0.1501,0.1503,0.1501,0.1503,0.838125
1679042520000,0.15,0.1501,0.15,0.1501,0.149694
1679042460000,0.15,0.15,0.15,0.15,0
1679042400000,0.15,0.15,0.15,0.15,0
1679042340000,0.15,0.15,0.15,0.15,0
1679042280000,0.1506,0.1506,0.15,0.15,2.699002
1679042220000,0.1503,0.1506,0.1503,0.1506,0.156698
1679042160000,0.1501,0.1503,0.1501,0.1503,2.24315
1679042100000,0.1501,0.1501,0.1501,0.1501,0
1679042040000,0.1501,0.1501,0.1501,0.1501,0
1679041980000,0.1501,0.1501,0.1501,0.1501,0
1679041920000,0.1501,0.1501,0.1501,0.1501,0
1679041860000,0.1501,0.1514,0.1501,0.1501,3.480817
1679041800000,0.1514,0.1514,0.1501,0.1501,23.684268
1679041740000,0.1501,0.1514,0.1501,0.1514,15.817707
1679041680000,0.1514,0.1514,0.1501,0.1501,5.269513
1679041620000,0.1514,0.1514,0.1514,0.1514,0.106144
1679041560000,0.1513,0.1514,0.1513,0.1514,8.05836
1679041500000,0.1514,0.1514,0.1513,0.1513,1.757163
1679041440000,0.1514,0.1514,0.1514,0.1514,0
1679041380000,0.1507,0.1514,0.1507,0.1514,0.925027
1679041320000,0.1507,0.1507,0.1507,0.1507,0
1679041260000,0.1507,0.1507,0.1507,0.1507,0
1679041200000,0.1507,0.1507,0.1507,0.1507,0
1679041140000,0.1507,0.1507,0.1507,0.1507,0
1679041080000,0.151,0.151,0.1507,0.1507,0.576394
1679041020000,0.151,0.151,0.151,0.151,0
1679040960000,0.1512,0.1512,0.151,0.151,0.421393
1679040900000,0.1514,0.1514,0.1512,0.1512,8.939718
1679040840000,0.1514,0.1514,0.1514,0.1514,0
1679040780000,0.1513,0.1514,0.1513,0.1514,31.368485
1679040720000,0.1514,0.1514,0.1513,0.1513,34.905591
1679040660000,0.151,0.1514,0.151,0.1514,0.400266
1679040600000,0.151,0.151,0.151,0.151,0
1679040540000,0.151,0.151,0.151,0.151,63.726214
1679040480000,0.151,0.151,0.151,0.151,1.838545
1679040420000,0.1508,0.151,0.1508,0.151,1.092953
1679040360000,0.1506,0.1508,0.1506,0.1508,1712.983732
1679040300000,0.1504,0.1506,0.1504,0.1506,74.977501
1679040240000,0.1505,0.1505,0.1504,0.1504,0.104484
1679040180000,0.1505,0.1505,0.1505,0.1505,0
1679040120000,0.1505,0.1505,0.1505,0.1505,0
1679040060000,0.1506,0.1506,0.1505,0.1505,2.819009
1679040000000,0.1506,0.1506,0.1506,0.1506,8.151014
1679039940000,0.1506,0.1506,0.1506,0.1506,0
1679039880000,0.1506,0.1506,0.1506,0.1506,0.516729
1679039820000,0.1503,0.1506,0.1503,0.1506,4.111687
1679039760000,0.1503,0.1503,0.1503,0.1503,0
1679039700000,0.1503,0.1503,0.1503,0.1503,0
1679039640000,0.1503,0.1503,0.1503,0.1503,0
1679039580000,0.1503,0.1503,0.1503,0.1503,0
1679039520000,0.1503,0.1503,0.1503,0.1503,0
1679039460000,0.1503,0.1503,0.1503,0.1503,0
1679039400000,0.1505,0.1505,0.1503,0.1503,0.909766
1679039340000,0.1505,0.1505,0.1505,0.1505,0
1679039280000,0.1506,0.1506,0.1505,0.1505,3.084159
1679039220000,0.1506,0.1506,0.1506,0.1506,0
1679039160000,0.1506,0.1506,0.1506,0.1506,0
1679039100000,0.1506,0.1506,0.1506,0.1506,0
1679039040000,0.1506,0.1506,0.1506,0.1506,0
1679038980000,0.1504,0.1506,0.1504,0.1506,0.290248
1679038920000,0.1504,0.1504,0.1504,0.1504,0
1679038860000,0.1504,0.1504,0.1504,0.1504,0
1679038800000,0.1504,0.1505,0.1504,0.1504,2.874515
1679038740000,0.1503,0.1504,0.1503,0.1504,0.32461
1679038680000,0.1503,0.1503,0.1503,0.1503,0
1679038620000,0.1498,0.1503,0.1498,0.1503,0.506527
1679038560000,0.1498,0.1498,0.1498,0.1498,0
1679038500000,0.1498,0.1498,0.1498,0.1498,0
1679038440000,0.1506,0.1506,0.1498,0.1498,0.170558
1679038380000,0.1506,0.1506,0.1506,0.1506,0
1679038320000,0.1506,0.1506,0.1503,0.1506,3.092649
1679038260000,0.1506,0.1506,0.1506,0.1506,0
1679038200000,0.1506,0.1506,0.1503,0.1506,11.658507
1679038140000,0.1506,0.1506,0.1506,0.1506,2.114674
1679038080000,0.1496,0.1506,0.1494,0.1506,7.634116
1679038020000,0.1496,0.1496,0.1496,0.1496,0
1679037960000,0.1496,0.1496,0.1496,0.1496,103.110721
1679037900000,0.15,0.15,0.1496,0.1496,55597.615104
1679037840000,0.15,0.15,0.15,0.15,0
1679037780000,0.1504,0.1504,0.15,0.15,1.144674
1679037720000,0.1505,0.1505,0.1504,0.1504,108.094027
1679037660000,0.1505,0.1505,0.1505,0.1505,1688.329093
1679037600000,0.1509,0.1509,0.1505,0.1505,18.393995
1679037540000,0.1509,0.1509,0.1509,0.1509,0
1679037480000,0.151,0.151,0.1509,0.1509,423.548537
1679037420000,0.1511,0.1511,0.151,0.151,66.225165
1679037360000,0.1517,0.1517,0.1511,0.1511,1805.292037
1679037300000,0.1517,0.1517,0.1517,0.1517,0
1679037240000,0.1517,0.1517,0.1517,0.1517,0
1679037180000,0.1517,0.1517,0.1517,0.1517,0
1679037120000,0.1517,0.1517,0.1517,0.1517,0
1679037060000,0.1516,0.1517,0.1514,0.1517,3.559741
1679037000000,0.1514,0.1516,0.1514,0.1516,3.998404
1679036940000,0.1516,0.1517,0.1514,0.1514,9.463544
1679036880000,0.1522,0.1522,0.1516,0.1516,1.236092
1679036820000,0.152,0.1522,0.1518,0.1522,1.560364
1679036760000,0.152,0.152,0.152,0.152,0
1679036700000,0.1521,0.1521,0.152,0.152,10.60481
1679036640000,0.1521,0.1521,0.1521,0.1521,0
1679036580000,0.1525,0.1525,0.1521,0.1521,25.827148
1679036520000,0.1525,0.1525,0.1525,0.1525,0
1679036460000,0.1525,0.1525,0.1525,0.1525,0
1679036400000,0.1525,0.1525,0.1525,0.1525,1.077064
1679036340000,0.152,0.1525,0.152,0.1525,0.660055
1679036280000,0.1526,0.1526,0.152,0.152,67.437568
1679036220000,0.1526,0.1526,0.1526,0.1526,0
1679036160000,0.1514,0.1526,0.1514,0.1526,424.03469
1679036100000,0.1514,0.1514,0.1514,0.1514,0
1679036040000,0.1514,0.1514,0.1514,0.1514,0
1679035980000,0.1514,0.1514,0.1514,0.1514,0
1679035920000,0.1514,0.1514,0.1514,0.1514,0
1679035860000,0.1514,0.1514,0.1514,0.1514,0
1679035800000,0.1514,0.1514,0.1514,0.1514,0
1679035740000,0.1521,0.1524,0.1514,0.1514,8466.696283
1679035680000,0.152,0.1521,0.152,0.1521,0.402658
1679035620000,0.1521,0.1521,0.1519,0.152,11.819021
1679035560000,0.1521,0.1521,0.1521,0.1521,0
1679035500000,0.1521,0.1521,0.1521,0.1521,0.150786
1679035440000,0.1515,0.1521,0.1515,0.1521,67.062983
1679035380000,0.1515,0.1515,0.1515,0.1515,0
1679035320000,0.1514,0.1515,0.1514,0.1515,55309.762555
1679035260000,0.1511,0.1514,0.1511,0.1514,133.691122
1679035200000,0.1511,0.1511,0.1511,0.1511,0
1679035140000,0.1511,0.1511,0.1511,0.1511,0
1679035080000,0.1508,0.1511,0.1508,0.1511,493.909899
1679035020000,0.1508,0.1508,0.1508,0.1508,0
1679034960000,0.1508,0.1508,0.1508,0.1508,0
1679034900000,0.1508,0.1508,0.1508,0.1508,0
1679034840000,0.1502,0.1508,0.1502,0.1508,2304.67385
1679034780000,0.1499,0.1502,0.1499,0.1502,1.12745
1679034720000,0.1493,0.1499,0.1493,0.1499,53604.309282
1679034660000,0.149,0.1493,0.149,0.1493,16.920912
1679034600000,0.149,0.149,0.149,0.149,0
1679034540000,0.149,0.149,0.149,0.149,50.100785
1679034480000,0.1499,0.1499,0.149,0.149,14.915307
1679034420000,0.1499,0.1499,0.1499,0.1499,0
1679034360000,0.1499,0.1499,0.1499,0.1499,0
1679034300000,0.15,0.15,0.1491,0.1499,14.848013
1679034240000,0.1491,0.15,0.1491,0.15,918.159772
1679034180000,0.1497,0.1497,0.1491,0.1491,0.768302
1679034120000,0.1486,0.1497,0.1486,0.1497,0.948802
1679034060000,0.1486,0.1486,0.1486,0.1486,0
1679034000000,0.1486,0.1486,0.1486,0.1486,0
1679033940000,0.1491,0.1491,0.1486,0.1486,0.516859
1679033880000,0.1491,0.1491,0.1491,0.1491,0
1679033820000,0.1491,0.1491,0.1491,0.1491,0
1679033760000,0.1491,0.1491,0.1491,0.1491,0
1679033700000,0.1491,0.1491,0.1491,0.1491,0.25278
1679033640000,0.1491,0.1491,0.1491,0.1491,0
1679033580000,0.1491,0.1491,0.1491,0.1491,0
1679033520000,0.1492,0.1492,0.1491,0.1491,0.114068
1679033460000,0.1499,0.1499,0.1492,0.1492,5.944811
1679033400000,0.1499,0.1499,0.1499,0.1499,0
1679033340000,0.1489,0.1499,0.1482,0.1499,1.148831
1679033280000,0.1489,0.1489,0.1489,0.1489,0
1679033220000,0.1489,0.1489,0.1489,0.1489,0
1679033160000,0.1489,0.1489,0.1489,0.1489,0
1679033100000,0.1489,0.1489,0.1489,0.1489,0
1679033040000,0.1489,0.1489,0.1489,0.1489,0
1679032980000,0.1489,0.1489,0.1489,0.1489,0.51228
1679032920000,0.1488,0.1489,0.1488,0.1489,0.396661
1679032860000,0.1488,0.1488,0.1488,0.1488,0
1679032800000,0.1487,0.1488,0.1487,0.1488,0.620871
1679032740000,0.1487,0.1487,0.1487,0.1487,0
1679032680000,0.149,0.149,0.1487,0.1487,2.305644
1679032620000,0.149,0.149,0.1487,0.149,4.908694
1679032560000,0.149,0.149,0.149,0.149,0
1679032500000,0.1492,0.1492,0.149,0.149,2.403645
1679032440000,0.1494,0.1494,0.1492,0.1492,13.093744
1679032380000,0.1494,0.1494,0.1494,0.1494,0
1679032320000,0.1481,0.1494,0.1481,0.1494,1.370555
1679032260000,0.1481,0.1481,0.1481,0.1481,0
1679032200000,0.1481,0.1481,0.1481,0.1481,0
1679032140000,0.1481,0.1481,0.1481,0.1481,0
1679032080000,0.1481,0.1481,0.1481,0.1481,0
1679032020000,0.1481,0.1481,0.1481,0.1481,0
1679031960000,0.1481,0.1481,0.1481,0.1481,0
1679031900000,0.1482,0.1482,0.1481,0.1481,2.197035
1679031840000,0.1486,0.1486,0.1482,0.1482,0.884671
1679031780000,0.1486,0.1486,0.1486,0.1486,0
1679031720000,0.1491,0.1493,0.1486,0.1486,3.379335
1679031660000,0.1491,0.1491,0.1491,0.1491,0
1679031600000,0.1492,0.1492,0.1489,0.1491,25.307
1679031540000,0.1492,0.1492,0.1492,0.1492,5.183092
1679031480000,0.1492,0.1492,0.1492,0.1492,0
1679031420000,0.1492,0.1492,0.1489,0.1492,2.543603
1679031360000,0.149,0.1499,0.1488,0.1492,324.015306
1679031300000,0.1485,0.1492,0.1485,0.149,9.294574
1679031240000,0.1485,0.1485,0.1485,0.1485,0
1679031180000,0.1496,0.1496,0.1485,0.1485,0.296899
1679031120000,0.1496,0.1496,0.1485,0.1496,79.695678
1679031060000,0.1496,0.1496,0.1496,0.1496,53.824831
1679031000000,0.1491,0.1496,0.1491,0.1496,85.779609
1679030940000,0.1491,0.1491,0.1491,0.1491,3.407576
1679030880000,0.1491,0.1491,0.1491,0.1491,32.171769
1679030820000,0.1491,0.1491,0.1491,0.1491,0
1679030760000,0.1491,0.1491,0.1491,0.1491,0
1679030700000,0.1479,0.1491,0.1479,0.1491,38.708476
1679030640000,0.1479,0.1479,0.1479,0.1479,0
1679030580000,0.148,0.1491,0.1479,0.1479,54344.469818
1679030520000,0.15,0.15,0.148,0.148,795.505024
1679030460000,0.1495,0.15,0.1495,0.15,996.087
1679030400000,0.1483,0.1495,0.1483,0.1495,0.105071
1679030340000,0.1487,0.1491,0.1483,0.1483,4.309394
1679030280000,0.1491,0.1491,0.1487,0.1487,0.419918
1679030220000,0.1491,0.1491,0.1491,0.1491,0
1679030160000,0.1491,0.1491,0.1491,0.1491,0
1679030100000,0.1491,0.1491,0.1491,0.1491,0
1679030040000,0.1491,0.1491,0.1491,0.1491,0