1679108400000.0,3.34e-06,3.34e-06,3.34e-06,3.34e-06,0.0
1679104800000.0,3.34e-06,3.34e-06,3.34e-06,3.34e-06,0.0
1679101200000.0,3.3200000000000004e-06,3.34e-06,3.3e-06,3.34e-06,353.130352
1679097600000.0,3.3e-06,3.3200000000000004e-06,3.3e-06,3.3200000000000004e-06,0.0
1679094000000.0,3.3e-06,3.3e-06,3.3e-06,3.3e-06,0.0
1679090400000.0,3.3250000000000004e-06,3.35e-06,3.3e-06,3.3e-06,1622.317051
1679086800000.0,3.35e-06,3.35e-06,3.3250000000000004e-06,3.3250000000000004e-06,0.0
1679083200000.0,3.38e-06,3.41e-06,3.35e-06,3.35e-06,486.569549
1679079600000.0,3.41e-06,3.41e-06,3.38e-06,3.38e-06,0.0
1679076000000.0,3.41e-06,3.41e-06,3.41e-06,3.41e-06,0.0
1679072400000.0,3.41e-06,3.41e-06,3.41e-06,3.41e-06,0.0
1679068800000.0,3.41e-06,3.41e-06,3.41e-06,3.41e-06,0.0
1679065200000.0,3.41e-06,3.41e-06,3.41e-06,3.41e-06,0.0
1679061600000.0,3.3899999999999997e-06,3.41e-06,3.37e-06,3.41e-06,561.819978
1679058000000.0,3.37e-06,3.3899999999999997e-06,3.37e-06,3.3899999999999997e-06,0.0
1679054400000.0,3.37e-06,3.37e-06,3.37e-06,3.37e-06,71.661722
1679050800000.0,3.3949999999999997e-06,3.42e-06,3.37e-06,3.37e-06,305.740386
1679047200000.0,3.42e-06,3.42e-06,3.3949999999999997e-06,3.3949999999999997e-06,0.0
1679043600000.0,3.425e-06,3.43e-06,3.42e-06,3.42e-06,908.318814
1679040000000.0,3.43e-06,3.43e-06,3.4250000000000002e-06,3.4250000000000002e-06,0.0
1679036400000.0,3.43e-06,3.43e-06,3.43e-06,3.43e-06,0.0
1679032800000.0,3.455e-06,3.48e-06,3.43e-06,3.43e-06,294.924312
1679029200000.0,3.48e-06,3.48e-06,3.455e-06,3.455e-06,0.0
1679025600000.0,3.48e-06,3.48e-06,3.48e-06,3.48e-06,0.0
1679022000000.0,3.48e-06,3.48e-06,3.48e-06,3.48e-06,0.0
1679018400000.0,3.48e-06,3.48e-06,3.48e-06,3.48e-06,0.0
1679014800000.0,3.48e-06,3.48e-06,3.48e-06,3.48e-06,0.0
1679011200000.0,3.48e-06,3.48e-06,3.48e-06,3.48e-06,0.0
1679007600000.0,3.4749999999999998e-06,3.48e-06,3.47e-06,3.48e-06,442.524877
1679004000000.0,3.47e-06,3.4749999999999998e-06,3.47e-06,3.4749999999999998e-06,0.0
1679000400000.0,3.47e-06,3.47e-06,3.47e-06,3.47e-06,0.0
1678996800000.0,3.345e-06,3.47e-06,3.22e-06,3.47e-06,507.927084
1678993200000.0,3.22e-06,3.345e-06,3.22e-06,3.345e-06,0.0
1678989600000.0,3.22e-06,3.22e-06,3.22e-06,3.22e-06,0.0
1678986000000.0,3.22e-06,3.22e-06,3.22e-06,3.22e-06,0.0
1678982400000.0,3.22e-06,3.22e-06,3.22e-06,3.22e-06,0.0
1678978800000.0,3.22e-06,3.22e-06,3.22e-06,3.22e-06,0.0
1678975200000.0,3.22e-06,3.22e-06,3.22e-06,3.22e-06,0.0
1678971600000.0,3.22e-06,3.22e-06,3.22e-06,3.22e-06,0.0
1678968000000.0,3.36e-06,3.5e-06,3.22e-06,3.22e-06,167.975022
1678964400000.0,3.5e-06,3.5e-06,3.36e-06,3.36e-06,0.0
1678960800000.0,3.3899999999999997e-06,3.5e-06,3.28e-06,3.5e-06,423.097288
1678957200000.0,3.28e-06,3.3899999999999997e-06,3.28e-06,3.3899999999999997e-06,0.0
1678953600000.0,3.28e-06,3.28e-06,3.28e-06,3.28e-06,0.0
1678950000000.0,3.4049999999999996e-06,3.53e-06,3.28e-06,3.28e-06,4.184397
1678946400000.0,3.54e-06,3.55e-06,3.405e-06,3.405e-06,340.509914
1678942800000.0,3.55e-06,3.55e-06,3.54e-06,3.54e-06,0.0
1678939200000.0,3.55e-06,3.55e-06,3.55e-06,3.55e-06,0.0
1678935600000.0,3.55e-06,3.55e-06,3.55e-06,3.55e-06,0.0
1678932000000.0,3.55e-06,3.55e-06,3.55e-06,3.55e-06,0.0
1678928400000.0,3.55e-06,3.55e-06,3.55e-06,3.55e-06,0.0
1678924800000.0,3.55e-06,3.55e-06,3.55e-06,3.55e-06,0.0
1678921200000.0,3.55e-06,3.55e-06,3.55e-06,3.55e-06,0.0
1678917600000.0,3.55e-06,3.55e-06,3.55e-06,3.55e-06,0.0
1678914000000.0,3.55e-06,3.55e-06,3.55e-06,3.55e-06,0.0
1678910400000.0,3.55e-06,3.55e-06,3.55e-06,3.55e-06,0.0
1678906800000.0,3.5699999999999997e-06,3.6e-06,3.55e-06,3.55e-06,933.08301
1678903200000.0,3.545e-06,3.58e-06,3.51e-06,3.5649999999999997e-06,4734.27589
1678899600000.0,3.5e-06,3.545e-06,3.49e-06,3.545e-06,303.805194
1678896000000.0,3.53e-06,3.57e-06,3.49e-06,3.5e-06,300.080659
1678892400000.0,3.56e-06,3.57e-06,3.53e-06,3.53e-06,28.571092
1678888800000.0,3.555e-06,3.56e-06,3.55e-06,3.56e-06,681.843622
1678885200000.0,3.535e-06,3.56e-06,3.51e-06,3.555e-06,481.365564
1678881600000.0,3.5600000000000002e-06,3.61e-06,3.51e-06,3.535e-06,481.365564
1678878000000.0,3.6499999999999998e-06,3.69e-06,3.56e-06,3.56e-06,455.507877
1678874400000.0,3.69e-06,3.69e-06,3.6499999999999998e-06,3.6499999999999998e-06,0.0
1678870800000.0,3.595e-06,3.69e-06,3.5e-06,3.69e-06,480.523132
1678867200000.0,3.5e-06,3.595e-06,3.5e-06,3.595e-06,0.0
1678863600000.0,3.5e-06,3.5e-06,3.5e-06,3.5e-06,0.0
1678860000000.0,3.5e-06,3.5e-06,3.5e-06,3.5e-06,7.337079
1678856400000.0,3.5e-06,3.5e-06,3.5e-06,3.5e-06,3.001904
1678852800000.0,3.5e-06,3.5e-06,3.5e-06,3.5e-06,0.0
1678849200000.0,3.6000000000000003e-06,3.7e-06,3.5e-06,3.5e-06,34.661017
1678845600000.0,3.6800000000000003e-06,3.7e-06,3.6000000000000003e-06,3.6000000000000003e-06,467.778626
1678842000000.0,3.6575e-06,3.6800000000000003e-06,3.65e-06,3.6800000000000003e-06,937.598966
1678838400000.0,3.66e-06,3.66e-06,3.66e-06,3.66e-06,0.0
1678834800000.0,3.655e-06,3.66e-06,3.65e-06,3.66e-06,26.916491
1678831200000.0,3.65e-06,3.655e-06,3.65e-06,3.655e-06,0.0
1678827600000.0,3.6800000000000003e-06,3.71e-06,3.65e-06,3.65e-06,529.286273
1678824000000.0,3.71e-06,3.71e-06,3.6800000000000003e-06,3.6800000000000003e-06,0.0
1678820400000.0,3.6700000000000004e-06,3.71e-06,3.63e-06,3.71e-06,465.861513
1678816800000.0,3.625e-06,3.67e-06,3.62e-06,3.67e-06,622.705292
1678813200000.0,3.61e-06,3.625e-06,3.6e-06,3.625e-06,1.298651
1678809600000.0,3.6e-06,3.61e-06,3.6e-06,3.61e-06,0.0
1678806000000.0,3.6e-06,3.6e-06,3.6e-06,3.6e-06,0.0
1678802400000.0,3.5699999999999997e-06,3.6e-06,3.54e-06,3.6e-06,991.751353
1678798800000.0,3.5699999999999997e-06,3.6e-06,3.54e-06,3.5699999999999997e-06,348.014498
1678795200000.0,3.6275e-06,3.68e-06,3.55e-06,3.5699999999999997e-06,2124.846792
1678791600000.0,3.6699999999999996e-06,3.68e-06,3.64e-06,3.64e-06,2602.424176
1678788000000.0,3.68e-06,3.68e-06,3.68e-06,3.68e-06,0.0
1678784400000.0,3.68e-06,3.68e-06,3.68e-06,3.68e-06,0.0
1678780800000.0,3.6900000000000002e-06,3.7e-06,3.68e-06,3.68e-06,1.134032
1678777200000.0,3.6599999999999997e-06,3.74e-06,3.46e-06,3.6900000000000002e-06,375.41366
1678773600000.0,3.71e-06,3.76e-06,3.67e-06,3.72e-06,1895.610753
1678770000000.0,3.6549999999999997e-06,3.705e-06,3.64e-06,3.705e-06,424.488981
1678766400000.0,3.64e-06,3.6549999999999997e-06,3.64e-06,3.6549999999999997e-06,0.0
1678762800000.0,3.6749999999999995e-06,3.71e-06,3.64e-06,3.64e-06,336.941768
1678759200000.0,3.71e-06,3.71e-06,3.675e-06,3.675e-06,0.0
1678755600000.0,3.71e-06,3.71e-06,3.71e-06,3.71e-06,0.0
1678752000000.0,3.71e-06,3.71e-06,3.71e-06,3.71e-06,0.0
1678748400000.0,3.71e-06,3.71e-06,3.71e-06,3.71e-06,0.0
1678744800000.0,3.71e-06,3.71e-06,3.71e-06,3.71e-06,0.0
1678741200000.0,3.71e-06,3.71e-06,3.71e-06,3.71e-06,0.0
1678737600000.0,3.71e-06,3.71e-06,3.71e-06,3.71e-06,0.0
1678734000000.0,3.71e-06,3.71e-06,3.71e-06,3.71e-06,0.0
1678730400000.0,3.6749999999999995e-06,3.71e-06,3.64e-06,3.71e-06,16.54269
1678726800000.0,3.6525e-06,3.68e-06,3.64e-06,3.675e-06,2331.948272
1678723200000.0,3.65e-06,3.65e-06,3.645e-06,3.645e-06,0.0
1678719600000.0,3.705e-06,3.76e-06,3.65e-06,3.65e-06,173.150528
1678716000000.0,3.7675e-06,3.78e-06,3.705e-06,3.705e-06,1621.008432
1678712400000.0,3.8099999999999995e-06,3.84e-06,3.77e-06,3.77e-06,76207.124792
1678708800000.0,3.84e-06,3.84e-06,3.81e-06,3.81e-06,0.0
1678705200000.0,3.83e-06,3.84e-06,3.82e-06,3.84e-06,107764.502566
1678701600000.0,3.82e-06,3.83e-06,3.82e-06,3.83e-06,0.0
1678698000000.0,3.82e-06,3.82e-06,3.82e-06,3.82e-06,0.0
1678694400000.0,3.825e-06,3.83e-06,3.82e-06,3.82e-06,3887.447664
1678690800000.0,3.83e-06,3.83e-06,3.825e-06,3.825e-06,0.0
1678687200000.0,3.83e-06,3.83e-06,3.83e-06,3.83e-06,0.0
1678683600000.0,3.864999999999999e-06,3.9e-06,3.83e-06,3.83e-06,322.196098
1678680000000.0,3.9e-06,3.9e-06,3.864999999999999e-06,3.864999999999999e-06,0.0
1678676400000.0,3.9e-06,3.9e-06,3.9e-06,3.9e-06,0.0
1678672800000.0,3.9e-06,3.9e-06,3.9e-06,3.9e-06,0.0
1678669200000.0,3.9e-06,3.9e-06,3.9e-06,3.9e-06,0.0
1678665600000.0,3.9e-06,3.9e-06,3.9e-06,3.9e-06,0.0
1678662000000.0,3.795e-06,3.9e-06,3.69e-06,3.9e-06,300.849087
1678658400000.0,3.69e-06,3.795e-06,3.69e-06,3.795e-06,0.0
1678654800000.0,3.69e-06,3.69e-06,3.69e-06,3.69e-06,0.0
1678651200000.0,3.69e-06,3.69e-06,3.69e-06,3.69e-06,0.0
1678647600000.0,3.69e-06,3.69e-06,3.69e-06,3.69e-06,0.0
1678644000000.0,3.69e-06,3.69e-06,3.69e-06,3.69e-06,0.0
1678640400000.0,3.69e-06,3.69e-06,3.69e-06,3.69e-06,0.0
1678636800000.0,3.69e-06,3.69e-06,3.69e-06,3.69e-06,0.0
1678633200000.0,3.69e-06,3.69e-06,3.69e-06,3.69e-06,0.0
1678629600000.0,3.69e-06,3.69e-06,3.69e-06,3.69e-06,0.0
1678626000000.0,3.69e-06,3.69e-06,3.69e-06,3.69e-06,0.0
1678622400000.0,3.69e-06,3.69e-06,3.69e-06,3.69e-06,0.0
1678618800000.0,3.69e-06,3.69e-06,3.69e-06,3.69e-06,0.0
1678615200000.0,3.69e-06,3.69e-06,3.69e-06,3.69e-06,0.0
1678611600000.0,3.69e-06,3.69e-06,3.69e-06,3.69e-06,0.0
1678608000000.0,3.69e-06,3.69e-06,3.69e-06,3.69e-06,0.0
1678604400000.0,3.69e-06,3.69e-06,3.69e-06,3.69e-06,0.0
1678600800000.0,3.69e-06,3.69e-06,3.69e-06,3.69e-06,0.0
1678597200000.0,3.69e-06,3.69e-06,3.69e-06,3.69e-06,0.0
1678593600000.0,3.69e-06,3.69e-06,3.69e-06,3.69e-06,0.0
1678590000000.0,3.69e-06,3.69e-06,3.69e-06,3.69e-06,0.0
1678586400000.0,3.69e-06,3.69e-06,3.69e-06,3.69e-06,0.0
1678582800000.0,3.69e-06,3.69e-06,3.69e-06,3.69e-06,0.0
1678579200000.0,3.69e-06,3.69e-06,3.69e-06,3.69e-06,0.0
1678575600000.0,3.69e-06,3.69e-06,3.69e-06,3.69e-06,0.0
1678572000000.0,3.69e-06,3.69e-06,3.69e-06,3.69e-06,0.0
1678568400000.0,3.69e-06,3.69e-06,3.69e-06,3.69e-06,0.0
1678564800000.0,3.69e-06,3.69e-06,3.69e-06,3.69e-06,0.0
1678561200000.0,3.69e-06,3.69e-06,3.69e-06,3.69e-06,0.0
1678557600000.0,3.69e-06,3.69e-06,3.69e-06,3.69e-06,0.0
1678554000000.0,3.69e-06,3.69e-06,3.69e-06,3.69e-06,0.0
1678550400000.0,3.875e-06,4.06e-06,3.69e-06,3.69e-06,1.096562
1678546800000.0,4.06e-06,4.06e-06,3.875e-06,3.875e-06,0.0
1678543200000.0,4.06e-06,4.06e-06,4.06e-06,4.06e-06,0.0
1678539600000.0,4.06e-06,4.06e-06,4.06e-06,4.06e-06,0.0
1678536000000.0,4.06e-06,4.06e-06,4.06e-06,4.06e-06,0.0
1678532400000.0,4.06e-06,4.06e-06,4.06e-06,4.06e-06,0.0
1678528800000.0,4.06e-06,4.06e-06,4.06e-06,4.06e-06,0.0
1678525200000.0,4.06e-06,4.06e-06,4.06e-06,4.06e-06,0.0
1678521600000.0,4.06e-06,4.06e-06,4.06e-06,4.06e-06,0.0
1678518000000.0,4.06e-06,4.06e-06,4.06e-06,4.06e-06,0.0
1678514400000.0,4.06e-06,4.06e-06,4.06e-06,4.06e-06,0.0
1678510800000.0,4.065e-06,4.07e-06,4.06e-06,4.06e-06,3643.910829
1678507200000.0,4.065e-06,4.07e-06,4.06e-06,4.065e-06,2735.816398
1678503600000.0,4.07e-06,4.08e-06,4.06e-06,4.065e-06,330.797166
1678500000000.0,4.08e-06,4.08e-06,4.07e-06,4.07e-06,0.0
1678496400000.0,4.11e-06,4.14e-06,4.08e-06,4.08e-06,663.433299
1678492800000.0,4.14e-06,4.14e-06,4.11e-06,4.11e-06,0.0
1678489200000.0,4.035e-06,4.14e-06,3.81e-06,4.14e-06,365.391703
1678485600000.0,4.05e-06,4.095000000000001e-06,4.05e-06,4.095000000000001e-06,0.0
1678482000000.0,4.05e-06,4.05e-06,4.05e-06,4.05e-06,0.0
1678478400000.0,4.05e-06,4.05e-06,4.05e-06,4.05e-06,0.0
1678474800000.0,4.05e-06,4.05e-06,4.05e-06,4.05e-06,0.0
1678471200000.0,4.05e-06,4.05e-06,4.05e-06,4.05e-06,0.0
1678467600000.0,4.05e-06,4.05e-06,4.05e-06,4.05e-06,0.0
1678464000000.0,4.04e-06,4.05e-06,4.03e-06,4.05e-06,524.61479
1678460400000.0,4.025e-06,4.04e-06,4.02e-06,4.04e-06,335.488423
1678456800000.0,4.04e-06,4.06e-06,4.02e-06,4.025e-06,667.478122
1678453200000.0,3.995e-06,4.06e-06,3.93e-06,4.04e-06,911.123055
1678449600000.0,3.93e-06,3.995e-06,3.93e-06,3.995e-06,0.0
1678446000000.0,3.93e-06,3.93e-06,3.93e-06,3.93e-06,0.0
1678442400000.0,3.965e-06,4e-06,3.93e-06,3.93e-06,1355.655785
1678438800000.0,4.0200000000000005e-06,4.04e-06,3.965e-06,3.965e-06,1338.459052
1678435200000.0,4.075e-06,4.11e-06,4.0200000000000005e-06,4.0200000000000005e-06,1853.481693
1678431600000.0,4.11e-06,4.11e-06,4.075e-06,4.075e-06,333.143747
1678428000000.0,4.105e-06,4.11e-06,4.1e-06,4.11e-06,1293.254104
1678424400000.0,4.1e-06,4.105e-06,4.1e-06,4.105e-06,0.0
1678420800000.0,4.1e-06,4.1e-06,4.1e-06,4.1e-06,0.0
1678417200000.0,4.1e-06,4.1e-06,4.1e-06,4.1e-06,0.0
1678413600000.0,4.1e-06,4.1e-06,4.1e-06,4.1e-06,0.0
1678410000000.0,4.065e-06,4.1e-06,4.03e-06,4.1e-06,1008.931025
1678406400000.0,4.03e-06,4.065e-06,4.03e-06,4.065e-06,0.0
1678402800000.0,4.03e-06,4.03e-06,4.03e-06,4.03e-06,337.507037
1678399200000.0,4.0025e-06,4.03e-06,3.97e-06,4.03e-06,150648.861141
1678395600000.0,3.9625e-06,4.005e-06,3.94e-06,4.005e-06,1011.795513
1678392000000.0,3.945e-06,3.96e-06,3.94e-06,3.96e-06,5389.29659
1678388400000.0,3.91e-06,3.95e-06,3.87e-06,3.945e-06,7871.205766
1678384800000.0,3.87e-06,3.91e-06,3.87e-06,3.91e-06,0.0
1678381200000.0,3.87e-06,3.87e-06,3.87e-06,3.87e-06,0.0
1678377600000.0,3.87e-06,3.87e-06,3.87e-06,3.87e-06,0.0
1678374000000.0,3.87e-06,3.87e-06,3.87e-06,3.87e-06,0.0
1678370400000.0,3.87e-06,3.87e-06,3.87e-06,3.87e-06,0.0
1678366800000.0,3.87e-06,3.87e-06,3.87e-06,3.87e-06,0.0
1678363200000.0,3.87e-06,3.87e-06,3.87e-06,3.87e-06,0.0
1678359600000.0,3.87e-06,3.87e-06,3.87e-06,3.87e-06,0.0
1678356000000.0,3.9e-06,3.93e-06,3.87e-06,3.87e-06,399.882479
1678352400000.0,3.93e-06,3.93e-06,3.9e-06,3.9e-06,0.0
1678348800000.0,3.93e-06,3.93e-06,3.93e-06,3.93e-06,0.0
1678345200000.0,3.93e-06,3.93e-06,3.93e-06,3.93e-06,0.0
1678341600000.0,3.93e-06,3.93e-06,3.93e-06,3.93e-06,399.989444
1678338000000.0,3.93e-06,3.93e-06,3.93e-06,3.93e-06,0.0
1678334400000.0,3.93e-06,3.93e-06,3.93e-06,3.93e-06,0.0
1678330800000.0,3.93e-06,3.93e-06,3.93e-06,3.93e-06,0.0
1678327200000.0,3.93e-06,3.93e-06,3.93e-06,3.93e-06,0.0
1678323600000.0,3.93e-06,3.93e-06,3.93e-06,3.93e-06,0.0
1678320000000.0,3.93e-06,3.93e-06,3.93e-06,3.93e-06,0.0
1678316400000.0,3.93e-06,3.93e-06,3.93e-06,3.93e-06,0.0
1678312800000.0,3.9475e-06,3.98e-06,3.9e-06,3.93e-06,4167.086289
1678309200000.0,3.98e-06,3.98e-06,3.955e-06,3.955e-06,0.0
1678305600000.0,3.98e-06,3.98e-06,3.98e-06,3.98e-06,0.0
1678302000000.0,3.975e-06,3.98e-06,3.97e-06,3.98e-06,1.001
1678298400000.0,3.97e-06,3.975e-06,3.97e-06,3.975e-06,0.0
1678294800000.0,3.97e-06,3.97e-06,3.97e-06,3.97e-06,0.0
1678291200000.0,4.005e-06,4.04e-06,3.97e-06,3.97e-06,493.590799
1678287600000.0,4.04e-06,4.04e-06,4.005e-06,4.005e-06,0.0
1678284000000.0,3.9775000000000005e-06,4.04e-06,3.91e-06,4.04e-06,6.001
1678280400000.0,3.9399999999999995e-06,3.98e-06,3.92e-06,3.98e-06,637.152994
1678276800000.0,3.96e-06,3.96e-06,3.9399999999999995e-06,3.9399999999999995e-06,0.0
1678273200000.0,3.96e-06,3.96e-06,3.96e-06,3.96e-06,0.0
1678269600000.0,3.96e-06,3.96e-06,3.96e-06,3.96e-06,0.0
1678266000000.0,3.98e-06,4e-06,3.96e-06,3.96e-06,678.71168
1678262400000.0,4e-06,4e-06,3.98e-06,3.98e-06,0.0
1678258800000.0,4e-06,4e-06,4e-06,4e-06,0.0
1678255200000.0,4e-06,4e-06,4e-06,4e-06,0.0
1678251600000.0,4e-06,4e-06,4e-06,4e-06,0.0
1678248000000.0,4e-06,4e-06,4e-06,4e-06,0.0
1678244400000.0,4e-06,4e-06,4e-06,4e-06,0.0
1678240800000.0,4e-06,4e-06,4e-06,4e-06,0.0
1678237200000.0,4e-06,4e-06,4e-06,4e-06,0.0
1678233600000.0,4.005e-06,4.01e-06,4e-06,4e-06,6.91971
1678230000000.0,4.01e-06,4.01e-06,4.005e-06,4.005e-06,0.0
1678226400000.0,3.995e-06,4.01e-06,3.98e-06,4.01e-06,1.544917
1678222800000.0,4e-06,4.04e-06,3.98e-06,3.995e-06,2300.764187
1678219200000.0,3.9475e-06,4.02e-06,3.75e-06,3.99e-06,411.901746
1678215600000.0,3.86e-06,4.02e-06,3.7e-06,4.01e-06,666.873807
1678212000000.0,3.845e-06,3.99e-06,3.7e-06,3.86e-06,2.938435
1678208400000.0,3.99e-06,3.99e-06,3.845e-06,3.845e-06,0.0
1678204800000.0,4.0100000000000006e-06,4.03e-06,3.99e-06,3.99e-06,333.739061
1678201200000.0,4.005e-06,4.03e-06,3.98e-06,4.0100000000000006e-06,494.775683
1678197600000.0,3.9725e-06,4.005e-06,3.96e-06,4.005e-06,968.193576
1678194000000.0,3.97e-06,3.975e-06,3.97e-06,3.975e-06,0.0
1678190400000.0,3.97e-06,3.97e-06,3.97e-06,3.97e-06,0.0
1678186800000.0,3.865e-06,4.07e-06,3.71e-06,3.97e-06,2015.111783
1678183200000.0,3.86e-06,4.01e-06,3.71e-06,3.8400000000000005e-06,1.27763
1678179600000.0,4.015e-06,4.02e-06,3.86e-06,3.86e-06,332.580245
1678176000000.0,4.02e-06,4.02e-06,4.015e-06,4.015e-06,0.0
1678172400000.0,4.02e-06,4.02e-06,4.02e-06,4.02e-06,0.0
1678168800000.0,4.05e-06,4.08e-06,4.02e-06,4.02e-06,3608.227657
1678165200000.0,4.08e-06,4.08e-06,4.05e-06,4.05e-06,0.0
1678161600000.0,4.075e-06,4.08e-06,4.07e-06,4.08e-06,1.467147
1678158000000.0,4.075e-06,4.08e-06,4.07e-06,4.075e-06,2.225581
1678154400000.0,4.08e-06,4.08e-06,4.075e-06,4.075e-06,0.0
1678150800000.0,4.08e-06,4.08e-06,4.08e-06,4.08e-06,0.0
1678147200000.0,4.08e-06,4.08e-06,4.08e-06,4.08e-06,0.0
1678143600000.0,4.08e-06,4.08e-06,4.08e-06,4.08e-06,0.0
1678140000000.0,4.08e-06,4.08e-06,4.08e-06,4.08e-06,0.0
1678136400000.0,4.09e-06,4.1e-06,4.08e-06,4.08e-06,301.104037
1678132800000.0,4.1e-06,4.1e-06,4.09e-06,4.09e-06,462.531988
1678129200000.0,4.095e-06,4.1e-06,4.09e-06,4.1e-06,432.226295
1678125600000.0,4.09e-06,4.095e-06,4.09e-06,4.095e-06,0.0
1678122000000.0,4.09e-06,4.09e-06,4.09e-06,4.09e-06,0.0
1678118400000.0,4.09e-06,4.09e-06,4.09e-06,4.09e-06,0.0
1678114800000.0,4.09e-06,4.09e-06,4.09e-06,4.09e-06,24.710053
1678111200000.0,4.09e-06,4.09e-06,4.09e-06,4.09e-06,1.575579
1678107600000.0,4.09e-06,4.09e-06,4.09e-06,4.09e-06,0.0
1678104000000.0,4.08e-06,4.09e-06,4.07e-06,4.09e-06,356.904814
1678100400000.0,4.07e-06,4.08e-06,4.07e-06,4.08e-06,0.0
1678096800000.0,4.07e-06,4.07e-06,4.07e-06,4.07e-06,0.0
1678093200000.0,4.07e-06,4.07e-06,4.07e-06,4.07e-06,0.0
1678089600000.0,4.055e-06,4.07e-06,4.04e-06,4.07e-06,387.491599
1678086000000.0,4.04e-06,4.055e-06,4.04e-06,4.055e-06,0.0
1678082400000.0,4.05e-06,4.06e-06,4.04e-06,4.04e-06,2.332216
1678078800000.0,4.06e-06,4.06e-06,4.05e-06,4.05e-06,0.0
1678075200000.0,4.06e-06,4.06e-06,4.06e-06,4.06e-06,0.0
1678071600000.0,4.06e-06,4.06e-06,4.06e-06,4.06e-06,280.776748
1678068000000.0,4.03e-06,4.06e-06,4e-06,4.06e-06,805.485486
1678064400000.0,4.044999999999999e-06,4.09e-06,4e-06,4.03e-06,1382.365759
1678060800000.0,4.09e-06,4.09e-06,4.044999999999999e-06,4.044999999999999e-06,0.0
1678057200000.0,4.09e-06,4.09e-06,4.09e-06,4.09e-06,0.0
1678053600000.0,4.09e-06,4.09e-06,4.09e-06,4.09e-06,0.0
1678050000000.0,4.09e-06,4.09e-06,4.09e-06,4.09e-06,0.0
1678046400000.0,4.09e-06,4.09e-06,4.09e-06,4.09e-06,22.8
1678042800000.0,4.09e-06,4.09e-06,4.09e-06,4.09e-06,0.0
1678039200000.0,4.09e-06,4.09e-06,4.09e-06,4.09e-06,0.0
1678035600000.0,4.09e-06,4.09e-06,4.09e-06,4.09e-06,0.0
1678032000000.0,4.09e-06,4.09e-06,4.09e-06,4.09e-06,0.0
1678028400000.0,4.09e-06,4.09e-06,4.09e-06,4.09e-06,0.0
1678024800000.0,4.08e-06,4.09e-06,4.07e-06,4.09e-06,107.205831
1678021200000.0,4.07e-06,4.08e-06,4.07e-06,4.08e-06,0.0
1678017600000.0,4.07e-06,4.07e-06,4.07e-06,4.07e-06,0.0
1678014000000.0,4.07e-06,4.07e-06,4.07e-06,4.07e-06,0.0
1678010400000.0,4.07e-06,4.07e-06,4.07e-06,4.07e-06,0.0
1678006800000.0,4.07e-06,4.07e-06,4.07e-06,4.07e-06,338.398273
1678003200000.0,4.07e-06,4.07e-06,4.07e-06,4.07e-06,0.0
1677999600000.0,4.07e-06,4.07e-06,4.07e-06,4.07e-06,0.0
1677996000000.0,4.07e-06,4.07e-06,4.07e-06,4.07e-06,0.0
1677992400000.0,4.07e-06,4.07e-06,4.07e-06,4.07e-06,0.0
1677988800000.0,4.07e-06,4.07e-06,4.07e-06,4.07e-06,0.0
1677985200000.0,4.07e-06,4.07e-06,4.07e-06,4.07e-06,0.0
1677981600000.0,4.07e-06,4.07e-06,4.07e-06,4.07e-06,0.0
1677978000000.0,4.07e-06,4.07e-06,4.07e-06,4.07e-06,0.0
1677974400000.0,4.03e-06,4.07e-06,3.99e-06,4.07e-06,49.16752
1677970800000.0,4.04e-06,4.09e-06,3.99e-06,4.03e-06,2156.438607
1677967200000.0,4.1050000000000005e-06,4.12e-06,4.04e-06,4.04e-06,817.100555
1677963600000.0,4.13e-06,4.14e-06,4.1050000000000005e-06,4.1050000000000005e-06,51.064567
1677960000000.0,4.17e-06,4.2e-06,4.13e-06,4.13e-06,1371.149049
1677956400000.0,4.2e-06,4.2e-06,4.17e-06,4.17e-06,0.0
1677952800000.0,4.2e-06,4.2e-06,4.2e-06,4.2e-06,27.210547
1677949200000.0,4.2e-06,4.2e-06,4.2e-06,4.2e-06,32.58227
1677945600000.0,4.21e-06,4.22e-06,4.2e-06,4.2e-06,19.995517
1677942000000.0,4.22e-06,4.22e-06,4.21e-06,4.21e-06,0.0
1677938400000.0,4.21e-06,4.22e-06,4.2e-06,4.22e-06,45.870284
1677934800000.0,4.2e-06,4.21e-06,4.2e-06,4.21e-06,22.8
1677931200000.0,4.2e-06,4.2e-06,4.2e-06,4.2e-06,0.0
1677927600000.0,4.21e-06,4.22e-06,4.2e-06,4.2e-06,61.122776
1677924000000.0,4.24e-06,4.26e-06,4.21e-06,4.21e-06,372.442059
1677920400000.0,4.26e-06,4.26e-06,4.24e-06,4.24e-06,0.0
1677916800000.0,4.26e-06,4.26e-06,4.26e-06,4.26e-06,0.0
1677913200000.0,4.26e-06,4.26e-06,4.26e-06,4.26e-06,0.0
1677909600000.0,4.25e-06,4.26e-06,4.24e-06,4.26e-06,43.163793
1677906000000.0,4.23e-06,4.25e-06,4.22e-06,4.25e-06,372.4405
1677902400000.0,4.2000000000000004e-06,4.23e-06,4.18e-06,4.23e-06,373.65195
1677898800000.0,4.18e-06,4.2000000000000004e-06,4.18e-06,4.2000000000000004e-06,0.0
1677895200000.0,4.195e-06,4.21e-06,4.18e-06,4.18e-06,1.804891
1677891600000.0,4.21e-06,4.21e-06,4.195e-06,4.195e-06,1.691543
1677888000000.0,4.195e-06,4.21e-06,4.18e-06,4.21e-06,828.135128
1677884400000.0,4.18e-06,4.195e-06,4.18e-06,4.195e-06,0.0
1677880800000.0,4.175e-06,4.18e-06,4.16e-06,4.18e-06,68.4
1677877200000.0,4.18e-06,4.18e-06,4.18e-06,4.18e-06,0.0
1677873600000.0,4.18e-06,4.18e-06,4.18e-06,4.18e-06,35.436092
1677870000000.0,4.25e-06,4.32e-06,4.18e-06,4.18e-06,1862.894858
1677866400000.0,4.345e-06,4.37e-06,4.25e-06,4.25e-06,337.030964
1677862800000.0,4.37e-06,4.37e-06,4.345e-06,4.345e-06,0.0
1677859200000.0,4.37e-06,4.37e-06,4.37e-06,4.37e-06,0.0
1677855600000.0,4.37e-06,4.37e-06,4.37e-06,4.37e-06,0.0
1677852000000.0,4.345e-06,4.37e-06,4.32e-06,4.37e-06,315.932233
1677848400000.0,4.39e-06,4.46e-06,4.32e-06,4.345e-06,1816.961433
1677844800000.0,4.515e-06,4.57e-06,4.39e-06,4.39e-06,1686.756973
1677841200000.0,4.595e-06,4.62e-06,4.515e-06,4.515e-06,1027.271491
1677837600000.0,4.63e-06,4.64e-06,4.595e-06,4.595e-06,4.095064
1677834000000.0,4.574999999999999e-06,4.64e-06,4.51e-06,4.63e-06,1717.151941
1677830400000.0,4.5075000000000005e-06,4.574999999999999e-06,4.46e-06,4.574999999999999e-06,117288.954253
1677826800000.0,4.45e-06,4.53e-06,4.37e-06,4.52e-06,2382.701578
1677823200000.0,4.375e-06,4.45e-06,4.37e-06,4.45e-06,309.165184
1677819600000.0,4.345e-06,4.38e-06,4.31e-06,4.375e-06,1166.673548
1677816000000.0,4.3125e-06,4.345e-06,4.3e-06,4.345e-06,313.746822
1677812400000.0,4.28e-06,4.305e-06,4.26e-06,4.305e-06,735.608458
1677808800000.0,4.295e-06,4.33e-06,4.26e-06,4.28e-06,1099.986574
1677805200000.0,4.3125e-06,4.42e-06,4.25e-06,4.295e-06,4825.597777
1677801600000.0,4.25e-06,4.29e-06,4.25e-06,4.29e-06,0.0
1677798000000.0,4.25e-06,4.25e-06,4.25e-06,4.25e-06,0.0
1677794400000.0,4.25e-06,4.25e-06,4.25e-06,4.25e-06,0.0
1677790800000.0,4.2425000000000005e-06,4.26e-06,4.23e-06,4.25e-06,1315.290979
1677787200000.0,4.2149999999999995e-06,4.24e-06,4.2e-06,4.24e-06,319.536641
1677783600000.0,4.275e-06,4.35e-06,4.2e-06,4.2149999999999995e-06,2526.036048
1677780000000.0,4.3975e-06,4.45e-06,4.275e-06,4.275e-06,27497.896596
1677776400000.0,4.28e-06,4.46e-06,4.11e-06,4.3949999999999994e-06,40386.126406
1677772800000.0,4.11e-06,4.275e-06,4.11e-06,4.275e-06,0.0
1677769200000.0,4.11e-06,4.11e-06,4.11e-06,4.11e-06,0.0
1677765600000.0,4.125e-06,4.14e-06,4.11e-06,4.11e-06,382.410095
1677762000000.0,4.1375e-06,4.15e-06,4.11e-06,4.125e-06,1135.329587
1677758400000.0,4.1050000000000005e-06,4.15e-06,4.06e-06,4.145e-06,2215.111978
1677754800000.0,4.06e-06,4.1050000000000005e-06,4.06e-06,4.1050000000000005e-06,0.0
1677751200000.0,4.06e-06,4.06e-06,4.06e-06,4.06e-06,0.0
1677747600000.0,4.06e-06,4.06e-06,4.06e-06,4.06e-06,0.0
1677744000000.0,4.055e-06,4.06e-06,4.05e-06,4.06e-06,2.330541
1677740400000.0,4.05e-06,4.055e-06,4.05e-06,4.055e-06,0.0
1677736800000.0,4.05e-06,4.05e-06,4.05e-06,4.05e-06,0.0
1677733200000.0,4.05e-06,4.05e-06,4.05e-06,4.05e-06,0.0
1677729600000.0,4.05e-06,4.05e-06,4.05e-06,4.05e-06,0.0
1677726000000.0,4.052500000000001e-06,4.06e-06,4.05e-06,4.05e-06,6.108836
1677722400000.0,4.05e-06,4.05e-06,4.05e-06,4.05e-06,0.0
1677718800000.0,4.055e-06,4.06e-06,4.05e-06,4.05e-06,1.142867
1677715200000.0,4.06e-06,4.06e-06,4.055e-06,4.055e-06,0.0
1677711600000.0,4.06e-06,4.06e-06,4.06e-06,4.06e-06,0.0
1677708000000.0,4.06e-06,4.06e-06,4.06e-06,4.06e-06,0.0
1677704400000.0,4.06e-06,4.06e-06,4.06e-06,4.06e-06,0.0
1677700800000.0,4.06e-06,4.06e-06,4.06e-06,4.06e-06,0.0
1677697200000.0,4.06e-06,4.06e-06,4.06e-06,4.06e-06,724.446179
1677693600000.0,4.06e-06,4.06e-06,4.06e-06,4.06e-06,0.0
1677690000000.0,4.06e-06,4.06e-06,4.06e-06,4.06e-06,0.0
1677686400000.0,4.06e-06,4.06e-06,4.06e-06,4.06e-06,5.0
1677682800000.0,4.065e-06,4.07e-06,4.06e-06,4.06e-06,274.634227
1677679200000.0,4.08e-06,4.09e-06,4.065e-06,4.065e-06,386.69794
1677675600000.0,4.085e-06,4.09e-06,4.08e-06,4.08e-06,9.905868
1677672000000.0,4.08e-06,4.085e-06,4.08e-06,4.085e-06,0.0
1677668400000.0,4.08e-06,4.08e-06,4.08e-06,4.08e-06,0.0
1677664800000.0,4.085e-06,4.09e-06,4.08e-06,4.08e-06,3.012861
1677661200000.0,4.09e-06,4.09e-06,4.085e-06,4.085e-06,0.0
1677657600000.0,4.07e-06,4.09e-06,4.05e-06,4.09e-06,740.239322
1677654000000.0,4.05e-06,4.07e-06,4.04e-06,4.07e-06,19.184324
1677650400000.0,4.035e-06,4.045e-06,4.03e-06,4.045e-06,1.185831
1677646800000.0,4.04e-06,4.05e-06,4.03e-06,4.035e-06,65.817135
1677643200000.0,4.05e-06,4.05e-06,4.04e-06,4.04e-06,0.0
1677639600000.0,4.05e-06,4.05e-06,4.05e-06,4.05e-06,0.0
1677636000000.0,4.03e-06,4.05e-06,4.01e-06,4.05e-06,66.52975
1677632400000.0,4.05e-06,4.09e-06,4.01e-06,4.03e-06,1444.936013
1677628800000.0,4.09e-06,4.09e-06,4.05e-06,4.05e-06,0.0
1677625200000.0,4.08e-06,4.09e-06,4.07e-06,4.09e-06,5.082278
1677621600000.0,4.07e-06,4.08e-06,4.07e-06,4.08e-06,0.0
1677618000000.0,4.075e-06,4.08e-06,4.07e-06,4.07e-06,468.371728
1677614400000.0,4.08e-06,4.08e-06,4.075e-06,4.075e-06,0.0
1677610800000.0,4.08e-06,4.08e-06,4.08e-06,4.08e-06,0.0
1677607200000.0,4.08e-06,4.08e-06,4.08e-06,4.08e-06,0.0
1677603600000.0,4.08e-06,4.08e-06,4.08e-06,4.08e-06,0.0
1677600000000.0,4.08e-06,4.08e-06,4.08e-06,4.08e-06,0.0
1677596400000.0,4.08e-06,4.08e-06,4.08e-06,4.08e-06,0.0
1677592800000.0,4.08e-06,4.08e-06,4.08e-06,4.08e-06,0.0
1677589200000.0,4.0774999999999995e-06,4.08e-06,4.07e-06,4.08e-06,625.946842
1677585600000.0,4.085e-06,4.09e-06,4.08e-06,4.08e-06,15.372087
1677582000000.0,4.0925e-06,4.1e-06,4.085e-06,4.085e-06,337.542531
1677578400000.0,4.0925e-06,4.1e-06,4.09e-06,4.09e-06,6.004844
1677574800000.0,4.1075e-06,4.14e-06,4.09e-06,4.09e-06,212.132964
1677571200000.0,4.11e-06,4.11e-06,4.1e-06,4.1e-06,0.0
1677567600000.0,4.11e-06,4.11e-06,4.11e-06,4.11e-06,0.0
1677564000000.0,4.11e-06,4.11e-06,4.11e-06,4.11e-06,0.0
1677560400000.0,4.11e-06,4.11e-06,4.11e-06,4.11e-06,6.539306
1677556800000.0,4.11e-06,4.11e-06,4.11e-06,4.11e-06,0.0
1677553200000.0,4.11e-06,4.11e-06,4.11e-06,4.11e-06,0.0
1677549600000.0,4.1325e-06,4.16e-06,4.11e-06,4.11e-06,3.011711
1677546000000.0,4.15e-06,4.15e-06,4.129999999999999e-06,4.129999999999999e-06,0.0
1677542400000.0,4.1325e-06,4.16e-06,4.11e-06,4.15e-06,4.844595
1677538800000.0,4.11e-06,4.129999999999999e-06,4.11e-06,4.129999999999999e-06,0.0
1677535200000.0,4.1225e-06,4.16e-06,4.11e-06,4.11e-06,5.064074
1677531600000.0,4.145e-06,4.18e-06,4.11e-06,4.11e-06,1432.457769
1677528000000.0,4.19e-06,4.2e-06,4.145e-06,4.145e-06,4.096853
1677524400000.0,4.2049999999999996e-06,4.22e-06,4.19e-06,4.19e-06,330.815153
1677520800000.0,4.2049999999999996e-06,4.21e-06,4.2e-06,4.2e-06,2.014722
1677517200000.0,4.21e-06,4.21e-06,4.2049999999999996e-06,4.2049999999999996e-06,1.419477
1677513600000.0,4.2049999999999996e-06,4.21e-06,4.2e-06,4.21e-06,1534.083359
1677510000000.0,4.2e-06,4.22e-06,4.19e-06,4.2049999999999996e-06,7874.954495
1677506400000.0,4.18e-06,4.195e-06,4.17e-06,4.195e-06,14960.807529
1677502800000.0,4.16e-06,4.18e-06,4.15e-06,4.18e-06,758.950203
1677499200000.0,4.15e-06,4.16e-06,4.15e-06,4.16e-06,0.0
1677495600000.0,4.15e-06,4.15e-06,4.15e-06,4.15e-06,0.0
1677492000000.0,4.15e-06,4.15e-06,4.15e-06,4.15e-06,0.0
1677488400000.0,4.155e-06,4.16e-06,4.15e-06,4.15e-06,729.427833
1677484800000.0,4.165e-06,4.17e-06,4.155e-06,4.155e-06,320.344852
1677481200000.0,4.17e-06,4.17e-06,4.165e-06,4.165e-06,0.0
1677477600000.0,4.17e-06,4.17e-06,4.17e-06,4.17e-06,0.0
1677474000000.0,4.17e-06,4.17e-06,4.17e-06,4.17e-06,1.092836
1677470400000.0,4.16e-06,4.17e-06,4.15e-06,4.17e-06,21.240493
1677466800000.0,4.15e-06,4.16e-06,4.15e-06,4.16e-06,0.0
1677463200000.0,4.165e-06,4.18e-06,4.15e-06,4.15e-06,93.020485
1677459600000.0,4.18e-06,4.18e-06,4.165e-06,4.165e-06,0.0
1677456000000.0,4.18e-06,4.18e-06,4.18e-06,4.18e-06,0.0
1677452400000.0,4.18e-06,4.18e-06,4.18e-06,4.18e-06,0.0
1677448800000.0,4.18e-06,4.18e-06,4.18e-06,4.18e-06,0.0
1677445200000.0,4.18e-06,4.18e-06,4.18e-06,4.18e-06,0.0
1677441600000.0,4.17e-06,4.18e-06,4.16e-06,4.18e-06,7.057779
1677438000000.0,4.16e-06,4.17e-06,4.16e-06,4.17e-06,9.176134
1677434400000.0,4.18e-06,4.2e-06,4.16e-06,4.16e-06,753.819917
1677430800000.0,4.2e-06,4.2e-06,4.18e-06,4.18e-06,0.0
1677427200000.0,4.2e-06,4.2e-06,4.2e-06,4.2e-06,0.0
1677423600000.0,4.2e-06,4.2e-06,4.2e-06,4.2e-06,0.0
1677420000000.0,4.2049999999999996e-06,4.21e-06,4.2e-06,4.2e-06,374.215593
1677416400000.0,4.21e-06,4.21e-06,4.2049999999999996e-06,4.2049999999999996e-06,0.0
1677412800000.0,4.21e-06,4.21e-06,4.21e-06,4.21e-06,0.0
1677409200000.0,4.21e-06,4.21e-06,4.21e-06,4.21e-06,0.0
1677405600000.0,4.21e-06,4.21e-06,4.21e-06,4.21e-06,0.0
1677402000000.0,4.225e-06,4.24e-06,4.21e-06,4.21e-06,3634.167631
1677398400000.0,4.2000000000000004e-06,4.24e-06,4.16e-06,4.225e-06,1499.177205
1677394800000.0,4.16e-06,4.2000000000000004e-06,4.16e-06,4.2000000000000004e-06,0.0
1677391200000.0,4.16e-06,4.16e-06,4.16e-06,4.16e-06,0.0
1677387600000.0,4.16e-06,4.16e-06,4.16e-06,4.16e-06,0.0
1677384000000.0,4.16e-06,4.16e-06,4.16e-06,4.16e-06,0.0
1677380400000.0,4.16e-06,4.16e-06,4.16e-06,4.16e-06,0.0
1677376800000.0,4.16e-06,4.16e-06,4.16e-06,4.16e-06,0.0
1677373200000.0,4.16e-06,4.16e-06,4.16e-06,4.16e-06,0.0
1677369600000.0,4.16e-06,4.16e-06,4.16e-06,4.16e-06,0.0
1677366000000.0,4.16e-06,4.16e-06,4.16e-06,4.16e-06,0.0
1677362400000.0,4.18e-06,4.2e-06,4.16e-06,4.16e-06,746.16604
1677358800000.0,4.2e-06,4.2e-06,4.18e-06,4.18e-06,0.0
1677355200000.0,4.2e-06,4.2e-06,4.2e-06,4.2e-06,340.031948
1677351600000.0,4.21e-06,4.22e-06,4.2e-06,4.2e-06,1.223894
1677348000000.0,4.22e-06,4.22e-06,4.21e-06,4.21e-06,0.0
1677344400000.0,4.22e-06,4.22e-06,4.22e-06,4.22e-06,0.0
1677340800000.0,4.23e-06,4.24e-06,4.22e-06,4.22e-06,372.442059
1677337200000.0,4.23e-06,4.28e-06,4.2e-06,4.23e-06,2474.802533
1677333600000.0,4.2149999999999995e-06,4.23e-06,4.2e-06,4.22e-06,35.677191
1677330000000.0,4.23e-06,4.23e-06,4.2149999999999995e-06,4.2149999999999995e-06,0.0
1677326400000.0,4.2425000000000005e-06,4.26e-06,4.22e-06,4.23e-06,373.061167
1677322800000.0,4.26e-06,4.26e-06,4.245e-06,4.245e-06,0.0
1677319200000.0,4.26e-06,4.26e-06,4.26e-06,4.26e-06,0.0
1677315600000.0,4.235e-06,4.26e-06,4.21e-06,4.26e-06,747.3039
1677312000000.0,4.21e-06,4.235e-06,4.21e-06,4.235e-06,0.0
1677308400000.0,4.2049999999999996e-06,4.21e-06,4.2e-06,4.21e-06,1.040404
1677304800000.0,4.197499999999999e-06,4.2049999999999996e-06,4.19e-06,4.2049999999999996e-06,1326.619702
1677301200000.0,4.2e-06,4.2e-06,4.2e-06,4.2e-06,1.686085
1677297600000.0,4.2e-06,4.2e-06,4.2e-06,4.2e-06,0.0
1677294000000.0,4.2e-06,4.2e-06,4.2e-06,4.2e-06,0.0
1677290400000.0,4.18e-06,4.2e-06,4.16e-06,4.2e-06,4.145257
1677286800000.0,4.175e-06,4.19e-06,4.16e-06,4.18e-06,8.757849
1677283200000.0,4.185e-06,4.19e-06,4.175e-06,4.175e-06,2.450778
1677279600000.0,4.19e-06,4.2e-06,4.18e-06,4.185e-06,375.956956
1677276000000.0,4.2e-06,4.2e-06,4.19e-06,4.19e-06,0.0
1677272400000.0,4.2049999999999996e-06,4.21e-06,4.2e-06,4.2e-06,352.38936
1677268800000.0,4.215e-06,4.22e-06,4.2049999999999996e-06,4.2049999999999996e-06,33.0
1677265200000.0,4.21e-06,4.22e-06,4.2e-06,4.215e-06,14.973042
1677261600000.0,4.2049999999999996e-06,4.21e-06,4.2e-06,4.21e-06,25.634225
1677258000000.0,4.22e-06,4.23e-06,4.2049999999999996e-06,4.2049999999999996e-06,575.800084
1677254400000.0,4.2275e-06,4.24e-06,4.22e-06,4.22e-06,371.219019
1677250800000.0,4.22e-06,4.225e-06,4.22e-06,4.225e-06,0.0
1677247200000.0,4.22e-06,4.22e-06,4.22e-06,4.22e-06,0.0
1677243600000.0,4.215e-06,4.24e-06,4.2e-06,4.22e-06,9.016679
1677240000000.0,4.2e-06,4.21e-06,4.2e-06,4.21e-06,0.0
1677236400000.0,4.2149999999999995e-06,4.23e-06,4.2e-06,4.2e-06,17.447838
1677232800000.0,4.2149999999999995e-06,4.23e-06,4.2e-06,4.2149999999999995e-06,6.775527
1677229200000.0,4.2125e-06,4.23e-06,4.2e-06,4.2149999999999995e-06,338.311432
1677225600000.0,4.22e-06,4.22e-06,4.21e-06,4.21e-06,0.0
1677222000000.0,4.24e-06,4.26e-06,4.22e-06,4.22e-06,6.07368
1677218400000.0,4.26e-06,4.26e-06,4.24e-06,4.24e-06,0.0
1677214800000.0,4.26e-06,4.26e-06,4.26e-06,4.26e-06,0.0
1677211200000.0,4.24e-06,4.26e-06,4.22e-06,4.26e-06,4.360422
1677207600000.0,4.22e-06,4.24e-06,4.22e-06,4.24e-06,2.393482
1677204000000.0,4.23e-06,4.26e-06,4.22e-06,4.22e-06,10.952888
1677200400000.0,4.22e-06,4.22e-06,4.22e-06,4.22e-06,1.272355
1677196800000.0,4.23e-06,4.25e-06,4.22e-06,4.22e-06,42.847656
1677193200000.0,4.235e-06,4.24e-06,4.225e-06,4.225e-06,11.737654
1677189600000.0,4.24e-06,4.24e-06,4.235e-06,4.235e-06,0.597011
1677186000000.0,4.245e-06,4.25e-06,4.24e-06,4.24e-06,393.409
1677182400000.0,4.26e-06,4.27e-06,4.245e-06,4.245e-06,19.238776
1677178800000.0,4.27e-06,4.27e-06,4.26e-06,4.26e-06,9.774336
1677175200000.0,4.25e-06,4.27e-06,4.23e-06,4.27e-06,898.402306
1677171600000.0,4.222500000000001e-06,4.25e-06,4.21e-06,4.25e-06,415.995752
1677168000000.0,4.2049999999999996e-06,4.225e-06,4.19e-06,4.225e-06,21.352906
1677164400000.0,4.1875e-06,4.2049999999999996e-06,4.18e-06,4.2049999999999996e-06,384.144728
1677160800000.0,4.19e-06,4.2e-06,4.18e-06,4.185e-06,357.655082
1677157200000.0,4.2e-06,4.22e-06,4.19e-06,4.19e-06,742.76282
1677153600000.0,4.19e-06,4.195e-06,4.19e-06,4.195e-06,0.0
1677150000000.0,4.1975e-06,4.21e-06,4.18e-06,4.19e-06,25.698719
1677146400000.0,4.21e-06,4.21e-06,4.2000000000000004e-06,4.2000000000000004e-06,0.0
1677142800000.0,4.21e-06,4.21e-06,4.21e-06,4.21e-06,0.0
1677139200000.0,4.21e-06,4.21e-06,4.21e-06,4.21e-06,36.324427
1677135600000.0,4.1975e-06,4.22e-06,4.18e-06,4.21e-06,5.782885
1677132000000.0,4.18e-06,4.195e-06,4.18e-06,4.195e-06,0.0
1677128400000.0,4.1975e-06,4.22e-06,4.18e-06,4.18e-06,35.159926
1677124800000.0,4.21e-06,4.21e-06,4.195e-06,4.195e-06,0.0
1677121200000.0,4.215e-06,4.22e-06,4.21e-06,4.21e-06,12.224565
1677117600000.0,4.215e-06,4.22e-06,4.21e-06,4.215e-06,13.630094
1677114000000.0,4.1975e-06,4.22e-06,4.18e-06,4.215e-06,16.938302
1677110400000.0,4.18e-06,4.195e-06,4.18e-06,4.195e-06,0.0
1677106800000.0,4.2000000000000004e-06,4.22e-06,4.18e-06,4.18e-06,16.037753
1677103200000.0,4.22e-06,4.22e-06,4.2000000000000004e-06,4.2000000000000004e-06,0.0
1677099600000.0,4.22e-06,4.22e-06,4.22e-06,4.22e-06,0.0
1677096000000.0,4.22e-06,4.22e-06,4.22e-06,4.22e-06,0.0
1677092400000.0,4.21e-06,4.22e-06,4.2e-06,4.22e-06,3.389232
1677088800000.0,4.195e-06,4.21e-06,4.19e-06,4.21e-06,13.899533
1677085200000.0,4.19e-06,4.195e-06,4.19e-06,4.195e-06,0.0
1677081600000.0,4.19e-06,4.19e-06,4.19e-06,4.19e-06,0.0
1677078000000.0,4.19e-06,4.19e-06,4.19e-06,4.19e-06,0.0
1677074400000.0,4.19e-06,4.19e-06,4.19e-06,4.19e-06,0.0
1677070800000.0,4.19e-06,4.19e-06,4.19e-06,4.19e-06,0.0
1677067200000.0,4.195e-06,4.2e-06,4.19e-06,4.19e-06,3972.578719
1677063600000.0,4.19e-06,4.2e-06,4.18e-06,4.195e-06,398.729158
1677060000000.0,4.1975e-06,4.22e-06,4.18e-06,4.19e-06,406.762951
1677056400000.0,4.2049999999999996e-06,4.21e-06,4.195e-06,4.195e-06,20.450872
1677052800000.0,4.21e-06,4.22e-06,4.2e-06,4.2049999999999996e-06,436.683963
1677049200000.0,4.235e-06,4.25e-06,4.21e-06,4.21e-06,356.68994
1677045600000.0,4.25e-06,4.25e-06,4.235e-06,4.235e-06,0.0
1677042000000.0,4.245e-06,4.25e-06,4.24e-06,4.25e-06,5.209665
1677038400000.0,4.24e-06,4.245e-06,4.24e-06,4.245e-06,0.0
1677034800000.0,4.24e-06,4.24e-06,4.24e-06,4.24e-06,0.0
1677031200000.0,4.24e-06,4.24e-06,4.24e-06,4.24e-06,0.0
1677027600000.0,4.255e-06,4.28e-06,4.24e-06,4.24e-06,419.47762
1677024000000.0,4.255e-06,4.26e-06,4.25e-06,4.25e-06,372.611638
1677020400000.0,4.235e-06,4.255e-06,4.22e-06,4.255e-06,2.394124
1677016800000.0,4.2325000000000006e-06,4.25e-06,4.22e-06,4.235e-06,33.161089
1677013200000.0,4.2425000000000005e-06,4.25e-06,4.23e-06,4.23e-06,294.68547
1677009600000.0,4.245e-06,4.26e-06,4.24e-06,4.24e-06,75.888348
1677006000000.0,4.27e-06,4.3e-06,4.24e-06,4.24e-06,439.474325
1677002400000.0,4.2875e-06,4.33e-06,4.26e-06,4.27e-06,440.025618
1676998800000.0,4.26e-06,4.28e-06,4.26e-06,4.28e-06,0.0
1676995200000.0,4.27e-06,4.28e-06,4.26e-06,4.26e-06,368.383792
1676991600000.0,4.27e-06,4.28e-06,4.26e-06,4.27e-06,389.083503
1676988000000.0,4.2474999999999996e-06,4.27e-06,4.23e-06,4.27e-06,429.319974
1676984400000.0,4.265e-06,4.29e-06,4.24e-06,4.25e-06,1061.884166
1676980800000.0,4.309999999999999e-06,4.33e-06,4.265e-06,4.265e-06,132.863172
1676977200000.0,4.33e-06,4.33e-06,4.309999999999999e-06,4.309999999999999e-06,0.0
1676973600000.0,4.33e-06,4.33e-06,4.33e-06,4.33e-06,0.0
1676970000000.0,4.33e-06,4.35e-06,4.32e-06,4.33e-06,161.332983
1676966400000.0,4.375e-06,4.43e-06,4.32e-06,4.325e-06,2114.147927
1676962800000.0,4.484999999999999e-06,4.55e-06,4.375e-06,4.375e-06,1435.759056
1676959200000.0,4.44e-06,4.53e-06,4.35e-06,4.4799999999999995e-06,2593.148564
1676955600000.0,4.3475e-06,4.44e-06,4.33e-06,4.44e-06,1122.668368
1676952000000.0,4.305e-06,4.34e-06,4.28e-06,4.34e-06,48.964289
1676948400000.0,4.2825e-06,4.305e-06,4.28e-06,4.305e-06,43.419217
1676944800000.0,4.28e-06,4.28e-06,4.28e-06,4.28e-06,0.0
1676941200000.0,4.3049999999999994e-06,4.34e-06,4.28e-06,4.28e-06,53.659783
1676937600000.0,4.3525e-06,4.4e-06,4.2999999999999995e-06,4.2999999999999995e-06,733.03694
1676934000000.0,4.4575e-06,4.55e-06,4.345e-06,4.345e-06,3127.760985
1676930400000.0,4.625e-06,4.71e-06,4.455e-06,4.455e-06,1816.257315
1676926800000.0,4.45e-06,4.71e-06,4.19e-06,4.625e-06,7446.002112
1676923200000.0,4.1624999999999995e-06,4.45e-06,4.13e-06,4.45e-06,1302.543126
1676919600000.0,4.1199999999999995e-06,4.16e-06,4.11e-06,4.16e-06,1.012881
1676916000000.0,4.1e-06,4.1199999999999995e-06,4.09e-06,4.1199999999999995e-06,75.0
1676912400000.0,4.09e-06,4.1e-06,4.09e-06,4.1e-06,0.0
1676908800000.0,4.09e-06,4.09e-06,4.09e-06,4.09e-06,0.0
1676905200000.0,4.1e-06,4.11e-06,4.09e-06,4.09e-06,5.728692
1676901600000.0,4.1199999999999995e-06,4.13e-06,4.1e-06,4.1e-06,346.410401
1676898000000.0,4.14e-06,4.15e-06,4.1199999999999995e-06,4.1199999999999995e-06,3.748929
1676894400000.0,4.15e-06,4.15e-06,4.14e-06,4.14e-06,0.0
1676890800000.0,4.15e-06,4.15e-06,4.15e-06,4.15e-06,0.0
1676887200000.0,4.145e-06,4.15e-06,4.14e-06,4.15e-06,1.892071
1676883600000.0,4.13e-06,4.16e-06,4.11e-06,4.145e-06,381.986971
1676880000000.0,4.11e-06,4.125e-06,4.11e-06,4.125e-06,0.0
1676876400000.0,4.11e-06,4.11e-06,4.11e-06,4.11e-06,21.261476
1676872800000.0,4.129999999999999e-06,4.15e-06,4.11e-06,4.11e-06,8.434124
1676869200000.0,4.15e-06,4.15e-06,4.129999999999999e-06,4.129999999999999e-06,0.0
1676865600000.0,4.15e-06,4.15e-06,4.15e-06,4.15e-06,0.0
1676862000000.0,4.129999999999999e-06,4.15e-06,4.11e-06,4.15e-06,85.814322
1676858400000.0,4.125e-06,4.14e-06,4.11e-06,4.129999999999999e-06,7.771627
1676854800000.0,4.14e-06,4.16e-06,4.125e-06,4.125e-06,409.653589
1676851200000.0,4.1199999999999995e-06,4.135e-06,4.11e-06,4.135e-06,387.273888
1676847600000.0,4.1e-06,4.1199999999999995e-06,4.09e-06,4.1199999999999995e-06,384.280071
1676844000000.0,4.08e-06,4.1e-06,4.07e-06,4.1e-06,368.9856
1676840400000.0,4.07e-06,4.08e-06,4.07e-06,4.08e-06,383.359724
1676836800000.0,4.06e-06,4.07e-06,4.05e-06,4.07e-06,2.077651
1676833200000.0,3.95e-06,4.07e-06,3.84e-06,4.06e-06,5.57226
1676829600000.0,3.9399999999999995e-06,4.04e-06,3.84e-06,3.945e-06,4.277529
1676826000000.0,4.035e-06,4.04e-06,3.9399999999999995e-06,3.9399999999999995e-06,1.490313
1676822400000.0,4.042500000000001e-06,4.06e-06,4.03e-06,4.035e-06,591.96964
1676818800000.0,4.05e-06,4.05e-06,4.04e-06,4.04e-06,0.0
1676815200000.0,4.0625000000000005e-06,4.09e-06,4.05e-06,4.05e-06,18.364516
1676811600000.0,4.06e-06,4.06e-06,4.055e-06,4.055e-06,0.0
1676808000000.0,4.065e-06,4.07e-06,4.06e-06,4.06e-06,6.168067
1676804400000.0,4.06e-06,4.07e-06,4.05e-06,4.065e-06,1.690997
1676800800000.0,4.055e-06,4.07e-06,4.05e-06,4.06e-06,8.979567
1676797200000.0,4.05e-06,4.05e-06,4.05e-06,4.05e-06,0.0
1676793600000.0,4.05e-06,4.05e-06,4.05e-06,4.05e-06,0.0
1676790000000.0,4.065e-06,4.09e-06,4.05e-06,4.05e-06,20.537906
1676786400000.0,4.06e-06,4.07e-06,4.05e-06,4.06e-06,7.13596
1676782800000.0,4.05e-06,4.06e-06,4.05e-06,4.06e-06,2.162921
1676779200000.0,4.07e-06,4.09e-06,4.05e-06,4.05e-06,413.77298
1676775600000.0,4.09e-06,4.09e-06,4.07e-06,4.07e-06,351.511701
1676772000000.0,4.09e-06,4.09e-06,4.09e-06,4.09e-06,27.995174
1676768400000.0,4.1025e-06,4.18e-06,4.07e-06,4.09e-06,3468.132273
1676764800000.0,4.065e-06,4.08e-06,4.06e-06,4.08e-06,8.102594
1676761200000.0,4.065e-06,4.07e-06,4.06e-06,4.065e-06,9.496344
1676757600000.0,4.055e-06,4.07e-06,4.04e-06,4.065e-06,6.637306
1676754000000.0,4.04e-06,4.055e-06,4.04e-06,4.055e-06,0.0
1676750400000.0,4.0325e-06,4.05e-06,4.02e-06,4.04e-06,11.049347
1676746800000.0,4.0349999999999995e-06,4.05e-06,4.02e-06,4.03e-06,16.004282
1676743200000.0,4.05e-06,4.05e-06,4.0349999999999995e-06,4.0349999999999995e-06,397.331459
1676739600000.0,4.0575e-06,4.08e-06,4.05e-06,4.05e-06,23.969057
1676736000000.0,4.05e-06,4.05e-06,4.05e-06,4.05e-06,0.0
1676732400000.0,4.065e-06,4.09e-06,4.05e-06,4.05e-06,17.55805
1676728800000.0,4.07e-06,4.07e-06,4.06e-06,4.06e-06,376.611775
1676725200000.0,4.08e-06,4.09e-06,4.07e-06,4.07e-06,7.856525
1676721600000.0,4.085e-06,4.09e-06,4.08e-06,4.08e-06,1.049574
1676718000000.0,4.075e-06,4.085e-06,4.07e-06,4.085e-06,6.369029
1676714400000.0,4.07e-06,4.075e-06,4.07e-06,4.075e-06,1.986067
1676710800000.0,4.07e-06,4.07e-06,4.07e-06,4.07e-06,0.0
1676707200000.0,4.08e-06,4.09e-06,4.07e-06,4.07e-06,4.100852
1676703600000.0,4.09e-06,4.09e-06,4.08e-06,4.08e-06,0.0
1676700000000.0,4.095e-06,4.1e-06,4.09e-06,4.09e-06,2.349535
1676696400000.0,4.1025e-06,4.11e-06,4.095e-06,4.095e-06,15.953621
1676692800000.0,4.095e-06,4.1e-06,4.09e-06,4.1e-06,3879.286144
1676689200000.0,4.08e-06,4.095e-06,4.07e-06,4.095e-06,385.431431
1676685600000.0,4.06e-06,4.08e-06,4.05e-06,4.08e-06,7361.805565
1676682000000.0,4.0375e-06,4.06e-06,4.01e-06,4.06e-06,16.395899
1676678400000.0,4.0375e-06,4.07e-06,4.02e-06,4.045e-06,4.897124
1676674800000.0,4.02e-06,4.03e-06,4.02e-06,4.03e-06,0.0
1676671200000.0,4.0375e-06,4.06e-06,4.02e-06,4.02e-06,4.223767
1676667600000.0,4.07e-06,4.09e-06,4.0349999999999995e-06,4.0349999999999995e-06,6.800893
1676664000000.0,4.075e-06,4.09e-06,4.05e-06,4.07e-06,410.128876
1676660400000.0,4.07e-06,4.08e-06,4.07e-06,4.08e-06,293.259602
1676656800000.0,4.0925e-06,4.12e-06,4.07e-06,4.07e-06,11.604981
1676653200000.0,4.11e-06,4.11e-06,4.09e-06,4.09e-06,0.0
1676649600000.0,4.115e-06,4.12e-06,4.11e-06,4.11e-06,1.005349
1676646000000.0,4.115e-06,4.12e-06,4.11e-06,4.115e-06,13.154934
1676642400000.0,4.125e-06,4.14e-06,4.11e-06,4.115e-06,752.66115
1676638800000.0,4.15e-06,4.18e-06,4.125e-06,4.125e-06,3.047106
1676635200000.0,4.155e-06,4.17e-06,4.14e-06,4.14e-06,2.074617
1676631600000.0,4.1624999999999995e-06,4.17e-06,4.15e-06,4.155e-06,368.14271
1676628000000.0,4.145e-06,4.165e-06,4.13e-06,4.165e-06,19.878479
1676624400000.0,4.1225e-06,4.145e-06,4.1e-06,4.145e-06,845.104404
1676620800000.0,4.13e-06,4.13e-06,4.13e-06,4.13e-06,0.0
1676617200000.0,4.11e-06,4.13e-06,4.09e-06,4.13e-06,24.899999
1676613600000.0,4.1025e-06,4.12e-06,4.09e-06,4.11e-06,386.235916
1676610000000.0,4.145e-06,4.18e-06,4.1e-06,4.1e-06,761.468913
1676606400000.0,4.17e-06,4.18e-06,4.145e-06,4.145e-06,8.791586
1676602800000.0,4.155e-06,4.17e-06,4.15e-06,4.17e-06,379.639007
1676599200000.0,4.14e-06,4.155e-06,4.13e-06,4.155e-06,1.192623
1676595600000.0,4.13e-06,4.14e-06,4.13e-06,4.14e-06,379.60538
1676592000000.0,4.1e-06,4.13e-06,4.07e-06,4.13e-06,3.452249
1676588400000.0,4.085e-06,4.1e-06,4.07e-06,4.1e-06,109.874232
1676584800000.0,4.1e-06,4.1e-06,4.085e-06,4.085e-06,0.0
1676581200000.0,4.1e-06,4.1e-06,4.1e-06,4.1e-06,0.0
1676577600000.0,4.0825e-06,4.11e-06,4.06e-06,4.1e-06,396.505145
1676574000000.0,4.06e-06,4.08e-06,4.06e-06,4.08e-06,3.641777
1676570400000.0,4.065e-06,4.07e-06,4.06e-06,4.06e-06,18.829067
1676566800000.0,4.06e-06,4.07e-06,4.05e-06,4.065e-06,388.075429
1676563200000.0,4.05e-06,4.06e-06,4.04e-06,4.06e-06,8.062531
1676559600000.0,4.06e-06,4.07e-06,4.05e-06,4.05e-06,370.398757
1676556000000.0,4.06e-06,4.07e-06,4.05e-06,4.06e-06,2.750624
1676552400000.0,4.0575e-06,4.07e-06,4.05e-06,4.06e-06,18.927917
1676548800000.0,4.06e-06,4.06e-06,4.055e-06,4.055e-06,0.0
1676545200000.0,4.0575e-06,4.07e-06,4.05e-06,4.06e-06,12.335571
1676541600000.0,4.065e-06,4.09e-06,4.05e-06,4.055e-06,781.350608
1676538000000.0,4.0349999999999995e-06,4.07e-06,4e-06,4.06e-06,1.68855
1676534400000.0,4e-06,4.0349999999999995e-06,4e-06,4.0349999999999995e-06,0.0
1676530800000.0,4.025e-06,4.05e-06,4e-06,4e-06,11.748318
1676527200000.0,3.8875e-06,4.06e-06,3.72e-06,4.025e-06,22.114967
1676523600000.0,3.87e-06,4.02e-06,3.72e-06,3.885e-06,4.430591
1676520000000.0,3.915e-06,4.02e-06,3.81e-06,3.87e-06,6.198985
1676516400000.0,3.9399999999999995e-06,4.07e-06,3.81e-06,3.915e-06,9.511166
1676512800000.0,4.03e-06,4.07e-06,3.9399999999999995e-06,3.9399999999999995e-06,9.428963
1676509200000.0,4.005e-06,4.03e-06,3.99e-06,4.03e-06,9.050378
1676505600000.0,4.05e-06,4.08e-06,4.005e-06,4.005e-06,4642.369802
1676502000000.0,4.085e-06,4.09e-06,4.05e-06,4.05e-06,9.60691
1676498400000.0,4.097499999999999e-06,4.11e-06,4.08e-06,4.085e-06,413.956499
1676494800000.0,4.105e-06,4.11e-06,4.09e-06,4.1e-06,54.864813
1676491200000.0,4.18e-06,4.25e-06,4.11e-06,4.11e-06,2164.884085
1676487600000.0,4.267499999999999e-06,4.29e-06,4.18e-06,4.18e-06,734.536219
1676484000000.0,4.285e-06,4.29e-06,4.27e-06,4.27e-06,20.102235
1676480400000.0,4.27e-06,4.285e-06,4.24e-06,4.285e-06,376.886322
1676476800000.0,4.275e-06,4.28e-06,4.26e-06,4.28e-06,376.145006
1676473200000.0,4.255e-06,4.28e-06,4.22e-06,4.28e-06,784.392201
1676469600000.0,4.225e-06,4.26e-06,4.21e-06,4.26e-06,697.165317
1676466000000.0,4.215e-06,4.225e-06,4.21e-06,4.225e-06,6.379566
1676462400000.0,4.215e-06,4.22e-06,4.21e-06,4.215e-06,7.60689
1676458800000.0,4.215e-06,4.22e-06,4.21e-06,4.215e-06,20.659265
1676455200000.0,4.22e-06,4.22e-06,4.215e-06,4.215e-06,6.641573
1676451600000.0,4.2000000000000004e-06,4.22e-06,4.18e-06,4.22e-06,3.084767
1676448000000.0,4.195e-06,4.21e-06,4.18e-06,4.2000000000000004e-06,2.61908
1676444400000.0,4.21e-06,4.21e-06,4.195e-06,4.195e-06,0.0
1676440800000.0,4.21e-06,4.21e-06,4.21e-06,4.21e-06,11.095261
1676437200000.0,4.2075e-06,4.22e-06,4.18e-06,4.21e-06,309.374271
1676433600000.0,4.2175e-06,4.22e-06,4.21e-06,4.215e-06,27.619564
1676430000000.0,4.225e-06,4.24e-06,4.2e-06,4.22e-06,760.157936
1676426400000.0,4.2000000000000004e-06,4.24e-06,4.16e-06,4.23e-06,1055.646622
1676422800000.0,4.18e-06,4.2000000000000004e-06,4.16e-06,4.2000000000000004e-06,2.961088
1676419200000.0,4.2e-06,4.2e-06,4.18e-06,4.18e-06,6.654228
1676415600000.0,4.2e-06,4.2e-06,4.2e-06,4.2e-06,0.0
1676412000000.0,4.2e-06,4.2e-06,4.2e-06,4.2e-06,0.0
1676408400000.0,4.2e-06,4.2e-06,4.2e-06,4.2e-06,0.0
1676404800000.0,4.195e-06,4.2e-06,4.19e-06,4.2e-06,18.219685
1676401200000.0,4.195e-06,4.2e-06,4.19e-06,4.195e-06,1.511828
1676397600000.0,4.185e-06,4.2e-06,4.17e-06,4.195e-06,38.715942
1676394000000.0,4.165e-06,4.185e-06,4.16e-06,4.185e-06,4.937753
1676390400000.0,4.17e-06,4.18e-06,4.16e-06,4.165e-06,80.344099
1676386800000.0,4.18e-06,4.18e-06,4.17e-06,4.17e-06,23.92449
1676383200000.0,4.18e-06,4.18e-06,4.18e-06,4.18e-06,0.0
1676379600000.0,4.18e-06,4.18e-06,4.18e-06,4.18e-06,0.0
1676376000000.0,4.18e-06,4.18e-06,4.18e-06,4.18e-06,0.0
1676372400000.0,4.18e-06,4.18e-06,4.18e-06,4.18e-06,0.0
1676368800000.0,4.18e-06,4.18e-06,4.18e-06,4.18e-06,0.0
1676365200000.0,4.18e-06,4.18e-06,4.18e-06,4.18e-06,0.0
1676361600000.0,4.18e-06,4.18e-06,4.18e-06,4.18e-06,0.0
1676358000000.0,4.18e-06,4.18e-06,4.18e-06,4.18e-06,0.0
1676354400000.0,4.1825e-06,4.19e-06,4.18e-06,4.18e-06,2.64495
1676350800000.0,4.18e-06,4.18e-06,4.18e-06,4.18e-06,0.0
1676347200000.0,4.18e-06,4.18e-06,4.18e-06,4.18e-06,0.0
1676343600000.0,4.18e-06,4.18e-06,4.18e-06,4.18e-06,0.0
1676340000000.0,4.18e-06,4.18e-06,4.18e-06,4.18e-06,0.0
1676336400000.0,4.18e-06,4.18e-06,4.18e-06,4.18e-06,0.0
1676332800000.0,4.18e-06,4.18e-06,4.18e-06,4.18e-06,0.0
1676329200000.0,4.18e-06,4.18e-06,4.18e-06,4.18e-06,0.0
1676325600000.0,4.18e-06,4.18e-06,4.18e-06,4.18e-06,371.296522
1676322000000.0,4.18e-06,4.18e-06,4.18e-06,4.18e-06,0.0
1676318400000.0,4.185e-06,4.19e-06,4.18e-06,4.18e-06,2.68755
1676314800000.0,4.185e-06,4.19e-06,4.18e-06,4.185e-06,5.873784
1676311200000.0,4.195e-06,4.21e-06,4.18e-06,4.185e-06,1.990419
1676307600000.0,4.2049999999999996e-06,4.21e-06,4.195e-06,4.195e-06,354.124864
1676304000000.0,4.22e-06,4.24e-06,4.2e-06,4.2049999999999996e-06,2008.849739
1676300400000.0,4.22e-06,4.24e-06,4.2e-06,4.22e-06,3.427273
1676296800000.0,4.2e-06,4.22e-06,4.2e-06,4.22e-06,1.02026
1676293200000.0,4.2149999999999995e-06,4.23e-06,4.2e-06,4.2e-06,367.551922
1676289600000.0,4.225e-06,4.23e-06,4.2149999999999995e-06,4.2149999999999995e-06,15.215489
1676286000000.0,4.235e-06,4.25e-06,4.22e-06,4.225e-06,8.164369
1676282400000.0,4.2525e-06,4.26e-06,4.235e-06,4.235e-06,736.261928
1676278800000.0,4.28e-06,4.3e-06,4.255e-06,4.255e-06,2.792818
1676275200000.0,4.3e-06,4.3e-06,4.28e-06,4.28e-06,0.0
1676271600000.0,4.3e-06,4.3e-06,4.3e-06,4.3e-06,1.762688
1676268000000.0,4.3e-06,4.3e-06,4.3e-06,4.3e-06,6.265534
1676264400000.0,4.3e-06,4.3e-06,4.3e-06,4.3e-06,0.0
1676260800000.0,4.285e-06,4.3e-06,4.26e-06,4.3e-06,28.742211
1676257200000.0,4.28e-06,4.29e-06,4.28e-06,4.29e-06,0.0
1676253600000.0,4.2999999999999995e-06,4.32e-06,4.28e-06,4.28e-06,365.226214
1676250000000.0,4.3225e-06,4.33e-06,4.2999999999999995e-06,4.2999999999999995e-06,3.537464
1676246400000.0,4.345e-06,4.37e-06,4.32e-06,4.32e-06,725.103312
1676242800000.0,4.37e-06,4.37e-06,4.345e-06,4.345e-06,0.0
1676239200000.0,4.38e-06,4.39e-06,4.37e-06,4.37e-06,350.826472
1676235600000.0,4.402500000000001e-06,4.42e-06,4.38e-06,4.38e-06,320.329834
1676232000000.0,4.405e-06,4.42e-06,4.39e-06,4.405e-06,89.089648
1676228400000.0,4.385e-06,4.405e-06,4.37e-06,4.405e-06,11.723061
1676224800000.0,4.4e-06,4.41e-06,4.39e-06,4.39e-06,366.93141
1676221200000.0,4.42e-06,4.43e-06,4.4e-06,4.4e-06,18.869986
1676217600000.0,4.43e-06,4.43e-06,4.42e-06,4.42e-06,0.0
1676214000000.0,4.43e-06,4.43e-06,4.43e-06,4.43e-06,0.0
1676210400000.0,4.4175e-06,4.44e-06,4.4e-06,4.43e-06,702.210946
1676206800000.0,4.3700000000000005e-06,4.415e-06,4.34e-06,4.415e-06,1040.556229
1676203200000.0,4.34e-06,4.3700000000000005e-06,4.34e-06,4.3700000000000005e-06,3.426586
1676199600000.0,4.335e-06,4.34e-06,4.33e-06,4.34e-06,2.767686
1676196000000.0,4.315e-06,4.335e-06,4.3e-06,4.335e-06,1.49975
1676192400000.0,4.31e-06,4.32e-06,4.3e-06,4.315e-06,11.530435
1676188800000.0,4.325e-06,4.33e-06,4.31e-06,4.31e-06,356.499246
1676185200000.0,4.325e-06,4.33e-06,4.32e-06,4.325e-06,1.623963
1676181600000.0,4.32e-06,4.325e-06,4.32e-06,4.325e-06,0.0
1676178000000.0,4.32e-06,4.32e-06,4.32e-06,4.32e-06,1.6169
1676174400000.0,4.32e-06,4.32e-06,4.32e-06,4.32e-06,0.0
1676170800000.0,4.32e-06,4.32e-06,4.32e-06,4.32e-06,3.360835
1676167200000.0,4.32e-06,4.32e-06,4.32e-06,4.32e-06,0.0
1676163600000.0,4.350000000000001e-06,4.38e-06,4.32e-06,4.32e-06,2.343734
1676160000000.0,4.33e-06,4.38e-06,4.28e-06,4.350000000000001e-06,12.416669
1676156400000.0,4.28e-06,4.33e-06,4.28e-06,4.33e-06,0.0
1676152800000.0,4.28e-06,4.28e-06,4.28e-06,4.28e-06,0.0
1676149200000.0,4.28e-06,4.28e-06,4.28e-06,4.28e-06,0.0
1676145600000.0,4.28e-06,4.28e-06,4.28e-06,4.28e-06,0.0
1676142000000.0,4.28e-06,4.28e-06,4.28e-06,4.28e-06,0.0
1676138400000.0,4.305e-06,4.33e-06,4.28e-06,4.28e-06,2.565807
1676134800000.0,4.335e-06,4.34e-06,4.305e-06,4.305e-06,1.728044
1676131200000.0,4.34e-06,4.34e-06,4.335e-06,4.335e-06,8.654183
1676127600000.0,4.33e-06,4.35e-06,4.28e-06,4.34e-06,371.448665
1676124000000.0,4.315e-06,4.35e-06,4.28e-06,4.345e-06,4.004606
1676120400000.0,4.28e-06,4.315e-06,4.28e-06,4.315e-06,0.0
1676116800000.0,4.309999999999999e-06,4.34e-06,4.28e-06,4.28e-06,1.031559
1676113200000.0,4.345e-06,4.35e-06,4.309999999999999e-06,4.309999999999999e-06,1.428263
1676109600000.0,4.315e-06,4.35e-06,4.28e-06,4.345e-06,424.025742
1676106000000.0,4.28e-06,4.315e-06,4.28e-06,4.315e-06,6.122248
1676102400000.0,4.315e-06,4.35e-06,4.28e-06,4.28e-06,2.56836
1676098800000.0,4.34e-06,4.35e-06,4.315e-06,4.315e-06,2.779641
1676095200000.0,4.3075e-06,4.34e-06,4.28e-06,4.34e-06,11.264143
1676091600000.0,4.28e-06,4.305e-06,4.28e-06,4.305e-06,0.0
1676088000000.0,4.28e-06,4.28e-06,4.28e-06,4.28e-06,4.685679
1676084400000.0,4.28e-06,4.28e-06,4.28e-06,4.28e-06,0.0
1676080800000.0,4.315e-06,4.35e-06,4.28e-06,4.28e-06,1.986291
1676077200000.0,4.35e-06,4.35e-06,4.315e-06,4.315e-06,0.0
1676073600000.0,4.35e-06,4.35e-06,4.35e-06,4.35e-06,0.0
1676070000000.0,4.3275e-06,4.35e-06,4.28e-06,4.35e-06,9.962101
1676066400000.0,4.305e-06,4.34e-06,4.28e-06,4.34e-06,421.328396
1676062800000.0,4.267499999999999e-06,4.305e-06,4.25e-06,4.305e-06,736.719019
1676059200000.0,4.245e-06,4.27e-06,4.23e-06,4.27e-06,364.417584
1676055600000.0,4.23e-06,4.245e-06,4.23e-06,4.245e-06,0.0
1676052000000.0,4.23e-06,4.23e-06,4.23e-06,4.23e-06,0.0
1676048400000.0,4.2175e-06,4.24e-06,4.2e-06,4.23e-06,25.512408
1676044800000.0,4.2e-06,4.2149999999999995e-06,4.2e-06,4.2149999999999995e-06,0.0
1676041200000.0,4.2e-06,4.2e-06,4.2e-06,4.2e-06,0.0
1676037600000.0,4.2e-06,4.2e-06,4.2e-06,4.2e-06,0.0
1676034000000.0,4.2e-06,4.2e-06,4.2e-06,4.2e-06,0.0
1676030400000.0,4.2e-06,4.2e-06,4.2e-06,4.2e-06,0.0
1676026800000.0,4.21e-06,4.22e-06,4.2e-06,4.2e-06,2.442201
1676023200000.0,4.22e-06,4.22e-06,4.21e-06,4.21e-06,0.0
1676019600000.0,4.22e-06,4.22e-06,4.22e-06,4.22e-06,0.0
1676016000000.0,4.22e-06,4.22e-06,4.22e-06,4.22e-06,0.0
1676012400000.0,4.22e-06,4.22e-06,4.22e-06,4.22e-06,0.0
1676008800000.0,4.22e-06,4.22e-06,4.22e-06,4.22e-06,0.0
1676005200000.0,4.22e-06,4.22e-06,4.22e-06,4.22e-06,0.0
1676001600000.0,4.22e-06,4.22e-06,4.22e-06,4.22e-06,0.0
1675998000000.0,4.25e-06,4.28e-06,4.22e-06,4.22e-06,742.546638
1675994400000.0,4.245e-06,4.28e-06,4.21e-06,4.25e-06,390.834784
1675990800000.0,4.22e-06,4.245e-06,4.21e-06,4.245e-06,485.613157
1675987200000.0,4.23e-06,4.23e-06,4.22e-06,4.22e-06,0.0
1675983600000.0,4.225e-06,4.23e-06,4.22e-06,4.23e-06,33.615423
1675980000000.0,4.2425000000000005e-06,4.27e-06,4.22e-06,4.225e-06,445.312794
1675976400000.0,4.26e-06,4.26e-06,4.24e-06,4.24e-06,0.0
1675972800000.0,4.275e-06,4.29e-06,4.26e-06,4.26e-06,530.247315
1675969200000.0,4.285e-06,4.29e-06,4.275e-06,4.275e-06,556.355353
1675965600000.0,4.2999999999999995e-06,4.32e-06,4.28e-06,4.285e-06,2.424066
1675962000000.0,4.32e-06,4.32e-06,4.2999999999999995e-06,4.2999999999999995e-06,0.0
1675958400000.0,4.32e-06,4.32e-06,4.32e-06,4.32e-06,344.700292
1675954800000.0,4.350000000000001e-06,4.38e-06,4.32e-06,4.32e-06,36.396857
1675951200000.0,4.33e-06,4.38e-06,4.28e-06,4.350000000000001e-06,353.985282
1675947600000.0,4.295e-06,4.33e-06,4.28e-06,4.33e-06,26.335315
1675944000000.0,4.295e-06,4.31e-06,4.28e-06,4.295e-06,26.834227
1675940400000.0,4.28e-06,4.295e-06,4.28e-06,4.295e-06,1.048387
1675936800000.0,4.28e-06,4.28e-06,4.28e-06,4.28e-06,0.0
1675933200000.0,4.29e-06,4.3e-06,4.28e-06,4.28e-06,15.288877
1675929600000.0,4.295e-06,4.3e-06,4.29e-06,4.29e-06,4.381713
1675926000000.0,4.285e-06,4.295e-06,4.28e-06,4.295e-06,4.4553
1675922400000.0,4.28e-06,4.285e-06,4.28e-06,4.285e-06,0.0
1675918800000.0,4.28e-06,4.28e-06,4.28e-06,4.28e-06,0.0
1675915200000.0,4.28e-06,4.28e-06,4.28e-06,4.28e-06,0.0
1675911600000.0,4.28e-06,4.28e-06,4.28e-06,4.28e-06,0.0
1675908000000.0,4.305e-06,4.35e-06,4.28e-06,4.28e-06,29.702863
1675904400000.0,4.31e-06,4.31e-06,4.295e-06,4.295e-06,0.0
1675900800000.0,4.305e-06,4.35e-06,4.28e-06,4.31e-06,57.324716
1675897200000.0,4.28e-06,4.295e-06,4.28e-06,4.295e-06,0.0
1675893600000.0,4.2825e-06,4.29e-06,4.28e-06,4.28e-06,50.867949
1675890000000.0,4.28e-06,4.28e-06,4.28e-06,4.28e-06,0.0
1675886400000.0,4.29e-06,4.3e-06,4.28e-06,4.28e-06,1.035685
1675882800000.0,4.29e-06,4.3e-06,4.28e-06,4.29e-06,2.232893
1675879200000.0,4.2999999999999995e-06,4.32e-06,4.28e-06,4.29e-06,49.866362
1675875600000.0,4.32e-06,4.32e-06,4.2999999999999995e-06,4.2999999999999995e-06,0.0
1675872000000.0,4.34e-06,4.36e-06,4.32e-06,4.32e-06,361.311607
1675868400000.0,4.365e-06,4.37e-06,4.34e-06,4.34e-06,19.633867
1675864800000.0,4.365e-06,4.37e-06,4.36e-06,4.365e-06,359.658007
1675861200000.0,4.36e-06,4.365e-06,4.36e-06,4.365e-06,0.0
1675857600000.0,4.36e-06,4.36e-06,4.36e-06,4.36e-06,0.0
1675854000000.0,4.36e-06,4.36e-06,4.36e-06,4.36e-06,0.0
1675850400000.0,4.36e-06,4.36e-06,4.36e-06,4.36e-06,0.0
1675846800000.0,4.36e-06,4.36e-06,4.36e-06,4.36e-06,0.0
1675843200000.0,4.319999999999999e-06,4.36e-06,4.28e-06,4.36e-06,1.578522
1675839600000.0,4.2999999999999995e-06,4.36e-06,4.28e-06,4.319999999999999e-06,48.738724
1675836000000.0,4.28e-06,4.28e-06,4.28e-06,4.28e-06,5.107983
1675832400000.0,4.319999999999999e-06,4.36e-06,4.28e-06,4.28e-06,28.875748
1675828800000.0,4.319999999999999e-06,4.36e-06,4.28e-06,4.319999999999999e-06,55.575492
1675825200000.0,4.315e-06,4.35e-06,4.28e-06,4.319999999999999e-06,26.865151
1675821600000.0,4.375e-06,4.4e-06,4.315e-06,4.315e-06,355.976449
1675818000000.0,4.3825e-06,4.4e-06,4.36e-06,4.375e-06,47.300528
1675814400000.0,4.38e-06,4.39e-06,4.37e-06,4.3849999999999995e-06,64.420915
1675810800000.0,4.39e-06,4.39e-06,4.38e-06,4.38e-06,0.0
1675807200000.0,4.3875e-06,4.42e-06,4.37e-06,4.39e-06,23.393126
1675803600000.0,4.37e-06,4.38e-06,4.37e-06,4.38e-06,0.0
1675800000000.0,4.37e-06,4.37e-06,4.37e-06,4.37e-06,0.0
1675796400000.0,4.365e-06,4.37e-06,4.35e-06,4.37e-06,10.27947
1675792800000.0,4.36e-06,4.37e-06,4.35e-06,4.37e-06,9.816411
1675789200000.0,4.35e-06,4.36e-06,4.35e-06,4.36e-06,0.0
1675785600000.0,4.36e-06,4.37e-06,4.35e-06,4.35e-06,3.400798
1675782000000.0,4.38e-06,4.39e-06,4.36e-06,4.36e-06,351.536167
1675778400000.0,4.41e-06,4.44e-06,4.38e-06,4.38e-06,22.417776
1675774800000.0,4.41e-06,4.42e-06,4.4e-06,4.405e-06,359.038045
1675771200000.0,4.360000000000001e-06,4.41e-06,4.32e-06,4.41e-06,377.057474
1675767600000.0,4.325e-06,4.360000000000001e-06,4.32e-06,4.360000000000001e-06,5.872249
1675764000000.0,4.325e-06,4.33e-06,4.32e-06,4.325e-06,56.116293
1675760400000.0,4.32e-06,4.325e-06,4.32e-06,4.325e-06,11.790611
1675756800000.0,4.32e-06,4.32e-06,4.32e-06,4.32e-06,8.87305
1675753200000.0,4.31e-06,4.32e-06,4.3e-06,4.32e-06,24.919415
1675749600000.0,4.295e-06,4.31e-06,4.29e-06,4.31e-06,351.099608
1675746000000.0,4.29e-06,4.295e-06,4.29e-06,4.295e-06,0.0
1675742400000.0,4.2925e-06,4.3e-06,4.29e-06,4.29e-06,30.560463
1675738800000.0,4.29e-06,4.29e-06,4.29e-06,4.29e-06,0.0
1675735200000.0,4.2675e-06,4.3e-06,4.24e-06,4.29e-06,439.358968
1675731600000.0,4.24e-06,4.265e-06,4.24e-06,4.265e-06,0.0
1675728000000.0,4.24e-06,4.24e-06,4.24e-06,4.24e-06,0.0
1675724400000.0,4.2425000000000005e-06,4.25e-06,4.24e-06,4.24e-06,661.521536
1675720800000.0,4.24e-06,4.24e-06,4.24e-06,4.24e-06,9.261765
1675717200000.0,4.245e-06,4.25e-06,4.24e-06,4.24e-06,12.45245
1675713600000.0,4.2275e-06,4.26e-06,4.2e-06,4.245e-06,1482.353956
1675710000000.0,4.185e-06,4.224999999999999e-06,4.17e-06,4.224999999999999e-06,2.165485
1675706400000.0,4.1724999999999994e-06,4.22e-06,4.11e-06,4.185e-06,11219.304371
1675702800000.0,4.19e-06,4.19e-06,4.18e-06,4.18e-06,32.450074
1675699200000.0,4.195e-06,4.2e-06,4.19e-06,4.19e-06,2.693241
1675695600000.0,4.2e-06,4.2e-06,4.195e-06,4.195e-06,0.57385
1675692000000.0,4.21e-06,4.22e-06,4.2e-06,4.2e-06,381.276655
1675688400000.0,4.22e-06,4.22e-06,4.21e-06,4.21e-06,0.0
1675684800000.0,4.22e-06,4.22e-06,4.22e-06,4.22e-06,365.42389
1675681200000.0,4.21e-06,4.22e-06,4.18e-06,4.22e-06,4.833913
1675677600000.0,4.215e-06,4.22e-06,4.2e-06,4.22e-06,4.241157
1675674000000.0,4.21e-06,4.22e-06,4.2e-06,4.22e-06,1.824426
1675670400000.0,4.19e-06,4.21e-06,4.18e-06,4.21e-06,1.349415
1675666800000.0,4.18e-06,4.19e-06,4.18e-06,4.19e-06,0.0
1675663200000.0,4.18e-06,4.18e-06,4.18e-06,4.18e-06,1.638711
1675659600000.0,4.19e-06,4.2e-06,4.18e-06,4.18e-06,1.877362
1675656000000.0,4.21e-06,4.22e-06,4.19e-06,4.19e-06,2.447314
1675652400000.0,4.22e-06,4.22e-06,4.21e-06,4.21e-06,0.0
1675648800000.0,4.22e-06,4.22e-06,4.22e-06,4.22e-06,0.0
1675645200000.0,4.21e-06,4.22e-06,4.2e-06,4.22e-06,349.4529
1675641600000.0,4.2e-06,4.21e-06,4.2e-06,4.21e-06,5.885883
1675638000000.0,4.19e-06,4.2e-06,4.18e-06,4.2e-06,392.345095
1675634400000.0,4.18e-06,4.19e-06,4.18e-06,4.19e-06,1.591693
1675630800000.0,4.175e-06,4.18e-06,4.17e-06,4.18e-06,3.35733
1675627200000.0,4.175e-06,4.18e-06,4.17e-06,4.175e-06,6.187668
1675623600000.0,4.165e-06,4.18e-06,4.15e-06,4.175e-06,6.638411
1675620000000.0,4.16e-06,4.17e-06,4.15e-06,4.165e-06,4.669273
1675616400000.0,4.1725e-06,4.18e-06,4.16e-06,4.16e-06,346.82307
1675612800000.0,4.19e-06,4.2e-06,4.175e-06,4.175e-06,362.344554
1675609200000.0,4.2049999999999996e-06,4.21e-06,4.19e-06,4.19e-06,369.673043
1675605600000.0,4.2049999999999996e-06,4.21e-06,4.2e-06,4.2049999999999996e-06,7.248798
1675602000000.0,4.2149999999999995e-06,4.23e-06,4.2e-06,4.2049999999999996e-06,372.615621
1675598400000.0,4.2325000000000006e-06,4.24e-06,4.2149999999999995e-06,4.2149999999999995e-06,620.626472
1675594800000.0,4.245e-06,4.25e-06,4.235e-06,4.235e-06,5.712573
1675591200000.0,4.255e-06,4.26e-06,4.245e-06,4.245e-06,1.190159
1675587600000.0,4.255e-06,4.26e-06,4.25e-06,4.255e-06,1.571154
1675584000000.0,4.255e-06,4.26e-06,4.25e-06,4.255e-06,14.706116
1675580400000.0,4.24e-06,4.26e-06,4.22e-06,4.255e-06,367.581696
1675576800000.0,4.23e-06,4.24e-06,4.22e-06,4.24e-06,3.486148
1675573200000.0,4.23e-06,4.24e-06,4.22e-06,4.23e-06,10.373433
1675569600000.0,4.225e-06,4.23e-06,4.22e-06,4.23e-06,373.916044
1675566000000.0,4.2425000000000005e-06,4.26e-06,4.225e-06,4.225e-06,366.908716
1675562400000.0,4.245e-06,4.25e-06,4.24e-06,4.24e-06,3.981656
1675558800000.0,4.24e-06,4.245e-06,4.24e-06,4.245e-06,0.0
1675555200000.0,4.24e-06,4.24e-06,4.24e-06,4.24e-06,2.877243
1675551600000.0,4.245e-06,4.25e-06,4.24e-06,4.24e-06,2.401955
1675548000000.0,4.245e-06,4.25e-06,4.24e-06,4.245e-06,2.809891
1675544400000.0,4.255e-06,4.27e-06,4.24e-06,4.245e-06,1009.62176
1675540800000.0,4.27e-06,4.27e-06,4.255e-06,4.255e-06,4.655775
1675537200000.0,4.277499999999999e-06,4.29e-06,4.26e-06,4.27e-06,713.052636
1675533600000.0,4.29e-06,4.29e-06,4.28e-06,4.28e-06,8.48109
1675530000000.0,4.295e-06,4.3e-06,4.29e-06,4.29e-06,4.579069
1675526400000.0,4.3e-06,4.3e-06,4.295e-06,4.295e-06,0.0
1675522800000.0,4.2850000000000005e-06,4.3e-06,4.27e-06,4.3e-06,365.650472
1675519200000.0,4.2850000000000005e-06,4.3e-06,4.27e-06,4.2850000000000005e-06,1.189605
1675515600000.0,4.295e-06,4.3e-06,4.2850000000000005e-06,4.2850000000000005e-06,1.570437
1675512000000.0,4.29e-06,4.295e-06,4.29e-06,4.295e-06,0.0
1675508400000.0,4.29e-06,4.29e-06,4.29e-06,4.29e-06,0.0
1675504800000.0,4.29e-06,4.29e-06,4.29e-06,4.29e-06,0.0
1675501200000.0,4.29e-06,4.29e-06,4.29e-06,4.29e-06,0.0
1675497600000.0,4.275e-06,4.29e-06,4.26e-06,4.29e-06,4.132587
1675494000000.0,4.26e-06,4.275e-06,4.26e-06,4.275e-06,0.0
1675490400000.0,4.275e-06,4.29e-06,4.26e-06,4.26e-06,10.80101
1675486800000.0,4.275e-06,4.29e-06,4.26e-06,4.275e-06,12.142377
1675483200000.0,4.265e-06,4.275e-06,4.26e-06,4.275e-06,2.661031
1675479600000.0,4.265e-06,4.27e-06,4.26e-06,4.265e-06,11.429507
1675476000000.0,4.265e-06,4.27e-06,4.26e-06,4.265e-06,10.469047
1675472400000.0,4.275e-06,4.28e-06,4.265e-06,4.265e-06,427.985756
1675468800000.0,4.305e-06,4.33e-06,4.275e-06,4.275e-06,366.683926
1675465200000.0,4.2850000000000005e-06,4.33e-06,4.24e-06,4.305e-06,1250.026203
1675461600000.0,4.2275e-06,4.2850000000000005e-06,4.21e-06,4.2850000000000005e-06,720.302827
1675458000000.0,4.22e-06,4.23e-06,4.22e-06,4.23e-06,1.956597
1675454400000.0,4.21e-06,4.22e-06,4.18e-06,4.22e-06,13.528942
1675450800000.0,4.215e-06,4.22e-06,4.21e-06,4.22e-06,10.049687
1675447200000.0,4.21e-06,4.215e-06,4.21e-06,4.215e-06,2.884282
1675443600000.0,4.195e-06,4.21e-06,4.18e-06,4.21e-06,2.808199
1675440000000.0,4.2000000000000004e-06,4.22e-06,4.18e-06,4.195e-06,17.431545
1675436400000.0,4.195e-06,4.22e-06,4.17e-06,4.2000000000000004e-06,803.102621
1675432800000.0,4.165e-06,4.195e-06,4.16e-06,4.195e-06,3.801843
1675429200000.0,4.16e-06,4.165e-06,4.16e-06,4.165e-06,0.0
1675425600000.0,4.16e-06,4.16e-06,4.16e-06,4.16e-06,0.0
1675422000000.0,4.16e-06,4.16e-06,4.16e-06,4.16e-06,0.0
1675418400000.0,4.17e-06,4.18e-06,4.16e-06,4.16e-06,18.683173
1675414800000.0,4.17e-06,4.18e-06,4.16e-06,4.17e-06,1.122287
1675411200000.0,4.16e-06,4.17e-06,4.16e-06,4.17e-06,0.0
1675407600000.0,4.18e-06,4.2e-06,4.16e-06,4.16e-06,10.438699
1675404000000.0,4.18e-06,4.2e-06,4.16e-06,4.18e-06,10.771124
1675400400000.0,4.1725e-06,4.2e-06,4.16e-06,4.18e-06,24.573436
1675396800000.0,4.165e-06,4.17e-06,4.16e-06,4.165e-06,2.43387
1675393200000.0,4.16e-06,4.165e-06,4.16e-06,4.165e-06,0.0
1675389600000.0,4.17e-06,4.18e-06,4.16e-06,4.16e-06,3.705456
1675386000000.0,4.17e-06,4.18e-06,4.16e-06,4.17e-06,377.813819
1675382400000.0,4.1575e-06,4.17e-06,4.15e-06,4.17e-06,377.003959
1675378800000.0,4.15e-06,4.16e-06,4.14e-06,4.16e-06,6.981576
1675375200000.0,4.1325e-06,4.15e-06,4.11e-06,4.15e-06,6.794845
1675371600000.0,4.15e-06,4.16e-06,4.14e-06,4.14e-06,379.639007
1675368000000.0,4.17e-06,4.18e-06,4.15e-06,4.15e-06,377.813819
1675364400000.0,4.177499999999999e-06,4.18e-06,4.17e-06,4.17e-06,32.488534
1675360800000.0,4.185e-06,4.19e-06,4.18e-06,4.18e-06,362.693016
1675357200000.0,4.185e-06,4.19e-06,4.18e-06,4.185e-06,9.046489
1675353600000.0,4.195e-06,4.21e-06,4.18e-06,4.185e-06,13.817479
1675350000000.0,4.21e-06,4.21e-06,4.195e-06,4.195e-06,0.0
1675346400000.0,4.21e-06,4.21e-06,4.21e-06,4.21e-06,0.0
1675342800000.0,4.21e-06,4.21e-06,4.21e-06,4.21e-06,0.0
1675339200000.0,4.21e-06,4.21e-06,4.21e-06,4.21e-06,0.0
1675335600000.0,4.215e-06,4.22e-06,4.21e-06,4.21e-06,8.39805
1675332000000.0,4.21e-06,4.22e-06,4.2e-06,4.215e-06,3.176815
1675328400000.0,4.2e-06,4.21e-06,4.2e-06,4.21e-06,0.0
1675324800000.0,4.2049999999999996e-06,4.21e-06,4.2e-06,4.2e-06,1.695571
1675321200000.0,4.2049999999999996e-06,4.21e-06,4.2e-06,4.2049999999999996e-06,1.81112
1675317600000.0,4.2e-06,4.2049999999999996e-06,4.2e-06,4.2049999999999996e-06,0.0
1675314000000.0,4.185e-06,4.2e-06,4.17e-06,4.2e-06,704.803853
1675310400000.0,4.175e-06,4.185e-06,4.17e-06,4.185e-06,4.270894
1675306800000.0,4.175e-06,4.18e-06,4.17e-06,4.175e-06,4.448641
1675303200000.0,4.175e-06,4.18e-06,4.17e-06,4.175e-06,14.765944
1675299600000.0,4.17e-06,4.18e-06,4.16e-06,4.175e-06,44.567423
1675296000000.0,4.165e-06,4.18e-06,4.16e-06,4.17e-06,388.569848
1675292400000.0,4.17e-06,4.18e-06,4.16e-06,4.16e-06,1.437591
1675288800000.0,4.19e-06,4.2e-06,4.17e-06,4.17e-06,7.466889
1675285200000.0,4.2e-06,4.2e-06,4.19e-06,4.19e-06,0.0
1675281600000.0,4.22e-06,4.24e-06,4.2e-06,4.2e-06,746.657652
1675278000000.0,4.219999999999999e-06,4.26e-06,4.19e-06,4.22e-06,905.807189
1675274400000.0,4.185e-06,4.2149999999999995e-06,4.18e-06,4.2149999999999995e-06,382.984512
1675270800000.0,4.2000000000000004e-06,4.22e-06,4.18e-06,4.185e-06,369.862683
1675267200000.0,4.235e-06,4.26e-06,4.2e-06,4.2000000000000004e-06,759.155121
1675263600000.0,4.2375000000000005e-06,4.33e-06,4.18e-06,4.24e-06,3695.359562
1675260000000.0,4.17e-06,4.22e-06,4.16e-06,4.22e-06,735.134219
1675256400000.0,4.1475e-06,4.17e-06,4.11e-06,4.17e-06,14.605759
1675252800000.0,4.155e-06,4.16e-06,4.15e-06,4.16e-06,5.923326
1675249200000.0,4.155e-06,4.16e-06,4.15e-06,4.155e-06,3.040934
1675245600000.0,4.15e-06,4.16e-06,4.14e-06,4.155e-06,6.873836
1675242000000.0,4.14e-06,4.15e-06,4.14e-06,4.15e-06,0.0
1675238400000.0,4.14e-06,4.14e-06,4.14e-06,4.14e-06,0.0
1675234800000.0,4.14e-06,4.14e-06,4.14e-06,4.14e-06,0.0
1675231200000.0,4.17e-06,4.2e-06,4.14e-06,4.14e-06,370.980313
1675227600000.0,4.2e-06,4.2e-06,4.17e-06,4.17e-06,0.0
1675224000000.0,4.1875e-06,4.2e-06,4.16e-06,4.2e-06,10.038531
1675220400000.0,4.185e-06,4.195e-06,4.18e-06,4.195e-06,1.390901
1675216800000.0,4.18e-06,4.185e-06,4.18e-06,4.185e-06,0.0
1675213200000.0,4.18e-06,4.18e-06,4.18e-06,4.18e-06,0.0
1675209600000.0,4.18e-06,4.18e-06,4.18e-06,4.18e-06,0.0
1675206000000.0,4.185e-06,4.19e-06,4.18e-06,4.18e-06,4.195119
1675202400000.0,4.185e-06,4.19e-06,4.18e-06,4.185e-06,375.897806
1675198800000.0,4.185e-06,4.19e-06,4.18e-06,4.185e-06,1.742867
1675195200000.0,4.195e-06,4.2e-06,4.185e-06,4.185e-06,1.29789
1675191600000.0,4.2e-06,4.2e-06,4.195e-06,4.195e-06,0.0
1675188000000.0,4.21e-06,4.22e-06,4.2e-06,4.2e-06,374.215593
1675184400000.0,4.22e-06,4.22e-06,4.21e-06,4.21e-06,0.0
1675180800000.0,4.22e-06,4.23e-06,4.2e-06,4.22e-06,749.191869
1675177200000.0,4.225e-06,4.23e-06,4.22e-06,4.225e-06,1.196141
1675173600000.0,4.22e-06,4.225e-06,4.22e-06,4.225e-06,0.0
1675170000000.0,4.22e-06,4.22e-06,4.22e-06,4.22e-06,0.0
1675166400000.0,4.22e-06,4.22e-06,4.22e-06,4.22e-06,0.0
1675162800000.0,4.22e-06,4.22e-06,4.22e-06,4.22e-06,0.0
1675159200000.0,4.25e-06,4.28e-06,4.22e-06,4.22e-06,1111.311583
1675155600000.0,4.2925e-06,4.33e-06,4.25e-06,4.25e-06,1465.467626
1675152000000.0,4.255e-06,4.28e-06,4.23e-06,4.28e-06,369.688476
1675148400000.0,4.24e-06,4.255e-06,4.23e-06,4.255e-06,2.540624
1675144800000.0,4.25e-06,4.25e-06,4.24e-06,4.24e-06,0.0
1675141200000.0,4.245e-06,4.25e-06,4.24e-06,4.25e-06,1.17164
1675137600000.0,4.24e-06,4.245e-06,4.24e-06,4.245e-06,0.0
1675134000000.0,4.2000000000000004e-06,4.24e-06,4.16e-06,4.24e-06,1498.711933
1675130400000.0,4.17e-06,4.2000000000000004e-06,4.16e-06,4.2000000000000004e-06,14.904085
1675126800000.0,4.165e-06,4.18e-06,4.15e-06,4.17e-06,1.765636
1675123200000.0,4.145e-06,4.165e-06,4.14e-06,4.165e-06,382.378061
1675119600000.0,4.14e-06,4.145e-06,4.14e-06,4.145e-06,0.0
1675116000000.0,4.15e-06,4.16e-06,4.14e-06,4.14e-06,365.321649
1675112400000.0,4.16e-06,4.16e-06,4.15e-06,4.15e-06,0.0
1675108800000.0,4.17e-06,4.18e-06,4.16e-06,4.16e-06,13.435934
1675105200000.0,4.195e-06,4.21e-06,4.17e-06,4.17e-06,375.241444
1675101600000.0,4.21e-06,4.21e-06,4.195e-06,4.195e-06,0.0
1675098000000.0,4.21e-06,4.21e-06,4.21e-06,4.21e-06,0.0
1675094400000.0,4.2049999999999996e-06,4.21e-06,4.2e-06,4.21e-06,3.411739
1675090800000.0,4.2e-06,4.2049999999999996e-06,4.2e-06,4.2049999999999996e-06,0.0
1675087200000.0,4.23e-06,4.26e-06,4.2e-06,4.2e-06,746.657652
1675083600000.0,4.235e-06,4.26e-06,4.21e-06,4.23e-06,1116.599383
1675080000000.0,4.21e-06,4.235e-06,4.21e-06,4.235e-06,0.0
1675076400000.0,4.2225e-06,4.24e-06,4.2e-06,4.21e-06,842.251981
1675072800000.0,4.175e-06,4.24e-06,4.11e-06,4.225e-06,2263.675715
1675069200000.0,4.0825e-06,4.175e-06,4.01e-06,4.175e-06,2425.146124
1675065600000.0,4.08e-06,4.095e-06,4.08e-06,4.095e-06,0.0
1675062000000.0,4.08e-06,4.08e-06,4.08e-06,4.08e-06,0.0
1675058400000.0,4.08e-06,4.08e-06,4.08e-06,4.08e-06,0.0
1675054800000.0,4.08e-06,4.08e-06,4.08e-06,4.08e-06,0.0
1675051200000.0,4.07e-06,4.08e-06,4.06e-06,4.08e-06,1.284058
1675047600000.0,4.045e-06,4.07e-06,4.03e-06,4.07e-06,2.342807
1675044000000.0,4.0200000000000005e-06,4.045e-06,4.01e-06,4.045e-06,2.558053
1675040400000.0,4.0349999999999995e-06,4.06e-06,4.01e-06,4.0200000000000005e-06,927.479238
1675036800000.0,4.065e-06,4.07e-06,4.0349999999999995e-06,4.0349999999999995e-06,1.518532
1675033200000.0,4.07e-06,4.07e-06,4.065e-06,4.065e-06,1.031644
1675029600000.0,4.07e-06,4.07e-06,4.07e-06,4.07e-06,385.759123
1675026000000.0,4.07e-06,4.07e-06,4.07e-06,4.07e-06,0.0
1675022400000.0,4.085e-06,4.1e-06,4.07e-06,4.07e-06,2.748682
1675018800000.0,4.1175e-06,4.14e-06,4.085e-06,4.085e-06,798.644062
1675015200000.0,4.2325000000000006e-06,4.35e-06,4.1199999999999995e-06,4.1199999999999995e-06,3351.052554
1675011600000.0,4.17e-06,4.38e-06,4e-06,4.22e-06,6888.998953
1675008000000.0,4e-06,4.15e-06,4e-06,4.15e-06,0.0
1675004400000.0,4.04e-06,4.08e-06,4e-06,4e-06,8.105252
1675000800000.0,4.08e-06,4.08e-06,4.04e-06,4.04e-06,11.241617
1674997200000.0,4.1025e-06,4.13e-06,4.07e-06,4.08e-06,1153.201087
1674993600000.0,4.14e-06,4.15e-06,4.1050000000000005e-06,4.1050000000000005e-06,10.418759
1674990000000.0,4.1575000000000004e-06,4.17e-06,4.14e-06,4.14e-06,757.899467
1674986400000.0,4.1775e-06,4.19e-06,4.16e-06,4.16e-06,19.319258
1674982800000.0,4.2025e-06,4.22e-06,4.18e-06,4.18e-06,1224.321687
1674979200000.0,4.25e-06,4.28e-06,4.2049999999999996e-06,4.2049999999999996e-06,741.396413
1674975600000.0,4.315e-06,4.35e-06,4.25e-06,4.25e-06,1110.367431
1674972000000.0,4.3525e-06,4.46e-06,4.3e-06,4.315e-06,4522.77661
1674968400000.0,4.28e-06,4.325e-06,4.24e-06,4.325e-06,1127.542336
1674964800000.0,4.2999999999999995e-06,4.32e-06,4.28e-06,4.29e-06,340.509638
1674961200000.0,4.2999999999999995e-06,4.32e-06,4.28e-06,4.2999999999999995e-06,42.236426
1674957600000.0,4.315e-06,4.35e-06,4.28e-06,4.2999999999999995e-06,736.685712
1674954000000.0,4.325e-06,4.35e-06,4.29e-06,4.315e-06,744.29078
1674950400000.0,4.3125e-06,4.33e-06,4.3e-06,4.33e-06,388.077351
1674946800000.0,4.38e-06,4.44e-06,4.315e-06,4.315e-06,1097.596459
1674943200000.0,4.4125e-06,4.44e-06,4.37e-06,4.38e-06,2647.068721
1674939600000.0,4.375e-06,4.43e-06,4.24e-06,4.42e-06,5115.709626
1674936000000.0,4.4275e-06,4.62e-06,4.33e-06,4.415e-06,5735.704389
1674932400000.0,4.532499999999999e-06,4.76e-06,4.28e-06,4.38e-06,25055.920162
1674928800000.0,4.355e-06,4.76e-06,3.95e-06,4.545e-06,13877.218795
1674925200000.0,3.895e-06,4.355e-06,3.84e-06,4.355e-06,5317.850923
1674921600000.0,3.84e-06,3.895e-06,3.84e-06,3.895e-06,0.0
1674918000000.0,3.84e-06,3.84e-06,3.84e-06,3.84e-06,0.0
1674914400000.0,3.84e-06,3.84e-06,3.84e-06,3.84e-06,0.0
1674910800000.0,3.84e-06,3.84e-06,3.84e-06,3.84e-06,0.0
1674907200000.0,3.84e-06,3.84e-06,3.84e-06,3.84e-06,0.0
1674903600000.0,3.84e-06,3.84e-06,3.84e-06,3.84e-06,0.0
1674900000000.0,3.84e-06,3.84e-06,3.84e-06,3.84e-06,0.0
1674896400000.0,3.84e-06,3.84e-06,3.84e-06,3.84e-06,0.0
1674892800000.0,3.84e-06,3.84e-06,3.84e-06,3.84e-06,0.0
1674889200000.0,3.84e-06,3.84e-06,3.84e-06,3.84e-06,0.0
1674885600000.0,3.84e-06,3.84e-06,3.84e-06,3.84e-06,0.0
1674882000000.0,3.84e-06,3.84e-06,3.84e-06,3.84e-06,0.0
1674878400000.0,3.84e-06,3.84e-06,3.84e-06,3.84e-06,0.0
1674874800000.0,3.7925e-06,3.85e-06,3.74e-06,3.84e-06,8094.612225
1674871200000.0,3.74e-06,3.79e-06,3.74e-06,3.79e-06,0.0
1674867600000.0,3.74e-06,3.74e-06,3.74e-06,3.74e-06,0.0
1674864000000.0,3.74e-06,3.74e-06,3.74e-06,3.74e-06,0.0
1674860400000.0,3.74e-06,3.74e-06,3.74e-06,3.74e-06,0.0
1674856800000.0,3.74e-06,3.74e-06,3.74e-06,3.74e-06,0.0
1674853200000.0,3.74e-06,3.74e-06,3.74e-06,3.74e-06,0.0
1674849600000.0,3.74e-06,3.74e-06,3.74e-06,3.74e-06,0.0
1674846000000.0,3.74e-06,3.74e-06,3.74e-06,3.74e-06,0.0
1674842400000.0,3.74e-06,3.74e-06,3.74e-06,3.74e-06,0.0
1674838800000.0,3.735e-06,3.74e-06,3.73e-06,3.74e-06,495.599481
1674835200000.0,3.73e-06,3.735e-06,3.73e-06,3.735e-06,0.0
1674831600000.0,3.73e-06,3.73e-06,3.73e-06,3.73e-06,0.0
1674828000000.0,3.73e-06,3.73e-06,3.73e-06,3.73e-06,0.0
1674824400000.0,3.7474999999999997e-06,3.78e-06,3.7e-06,3.73e-06,8812.759391
1674820800000.0,3.78e-06,3.78e-06,3.7549999999999996e-06,3.7549999999999996e-06,0.0
1674817200000.0,3.78e-06,3.78e-06,3.78e-06,3.78e-06,0.0
1674813600000.0,3.78e-06,3.78e-06,3.78e-06,3.78e-06,0.0
1674810000000.0,3.78e-06,3.78e-06,3.78e-06,3.78e-06,0.0
1674806400000.0,3.78e-06,3.78e-06,3.78e-06,3.78e-06,0.0
1674802800000.0,3.78e-06,3.78e-06,3.78e-06,3.78e-06,0.0
1674799200000.0,3.78e-06,3.78e-06,3.78e-06,3.78e-06,0.0
1674795600000.0,3.78e-06,3.78e-06,3.78e-06,3.78e-06,0.0
1674792000000.0,3.78e-06,3.78e-06,3.78e-06,3.78e-06,0.0
1674788400000.0,3.78e-06,3.78e-06,3.78e-06,3.78e-06,0.0
1674784800000.0,3.7875e-06,3.8e-06,3.78e-06,3.78e-06,26.476118
1674781200000.0,3.79e-06,3.79e-06,3.785e-06,3.785e-06,0.0
1674777600000.0,3.79e-06,3.79e-06,3.79e-06,3.79e-06,0.0
1674774000000.0,3.79e-06,3.79e-06,3.79e-06,3.79e-06,0.0
1674770400000.0,3.79e-06,3.79e-06,3.79e-06,3.79e-06,0.0
1674766800000.0,3.79e-06,3.79e-06,3.79e-06,3.79e-06,0.0
1674763200000.0,3.79e-06,3.79e-06,3.79e-06,3.79e-06,0.0
1674759600000.0,3.79e-06,3.79e-06,3.79e-06,3.79e-06,0.0
1674756000000.0,3.79e-06,3.79e-06,3.79e-06,3.79e-06,0.0
1674752400000.0,3.79e-06,3.79e-06,3.79e-06,3.79e-06,0.0
1674748800000.0,3.79e-06,3.79e-06,3.79e-06,3.79e-06,0.0
1674745200000.0,3.79e-06,3.79e-06,3.79e-06,3.79e-06,0.0
1674741600000.0,3.79e-06,3.79e-06,3.79e-06,3.79e-06,0.0
1674738000000.0,3.805e-06,3.82e-06,3.79e-06,3.79e-06,5.82084
1674734400000.0,3.82e-06,3.82e-06,3.805e-06,3.805e-06,0.0
1674730800000.0,3.82e-06,3.82e-06,3.82e-06,3.82e-06,0.0
1674727200000.0,3.82e-06,3.82e-06,3.82e-06,3.82e-06,0.0
1674723600000.0,3.82e-06,3.82e-06,3.82e-06,3.82e-06,0.0
1674720000000.0,3.82e-06,3.82e-06,3.82e-06,3.82e-06,0.0
1674716400000.0,3.82e-06,3.82e-06,3.82e-06,3.82e-06,0.0
1674712800000.0,3.7999999999999996e-06,3.82e-06,3.78e-06,3.82e-06,603.402002
1674709200000.0,3.78e-06,3.8e-06,3.78e-06,3.8e-06,0.0
1674705600000.0,3.78e-06,3.78e-06,3.78e-06,3.78e-06,0.0
1674702000000.0,3.78e-06,3.78e-06,3.78e-06,3.78e-06,0.0
1674698400000.0,3.78e-06,3.78e-06,3.78e-06,3.78e-06,0.0
1674694800000.0,3.78e-06,3.78e-06,3.78e-06,3.78e-06,0.0
1674691200000.0,3.78e-06,3.78e-06,3.78e-06,3.78e-06,0.0
1674687600000.0,3.78e-06,3.78e-06,3.78e-06,3.78e-06,0.0
1674684000000.0,3.76e-06,3.78e-06,3.74e-06,3.78e-06,489.590285
1674680400000.0,3.77e-06,3.8e-06,3.74e-06,3.76e-06,991.099237
1674676800000.0,3.8e-06,3.8e-06,3.7700000000000003e-06,3.7700000000000003e-06,0.0
1674673200000.0,3.8e-06,3.8e-06,3.8e-06,3.8e-06,0.0
1674669600000.0,3.8e-06,3.8e-06,3.8e-06,3.8e-06,0.0
1674666000000.0,3.8e-06,3.8e-06,3.8e-06,3.8e-06,0.0
1674662400000.0,3.8e-06,3.8e-06,3.8e-06,3.8e-06,0.0
1674658800000.0,3.815e-06,3.83e-06,3.8e-06,3.8e-06,4.563252
1674655200000.0,3.845e-06,3.86e-06,3.815e-06,3.815e-06,2860.03191
1674651600000.0,3.855e-06,3.88e-06,3.84e-06,3.845e-06,1818.135503
1674648000000.0,3.84e-06,3.85e-06,3.84e-06,3.85e-06,0.0
1674644400000.0,3.84e-06,3.84e-06,3.84e-06,3.84e-06,0.0
1674640800000.0,3.84e-06,3.84e-06,3.84e-06,3.84e-06,0.0
1674637200000.0,3.84e-06,3.84e-06,3.84e-06,3.84e-06,0.0
1674633600000.0,3.84e-06,3.84e-06,3.84e-06,3.84e-06,3.147387
1674630000000.0,3.84e-06,3.84e-06,3.84e-06,3.84e-06,0.0
1674626400000.0,3.885e-06,3.99e-06,3.84e-06,3.84e-06,884.330173
1674622800000.0,3.82e-06,3.87e-06,3.77e-06,3.8549999999999995e-06,1.174558
1674619200000.0,3.77e-06,3.82e-06,3.77e-06,3.82e-06,0.0
1674615600000.0,3.77e-06,3.77e-06,3.77e-06,3.77e-06,0.0
1674612000000.0,3.77e-06,3.77e-06,3.77e-06,3.77e-06,0.0
1674608400000.0,3.77e-06,3.77e-06,3.77e-06,3.77e-06,0.0
1674604800000.0,3.77e-06,3.77e-06,3.77e-06,3.77e-06,0.0
1674601200000.0,3.79e-06,3.81e-06,3.77e-06,3.77e-06,493.4382
1674597600000.0,3.830000000000001e-06,3.85e-06,3.79e-06,3.79e-06,1088.388526
1674594000000.0,3.875e-06,3.9e-06,3.830000000000001e-06,3.830000000000001e-06,424.481802
1674590400000.0,3.9e-06,3.9e-06,3.875e-06,3.875e-06,0.0
1674586800000.0,3.9350000000000004e-06,3.97e-06,3.9e-06,3.9e-06,4.354307
1674583200000.0,3.97e-06,3.97e-06,3.9350000000000004e-06,3.9350000000000004e-06,0.0
1674579600000.0,3.985e-06,4e-06,3.97e-06,3.97e-06,14.642078
1674576000000.0,4.0349999999999995e-06,4.07e-06,3.985e-06,3.985e-06,70.76331
1674572400000.0,4.08e-06,4.09e-06,4.0349999999999995e-06,4.0349999999999995e-06,386.168425
1674568800000.0,4.1375e-06,4.19e-06,4.08e-06,4.08e-06,1143.177637
1674565200000.0,4.21e-06,4.24e-06,4.135e-06,4.135e-06,749.214732
1674561600000.0,4.32e-06,4.4e-06,4.21e-06,4.21e-06,2556.386714
1674558000000.0,4.315e-06,4.4e-06,4.2e-06,4.32e-06,3672.736307
1674554400000.0,4.25e-06,4.33e-06,4.22e-06,4.33e-06,1110.315464
1674550800000.0,4.3e-06,4.38e-06,4.22e-06,4.24e-06,2203.456382
1674547200000.0,4.3925e-06,4.41e-06,4.3e-06,4.3e-06,1091.7397
1674543600000.0,4.46e-06,4.51e-06,4.395e-06,4.395e-06,2115.330453
1674540000000.0,4.4274999999999995e-06,4.51e-06,4.28e-06,4.46e-06,20648.862099
1674536400000.0,4.455e-06,4.51e-06,4.39e-06,4.46e-06,3196.903357
1674532800000.0,4.2999999999999995e-06,4.51e-06,4.09e-06,4.46e-06,13526.349336
1674529200000.0,4.12e-06,4.2999999999999995e-06,4.09e-06,4.2999999999999995e-06,1431.057576
1674525600000.0,4.11e-06,4.28e-06,4.01e-06,4.115e-06,10297.706692
1674522000000.0,4.0349999999999995e-06,4.075e-06,4.01e-06,4.075e-06,8.844786
1674518400000.0,4.1199999999999995e-06,4.18e-06,4.0349999999999995e-06,4.0349999999999995e-06,3440.373116
1674514800000.0,4.01e-06,4.2e-06,3.83e-06,4.1199999999999995e-06,26876.848357
1674511200000.0,3.91e-06,4.005e-06,3.83e-06,4.005e-06,484.089931
1674507600000.0,3.945e-06,3.99e-06,3.9e-06,3.91e-06,18.706418
1674504000000.0,3.9350000000000004e-06,4.08e-06,3.86e-06,3.945e-06,3167.011469
1674500400000.0,3.7775e-06,4.01e-06,3.6e-06,3.9e-06,5250.407043
1674496800000.0,3.6749999999999995e-06,3.77e-06,3.6e-06,3.7499999999999997e-06,8563.895777
1674493200000.0,3.61e-06,3.73e-06,3.49e-06,3.6649999999999996e-06,2438.304832
1674489600000.0,3.49e-06,3.61e-06,3.49e-06,3.61e-06,0.0
1674486000000.0,3.49e-06,3.49e-06,3.49e-06,3.49e-06,0.0
1674482400000.0,3.49e-06,3.49e-06,3.49e-06,3.49e-06,0.0
1674478800000.0,3.49e-06,3.49e-06,3.49e-06,3.49e-06,0.0
1674475200000.0,3.49e-06,3.49e-06,3.49e-06,3.49e-06,0.0
1674471600000.0,3.49e-06,3.49e-06,3.49e-06,3.49e-06,0.0
1674468000000.0,3.49e-06,3.49e-06,3.49e-06,3.49e-06,0.0
1674464400000.0,3.49e-06,3.49e-06,3.49e-06,3.49e-06,0.0
1674460800000.0,3.49e-06,3.49e-06,3.49e-06,3.49e-06,0.0
1674457200000.0,3.49e-06,3.49e-06,3.49e-06,3.49e-06,0.0
1674453600000.0,3.49e-06,3.49e-06,3.49e-06,3.49e-06,0.0
1674450000000.0,3.49e-06,3.49e-06,3.49e-06,3.49e-06,0.0
1674446400000.0,3.49e-06,3.49e-06,3.49e-06,3.49e-06,0.0
1674442800000.0,3.49e-06,3.49e-06,3.49e-06,3.49e-06,0.0
1674439200000.0,3.49e-06,3.49e-06,3.49e-06,3.49e-06,0.0
1674435600000.0,3.49e-06,3.49e-06,3.49e-06,3.49e-06,0.0
1674432000000.0,3.49e-06,3.49e-06,3.49e-06,3.49e-06,0.0
1674428400000.0,3.49e-06,3.49e-06,3.49e-06,3.49e-06,0.0
1674424800000.0,3.49e-06,3.49e-06,3.49e-06,3.49e-06,0.0
1674421200000.0,3.49e-06,3.49e-06,3.49e-06,3.49e-06,0.0
1674417600000.0,3.495e-06,3.5e-06,3.49e-06,3.49e-06,526.93828
1674414000000.0,3.53e-06,3.56e-06,3.495e-06,3.495e-06,2.366134
1674410400000.0,3.5149999999999994e-06,3.56e-06,3.47e-06,3.53e-06,2.49
1674406800000.0,3.47e-06,3.515e-06,3.47e-06,3.515e-06,0.0
1674403200000.0,3.47e-06,3.47e-06,3.47e-06,3.47e-06,0.0
1674399600000.0,3.47e-06,3.47e-06,3.47e-06,3.47e-06,0.0
1674396000000.0,3.47e-06,3.47e-06,3.47e-06,3.47e-06,0.0
1674392400000.0,3.47e-06,3.47e-06,3.47e-06,3.47e-06,0.0
1674388800000.0,3.47e-06,3.47e-06,3.47e-06,3.47e-06,0.0
1674385200000.0,3.47e-06,3.47e-06,3.47e-06,3.47e-06,0.0
1674381600000.0,3.47e-06,3.47e-06,3.47e-06,3.47e-06,0.0
1674378000000.0,3.47e-06,3.47e-06,3.47e-06,3.47e-06,0.0
1674374400000.0,3.47e-06,3.47e-06,3.47e-06,3.47e-06,0.0
1674370800000.0,3.47e-06,3.47e-06,3.47e-06,3.47e-06,0.0
1674367200000.0,3.47e-06,3.47e-06,3.47e-06,3.47e-06,0.0
1674363600000.0,3.47e-06,3.47e-06,3.47e-06,3.47e-06,0.0
1674360000000.0,3.47e-06,3.47e-06,3.47e-06,3.47e-06,0.0
1674356400000.0,3.47e-06,3.47e-06,3.47e-06,3.47e-06,0.0
1674352800000.0,3.47e-06,3.47e-06,3.47e-06,3.47e-06,0.0
1674349200000.0,3.47e-06,3.47e-06,3.47e-06,3.47e-06,0.0
1674345600000.0,3.47e-06,3.47e-06,3.47e-06,3.47e-06,0.0
1674342000000.0,3.47e-06,3.47e-06,3.47e-06,3.47e-06,0.0
1674338400000.0,3.5099999999999994e-06,3.55e-06,3.47e-06,3.47e-06,6.741692
1674334800000.0,3.55e-06,3.55e-06,3.51e-06,3.51e-06,0.0
1674331200000.0,3.55e-06,3.55e-06,3.55e-06,3.55e-06,0.0
1674327600000.0,3.55e-06,3.55e-06,3.55e-06,3.55e-06,0.0
1674324000000.0,3.55e-06,3.55e-06,3.55e-06,3.55e-06,0.0
1674320400000.0,3.55e-06,3.55e-06,3.55e-06,3.55e-06,0.0
1674316800000.0,3.55e-06,3.55e-06,3.55e-06,3.55e-06,0.0
1674313200000.0,3.55e-06,3.55e-06,3.55e-06,3.55e-06,0.0
1674309600000.0,3.55e-06,3.55e-06,3.55e-06,3.55e-06,0.0
1674306000000.0,3.55e-06,3.55e-06,3.55e-06,3.55e-06,0.0
1674302400000.0,3.55e-06,3.55e-06,3.55e-06,3.55e-06,0.0
1674298800000.0,3.55e-06,3.55e-06,3.55e-06,3.55e-06,0.0
1674295200000.0,3.55e-06,3.55e-06,3.55e-06,3.55e-06,0.0
1674291600000.0,3.55e-06,3.55e-06,3.55e-06,3.55e-06,0.0
1674288000000.0,3.55e-06,3.55e-06,3.55e-06,3.55e-06,0.0
1674284400000.0,3.55e-06,3.55e-06,3.55e-06,3.55e-06,0.0
1674280800000.0,3.55e-06,3.55e-06,3.55e-06,3.55e-06,0.0
1674277200000.0,3.55e-06,3.55e-06,3.55e-06,3.55e-06,0.0
1674273600000.0,3.55e-06,3.55e-06,3.55e-06,3.55e-06,0.0
1674270000000.0,3.55e-06,3.55e-06,3.55e-06,3.55e-06,0.0
1674266400000.0,3.55e-06,3.55e-06,3.55e-06,3.55e-06,0.0
1674262800000.0,3.55e-06,3.55e-06,3.55e-06,3.55e-06,0.0
1674259200000.0,3.55e-06,3.55e-06,3.55e-06,3.55e-06,0.0
1674255600000.0,3.5624999999999998e-06,3.58e-06,3.54e-06,3.55e-06,14.501864
1674252000000.0,3.58e-06,3.58e-06,3.5649999999999997e-06,3.5649999999999997e-06,0.0
1674248400000.0,3.5925000000000003e-06,3.61e-06,3.57e-06,3.58e-06,339.5142
1674244800000.0,3.61e-06,3.61e-06,3.5950000000000003e-06,3.5950000000000003e-06,0.0
1674241200000.0,3.61e-06,3.61e-06,3.61e-06,3.61e-06,0.0
1674237600000.0,3.61e-06,3.61e-06,3.61e-06,3.61e-06,0.0
1674234000000.0,3.61e-06,3.61e-06,3.61e-06,3.61e-06,0.0
1674230400000.0,3.61e-06,3.61e-06,3.61e-06,3.61e-06,0.0
1674226800000.0,3.61e-06,3.61e-06,3.61e-06,3.61e-06,0.0
1674223200000.0,3.61e-06,3.61e-06,3.61e-06,3.61e-06,0.0
1674219600000.0,3.61e-06,3.61e-06,3.61e-06,3.61e-06,0.0
1674216000000.0,3.61e-06,3.61e-06,3.61e-06,3.61e-06,0.0
1674212400000.0,3.61e-06,3.61e-06,3.61e-06,3.61e-06,0.0
1674208800000.0,3.61e-06,3.61e-06,3.61e-06,3.61e-06,0.0
1674205200000.0,3.61e-06,3.61e-06,3.61e-06,3.61e-06,0.0
1674201600000.0,3.61e-06,3.61e-06,3.61e-06,3.61e-06,0.0
1674198000000.0,3.61e-06,3.61e-06,3.61e-06,3.61e-06,0.0
1674194400000.0,3.61e-06,3.61e-06,3.61e-06,3.61e-06,0.0
1674190800000.0,3.61e-06,3.61e-06,3.61e-06,3.61e-06,0.0
1674187200000.0,3.61e-06,3.61e-06,3.61e-06,3.61e-06,0.0
1674183600000.0,3.61e-06,3.61e-06,3.61e-06,3.61e-06,0.0
1674180000000.0,3.61e-06,3.61e-06,3.61e-06,3.61e-06,0.0
1674176400000.0,3.61e-06,3.61e-06,3.61e-06,3.61e-06,0.0
1674172800000.0,3.61e-06,3.61e-06,3.61e-06,3.61e-06,0.0
1674169200000.0,3.61e-06,3.61e-06,3.61e-06,3.61e-06,0.0
1674165600000.0,3.61e-06,3.61e-06,3.61e-06,3.61e-06,0.0
1674162000000.0,3.61e-06,3.61e-06,3.61e-06,3.61e-06,0.0
1674158400000.0,3.61e-06,3.61e-06,3.61e-06,3.61e-06,0.0
1674154800000.0,3.61e-06,3.61e-06,3.61e-06,3.61e-06,0.0
1674151200000.0,3.61e-06,3.61e-06,3.61e-06,3.61e-06,0.0
1674147600000.0,3.61e-06,3.61e-06,3.61e-06,3.61e-06,0.0
1674144000000.0,3.61e-06,3.61e-06,3.61e-06,3.61e-06,0.0
1674140400000.0,3.61e-06,3.61e-06,3.61e-06,3.61e-06,0.0
1674136800000.0,3.61e-06,3.61e-06,3.61e-06,3.61e-06,0.0
1674133200000.0,3.61e-06,3.61e-06,3.61e-06,3.61e-06,0.0
1674129600000.0,3.61e-06,3.61e-06,3.61e-06,3.61e-06,0.0
1674126000000.0,3.61e-06,3.61e-06,3.61e-06,3.61e-06,0.0
1674122400000.0,3.61e-06,3.61e-06,3.61e-06,3.61e-06,0.0
1674118800000.0,3.61e-06,3.61e-06,3.61e-06,3.61e-06,0.0
1674115200000.0,3.61e-06,3.61e-06,3.61e-06,3.61e-06,0.0
1674111600000.0,3.61e-06,3.61e-06,3.61e-06,3.61e-06,0.0
1674108000000.0,3.6e-06,3.61e-06,3.59e-06,3.61e-06,404.746973
1674104400000.0,3.59e-06,3.6000000000000003e-06,3.59e-06,3.6000000000000003e-06,0.0
1674100800000.0,3.58e-06,3.59e-06,3.57e-06,3.59e-06,583.046628
1674097200000.0,3.57e-06,3.58e-06,3.57e-06,3.58e-06,0.0
1674093600000.0,3.5675e-06,3.57e-06,3.56e-06,3.57e-06,1781.918354
1674090000000.0,3.57e-06,3.57e-06,3.57e-06,3.57e-06,0.0
1674086400000.0,3.57e-06,3.57e-06,3.57e-06,3.57e-06,0.0
1674082800000.0,3.57e-06,3.57e-06,3.57e-06,3.57e-06,0.0
1674079200000.0,3.57e-06,3.57e-06,3.57e-06,3.57e-06,0.0
1674075600000.0,3.57e-06,3.57e-06,3.57e-06,3.57e-06,0.0
1674072000000.0,3.545e-06,3.57e-06,3.52e-06,3.57e-06,8273.256731
1674068400000.0,3.52e-06,3.545e-06,3.52e-06,3.545e-06,0.0
1674064800000.0,3.52e-06,3.52e-06,3.52e-06,3.52e-06,0.0
1674061200000.0,3.575e-06,3.63e-06,3.52e-06,3.52e-06,591.208498
1674057600000.0,3.63e-06,3.63e-06,3.575e-06,3.575e-06,0.0
1674054000000.0,3.645e-06,3.66e-06,3.63e-06,3.63e-06,602.501913
1674050400000.0,3.66e-06,3.66e-06,3.645e-06,3.645e-06,0.0
1674046800000.0,3.66e-06,3.66e-06,3.66e-06,3.66e-06,0.0
1674043200000.0,3.66e-06,3.66e-06,3.66e-06,3.66e-06,0.0
1674039600000.0,3.66e-06,3.66e-06,3.66e-06,3.66e-06,0.0
1674036000000.0,3.66e-06,3.66e-06,3.66e-06,3.66e-06,0.0
1674032400000.0,3.66e-06,3.66e-06,3.66e-06,3.66e-06,0.0
1674028800000.0,3.66e-06,3.66e-06,3.66e-06,3.66e-06,0.0
1674025200000.0,3.66e-06,3.66e-06,3.66e-06,3.66e-06,0.0
1674021600000.0,3.66e-06,3.66e-06,3.66e-06,3.66e-06,0.0
1674018000000.0,3.66e-06,3.66e-06,3.66e-06,3.66e-06,0.0
