1679108400000.0,4.887825,4.9246,4.83955,4.83955,42.43518
1679104800000.0,4.869524999999999,4.9048,4.8217,4.87795,346.140664
1679101200000.0,4.921,5.0,4.8758,4.8758,1483.025417
1679097600000.0,4.87325,4.971,4.7642,4.9016,1343.062243
1679094000000.0,4.77815,4.8789,4.7152,4.8789,2646.611017
1679090400000.0,4.7189749999999995,4.7753,4.6893,4.7753,666.694088
1679086800000.0,4.666475,4.75,4.5758,4.7219,403.443683
1679083200000.0,4.60605,4.67005,4.5722,4.67005,472.248425
1679079600000.0,4.55165,4.6439,4.4756,4.6115,1295.431104
1679076000000.0,4.4487,4.54355,4.386,4.54355,583.739446
1679072400000.0,4.398549999999999,4.4796,4.3305,4.4646,1228.261443
1679068800000.0,4.362525,4.4276,4.2763,4.392049999999999,1191.084913
1679065200000.0,4.383275,4.4157,4.3504,4.3731,350.505287
1679061600000.0,4.394325,4.4915,4.2985,4.3835,1144.950915
1679058000000.0,4.474025,4.5189,4.39365,4.39365,280.225964
1679054400000.0,4.472,4.5467,4.3427,4.472799999999999,1917.744542
1679050800000.0,4.45285,4.4993,4.4,4.4993,2096.631021
1679047200000.0,4.4049,4.4595,4.3679,4.4595,720.741782
1679043600000.0,4.3199749999999995,4.41085,4.2431,4.41085,626.686503
1679040000000.0,4.2576,4.3174,4.2431,4.3174,0.351377
1679036400000.0,4.268975,4.3011,4.2431,4.2431,7.905964
1679032800000.0,4.255800000000001,4.2886,4.2156,4.26585,232.278238
1679029200000.0,4.22205,4.2595,4.1942,4.2595,314.348642
1679025600000.0,4.2163,4.2483,4.2024,4.22125,199.145566
1679022000000.0,4.197775,4.2293,4.1699,4.20725,344.582299
1679018400000.0,4.1867,4.2147,4.1567,4.19595,226.156366
1679014800000.0,4.1057500000000005,4.1876999999999995,4.0239,4.1876999999999995,858.571243
1679011200000.0,4.059950000000001,4.1066,4.0273,4.1066,255.665318
1679007600000.0,4.07395,4.0926,4.0507,4.059950000000001,135.435735
1679004000000.0,4.07325,4.0972,4.0536,4.07625,209.218568
1679000400000.0,4.0548,4.0823,4.0273,4.0710999999999995,144.740516
1678996800000.0,4.07205,4.1168,4.0273,4.0548,308.189416
1678993200000.0,4.11185,4.1652,4.07205,4.07205,335.191095
1678989600000.0,4.08575,4.09975,4.0742,4.09975,0.583238
1678986000000.0,4.0915,4.1044,4.0687,4.0855999999999995,83.8764
1678982400000.0,4.132425,4.1691,4.0929,4.09645,682.282496
1678978800000.0,4.165025,4.1838,4.1292,4.13385,67.193706
1678975200000.0,4.186,4.2164,4.1458,4.17355,228.724409
1678971600000.0,4.1542,4.2024,4.0743,4.1909,734.994754
1678968000000.0,4.221725,4.3115,4.1218,4.17005,1052.806257
1678964400000.0,4.26515,4.3115,4.2188,4.2268,410.018595
1678960800000.0,4.208125,4.26515,4.1699,4.26515,207.102206
1678957200000.0,4.207725,4.2557,4.1458,4.21045,1980.030635
1678953600000.0,4.225325,4.2515,4.2039,4.2147,530.600311
1678950000000.0,4.196175,4.3011,4.1325,4.22295,997.343795
1678946400000.0,4.124175,4.17555,4.098,4.17555,268.111894
1678942800000.0,4.0703499999999995,4.1602,3.9991,4.127750000000001,524.237134
1678939200000.0,4.0773,4.1706,3.9961,4.06105,716.937308
1678935600000.0,4.144325,4.1652,4.07125,4.07125,814.077222
1678932000000.0,4.140650000000001,4.1782,4.1075,4.1505,154.1305
1678928400000.0,4.0762,4.138450000000001,4.004,4.138450000000001,692.473464
1678924800000.0,4.076,4.1859,4.0337,4.085,1124.997195
1678921200000.0,4.0648,4.125,4.0262,4.042199999999999,604.705827
1678917600000.0,4.104,4.1769,4.054,4.054,933.146341
1678914000000.0,4.126175,4.1652,4.0824,4.0824,149.172053
1678910400000.0,4.1263,4.1652,4.0687,4.12785,673.277479
1678906800000.0,4.080125000000001,4.2269,3.99,4.13565,1404.174088
1678903200000.0,4.0046,4.0587,3.9376,4.0518,723.017359
1678899600000.0,3.9476500000000003,4.0246,3.8707,4.01105,769.396104
1678896000000.0,3.9044499999999998,3.9675,3.8639,3.9476500000000003,148.626831
1678892400000.0,3.9778000000000002,4.0587,3.8932,3.8932,4005.344757
1678888800000.0,4.065025,4.13,3.9762500000000003,3.9762500000000003,2179.12538
1678885200000.0,4.135725,4.2114,4.0674,4.0674,1201.576235
1678881600000.0,4.151175,4.2522,4.0743,4.11675,1448.70263
1678878000000.0,4.12725,4.172,4.0485,4.1391,1314.787483
1678874400000.0,4.15915,4.1942,4.1438,4.1442499999999995,198.20453
1678870800000.0,4.198975,4.2496,4.1493,4.1493,330.601686
1678867200000.0,4.241925,4.2608,4.19675,4.19675,0.598838
1678863600000.0,4.235525,4.2515,4.221,4.2369,80.636248
1678860000000.0,4.22265,4.2452,4.1942,4.2348,204.813198
1678856400000.0,4.2423,4.2886,4.2147,4.2256,326.751242
1678852800000.0,4.255025,4.2752,4.23295,4.23295,1262.169888
1678849200000.0,4.281675,4.3128,4.2461,4.2531,273.242158
1678845600000.0,4.2961,4.3128,4.2678,4.2839,131.417263
1678842000000.0,4.268125,4.3095,4.236,4.3019,226.269689
1678838400000.0,4.246549999999999,4.2858,4.1876,4.2635000000000005,354.932186
1678834800000.0,4.271624999999999,4.3011,4.2543,4.256399999999999,129.267806
1678831200000.0,4.262,4.2886,4.2289,4.265549999999999,340.738067
1678827600000.0,4.212325,4.2762,4.0743,4.26525,1737.909979
1678824000000.0,4.2315249999999995,4.2578,4.1942,4.2494,1539.781813
1678820400000.0,4.2395499999999995,4.3011,4.14,4.23705,1291.327761
1678816800000.0,4.32705,4.3972,4.2482,4.25855,2318.818921
1678813200000.0,4.402724999999999,4.4354,4.3314,4.3314,569.695539
1678809600000.0,4.4039,4.4286,4.3427,4.4064499999999995,526.15298
1678806000000.0,4.462575,4.5498,4.3679,4.42215,14009.867545
1678802400000.0,4.42575,4.5159,4.3152,4.4663,2354.411189
1678798800000.0,4.40955,4.5026,4.323,4.43595,973.290636
1678795200000.0,4.293725,4.5026,4.0936,4.4063,6715.842565
1678791600000.0,4.166075,4.289350000000001,4.134,4.289350000000001,280.868869
1678788000000.0,4.1667,4.1949,4.116,4.16095,237.322113
1678784400000.0,4.172275,4.2021,4.1169,4.17795,264.814603
1678780800000.0,4.171125,4.2024,4.1353,4.18505,132.583331
1678777200000.0,4.186249999999999,4.2624,4.1317,4.1734,791.775257
1678773600000.0,4.221075000000001,4.2515,4.17545,4.17545,923.571772
1678770000000.0,4.227225000000001,4.2762,4.1699,4.2193000000000005,1016.019452
1678766400000.0,4.256550000000001,4.2886,4.2186,4.231400000000001,422.182079
1678762800000.0,4.263025,4.2886,4.2252,4.2595,1115.17042
1678759200000.0,4.288449999999999,4.3305,4.2431,4.26915,453.222789
1678755600000.0,4.25195,4.3305,4.1568,4.2901,813.035159
1678752000000.0,4.175975,4.26025,4.154,4.26025,1984.09653
1678748400000.0,4.156775,4.217,4.04,4.172000000000001,2540.087418
1678744800000.0,4.261125,4.3305,4.18505,4.18505,669.776429
1678741200000.0,4.199825,4.38,4.04,4.2526,4098.522048
1678737600000.0,4.136950000000001,4.2106,4.0771,4.18965,1295.998199
1678734000000.0,4.044675,4.227,3.8909,4.130050000000001,6248.275122
1678730400000.0,3.863575,4.0304,3.8317,4.0304,21.341396
1678726800000.0,3.8281750000000003,3.86585,3.7905,3.86585,319.751228
1678723200000.0,3.8494,3.9172,3.777,3.8387000000000002,366.214051
1678719600000.0,3.897375,3.9658,3.8517,3.8517,2088.361431
1678716000000.0,3.80915,3.92,3.6969,3.87845,1764.508378
1678712400000.0,3.6861499999999996,3.80985,3.6285,3.80985,936.466736
1678708800000.0,3.66125,3.6946,3.6285,3.67905,63.794757
1678705200000.0,3.6857,3.7063,3.6526,3.6609499999999997,1.090949
1678701600000.0,3.672975,3.6982,3.6516,3.6919500000000003,36.881173
1678698000000.0,3.704075,3.7744,3.6511,3.67105,62.907082
1678694400000.0,3.76985,3.8133,3.6954000000000002,3.6954000000000002,15.005532
1678690800000.0,3.79015,3.8229,3.7634499999999997,3.7634499999999997,0.738091
1678687200000.0,3.7895,3.8163,3.775,3.7813499999999998,0.478224
1678683600000.0,3.7992250000000003,3.8102,3.78335,3.78335,133.101534
1678680000000.0,3.794575,3.8247,3.7717,3.8009500000000003,0.393033
1678676400000.0,3.7879499999999995,3.819,3.7717,3.79095,1.607356
1678672800000.0,3.795475,3.8086,3.7753,3.78055,51.243499
1678669200000.0,3.8255250000000003,3.8458,3.7990000000000004,3.7990000000000004,22.536755
1678665600000.0,3.807575,3.9427,3.7209,3.8272000000000004,616.953748
1678662000000.0,3.623,3.78335,3.4984,3.78335,928.470621
1678658400000.0,3.5076750000000003,3.6096500000000002,3.4663,3.6096500000000002,83.894992
1678654800000.0,3.457325,3.5057,3.3967,3.4823500000000003,230.253644
1678651200000.0,3.389475,3.4687,3.3143,3.46345,106.96329
1678647600000.0,3.3339,3.38745,3.3143,3.38745,116.882321
1678644000000.0,3.310075,3.3956,3.2319,3.3305,98.878173
1678640400000.0,3.2467499999999996,3.3064,3.2177,3.3064,2.258309
1678636800000.0,3.185825,3.2559,3.1146,3.2516,711.474138
1678633200000.0,3.106675,3.1864,3.0748,3.1864,11.906524
1678629600000.0,3.217225,3.3956,3.0748,3.10525,206.955753
1678626000000.0,3.312875,3.3956,3.19925,3.19925,108.299715
1678622400000.0,3.2454,3.2949,3.2247,3.2949,0.915645
1678618800000.0,3.2613,3.2979,3.2247,3.2454,0.789364
1678615200000.0,3.2804499999999996,3.2979,3.2281,3.2613,22.548987
1678611600000.0,3.2814,3.2979,3.2492,3.2979,20.615147
1678608000000.0,3.2607999999999997,3.3044,3.2291,3.28925,40.278964
1678604400000.0,3.2627249999999997,3.2979,3.2281,3.2548500000000002,15.347646
1678600800000.0,3.273025,3.2979,3.2492,3.26245,17.782924
1678597200000.0,3.267975,3.3044,3.2492,3.2725,55.112847
1678593600000.0,3.249625,3.2775,3.216,3.25915,123.586731
1678590000000.0,3.2474,3.2912,3.2281,3.2525,50.146715
1678586400000.0,3.206475,3.23515,3.1659,3.23515,61.40377
1678582800000.0,3.1723749999999997,3.2661,3.1161,3.2127999999999997,423.158478
1678579200000.0,3.144875,3.1776,3.1082,3.15365,40.310141
1678575600000.0,3.1411000000000002,3.1846,3.0973,3.1468499999999997,847.509164
1678572000000.0,3.098275,3.161,3.0636,3.1412500000000003,100.91399
1678568400000.0,3.07005,3.1318,3.0424,3.08425,218.730294
1678564800000.0,2.990425,3.053,2.8171,3.053,754.000179
1678561200000.0,2.99245,3.0511,2.9338,3.0467500000000003,155.259042
1678557600000.0,2.961,2.99245,2.9338,2.99245,648.891043
1678554000000.0,2.9389749999999997,3.0215,2.8638,2.9610000000000003,819.648233
1678550400000.0,2.903125,2.9353,2.8723,2.9353,960.877084
1678546800000.0,2.9415750000000003,2.9796,2.90565,2.90565,1.60245
1678543200000.0,2.9579750000000002,2.9871,2.9288,2.9289,384.554903
1678539600000.0,2.9598,2.9923,2.9299,2.958,22.935049
1678536000000.0,2.9387499999999998,3.0239,2.9006,2.9585,122.428108
1678532400000.0,2.9463749999999997,2.9922,2.9006,2.91525,26.247164
1678528800000.0,2.998125,3.0215,2.94635,2.94635,43.597481
1678525200000.0,3.033175,3.0689,2.9735,3.0067500000000003,61.856359
1678521600000.0,3.01875,3.0689,2.9576,3.04515,71.829111
1678518000000.0,3.0092749999999997,3.0944,2.9005,3.0242500000000003,269.599127
1678514400000.0,3.1041749999999997,3.1609,3.0211,3.0211,563.511328
1678510800000.0,3.120825,3.203,3.0748,3.0966,617.834237
1678507200000.0,3.104,3.1609,3.045,3.10275,1133.556786
1678503600000.0,3.400975,4.14,3.0626,3.1050500000000003,6485.085868
1678500000000.0,3.2409499999999998,3.2661,3.20065,3.20065,1418.244007
1678496400000.0,3.1685750000000006,3.2481,3.1049,3.2481,594.779449
1678492800000.0,3.10155,3.2081,3.0178,3.1675000000000004,796.481688
1678489200000.0,3.214425,3.76,2.9864,3.0901500000000004,5897.141124
1678485600000.0,3.0157749999999997,3.0808,2.9668,3.05565,545.555205
1678482000000.0,2.9714,3.0077499999999997,2.9214,3.0077499999999997,74.613515
1678478400000.0,2.984225,3.0239,2.9575,2.98595,464.269818
1678474800000.0,2.925,2.9777500000000003,2.8868,2.9777500000000003,559.687124
1678471200000.0,2.9086499999999997,2.9305,2.8868,2.925,27.362007
1678467600000.0,2.929475,2.9575,2.8724,2.9086499999999997,1483.202402
1678464000000.0,2.9400749999999998,3.0802,2.8446,2.944,911.762845
1678460400000.0,2.8191000000000006,2.91775,2.7602,2.91775,366.71459
1678456800000.0,2.77135,2.8191,2.7096,2.8191,564.05322
1678453200000.0,2.7881500000000004,2.8405,2.7361,2.784,148.350113
1678449600000.0,2.697225,2.8085,2.6061,2.7880000000000003,821.246906
1678446000000.0,2.5693,2.68715,2.5119,2.68715,1352.552042
1678442400000.0,2.4882999999999997,2.559,2.3646,2.559,983.205966
1678438800000.0,2.5915999999999997,2.6559,2.5195999999999996,2.5195999999999996,260.48604
1678435200000.0,2.674225,2.6983,2.5915999999999997,2.5915999999999997,53.779178
1678431600000.0,2.6449499999999997,2.6868,2.6031,2.67135,349.891686
1678428000000.0,2.6169249999999997,2.6473,2.6031,2.6449499999999997,79.559841
1678424400000.0,2.6123250000000002,2.6282,2.6032,2.60865,512.545747
1678420800000.0,2.591375,2.6112,2.5633,2.60895,30.781327
1678417200000.0,2.577625,2.6114,2.5559,2.5955,67.741685
1678413600000.0,2.5873,2.6361,2.5559,2.5716,174.614054
1678410000000.0,2.6254750000000002,2.688,2.5786,2.5786,520.53542
1678406400000.0,2.6506000000000003,2.6767,2.6164500000000004,2.6164500000000004,46.792163
1678402800000.0,2.63515,2.6625,2.6031,2.64705,1089.193755
1678399200000.0,2.582375,2.6624,2.5273,2.6375,333.172249
1678395600000.0,2.59965,2.7148,2.5273,2.5698999999999996,806.5303
1678392000000.0,2.7071000000000005,2.785,2.5782499999999997,2.5782499999999997,1020.552785
1678388400000.0,2.822225,2.8607,2.7071,2.7071,1655.416842
1678384800000.0,2.880125,2.9084,2.82285,2.82285,424.025984
1678381200000.0,2.9052999999999995,2.9118,2.88455,2.88455,0.437602
1678377600000.0,2.9320500000000003,2.9636,2.9005,2.9044499999999998,52.071692
1678374000000.0,2.9647249999999996,2.9787,2.9320500000000003,2.9320500000000003,22.106584
1678370400000.0,2.9757249999999997,3.0215,2.9591,2.96135,78.047901
1678366800000.0,2.918,2.9632,2.867,2.96115,244.318845
1678363200000.0,2.8941,2.9209,2.8782,2.9209,2.030136
1678359600000.0,2.903525,2.9098,2.8942,2.8942,23.152126
1678356000000.0,2.88445,2.90375,2.8628,2.90375,0.806044
1678352400000.0,2.8756749999999998,2.88865,2.8681,2.88865,1.056011
1678348800000.0,2.8711,2.8842,2.8597,2.87385,36.516965
1678345200000.0,2.89445,2.9218,2.87025,2.87025,26.897778
1678341600000.0,2.9145999999999996,2.925,2.8918,2.8918,24.599636
1678338000000.0,2.9354499999999994,2.9499,2.9181,2.9181,22.128306
1678334400000.0,2.950875,2.9612,2.9334499999999997,2.9334499999999997,4.89849
1678330800000.0,2.958625,2.965,2.9506,2.95155,0.774646
1678327200000.0,2.9543500000000003,2.9639,2.9465,2.95945,0.306943
1678323600000.0,2.9374000000000002,2.97,2.9005,2.9535,468.075308
1678320000000.0,2.924625,3.0239,2.8724,2.93955,197.557343
1678316400000.0,2.89215,2.9358,2.8724,2.9011,98.189717
1678312800000.0,2.9116,2.9439,2.8706,2.8802,447.890602
1678309200000.0,2.96585,2.9923,2.91595,2.91595,535.524417
1678305600000.0,2.96835,2.988,2.9413,2.9659500000000003,37.306384
1678302000000.0,2.95025,2.9720500000000003,2.9412,2.9720500000000003,0.29776
1678298400000.0,2.9635499999999997,2.9909,2.9288,2.94985,648.034819
1678294800000.0,2.9838500000000003,2.9923,2.96725,2.96725,433.633964
1678291200000.0,2.9916,3.1146,2.9359,2.98545,1020.988804
1678287600000.0,2.92955,2.9579500000000003,2.9101,2.9579500000000003,530.00687
1678284000000.0,2.922325,2.9442,2.8852,2.9258,446.538728
1678280400000.0,2.9907500000000002,3.045,2.9288,2.92995,1823.726308
1678276800000.0,3.08165,3.1183,2.9946,2.9946,173.174077
1678273200000.0,3.12225,3.1302,3.08165,3.08165,1.004917
1678269600000.0,3.1175249999999997,3.127,3.1067,3.12265,0.257983
1678266000000.0,3.116175,3.1243,3.1067,3.1182,0.836739
1678262400000.0,3.1022499999999997,3.1243,3.0802,3.11685,0.622666
1678258800000.0,3.10255,3.1249,3.0802,3.1022499999999997,309.134417
1678255200000.0,3.11245,3.1327,3.0961,3.10255,1.380456
1678251600000.0,3.15505,3.214,3.0961,3.1105,310.871953
1678248000000.0,3.1749,3.214,3.1342,3.15505,1098.154167
1678244400000.0,3.1429750000000003,3.1757,3.1255,3.1757,20.88999
1678240800000.0,3.1531000000000002,3.1598,3.1445499999999997,3.1445499999999997,0.575425
1678237200000.0,3.15985,3.1703,3.1508,3.15125,226.608935
1678233600000.0,3.182525,3.2031,3.15915,3.15915,0.335689
1678230000000.0,3.157975,3.192,3.1083,3.1797500000000003,278.837964
1678226400000.0,3.13865,3.1658,3.105,3.1658,47.985656
1678222800000.0,3.13395,3.149,3.1189,3.1443000000000003,33.060087
1678219200000.0,3.12565,3.1443,3.1082,3.13395,4.670741
1678215600000.0,3.1435000000000004,3.1558,3.12505,3.12505,529.599888
1678212000000.0,3.173025,3.1967,3.1435000000000004,3.1435000000000004,25.915856
1678208400000.0,3.1630249999999998,3.1976,3.1214,3.1715,27.867971
1678204800000.0,3.1735,3.2216,3.1049,3.16655,223.599647
1678201200000.0,3.201,3.2344,3.1545,3.18375,51.523212
1678197600000.0,3.1965250000000003,3.2179,3.1568,3.20755,22.201501
1678194000000.0,3.20915,3.2239,3.1974,3.2057,0.622592
1678190400000.0,3.1994000000000002,3.2208,3.1897,3.20765,628.574096
1678186800000.0,3.221775,3.2585,3.1897,3.19355,50.782383
1678183200000.0,3.281125,3.3182,3.21945,3.21945,48.644716
1678179600000.0,3.324225,3.342,3.27855,3.27855,19.590343
1678176000000.0,3.34635,3.3532,3.3249500000000003,3.3249500000000003,0.385453
1678172400000.0,3.3489750000000003,3.3683,3.3372,3.3476,0.75012
1678168800000.0,3.36205,3.3876,3.3358,3.3452,1.951122
1678165200000.0,3.37845,3.3876,3.3624,3.3624,1.435877
1678161600000.0,3.371975,3.3864,3.365,3.37845,0.076866
1678158000000.0,3.3671749999999996,3.3714,3.3587,3.3682499999999997,500.20967
1678154400000.0,3.3717,3.3773,3.3665,3.3693,0.618711
1678150800000.0,3.3474749999999998,3.3813,3.3185,3.3715,44.465467
1678147200000.0,3.3213,3.3450499999999996,3.3185,3.3450499999999996,0.01
1678143600000.0,3.3241,3.3241,3.3213,3.3213,0.0
1678140000000.0,3.3193,3.3241,3.3145,3.3241,0.561841
1678136400000.0,3.3002999999999996,3.3193,3.283,3.3193,9.09846
1678132800000.0,3.296475,3.3117,3.2871,3.3007999999999997,25.014368
1678129200000.0,3.32965,3.3593,3.2935499999999998,3.2935499999999998,84.27184
1678125600000.0,3.3674999999999997,3.3762,3.32965,3.32965,0.295133
1678122000000.0,3.3705249999999998,3.3762,3.3597,3.36775,650.719588
1678118400000.0,3.3549999999999995,3.3743,3.3281,3.3731,35.093544
1678114800000.0,3.338425,3.3588,3.315,3.3588,5.292203
1678111200000.0,3.3126499999999997,3.34255,3.2847,3.34255,94.141503
1678107600000.0,3.29345,3.3142,3.2821,3.3142,2.143185
1678104000000.0,3.2894750000000004,3.3026,3.2695,3.29085,0.893794
1678100400000.0,3.3038000000000003,3.32,3.2917,3.2929,3.652343
1678096800000.0,3.3216,3.3432,3.2915,3.30175,23.716382
1678093200000.0,3.337825,3.3441,3.32,3.32585,0.924963
1678089600000.0,3.335175,3.3447,3.31,3.3436,20.42948
1678086000000.0,3.3455999999999997,3.3677,3.3318,3.343,23.911256
1678082400000.0,3.3273,3.3457,3.3113,3.34145,21.192985
1678078800000.0,3.3082000000000003,3.3261000000000003,3.2915,3.3261000000000003,26.539026
1678075200000.0,3.33595,3.3668,3.3131500000000003,3.3131500000000003,19.555945
1678071600000.0,3.352075,3.37,3.331,3.331,165.527399
1678068000000.0,3.3304,3.3482,3.3028,3.3476,109.719202
1678064400000.0,3.36285,3.405,3.319,3.3353,62.306401
1678060800000.0,3.379975,3.4289,3.335,3.3636999999999997,73.389056
1678057200000.0,3.36405,3.3883,3.3286,3.378,31.053605
1678053600000.0,3.387975,3.3926,3.36965,3.36965,36.04873
1678050000000.0,3.4013,3.4196,3.3837,3.39045,100.241171
1678046400000.0,3.39865,3.4093,3.388,3.40095,0.70239
1678042800000.0,3.3826,3.39865,3.3671,3.39865,25.921257
1678039200000.0,3.379225,3.3884,3.3654,3.3838,10.900353
1678035600000.0,3.3881499999999996,3.3981,3.3754,3.38155,19.715306
1678032000000.0,3.407925,3.4216,3.38955,3.38955,6.874531
1678028400000.0,3.4331500000000004,3.4544,3.40725,3.40725,20.412602
1678024800000.0,3.4551500000000006,3.5057,3.4295,3.4297,169.282094
1678021200000.0,3.4195,3.4449,3.3891,3.4427000000000003,2.845608
1678017600000.0,3.4090499999999997,3.4449,3.3891,3.4219999999999997,0.179728
1678014000000.0,3.406525,3.4449,3.389,3.4010999999999996,0.173443
1678010400000.0,3.3981749999999997,3.431,3.3744,3.3960999999999997,26.65528
1678006800000.0,3.3917,3.4107,3.3744,3.39365,503.382535
1678003200000.0,3.3912000000000004,3.4289,3.3762,3.3908500000000004,0.725706
1677999600000.0,3.3975,3.4188,3.3762,3.3798500000000002,182.578308
1677996000000.0,3.4098750000000004,3.4221,3.3975,3.3975,52.560545
1677992400000.0,3.421125,3.4467,3.4003,3.4095500000000003,103.193191
1677988800000.0,3.41945,3.4372,3.4017,3.41875,2.098058
1677985200000.0,3.40225,3.4313,3.388,3.41945,45.027155
1677981600000.0,3.40135,3.4716,3.3492,3.39485,152.479345
1677978000000.0,3.33945,3.4246,3.2683,3.3922999999999996,95.781211
1677974400000.0,3.25235,3.3324499999999997,3.2045,3.3324499999999997,88.2411
1677970800000.0,3.252725,3.2696,3.234,3.26585,1.266628
1677967200000.0,3.2067,3.2661,3.1584,3.25365,1025.855071
1677963600000.0,3.1694250000000004,3.20115,3.1246,3.20115,757.549114
1677960000000.0,3.2310999999999996,3.2979,3.1414,3.1776,1525.766002
1677956400000.0,3.3169750000000002,3.3584,3.24255,3.24255,253.961281
1677952800000.0,3.340325,3.3562,3.31165,3.31165,42.430569
1677949200000.0,3.3745000000000003,3.4961,3.319,3.3455500000000002,140.845089
1677945600000.0,3.3307,3.342,3.319,3.34145,54.366026
1677942000000.0,3.35095,3.3669,3.3308999999999997,3.3308999999999997,48.241772
1677938400000.0,3.382075,3.4074,3.35095,3.35095,43.855941
1677934800000.0,3.423125,3.462,3.3844,3.3844,10.714032
1677931200000.0,3.4341750000000006,3.4508,3.4066,3.4152,27.172492
1677927600000.0,3.4369750000000003,3.4545,3.4195,3.4396500000000003,1.15617
1677924000000.0,3.43375,3.4605,3.4143,3.43695,192.539804
1677920400000.0,3.4564000000000004,3.4813,3.4301,3.4301,26.905605
1677916800000.0,3.4986,3.5271,3.4536,3.4536,25.873112
1677913200000.0,3.542875,3.5605,3.4985999999999997,3.4985999999999997,19.326584
1677909600000.0,3.5402750000000003,3.5648,3.5113,3.5438,37.49769
1677906000000.0,3.5436500000000004,3.5628,3.5245,3.5425000000000004,17.94427
1677902400000.0,3.581275,3.6035,3.5436500000000004,3.5436500000000004,141.935506
1677898800000.0,3.5953,3.6047,3.58185,3.58185,1.441019
1677895200000.0,3.599925,3.6171,3.5866,3.59675,88.212864
1677891600000.0,3.6343,3.6685,3.598,3.598,83.197203
1677888000000.0,3.651325,3.6929,3.6156,3.63265,937.329493
1677884400000.0,3.6145500000000004,3.6484,3.5934,3.6484,26.918875
1677880800000.0,3.578325,3.6149500000000003,3.5405,3.6149500000000003,14.445603
1677877200000.0,3.5633749999999997,3.5902,3.5301,3.58655,45.773612
1677873600000.0,3.5460000000000003,3.5666,3.5234,3.5666,98.626967
1677870000000.0,3.55285,3.5618,3.5404,3.55125,0.193571
1677866400000.0,3.602025,3.7063,3.5505,3.5545999999999998,315.06534
1677862800000.0,3.5936500000000002,3.6349,3.5751,3.57565,564.298893
1677859200000.0,3.5906,3.6244,3.5703,3.5823,313.728388
1677855600000.0,3.6212999999999997,3.6705,3.58385,3.58385,420.32222
1677852000000.0,3.65695,3.702,3.61105,3.61105,63.074753
1677848400000.0,3.6341,3.6685,3.576,3.649,46.638572
1677844800000.0,3.66105,3.7296,3.6149,3.64595,65.760622
1677841200000.0,3.665575,3.6805,3.6448,3.64985,1.356762
1677837600000.0,3.65035,3.6831,3.6288,3.6685,153.290623
1677834000000.0,3.6476249999999997,3.7097,3.626,3.64475,77.25609
1677830400000.0,3.5790249999999997,3.6411,3.5245,3.6273999999999997,89.44935
1677826800000.0,3.5069999999999997,3.57525,3.4829,3.57525,30.565719
1677823200000.0,3.4661999999999997,3.5103,3.4363,3.5103,402.952021
1677819600000.0,3.477225,3.5308,3.4363,3.4662,60.984004
1677816000000.0,3.4491,3.5139,3.3885,3.4709000000000003,102.266378
1677812400000.0,3.39065,3.447,3.3707,3.447,35.065079
1677808800000.0,3.3857,3.4289,3.3561,3.3951000000000002,1078.076458
1677805200000.0,3.53215,3.7082,3.3561,3.3789,456.713558
1677801600000.0,3.73875,3.7944,3.53215,3.53215,43.425872
1677798000000.0,3.7374750000000003,3.748,3.7262000000000004,3.7262000000000004,0.663194
1677794400000.0,3.727775,3.7682,3.699,3.73695,3312.282252
1677790800000.0,3.719275,3.7309,3.7142,3.7219499999999996,1.841471
1677787200000.0,3.7028499999999998,3.7448,3.674,3.716,182.552759
1677783600000.0,3.659875,3.6963,3.638,3.6963,28.885871
1677780000000.0,3.6156499999999996,3.6563999999999997,3.5933,3.6563999999999997,18.526714
1677776400000.0,3.5970500000000003,3.61565,3.591,3.61565,0.227987
1677772800000.0,3.608625,3.6309,3.591,3.59215,44.151278
1677769200000.0,3.5978999999999997,3.626,3.5711,3.6063,22.314093
1677765600000.0,3.570925,3.59725,3.5505,3.59725,32.492098
1677762000000.0,3.589125,3.6199,3.5708,3.5718500000000004,0.339018
1677758400000.0,3.6118000000000006,3.6364,3.5829000000000004,3.5829000000000004,19.779204
1677754800000.0,3.6172500000000003,3.6232,3.6091,3.6091,9.641325
1677751200000.0,3.6214250000000003,3.6355,3.6034,3.6172500000000003,21.232629
1677747600000.0,3.6473750000000003,3.66,3.6234,3.6234,0.591813
1677744000000.0,3.658175,3.6685,3.6470000000000002,3.6470000000000002,0.417376
1677740400000.0,3.6606499999999995,3.6764,3.6436,3.6561000000000003,1.028003
1677736800000.0,3.65395,3.6785,3.6278,3.6612999999999998,51.716103
1677733200000.0,3.6717750000000002,3.704,3.6406,3.65475,22.361869
1677729600000.0,3.696225,3.7033,3.67125,3.67125,0.338122
1677726000000.0,3.698525,3.7146,3.6861,3.6969000000000003,24.7503
1677722400000.0,3.7135999999999996,3.7319,3.6948,3.6967,25.780127
1677718800000.0,3.746025,3.7756,3.7103,3.71385,86.317568
1677715200000.0,3.788075,3.806,3.7491,3.7491,23.400437
1677711600000.0,3.7884,3.82,3.7576,3.7873,90.186862
1677708000000.0,3.7601,3.7880000000000003,3.7468,3.7880000000000003,11.025656
1677704400000.0,3.729525,3.7601,3.7102,3.7601,45.860955
1677700800000.0,3.6968,3.72935,3.6777,3.72935,0.95022
1677697200000.0,3.7025499999999996,3.7316,3.6689,3.6950000000000003,301.742964
1677693600000.0,3.7399250000000004,3.7628,3.70485,3.70485,2499.401053
1677690000000.0,3.7224500000000003,3.74,3.7026,3.7358000000000002,11260.725372
1677686400000.0,3.70155,3.7236000000000002,3.6632,3.7236000000000002,307.256434
1677682800000.0,3.719525,3.7349,3.7012,3.7125500000000002,4.438643
1677679200000.0,3.7043750000000006,3.732,3.6703,3.721,336.293842
1677675600000.0,3.703725,3.7304,3.6725,3.7076000000000002,29.561827
1677672000000.0,3.7155500000000004,3.7308,3.7016,3.706,76.617797
1677668400000.0,3.722025,3.7352,3.7088,3.7149,0.368885
1677664800000.0,3.7312499999999997,3.7419,3.72205,3.72205,1.438217
1677661200000.0,3.7364500000000005,3.7544,3.7244,3.7298,5.204674
1677657600000.0,3.7239250000000004,3.7514,3.6902,3.7335000000000003,72.692058
1677654000000.0,3.7201000000000004,3.7317,3.7055,3.72705,0.903561
1677650400000.0,3.7098000000000004,3.7317,3.6878,3.7216,7.934216
1677646800000.0,3.700475,3.7172,3.6795,3.7098500000000003,115.205325
1677643200000.0,3.6955,3.7172,3.6738,3.7026000000000003,19.784738
1677639600000.0,3.6584999999999996,3.696,3.6321,3.6955,24.742678
1677636000000.0,3.6186,3.6529499999999997,3.6032,3.6529499999999997,55.1621
1677632400000.0,3.5695999999999994,3.61815,3.5317,3.61815,40.763883
1677628800000.0,3.532175,3.5679499999999997,3.5159,3.5679499999999997,41.254957
1677625200000.0,3.511275,3.55,3.4894,3.524,18.952163
1677621600000.0,3.5014000000000003,3.55,3.4817,3.50285,19.772791
1677618000000.0,3.522825,3.5715,3.4638,3.48695,1178.548348
1677614400000.0,3.57415,3.5902,3.528,3.528,100.754121
1677610800000.0,3.6145500000000004,3.6646,3.5666,3.5777,135.617799
1677607200000.0,3.653625,3.6787,3.6135,3.6135,24.905119
1677603600000.0,3.644,3.6705,3.616,3.6526,202.937584
1677600000000.0,3.6510249999999997,3.7115,3.6201,3.64475,93.736013
1677596400000.0,3.64475,3.6705,3.6317,3.63625,27.364531
1677592800000.0,3.624875,3.6573,3.5997,3.6384,17.784219
1677589200000.0,3.6096,3.6349,3.5579,3.62125,113.702374
1677585600000.0,3.6247749999999996,3.6349,3.6147,3.6228,0.42329
1677582000000.0,3.6230499999999997,3.6349,3.6077,3.6247499999999997,217.523288
1677578400000.0,3.608275,3.6349,3.573,3.6248,0.443427
1677574800000.0,3.6012500000000003,3.6181,3.5903,3.6126,0.691164
1677571200000.0,3.5885000000000002,3.6187,3.5579,3.5983,38.143758
1677567600000.0,3.6037749999999997,3.6431,3.5711,3.5887000000000002,24.772049
1677564000000.0,3.628875,3.6401,3.60045,3.60045,2.113966
1677560400000.0,3.635625,3.6566,3.6252,3.6275,2.401434
1677556800000.0,3.656825,3.682,3.6278,3.63035,3165.973593
1677553200000.0,3.6460749999999997,3.6977,3.6023,3.65875,798.570898
1677549600000.0,3.60575,3.64215,3.5893,3.64215,2.065231
1677546000000.0,3.615475,3.6384,3.5926,3.6082,120.240693
1677542400000.0,3.63635,3.6683,3.6098,3.61545,23.868082
1677538800000.0,3.638375,3.6646,3.6192,3.6336500000000003,3.808044
1677535200000.0,3.63485,3.6646,3.6192,3.63485,0.472474
1677531600000.0,3.6294500000000003,3.6364,3.6179,3.6278,26.066648
1677528000000.0,3.6249000000000002,3.6705,3.558,3.6317500000000003,421.45648
1677524400000.0,3.6625500000000004,3.697,3.6355500000000003,3.6355500000000003,55.576059
1677520800000.0,3.7003,3.7494,3.6401,3.6550000000000002,302.984753
1677517200000.0,3.776975,3.9199,3.70585,3.70585,474.821697
1677513600000.0,3.7596,3.7963,3.7099,3.7408,51.127235
1677510000000.0,3.82635,3.8873,3.7661,3.7661,905.050293
1677506400000.0,3.808925,3.8428,3.7837,3.8109,415.187382
1677502800000.0,3.7511,3.8045999999999998,3.7109,3.8045999999999998,46.055662
1677499200000.0,3.7221,3.7473,3.7017,3.7473,0.32917
1677495600000.0,3.71895,3.759,3.6907,3.72315,99.208712
1677492000000.0,3.71525,3.7451,3.6801,3.71305,44.49818
1677488400000.0,3.720075,3.7862,3.6656,3.7179,67.243918
1677484800000.0,3.6906000000000003,3.71425,3.6728,3.71425,1.733204
1677481200000.0,3.69765,3.7251,3.6812,3.69325,21.098998
1677477600000.0,3.689575,3.7036,3.6763,3.69215,50.460339
1677474000000.0,3.698175,3.7095,3.6872,3.6892,3.27099
1677470400000.0,3.738175,3.7781,3.698,3.698,180.595562
1677466800000.0,3.78495,3.8161,3.738,3.738,667.732653
1677463200000.0,3.772775,3.7956,3.7568,3.77955,614.902781
1677459600000.0,3.7563,3.7726,3.7401,3.76935,183.824835
1677456000000.0,3.7673,3.7851,3.7462,3.75625,0.878579
1677452400000.0,3.768475,3.7867,3.7521,3.7689500000000002,0.409594
1677448800000.0,3.77005,3.8031,3.7431,3.76755,22.658833
1677445200000.0,3.8126249999999997,3.8466,3.767,3.767,21.383479
1677441600000.0,3.8079,3.8662,3.7596,3.81195,583.503504
1677438000000.0,3.7604249999999997,3.8147,3.732,3.8029,45.023162
1677434400000.0,3.6915000000000004,3.7475,3.6476,3.7475,94.733338
1677430800000.0,3.6499249999999996,3.6932,3.6209,3.6932,18.137621
1677427200000.0,3.662775,3.6831,3.6408,3.6582999999999997,315.546323
1677423600000.0,3.6648,3.6796,3.6514,3.6635999999999997,5.284952
1677420000000.0,3.65225,3.722,3.6119,3.6641,101.164503
1677416400000.0,3.6138500000000002,3.63755,3.6034,3.63755,0.356412
1677412800000.0,3.62005,3.67,3.6034,3.60765,1.762047
1677409200000.0,3.625875,3.67,3.6034,3.6034,0.847517
1677405600000.0,3.629675,3.6457,3.6034,3.61505,18.743872
1677402000000.0,3.618825,3.6712,3.5806,3.6348000000000003,64.014274
1677398400000.0,3.575825,3.61175,3.5517,3.61175,100.587735
1677394800000.0,3.5715000000000003,3.5848,3.553,3.5827,79.960361
1677391200000.0,3.5505999999999998,3.5741,3.5338,3.5741,76.127237
1677387600000.0,3.5377500000000004,3.5526,3.5312,3.5526,0.847584
1677384000000.0,3.534925,3.5513,3.5238,3.5365,140.789227
1677380400000.0,3.524275,3.5581,3.4999,3.5323,28.36851
1677376800000.0,3.47275,3.5195499999999997,3.4339,3.5195499999999997,292.30534
1677373200000.0,3.429825,3.4757,3.4132,3.4757,15.498225
1677369600000.0,3.4239499999999996,3.4422,3.4095,3.42945,0.368063
1677366000000.0,3.420275,3.4344,3.4029,3.4220499999999996,372.116274
1677362400000.0,3.3678,3.4219,3.3227,3.4219,46.867151
1677358800000.0,3.3303000000000003,3.3678,3.3143,3.3678,1.859972
1677355200000.0,3.3454249999999996,3.3905,3.2915,3.3295000000000003,148.628953
1677351600000.0,3.36505,3.3903,3.3467,3.34985,1027.388962
1677348000000.0,3.4086,3.4623,3.3516,3.3616,150.781041
1677344400000.0,3.4661,3.4852,3.41025,3.41025,22.32757
1677340800000.0,3.472275,3.5067,3.4555,3.46605,19.122593
1677337200000.0,3.4734749999999996,3.5,3.4555,3.46345,571.478263
1677333600000.0,3.494325,3.5069,3.4692,3.4692,28.111791
1677330000000.0,3.5024749999999996,3.5302,3.4864,3.4949,39.612996
1677326400000.0,3.473575,3.4983,3.4339,3.49665,47.690067
1677322800000.0,3.470325,3.4946,3.4555,3.4810499999999998,0.951452
1677319200000.0,3.489025,3.5253,3.4555,3.4656,109.293653
1677315600000.0,3.532475,3.5482,3.48765,3.48765,118.595453
1677312000000.0,3.5475499999999998,3.5703,3.53095,3.53095,73.239845
1677308400000.0,3.53145,3.5578,3.4893,3.5404999999999998,50.72056
1677304800000.0,3.4981999999999998,3.5412,3.4559,3.5393499999999998,162.775096
1677301200000.0,3.5231250000000003,3.5974,3.4418,3.49785,1431.069289
1677297600000.0,3.594825,3.6051,3.52665,3.52665,18.552374
1677294000000.0,3.614825,3.6326,3.6004,3.6004,33.689401
1677290400000.0,3.6387,3.6604,3.61165,3.61165,26.705768
1677286800000.0,3.65565,3.6647,3.6401,3.6401,1.727616
1677283200000.0,3.6914,3.8161,3.6313,3.65695,173.039716
1677279600000.0,3.6301500000000004,3.6646,3.5957,3.6591,39.80514
1677276000000.0,3.5963,3.6329,3.5505,3.63015,62.313165
1677272400000.0,3.6356,3.6665,3.6009,3.6009,21.716891
1677268800000.0,3.675225,3.7008,3.63625,3.63625,10.773598
1677265200000.0,3.65145,3.6705,3.6126,3.66845,43.562631
1677261600000.0,3.639775,3.66135,3.6165,3.66135,45.318403
1677258000000.0,3.65845,3.6839,3.6278,3.6452,0.467747
1677254400000.0,3.665,3.6967,3.5827,3.66105,173.393267
1677250800000.0,3.73765,3.7798,3.6902999999999997,3.6902999999999997,517.481547
1677247200000.0,3.7801,3.8011,3.73825,3.73825,297.595943
1677243600000.0,3.83275,3.8836,3.7811500000000002,3.7811500000000002,1040.544307
1677240000000.0,3.8921,3.9199,3.83305,3.83305,157.959293
1677236400000.0,3.9029499999999997,3.9248,3.8883,3.8883,285.533416
1677232800000.0,3.882975,3.9044,3.842,3.8987,64.009656
1677229200000.0,3.902475,3.9372,3.8727,3.89275,329.526156
1677225600000.0,3.913075,3.9456,3.8922,3.9,194.584523
1677222000000.0,3.8919,3.90725,3.8733,3.90725,0.327397
1677218400000.0,3.8781749999999997,3.8999,3.854,3.89735,1.229405
1677214800000.0,3.882475,3.9126,3.8589,3.8794,1.456963
1677211200000.0,3.8758749999999997,3.9016,3.8516,3.8792,17.969966
1677207600000.0,3.8537,3.8751499999999997,3.8416,3.8751499999999997,17.832954
1677204000000.0,3.8766249999999998,3.9125,3.85195,3.85195,156.628454
1677200400000.0,3.89955,3.9169,3.87085,3.87085,1.497021
1677196800000.0,3.9021,3.9131,3.8797,3.89595,82.435589
1677193200000.0,3.908125,3.927,3.8962,3.9078,103.93604
1677189600000.0,3.9021500000000002,3.9199,3.8834,3.90465,97.564669
1677186000000.0,3.9373,3.9712,3.90265,3.90265,176.450874
1677182400000.0,3.967075,3.9953,3.93445,3.93445,116.872386
1677178800000.0,3.928775,3.9636,3.8834,3.9581999999999997,295.187663
1677175200000.0,3.9294,3.966,3.8896,3.93405,543.494123
1677171600000.0,3.95275,3.9903,3.931,3.931,1532.727465
1677168000000.0,3.97285,4.0122,3.9319,3.9428,620.446697
1677164400000.0,3.9803999999999995,4.03,3.8983,3.97365,1801.663176
1677160800000.0,3.93445,4.0951,3.8308,3.99665,1999.567672
1677157200000.0,3.8598749999999997,3.9196,3.8308,3.90595,60.746432
1677153600000.0,3.83305,3.8766,3.7954,3.84455,23.527655
1677150000000.0,3.857875,3.9338,3.7875,3.8301,405.06334
1677146400000.0,3.8914999999999997,3.9083,3.8551,3.8551,0.721229
1677142800000.0,3.903625,3.9429,3.8747,3.8914999999999997,98.982075
1677139200000.0,3.9175999999999997,3.9371,3.89845,3.89845,1.443363
1677135600000.0,3.931575,3.9624,3.9071,3.915,229.340753
1677132000000.0,3.9240999999999997,3.949,3.8896,3.9284,239.388547
1677128400000.0,3.92905,3.9676,3.9088,3.9288999999999996,736.16695
1677124800000.0,3.9144499999999995,3.9356,3.895,3.9199,63.455975
1677121200000.0,3.896425,3.9273,3.8811,3.9135999999999997,858.078476
1677117600000.0,3.8438749999999997,3.88865,3.805,3.88865,804.996303
1677114000000.0,3.8000000000000003,3.84305,3.7925,3.84305,1.271108
1677110400000.0,3.8095000000000003,3.8235,3.795,3.8005,228.469598
1677106800000.0,3.82485,3.8534,3.8034,3.80975,638.060509
1677103200000.0,3.753275,3.8213,3.6472,3.8213,388.844026
1677099600000.0,3.7226,3.7734,3.6974,3.7734,122.391751
1677096000000.0,3.7433249999999996,3.7878,3.7225,3.72775,42.31396
1677092400000.0,3.7619749999999996,3.8161,3.7314999999999996,3.7314999999999996,1621.620941
1677088800000.0,3.7457249999999997,3.7791,3.7212,3.7483,43.441164
1677085200000.0,3.7143249999999997,3.7413,3.703,3.7413,32.271237
1677081600000.0,3.7170249999999996,3.7425,3.7032,3.71385,1.245288
1677078000000.0,3.759625,3.8161,3.6904,3.7112,142.117089
1677074400000.0,3.794425,3.8161,3.7377,3.766,2.535882
1677070800000.0,3.79085,3.81195,3.7717,3.81195,57.932978
1677067200000.0,3.78465,3.8245,3.769,3.79195,141.869435
1677063600000.0,3.772925,3.7846,3.7621,3.77255,13.261648
1677060000000.0,3.7682249999999997,3.7872,3.7539,3.7725,97.539635
1677056400000.0,3.736275,3.7659,3.7159,3.7659,18.509965
1677052800000.0,3.76975,3.8534,3.699,3.73585,213.155419
1677049200000.0,3.823275,3.8421,3.7633,3.7633,289.309545
1677045600000.0,3.86595,3.9043,3.8212,3.8212,96.511294
1677042000000.0,3.8644249999999998,3.8972,3.824,3.8639,413.489809
1677038400000.0,3.844125,3.8682499999999997,3.8159,3.8682499999999997,5.08964
1677034800000.0,3.8249249999999995,3.8552,3.7962,3.84625,37.682268
1677031200000.0,3.787225,3.82415,3.75,3.82415,1354.608344
1677027600000.0,3.8407500000000003,3.8875,3.795,3.7962499999999997,63.475185
1677024000000.0,3.9170499999999997,3.9593,3.84025,3.84025,808.971049
1677020400000.0,3.9377,3.9593,3.916,3.92175,76.97525
1677016800000.0,3.9000250000000003,3.93775,3.8458,3.93775,25.738842
1677013200000.0,3.9208,3.9531,3.8797,3.9126,589.296002
1677009600000.0,3.9730000000000003,4.0189,3.9252,3.9252,534.674557
1677006000000.0,4.01455,4.0391,3.96905,3.96905,95.893007
1677002400000.0,4.040375,4.059,4.0132,4.0132,507.880245
1676998800000.0,4.037225,4.0589,4.0153,4.043699999999999,8.694935
1676995200000.0,4.04255,4.1063,3.9689,4.03735,846.00489
1676991600000.0,4.087400000000001,4.1366,3.9984,4.0475,2498.166438
1676988000000.0,4.1297999999999995,4.1859,4.0766,4.1073,852.253806
1676984400000.0,4.1936,4.2827,4.0889,4.128349999999999,439.515115
1676980800000.0,4.2818,4.3729,4.2014,4.2014,425.159744
1676977200000.0,4.266175,4.3405,4.2307,4.25925,2496.763938
1676973600000.0,4.306150000000001,4.376,4.2249,4.2467500000000005,222.656909
1676970000000.0,4.351625,4.4157,4.3113,4.31185,169.73701
1676966400000.0,4.31595,4.3824,4.2122,4.33975,530.191077
1676962800000.0,4.3507,4.3729,4.3221,4.3346,40.500449
1676959200000.0,4.358325,4.4089,4.328,4.353899999999999,774.509307
1676955600000.0,4.34,4.3608,4.3026,4.3482,74.632889
1676952000000.0,4.322325,4.4408,4.2481,4.3483,1649.913909
1676948400000.0,4.272525,4.3066,4.2288,4.3002,146.659031
1676944800000.0,4.28555,4.3258,4.2549,4.27735,246.524195
1676941200000.0,4.243575,4.2886,4.2154,4.28075,973.33646
1676937600000.0,4.216875,4.2667,4.1927,4.23515,1272.282621
1676934000000.0,4.1960999999999995,4.2055,4.1807,4.2040500000000005,290.239392
1676930400000.0,4.212425,4.2483,4.1773,4.1991,149.766879
1676926800000.0,4.1746,4.2245,4.1238,4.21205,142.341395
1676923200000.0,4.12655,4.175050000000001,4.1005,4.175050000000001,0.412773
1676919600000.0,4.1223,4.1371,4.1075,4.1343,219.644226
1676916000000.0,4.114475,4.1477,4.0826,4.1223,1.226679
1676912400000.0,4.118275,4.1328,4.0918,4.1137999999999995,678.775055
1676908800000.0,4.1655999999999995,4.2148,4.1044,4.12425,398.445987
1676905200000.0,4.21565,4.3018,4.1714,4.1716,653.523671
1676901600000.0,4.138175,4.1947,4.077,4.1947,168.296185
1676898000000.0,4.118825,4.1746,4.0871,4.15055,256.923909
1676894400000.0,4.107775,4.1337,4.0766,4.1068,77.887931
1676890800000.0,4.14475,4.1558,4.1104,4.1104,0.676905
1676887200000.0,4.145275,4.1671,4.1215,4.14475,189.060242
1676883600000.0,4.151025000000001,4.1912,4.0922,4.14625,127.771556
1676880000000.0,4.2189749999999995,4.2685,4.16035,4.16035,197.084387
1676876400000.0,4.2272,4.2461,4.1926,4.21505,0.606024
1676872800000.0,4.194625,4.23505,4.1652,4.23505,61.898867
1676869200000.0,4.17955,4.2015,4.1499,4.19465,1.109973
1676865600000.0,4.19225,4.2015,4.1761,4.183400000000001,96.401246
1676862000000.0,4.1808749999999995,4.1967,4.1652,4.1957,17.379097
1676858400000.0,4.15545,4.1841,4.133,4.1808,75.53931
1676854800000.0,4.117800000000001,4.1748,3.9886,4.15235,1447.868388
1676851200000.0,4.1887,4.2392,4.1539,4.1539,170.645359
1676847600000.0,4.159575,4.1747,4.1213,4.1747,92.871731
1676844000000.0,4.191949999999999,4.2215,4.157,4.1712,60.912226
1676840400000.0,4.2047,4.2255,4.1859,4.194649999999999,264.097629
1676836800000.0,4.146425,4.2036999999999995,4.0766,4.2036999999999995,432.52147
1676833200000.0,4.1507000000000005,4.1721,4.1213,4.1616,46.578208
1676829600000.0,4.163925,4.177,4.1509,4.1547,0.42407
1676826000000.0,4.175225,4.2239,4.1438,4.1639,181.200524
1676822400000.0,4.242675,4.3305,4.1322,4.166600000000001,418.085378
1676818800000.0,4.3986,4.497,4.254,4.254,1256.238691
1676815200000.0,4.498150000000001,4.4997,4.41375,4.41375,0.711182
1676811600000.0,4.475025,4.5,4.4502,4.49835,0.425445
1676808000000.0,4.443325,4.5059,4.4086,4.47495,301.133076
1676804400000.0,4.3543,4.429399999999999,4.3,4.429399999999999,103.961678
1676800800000.0,4.352825,4.4555,4.3,4.3543,328.982711
1676797200000.0,4.3393250000000005,4.3573,4.3221,4.3279,0.317821
1676793600000.0,4.33755,4.3889,4.3196,4.3389500000000005,61.752663
1676790000000.0,4.33025,4.3571,4.3185,4.32085,2.136669
1676786400000.0,4.3365,4.3648,4.2906,4.3227,371.736672
1676782800000.0,4.369075,4.4086,4.34,4.3453,139.105848
1676779200000.0,4.381724999999999,4.407,4.35,4.363849999999999,1558.003326
1676775600000.0,4.413725,4.4499,4.3824,4.38495,11.083799
1676772000000.0,4.4308499999999995,4.4569,4.394,4.411300000000001,460.659854
1676768400000.0,4.4639500000000005,4.5069,4.4331,4.43625,881.705414
1676764800000.0,4.427175,4.4589,4.3587,4.4579,110.851265
1676761200000.0,4.451600000000001,4.4767,4.4322,4.44555,0.415443
1676757600000.0,4.4518,4.4678,4.4302,4.44875,482.248849
1676754000000.0,4.4026749999999995,4.4546,4.3585,4.4546,20.108865
1676750400000.0,4.38185,4.4408,4.3505,4.40415,96.096082
1676746800000.0,4.41315,4.4741,4.3523,4.36805,320.562976
1676743200000.0,4.450175,4.4978,4.4131,4.4131,41.88367
1676739600000.0,4.439025,4.458,4.4159,4.43935,2.991454
1676736000000.0,4.459725,4.509,4.3952,4.4411000000000005,210.372145
1676732400000.0,4.495925,4.5553,4.46735,4.46735,182.506502
1676728800000.0,4.491275,4.5877,4.45,4.47705,1840.108917
1676725200000.0,4.3707,4.4637,4.2914,4.4637,379.146489
1676721600000.0,4.3131,4.4157,4.2567,4.3707,9178.936761
1676718000000.0,4.22305,4.29,4.1575,4.29,139.509475
1676714400000.0,4.20415,4.3,4.1538,4.22305,292.146269
1676710800000.0,4.1931,4.2168,4.1525,4.1814,287.411759
1676707200000.0,4.193425,4.3,4.1341,4.20155,1262.09857
1676703600000.0,4.088875,4.1698,4.0192,4.1698,121.43502
1676700000000.0,4.06495,4.0924,4.0358,4.0905000000000005,29.301485
1676696400000.0,4.0854,4.1245,4.059,4.065799999999999,349.19309
1676692800000.0,4.061075,4.085,4.0318,4.07905,2481.355229
1676689200000.0,4.05775,4.085,4.0332,4.06375,17.060694
1676685600000.0,4.07305,4.1294,4.0375,4.0564,329.628763
1676682000000.0,4.047625,4.1574,3.9794,4.06265,306.851719
1676678400000.0,4.005825,4.064,3.96,4.02685,633.743824
1676674800000.0,3.9891,4.0199,3.9449,3.99965,73.709679
1676671200000.0,3.93655,3.9958,3.8596,3.9958,940.391792
1676667600000.0,3.9321,3.953,3.9082,3.95295,61.38596
1676664000000.0,3.9374749999999996,3.9675,3.8964,3.9336,984.090806
1676660400000.0,3.9059,3.953,3.8464,3.9429999999999996,303.993031
1676656800000.0,3.8718500000000002,3.9120999999999997,3.8458,3.9120999999999997,67.238352
1676653200000.0,3.8775,3.9332,3.8458,3.8782,418.558688
1676649600000.0,3.9344499999999996,4.0402,3.8116,3.8655,606.49551
1676646000000.0,4.043725,4.1398,3.9429999999999996,3.9429999999999996,562.185436
1676642400000.0,4.016375,4.2,3.9214,4.02325,1348.255662
1676638800000.0,3.864725,3.9720500000000003,3.7717,3.9720500000000003,449.038166
1676635200000.0,3.7948500000000003,3.8708,3.762,3.8708,129.283083
1676631600000.0,3.754575,3.8161,3.7047,3.79335,115.155787
1676628000000.0,3.7242249999999997,3.7487500000000002,3.7059,3.7487500000000002,95.77631
1676624400000.0,3.74085,3.7548,3.7264,3.7264,1.075055
1676620800000.0,3.7525500000000003,3.7844,3.7352,3.7367,22.566119
1676617200000.0,3.753075,3.7791,3.7345,3.7453,55.913726
1676613600000.0,3.715425,3.7493499999999997,3.6852,3.7493499999999997,68.355975
1676610000000.0,3.71295,3.736,3.6899,3.7166,68.935797
1676606400000.0,3.739225,3.7707,3.7114,3.71295,71.548776
1676602800000.0,3.750425,3.7757,3.7374,3.7374,1.429505
1676599200000.0,3.763275,3.7846,3.7436,3.7436,0.302939
1676595600000.0,3.767225,3.7972,3.75,3.76005,76.248311
1676592000000.0,3.69815,3.7844,3.6291,3.76085,520.254221
1676588400000.0,3.6637750000000002,3.7051,3.6158,3.68955,180.038107
1676584800000.0,3.8125,3.9342,3.6671,3.6671,415.565428
1676581200000.0,3.879275,3.9234,3.8076,3.81425,208.576314
1676577600000.0,3.906075,3.9579,3.8458,3.8930499999999997,157.369548
1676574000000.0,3.975175,4.008,3.9103,3.9103,70.446454
1676570400000.0,3.97325,4.0269,3.9285,3.9776,440.694149
1676566800000.0,3.934275,3.9688,3.8834,3.9688,235.026753
1676563200000.0,3.987375,4.0581,3.915,3.9485,1343.172538
1676559600000.0,3.942725,4.021,3.8651,3.9882,1026.643457
1676556000000.0,3.8097000000000003,3.9424,3.7377,3.9424,211.451671
1676552400000.0,3.78765,3.8307,3.7566,3.818,152.231157
1676548800000.0,3.781,3.8,3.7468,3.78165,461.143104
1676545200000.0,3.804325,3.8346,3.7705,3.7886,72.35006
1676541600000.0,3.828725,3.8423,3.8061,3.8061,2.158708
1676538000000.0,3.8017499999999997,3.82695,3.7769,3.82695,50.612039
1676534400000.0,3.8036,3.8438,3.7769,3.8017,80.195418
1676530800000.0,3.83905,3.8645,3.79685,3.79685,71.563821
1676527200000.0,3.877325,3.9013,3.8385,3.8385,50.146989
1676523600000.0,3.8859,3.907,3.8688,3.8739,256.518175
1676520000000.0,3.914175,3.9497,3.8771,3.8838999999999997,84.312665
1676516400000.0,3.940475,3.9497,3.91495,3.91495,1.238409
1676512800000.0,3.952925,3.9895,3.9278,3.9419500000000003,1008.00813
1676509200000.0,3.9383,3.9618,3.9156,3.9472,155.917737
1676505600000.0,3.923875,3.9675,3.8766,3.9379,1438.857972
1676502000000.0,3.926275,3.9367,3.9137,3.9257,11.167914
1676498400000.0,3.93825,3.9777,3.9189,3.9273499999999997,102.201841
1676494800000.0,3.99205,4.085,3.9282,3.9282,671.124843
1676491200000.0,3.9739500000000003,4.0082,3.9162,3.97285,466.890278
1676487600000.0,3.90635,3.9886,3.8368,3.9857000000000005,281.988978
1676484000000.0,3.8448250000000006,3.9000000000000004,3.8313,3.9000000000000004,275.209303
1676480400000.0,3.8109,3.85,3.7756,3.8340500000000004,984.845914
1676476800000.0,3.810725,3.8534,3.7867,3.809,718.365314
1676473200000.0,3.7599,3.8161,3.6967,3.8014,769.036411
1676469600000.0,3.714425,3.7634,3.6877,3.7634,410.293935
1676466000000.0,3.7207999999999997,3.7518,3.6854,3.7083500000000003,939.015037
1676462400000.0,3.6561749999999997,3.7791,3.5528,3.723,1493.593286
1676458800000.0,3.5416,3.6464,3.5197,3.6464,96.324906
1676455200000.0,3.5153000000000003,3.5417,3.4961,3.5417,78.080955
1676451600000.0,3.46905,3.51335,3.4344,3.51335,20.399011
1676448000000.0,3.466375,3.4844,3.4471,3.47285,78.560463
1676444400000.0,3.489675,3.5038,3.467,3.467,95.418811
1676440800000.0,3.527225,3.5648,3.4872,3.4872,94.237021
1676437200000.0,3.5418000000000003,3.5648,3.5064,3.5274,87.745925
1676433600000.0,3.4915,3.548,3.4431,3.548,458.13387
1676430000000.0,3.442375,3.49585,3.4221,3.49585,74.879262
1676426400000.0,3.446975,3.4722,3.4264,3.4434500000000003,35.758042
1676422800000.0,3.488125,3.514,3.44465,3.44465,68.030127
1676419200000.0,3.4987,3.514,3.4734,3.48845,1.330673
1676415600000.0,3.48805,3.5083,3.472,3.5037,354.824376
1676412000000.0,3.4890499999999998,3.5303,3.4616,3.48595,83.867854
1676408400000.0,3.48905,3.5064,3.4733,3.48215,54.799584
1676404800000.0,3.46665,3.5057,3.4351,3.48825,88.421102
1676401200000.0,3.44785,3.4663,3.4237,3.4629,63.149342
1676397600000.0,3.4608499999999998,3.4773,3.4477,3.4507,391.234827
1676394000000.0,3.4467,3.4623,3.4362,3.4592,8.208823
1676390400000.0,3.460475,3.5096,3.4293,3.44415,171.108993
1676386800000.0,3.46945,3.5837,3.3965,3.4515000000000002,1814.876576
1676383200000.0,3.40295,3.4488000000000003,3.3293,3.4488000000000003,241.7963
1676379600000.0,3.3747499999999997,3.42585,3.3286,3.42585,400.619905
1676376000000.0,3.326025,3.3747499999999997,3.3232,3.3747499999999997,0.083613
1676372400000.0,3.3316749999999997,3.353,3.3165,3.32615,21.909485
1676368800000.0,3.3234250000000003,3.3628,3.2908,3.3286,213.788076
1676365200000.0,3.2846,3.32005,3.2596,3.32005,24.32493
1676361600000.0,3.2752999999999997,3.2861000000000002,3.2656,3.2861000000000002,0.296398
1676358000000.0,3.267325,3.285,3.2281,3.2753,77.144833
1676354400000.0,3.2591,3.2781000000000002,3.247,3.2781000000000002,0.828104
1676350800000.0,3.258175,3.2811,3.2416,3.2591,1.29035
1676347200000.0,3.24775,3.2896,3.2192,3.255,21.935566
1676343600000.0,3.2433750000000003,3.2744,3.2192,3.2411,24.191569
1676340000000.0,3.2760999999999996,3.3027,3.23995,3.23995,27.060117
1676336400000.0,3.2916,3.3132,3.27105,3.27105,65.132121
1676332800000.0,3.2857499999999997,3.3205,3.263,3.28895,113.381785
1676329200000.0,3.2540000000000004,3.289,3.232,3.27975,35.942608
1676325600000.0,3.2245500000000002,3.2475,3.2159,3.2475,20.834858
1676322000000.0,3.214875,3.2239500000000003,3.2016,3.2239500000000003,0.88413
1676318400000.0,3.1938000000000004,3.221,3.1614,3.21845,28.30264
1676314800000.0,3.1786,3.1964,3.1532,3.1964,83.914598
1676311200000.0,3.1634750000000005,3.2031,3.1286,3.1827,66.343427
1676307600000.0,3.144175,3.1716,3.1049,3.1611000000000002,47.19844
1676304000000.0,3.1681,3.1989,3.1352,3.1501,41.332502
1676300400000.0,3.17195,3.2063,3.1574,3.16915,678.225861
1676296800000.0,3.1382250000000003,3.16205,3.1185,3.16205,0.506629
1676293200000.0,3.1399999999999997,3.1626,3.1152,3.1385,86.979076
1676289600000.0,3.14335,3.1736,3.1186,3.1411,62.26303
1676286000000.0,3.118975,3.1459,3.1047,3.1406,69.087974
1676282400000.0,3.0930999999999997,3.1233,3.0712,3.11265,28.285996
1676278800000.0,3.116275,3.1922,3.045,3.08895,124.262002
1676275200000.0,3.247175,3.3395,3.11395,3.11395,171.839092
1676271600000.0,3.312425,3.3395,3.2481,3.2481,164.13341
1676268000000.0,3.297175,3.31605,3.2857,3.31605,3.210584
1676264400000.0,3.3038,3.3171,3.2915,3.2963,121.088399
1676260800000.0,3.3200499999999997,3.3404,3.2967,3.3033,5.475435
1676257200000.0,3.322225,3.3536,3.2964,3.3215500000000002,322.440776
1676253600000.0,3.2975499999999998,3.3232,3.267,3.31945,913.984371
1676250000000.0,3.37035,3.4431,3.2976,3.3,299.056543
1676246400000.0,3.403225,3.4684,3.3507,3.37035,864.985385
1676242800000.0,3.38485,3.4256,3.3375,3.3968999999999996,1889.74041
1676239200000.0,3.4133750000000003,3.4323,3.3801,3.38815,152.874438
1676235600000.0,3.4788,3.5429,3.4139,3.4205500000000004,298.553536
1676232000000.0,3.554425,3.5997,3.4792,3.4792,186.871997
1676228400000.0,3.5097500000000004,3.5837,3.4485,3.5473,426.298666
1676224800000.0,3.455275,3.5064,3.4125,3.5034,812.698685
1676221200000.0,3.4184,3.5075,3.353,3.4511,1777.186277
1676217600000.0,3.3508750000000003,3.40655,3.3237,3.40655,231.863639
1676214000000.0,3.3444,3.3768,3.3287,3.35305,1.360711
1676210400000.0,3.3542250000000005,3.3968,3.332,3.33605,18.265098
1676206800000.0,3.3743,3.4289,3.34405,3.34405,1.327298
1676203200000.0,3.3435500000000005,3.4289,3.2946,3.3561,75.907764
1676199600000.0,3.30365,3.3302,3.2596,3.3253500000000003,0.386203
1676196000000.0,3.31255,3.3302,3.2596,3.3124000000000002,1.922494
1676192400000.0,3.31255,3.3302,3.2596,3.3302,0.730173
1676188800000.0,3.305175,3.3302,3.2596,3.3302,1.613538
1676185200000.0,3.2880999999999996,3.3154500000000002,3.2647,3.3154500000000002,156.469457
1676181600000.0,3.2661749999999996,3.28835,3.2549,3.28835,0.724923
1676178000000.0,3.2489250000000003,3.2668,3.237,3.26545,1.676899
1676174400000.0,3.276825,3.317,3.2363,3.24595,623.45788
1676170800000.0,3.316675,3.3302,3.277,3.277,20.779641
1676167200000.0,3.311025,3.3293,3.2802,3.31595,450.749519
1676163600000.0,3.312075,3.3228,3.2976,3.3173000000000004,6.154979
1676160000000.0,3.3541,3.4,3.3082,3.31395,219.563379
1676156400000.0,3.349825,3.4035,3.2979,3.3541,600.693037
1676152800000.0,3.2891749999999997,3.34895,3.263,3.34895,0.659901
1676149200000.0,3.263,3.2979,3.2281,3.2979,1.055107
1676145600000.0,3.2290249999999996,3.263,3.2281,3.263,1.002536
1676142000000.0,3.2322499999999996,3.2979,3.2015,3.2281,30.075097
1676138400000.0,3.2213,3.2661,3.1968,3.2148,102.097552
1676134800000.0,3.20695,3.2344,3.1863,3.21115,161.805744
1676131200000.0,3.20305,3.23,3.1659,3.20355,234.118577
1676127600000.0,3.2479999999999998,3.2979,3.20815,3.20815,734.859841
1676124000000.0,3.2385,3.2559,3.2078,3.24295,35.372041
1676120400000.0,3.2070749999999997,3.2451499999999998,3.1753,3.2451499999999998,20.959858
1676116800000.0,3.1932,3.3044,3.1421,3.2093,396.926994
1676113200000.0,3.1358,3.16315,3.1248,3.16315,0.342681
1676109600000.0,3.141025,3.1591,3.119,3.1365,20.937248
1676106000000.0,3.1595,3.1733,3.1386,3.143,3.51736
1676102400000.0,3.1504499999999998,3.1721,3.1236,3.16305,26.265491
1676098800000.0,3.1224499999999997,3.15305,3.0895,3.15305,77.925792
1676095200000.0,3.12365,3.1311,3.1138,3.12685,0.411335
1676091600000.0,3.130875,3.1534,3.1195,3.12485,33.273169
1676088000000.0,3.15535,3.1912,3.1195,3.1253,42.231407
1676084400000.0,3.183375,3.2073,3.15535,3.15535,36.364978
1676080800000.0,3.17045,3.2031,3.1456,3.17935,45.92301
1676077200000.0,3.147525,3.2081,3.1082,3.16655,1099.173877
1676073600000.0,3.13095,3.1721,3.1082,3.1369,2.119462
1676070000000.0,3.14055,3.161,3.1049,3.12175,6.475576
1676066400000.0,3.1369000000000002,3.161,3.1049,3.1481500000000002,31.472769
1676062800000.0,3.1323250000000002,3.1633,3.1049,3.14085,58.43317
1676059200000.0,3.15555,3.1749,3.13055,3.13055,193.522057
1676055600000.0,3.15815,3.1827,3.1387,3.15605,43.448426
1676052000000.0,3.1298000000000004,3.1555999999999997,3.114,3.1555999999999997,26.515615
1676048400000.0,3.093275,3.1268000000000002,3.0532,3.1268000000000002,47.025925
1676044800000.0,3.1083499999999997,3.162,3.0901,3.10265,298.332533
1676041200000.0,3.106775,3.1414,3.072,3.09065,428.224736
1676037600000.0,3.1186,3.142,3.0748,3.10685,52.870745
1676034000000.0,3.07545,3.1366,3.0156,3.1288,557.49269
1676030400000.0,3.021025,3.0747999999999998,3.0,3.0747999999999998,43.609845
1676026800000.0,3.052175,3.1056,3.0,3.0078,619.686803
1676023200000.0,3.13305,3.1744,3.0515499999999998,3.0515499999999998,122.26597
1676019600000.0,3.2143249999999997,3.263,3.136,3.136,44.696467
1676016000000.0,3.2406249999999996,3.2661,3.2015,3.2127,25.767194
1676012400000.0,3.2108499999999998,3.2474499999999997,3.1808,3.2474499999999997,152.72397
1676008800000.0,3.17565,3.2121,3.15,3.2121,50059.034033
1676005200000.0,3.233925,3.3119,3.1659,3.17585,95.936448
1676001600000.0,3.2775,3.3066,3.22895,3.22895,349.608901
1675998000000.0,3.3165,3.3701,3.2628,3.2775,44.997668
1675994400000.0,3.353975,3.3994,3.31655,3.31655,58.970533
1675990800000.0,3.33915,3.375,3.3232,3.34665,30.520889
1675987200000.0,3.331375,3.4035,3.2934,3.3292,207.252776
1675983600000.0,3.2688750000000004,3.3143000000000002,3.2344,3.3143000000000002,791.187228
1675980000000.0,3.3043749999999994,3.4623,3.191,3.2639,318.674833
1675976400000.0,3.3435750000000004,3.381,3.2821,3.2821,179.064724
1675972800000.0,3.3434999999999997,3.4035,3.2885,3.3509,267.708657
1675969200000.0,3.3379,3.4224,3.1968,3.341,3796.375125
1675965600000.0,3.43475,3.5076,3.3662,3.3662,511.528991
1675962000000.0,3.4114999999999998,3.4532,3.3881,3.41345,45.839121
1675958400000.0,3.496375,3.6155,3.3698,3.40235,1030.308735
1675954800000.0,3.659325,3.7294,3.5000999999999998,3.5000999999999998,281.81439
1675951200000.0,3.708575,3.7425,3.6576500000000003,3.6576500000000003,109.843088
1675947600000.0,3.6407499999999997,3.7060500000000003,3.5766,3.7060500000000003,65.284458
1675944000000.0,3.5665750000000003,3.6448,3.5188,3.6448,43.332207
1675940400000.0,3.571175,3.5997,3.5234,3.57735,40.981001
1675936800000.0,3.58525,3.5997,3.5579,3.5808,18.734626
1675933200000.0,3.603975,3.6288,3.5746,3.5917,19.399894
1675929600000.0,3.61805,3.6382,3.5997,3.60625,2888.685146
1675926000000.0,3.6193,3.6349,3.6019,3.61715,0.841157
1675922400000.0,3.623,3.6349,3.6078,3.6202,261.804246
1675918800000.0,3.585975,3.62465,3.5527,3.62465,97.292383
1675915200000.0,3.5284999999999997,3.58355,3.4825,3.58355,162.380094
1675911600000.0,3.5504000000000002,3.6278,3.432,3.53335,1707.35978
1675908000000.0,3.6988000000000003,3.7698,3.5709,3.5709,346.266962
1675904400000.0,3.779875,3.8075,3.6988000000000003,3.6988000000000003,275.062426
1675900800000.0,3.7473,3.7744,3.7074,3.7711,3.42363
1675897200000.0,3.731575,3.7601,3.709,3.7537000000000003,36.315239
1675893600000.0,3.734525,3.7744,3.699,3.7286,0.830478
1675890000000.0,3.71765,3.7425,3.6912,3.7323500000000003,529.883395
1675886400000.0,3.694475,3.71845,3.6632,3.71845,102.622405
1675882800000.0,3.7071,3.7257,3.6984500000000002,3.6984500000000002,321.63404
1675879200000.0,3.7335499999999997,3.8,3.6809,3.702,698.312821
1675875600000.0,3.779525,3.8813,3.72665,3.72665,1295.860961
1675872000000.0,3.766675,3.8269,3.6704,3.74715,4086.287265
1675868400000.0,3.869225,3.9164,3.7847,3.7847,968.083646
1675864800000.0,3.93185,3.952,3.8706500000000004,3.8706500000000004,132.086565
1675861200000.0,3.96315,3.9932,3.9322,3.9322,91.104649
1675857600000.0,4.014325,4.0607,3.9609500000000004,3.9609500000000004,74.547496
1675854000000.0,4.04375,4.0763,4.013,4.013,0.708102
1675850400000.0,4.041925,4.0642,4.0223,4.0382,16.998349
1675846800000.0,4.0687,4.0816,4.0406,4.0406,101.488497
1675843200000.0,4.110850000000001,4.1641,4.048,4.06715,310.853708
1675839600000.0,4.17185,4.2063,4.1156500000000005,4.1156500000000005,174.853719
1675836000000.0,4.20575,4.2585,4.163,4.163,353.225242
1675832400000.0,4.21605,4.2483,4.1916,4.1972000000000005,344.865855
1675828800000.0,4.181100000000001,4.21215,4.1622,4.21215,309.619178
1675825200000.0,4.14865,4.181100000000001,4.1328,4.181100000000001,264.488699
1675821600000.0,4.268700000000001,4.4,4.1374,4.149800000000001,490.504713
1675818000000.0,4.283200000000001,4.4,4.1664,4.268700000000001,5840.237607
1675814400000.0,4.214300000000001,4.4,4.1454,4.283200000000001,3801.821286
1675810800000.0,4.155225,4.1801,4.1454,4.155900000000001,450.326284
1675807200000.0,4.10775,4.15,4.0556,4.1477,54.325357
1675803600000.0,4.1365,4.1976,4.0754,4.1127,137.029004
1675800000000.0,4.197625,4.226,4.1365,4.1365,855.142515
1675796400000.0,4.184375,4.2412,4.1397,4.20725,427.292942
1675792800000.0,4.1617750000000004,4.3688,4.0283,4.1783,4079.998573
1675789200000.0,4.009975,4.125,3.8897,4.125,2796.962922
1675785600000.0,3.9244749999999997,4.0153,3.895,4.0153,1385.772069
1675782000000.0,3.960725,4.0053,3.9272,3.92725,1825.368694
1675778400000.0,4.007025,4.0573,3.9552,3.9552,234.322932
1675774800000.0,4.047525,4.1391,3.9999,4.0004,806.838166
1675771200000.0,3.993325,4.032,3.9574,4.025550000000001,1630.936451
1675767600000.0,3.996275,4.0481,3.9539,3.99195,114.43259
1675764000000.0,3.993525,4.0838,3.9239,3.9915499999999997,980.635067
1675760400000.0,3.956025,4.0718,3.904,3.9832,409.790801
1675756800000.0,3.864225,3.92415,3.7888,3.92415,247.920798
1675753200000.0,3.9670000000000005,4.1245,3.8517,3.87965,658.324845
1675749600000.0,3.93005,4.0838,3.7888,3.9459,2789.621782
1675746000000.0,3.6881000000000004,3.9238,3.5687,3.9238,479.050828
1675742400000.0,3.554825,3.6881000000000004,3.5347,3.6881000000000004,14.833488
1675738800000.0,3.5323499999999997,3.5517000000000003,3.516,3.5517000000000003,300.65865
1675735200000.0,3.4864499999999996,3.5317,3.4333,3.5317,7.564956
1675731600000.0,3.4582,3.4916,3.4155,3.4916,681.82427
1675728000000.0,3.4896749999999996,3.521,3.4663,3.4663,29.479107
1675724400000.0,3.481075,3.5293,3.4358,3.4798,159.767799
1675720800000.0,3.49905,3.55,3.4777,3.4796,1.973776
1675717200000.0,3.5221,3.5638,3.4777,3.4842500000000003,534.411964
1675713600000.0,3.5564999999999998,3.5679,3.52345,3.52345,2.29846
1675710000000.0,3.570475,3.5997,3.543,3.55535,1055.911447
1675706400000.0,3.60045,3.6233,3.5696000000000003,3.5696000000000003,4.131068
1675702800000.0,3.620225,3.6435,3.5846,3.59695,188.611457
1675699200000.0,3.65,3.6869,3.6157,3.6264000000000003,214.494157
1675695600000.0,3.622575,3.6572,3.5571,3.6487,723.124778
1675692000000.0,3.59805,3.6766,3.5318,3.638,731.997862
1675688400000.0,3.585675,3.6233,3.5568,3.5919,2048.514481
1675684800000.0,3.5934,3.6198,3.5689,3.5813,57.273164
1675681200000.0,3.5680000000000005,3.5924500000000004,3.5369,3.5924500000000004,240.731512
1675677600000.0,3.57935,3.6022,3.5534,3.5753500000000003,61.138702
1675674000000.0,3.6131,3.6311,3.5808999999999997,3.5808999999999997,64.120097
1675670400000.0,3.6558,3.6838,3.6131,3.6131,1.879859
1675666800000.0,3.6523000000000003,3.695,3.6056,3.65415,64.271642
1675663200000.0,3.6288250000000004,3.6552,3.5891,3.6543,54.404653
1675659600000.0,3.622175,3.6462,3.5742,3.6355000000000004,181.914393
1675656000000.0,3.60145,3.63415,3.5742,3.63415,2.84125
1675652400000.0,3.570375,3.6127,3.5473,3.60145,26.161526
1675648800000.0,3.5797999999999996,3.6137,3.5445,3.5607499999999996,417.142747
1675645200000.0,3.642625,3.6873,3.5805,3.5805,239.433739
1675641600000.0,3.6528750000000003,3.7305,3.612,3.63535,319.359397
1675638000000.0,3.616225,3.6345,3.5951,3.6345,1.835642
1675634400000.0,3.596425,3.6445,3.5534,3.62045,346.052846
1675630800000.0,3.5777249999999996,3.6003,3.5589,3.5938999999999997,169.541804
1675627200000.0,3.59285,3.6022,3.5742,3.57585,325.339054
1675623600000.0,3.5688499999999994,3.6022,3.5355,3.5975,49.179615
1675620000000.0,3.54345,3.5713,3.5335,3.56885,873.034222
1675616400000.0,3.5496,3.5812,3.5284,3.5345,150.435835
1675612800000.0,3.5875500000000002,3.6233,3.5444,3.5444,256.224933
1675609200000.0,3.64985,3.6872,3.58845,3.58845,1156.269042
1675605600000.0,3.75725,3.8692,3.6034,3.6544,121.762218
1675602000000.0,3.839,3.9149,3.657,3.7782,275.930732
1675598400000.0,3.9149249999999998,3.915,3.8920500000000002,3.8920500000000002,0.770202
1675594800000.0,3.9313,3.9663,3.9149,3.9149,0.688635
1675591200000.0,3.9255249999999995,3.9432,3.9149,3.9219999999999997,0.209866
1675587600000.0,3.9307,3.9767,3.9149,3.9219999999999997,1.092042
1675584000000.0,3.93115,3.9502,3.9149,3.9156,117.351405
1675580400000.0,3.9059999999999997,3.9432,3.8688,3.9297500000000003,131.698045
1675576800000.0,3.8788249999999995,3.9059999999999997,3.8577,3.9059999999999997,12.894212
1675573200000.0,3.8686,3.8944,3.8334,3.8815999999999997,86.957581
1675569600000.0,3.8666,3.8836,3.8522,3.8733,98.390718
1675566000000.0,3.889875,3.9146,3.8653,3.8653,5.485405
1675562400000.0,3.9096749999999996,3.9547,3.8832500000000003,3.8832500000000003,460.422346
1675558800000.0,3.9215,3.9547,3.8688,3.89795,3107.331717
1675555200000.0,3.936625,4.0316,3.8801,3.93125,981.08564
1675551600000.0,4.003275,4.1357,3.8616,3.9173999999999998,530.232901
1675548000000.0,4.086625,4.19,3.9962,4.0079,360.016096
1675544400000.0,4.0238,4.08015,3.9962,4.08015,0.414426
1675540800000.0,4.019525,4.0594,3.9962,4.02545,15.170792
1675537200000.0,4.0120000000000005,4.0594,3.9962,4.01125,6.878868
1675533600000.0,4.0120000000000005,4.0594,3.9962,3.9962,12.282628
1675530000000.0,3.9775,4.0316,3.9377,3.9962,137.082169
1675526400000.0,3.9701250000000003,4.0021,3.9336,3.97035,101.199888
1675522800000.0,4.0360000000000005,4.0738,3.9724000000000004,3.9724000000000004,222.600007
1675519200000.0,4.09895,4.1544,4.037050000000001,4.037050000000001,315.395152
1675515600000.0,4.14325,4.1915,4.0973500000000005,4.0973500000000005,1184.643291
1675512000000.0,4.143725,4.1915,4.0965,4.13705,400.912893
1675508400000.0,4.118775,4.2282,4.0566,4.14345,2948.860164
1675504800000.0,3.953225,4.1642,3.7921,4.09515,2503.82511
1675501200000.0,3.7441750000000003,3.9283,3.6802,3.9283,214.588562
1675497600000.0,3.71185,3.7425,3.6807,3.74085,89.862602
1675494000000.0,3.721325,3.7496,3.6556,3.7121000000000004,173.357423
1675490400000.0,3.7262500000000003,3.74005,3.6934,3.74005,45.181381
1675486800000.0,3.7067,3.7389,3.6759,3.73635,139.542509
1675483200000.0,3.6488499999999995,3.706,3.6208,3.706,171.958663
1675479600000.0,3.6270499999999997,3.64885,3.6191,3.64885,558.405869
1675476000000.0,3.6278499999999996,3.6416,3.6102,3.6212,852.583888
1675472400000.0,3.653025,3.6729,3.6298,3.6298,65.821841
1675468800000.0,3.707375,3.7519,3.6513,3.6513,204.2271
1675465200000.0,3.7415000000000003,3.7575,3.7065,3.7065,215.914216
1675461600000.0,3.740975,3.7646,3.7224,3.74545,27.736755
1675458000000.0,3.7567749999999998,3.7874,3.7293,3.7384500000000003,1087.259914
1675454400000.0,3.7642249999999997,3.7905,3.7265,3.7552,531.281171
1675450800000.0,3.747875,3.7699499999999997,3.7256,3.7699499999999997,45.114803
1675447200000.0,3.7486499999999996,3.7674,3.7267,3.74945,229.333348
1675443600000.0,3.7883,3.8248,3.75025,3.75025,51.923294
1675440000000.0,3.8390500000000003,3.8877,3.78145,3.78145,944.255336
1675436400000.0,3.8603750000000003,3.9936,3.7526,3.8381,1456.395188
1675432800000.0,3.7651250000000003,3.84765,3.6629,3.84765,1434.776383
1675429200000.0,3.7062,3.79055,3.6006,3.79055,417.962632
1675425600000.0,3.64255,3.7249,3.5905,3.7249,93.866088
1675422000000.0,3.6164,3.64485,3.5962,3.64485,7.847258
1675418400000.0,3.628025,3.6507,3.6062,3.6158,201.456252
1675414800000.0,3.64925,3.6778,3.6276,3.6276,132.873571
1675411200000.0,3.673725,3.7052,3.64555,3.64555,52.303822
1675407600000.0,3.6724,3.7,3.637,3.66335,62.841279
1675404000000.0,3.702775,3.7296,3.6704,3.6763,1218.732846
1675400400000.0,3.7374,3.7641,3.7055499999999997,3.7055499999999997,138.539791
1675396800000.0,3.718925,3.7905,3.6556,3.7397,3084.920862
1675393200000.0,3.7112,3.7631,3.6704,3.7148000000000003,419.586734
1675389600000.0,3.78855,3.8692,3.7056500000000003,3.7056500000000003,317.237369
1675386000000.0,3.801325,3.8988,3.7315,3.78945,705.0491
1675382400000.0,3.7028749999999997,3.8165,3.63,3.7874999999999996,2614.515217
1675378800000.0,3.652075,3.6825,3.6281,3.6825,825.85698
1675375200000.0,3.60485,3.6751,3.5346,3.6525499999999997,295.996652
1675371600000.0,3.626475,3.7319,3.5346,3.60485,1369.937063
1675368000000.0,3.6769,3.7048,3.6197,3.6197,500.610648
1675364400000.0,3.6683,3.7044,3.6144,3.6774,2940.338798
1675360800000.0,3.71325,3.7531,3.6772,3.6772,210.023684
1675357200000.0,3.6797750000000002,3.7289,3.6377,3.7096,141.742638
1675353600000.0,3.6616500000000003,3.7103,3.6157,3.67625,577.536505
1675350000000.0,3.6850000000000005,3.7264,3.6307,3.6603000000000003,644.611814
1675346400000.0,3.73975,3.8165,3.69145,3.69145,931.574279
1675342800000.0,3.7815,3.8216,3.7212500000000004,3.7212500000000004,453.436493
1675339200000.0,3.8057,3.8304,3.78205,3.78205,1130.305948
1675335600000.0,3.78285,3.8047,3.7717,3.8047,43.436596
1675332000000.0,3.7573499999999997,3.77975,3.7342,3.77975,316.509266
1675328400000.0,3.75995,3.7796,3.7315,3.76165,118.58525
1675324800000.0,3.7988999999999997,3.8302,3.76435,3.76435,77.555953
1675321200000.0,3.8339499999999997,3.9039,3.7946,3.7946,270.448086
1675317600000.0,3.8082249999999997,3.8441,3.7506,3.81595,183.302431
1675314000000.0,3.8105,3.8555,3.7772,3.8190999999999997,29.6614
1675310400000.0,3.7737249999999998,3.8061,3.7,3.80465,1765.870182
1675306800000.0,3.7909,3.8307,3.7675,3.7944,412.715166
1675303200000.0,3.82175,3.878,3.7667,3.7827,1435.193407
1675299600000.0,3.9084250000000003,3.9688,3.8211500000000003,3.8211500000000003,655.909099
1675296000000.0,3.9097750000000002,3.9516,3.8726,3.90265,203.333492
1675292400000.0,3.897,3.938,3.8828,3.90745,471.542447
1675288800000.0,3.9581500000000003,4.15,3.8695,3.8836,928.512914
1675285200000.0,3.7960000000000003,4.0,3.5792,3.90655,1566.563592
1675281600000.0,3.747075,3.8357,3.6424,3.8024,3771.144236
1675278000000.0,3.53755,3.8851,3.2147,3.7551,2778.884291
1675274400000.0,3.2132750000000003,3.5252,3.1842,3.5252,315.16121
1675270800000.0,3.213725,3.2406,3.1887,3.2155500000000004,244.086996
1675267200000.0,3.2170750000000004,3.2407,3.2092,3.2128,76.949234
1675263600000.0,3.2434999999999996,3.2898,3.2091,3.2092,137.479953
1675260000000.0,3.264525,3.2659,3.2375499999999997,3.2375499999999997,2.710378
1675256400000.0,3.256075,3.3171,3.1545,3.2659,517.210532
1675252800000.0,3.339875,3.3957,3.27635,3.27635,1167.891277
1675249200000.0,3.366175,3.3957,3.3366,3.34125,2.396036
1675245600000.0,3.3366499999999997,3.3662,3.3366,3.3662,29.447362
1675242000000.0,3.326025,3.3858,3.285,3.3366499999999997,566.389965
1675238400000.0,3.302475,3.3431,3.285,3.31665,2.222739
1675234800000.0,3.2978750000000003,3.3107,3.285,3.2908999999999997,24.278446
1675231200000.0,3.3154500000000002,3.3296,3.2979000000000003,3.2979000000000003,1.693483
1675227600000.0,3.3321750000000003,3.3536,3.3107,3.31075,12.322986
1675224000000.0,3.3350250000000004,3.4222,3.1842,3.3322000000000003,2133.491908
1675220400000.0,3.273675,3.4,3.1548,3.3668500000000003,1700.654679
1675216800000.0,3.1493,3.26995,3.1082,3.26995,93.251877
1675213200000.0,3.143875,3.1894,3.0863,3.1622000000000003,1649.521719
1675209600000.0,3.1289499999999997,3.1653,3.05,3.1499,448.318677
1675206000000.0,3.16835,3.2439,3.1232,3.1502499999999998,232.499827
1675202400000.0,3.1119000000000003,3.15315,3.0828,3.15315,35.526934
1675198800000.0,3.107875,3.1464,3.0626,3.1119000000000003,198.830636
1675195200000.0,3.1401250000000003,3.1935,3.0972,3.11125,476.313837
1675191600000.0,3.1361999999999997,3.1915,3.0863,3.1349,305.607549
1675188000000.0,3.1133,3.141,3.083,3.1334999999999997,200.095741
1675184400000.0,3.064875,3.1146,3.0313,3.1146,191.100463
1675180800000.0,3.06665,3.24,2.9915,3.0679499999999997,6255.700347
1675177200000.0,2.9292499999999997,3.0486,2.8325,3.01755,2426.468071
1675173600000.0,2.8256,2.91795,2.7812,2.91795,627.67656
1675170000000.0,2.759825,2.8128,2.7225,2.8128,2565.628689
1675166400000.0,2.74995,2.7675,2.7363,2.7675,0.424456
1675162800000.0,2.7306,2.7509,2.7125,2.75015,62.763488
1675159200000.0,2.717275,2.7449,2.703,2.7295,87.471278
1675155600000.0,2.721225,2.7387,2.7087,2.7106,13.259497
1675152000000.0,2.7521,2.7777,2.71875,2.71875,89.026132
1675148400000.0,2.768675,2.7911,2.7455,2.75325,70.581688
1675144800000.0,2.7444,2.7724,2.7224,2.76905,69.093766
1675141200000.0,2.75455,2.7867,2.7224,2.7414,112.996834
1675137600000.0,2.8028750000000002,2.8266,2.75455,2.75455,36.872866
1675134000000.0,2.8185499999999997,2.8326,2.80085,2.80085,51.366879
1675130400000.0,2.8660499999999995,2.9095,2.81945,2.81945,149.879012
1675126800000.0,2.875575,2.9509,2.8103,2.8667,277.04717
1675123200000.0,2.81555,2.8705499999999997,2.7736,2.8705499999999997,1245.648895
1675119600000.0,2.8294,2.8443,2.8088,2.8259,393.687027
1675116000000.0,2.8428000000000004,2.9053,2.8,2.83225,230.220045
1675112400000.0,2.809175,2.8362,2.7887,2.8329500000000003,72.031677
1675108800000.0,2.79865,2.8484,2.7616,2.8059000000000003,140.584066
1675105200000.0,2.88185,2.9693,2.7923,2.7923,710.574101
1675101600000.0,2.936725,2.9749,2.88185,2.88185,603.510755
1675098000000.0,2.92955,2.9801,2.8996,2.93755,692.177014
1675094400000.0,2.886725,2.994,2.8101,2.91925,1197.388846
1675090800000.0,2.8240499999999997,2.8996,2.767,2.8714,412.820053
1675087200000.0,2.7674250000000002,2.8602,2.695,2.8148,1606.21281
1675083600000.0,2.709725,2.75725,2.695,2.75725,144.853551
1675080000000.0,2.724375,2.776,2.6812,2.6965,428.115987
1675076400000.0,2.76825,2.8431,2.7201500000000003,2.7201500000000003,2501.817825
1675072800000.0,2.6815749999999996,2.8,2.5796,2.74535,11930.512942
1675069200000.0,2.572725,2.67335,2.5005,2.67335,878.245165
1675065600000.0,2.534775,2.5715500000000002,2.5201,2.5715500000000002,109.400038
1675062000000.0,2.53825,2.5546,2.5144,2.5370999999999997,98.207472
1675058400000.0,2.56155,2.5806,2.542,2.542,528.958579
1675054800000.0,2.564775,2.5779,2.5409,2.5585,123.711204
1675051200000.0,2.595925,2.6572,2.5694,2.57015,499.284218
1675047600000.0,2.539475,2.5847,2.497,2.57855,358.672609
1675044000000.0,2.51,2.5381,2.482,2.5381,479.414118
1675040400000.0,2.5420249999999998,2.5717,2.5134999999999996,2.5134999999999996,108.109384
1675036800000.0,2.543975,2.5631,2.5322,2.5392,286.706326
1675033200000.0,2.5454,2.5755,2.5258,2.5403000000000002,48.426964
1675029600000.0,2.5633999999999997,2.5808,2.5401499999999997,2.5401499999999997,4.918577
1675026000000.0,2.5561249999999998,2.5783,2.533,2.5629999999999997,244.896962
1675022400000.0,2.545025,2.5566,2.5353,2.5566,206.072344
1675018800000.0,2.5495,2.56,2.5398,2.5443,251.187265
1675015200000.0,2.54235,2.5544,2.5201,2.5491,179.729896
1675011600000.0,2.5286,2.5536,2.5054,2.54745,327.53476
1675008000000.0,2.505425,2.5277,2.5054,2.5277,1.474261
1675004400000.0,2.4945749999999998,2.5055,2.4619,2.5054,50.308389
1675000800000.0,2.498225,2.525,2.4619,2.5054499999999997,75.207004
1674997200000.0,2.506625,2.525,2.5005,2.503,5.388321
1674993600000.0,2.5099500000000003,2.525,2.5005,2.5005,59.320274
1674990000000.0,2.514525,2.525,2.4943,2.50715,0.809146
1674986400000.0,2.5031,2.525,2.4812,2.5194,0.70408
1674982800000.0,2.5031,2.525,2.4812,2.5031,0.528168
1674979200000.0,2.5140499999999997,2.525,2.4812,2.5031,2.473898
1674975600000.0,2.514775,2.525,2.4884,2.525,341.529209
1674972000000.0,2.522375,2.525,2.5207,2.52285,0.367242
1674968400000.0,2.5221999999999998,2.5266,2.5163,2.5219,37.551754
1674964800000.0,2.5090500000000002,2.52295,2.4953,2.52295,4.98516
1674961200000.0,2.498625,2.5090500000000002,2.4952,2.5090500000000002,326.152236
1674957600000.0,2.515075,2.5392,2.4902,2.49615,283.852828
1674954000000.0,2.5322,2.5579,2.5092,2.51545,915.057307
1674950400000.0,2.5160500000000003,2.5468,2.4948,2.53085,306.845358
1674946800000.0,2.490275,2.5113000000000003,2.4795,2.5113000000000003,169.705681
1674943200000.0,2.4690250000000002,2.5487,2.4177,2.4934000000000003,12.351352
1674939600000.0,2.417725,2.45485,2.4177,2.45485,3.150515
1674936000000.0,2.4232750000000003,2.4954,2.39,2.4177,352.351592
1674932400000.0,2.4422,2.5144,2.35,2.4038500000000003,211.31881
1674928800000.0,2.533525,2.5615,2.4522000000000004,2.4522000000000004,51.873902
1674925200000.0,2.5689,2.5994,2.5291,2.5291,103.901198
1674921600000.0,2.59525,2.6051,2.5662000000000003,2.5662000000000003,34.101124
1674918000000.0,2.5872,2.6092,2.5602,2.59685,174.612624
1674914400000.0,2.58885,2.62,2.5411,2.5897,38.0086
1674910800000.0,2.61335,2.624,2.5951,2.59715,9706.984317
1674907200000.0,2.613225,2.6396,2.5684,2.61715,95.560088
1674903600000.0,2.637975,2.6486,2.6224499999999997,2.6224499999999997,40.853504
1674900000000.0,2.627825,2.6473,2.5951,2.6382,78.32539
1674896400000.0,2.6620999999999997,2.7331,2.6231,2.63445,537.76481
1674892800000.0,2.65735,2.6925,2.6248,2.6460999999999997,295.239299
1674889200000.0,2.6306000000000003,2.6560499999999996,2.5951,2.6560499999999996,102.783943
1674885600000.0,2.628775,2.6622,2.5998,2.63865,82.485201
1674882000000.0,2.6128,2.6276,2.5772,2.62655,84.989398
1674878400000.0,2.6184250000000002,2.6386,2.6037,2.6231999999999998,17.376703
1674874800000.0,2.5898,2.6157000000000004,2.5711,2.6157000000000004,41.909693
1674871200000.0,2.5905750000000003,2.6156,2.5632,2.58745,700.184111
1674867600000.0,2.613675,2.6293,2.59175,2.59175,105.284447
1674864000000.0,2.58915,2.6208,2.5575,2.6166,107.587584
1674860400000.0,2.5949,2.6372,2.5477,2.58915,222.163872
1674856800000.0,2.6109750000000003,2.6473,2.5699,2.59735,91.915838
1674853200000.0,2.613125,2.65,2.5895,2.61335,9616.198288
1674849600000.0,2.646725,2.6925,2.6065,2.6065,348.551049
1674846000000.0,2.6658,2.6972,2.63545,2.63545,164.908447
1674842400000.0,2.6662999999999997,2.6992,2.6474,2.6593,171.491179
1674838800000.0,2.6547,2.6925,2.6312,2.6593,289.459781
1674835200000.0,2.637175,2.6658,2.6176,2.64755,1.878713
1674831600000.0,2.6367249999999998,2.6776,2.6176,2.63265,250.06771
1674828000000.0,2.626625,2.6868,2.5928,2.62585,1205.132611
1674824400000.0,2.60355,2.6925,2.5477,2.6134500000000003,1339.880336
1674820800000.0,2.6003499999999997,2.6572,2.5812,2.5869999999999997,95.373335
1674817200000.0,2.5748499999999996,2.6132,2.5518,2.5815,10374.259603
1674813600000.0,2.555,2.5671999999999997,2.5368,2.5671999999999997,2.103243
1674810000000.0,2.58485,2.6132,2.5477,2.5589500000000003,5.213843
1674806400000.0,2.617,2.6473,2.5602,2.58925,23.916709
1674802800000.0,2.6212,2.6473,2.5951,2.63025,98.092713
1674799200000.0,2.63155,2.6702,2.5951,2.6212,97.460157
1674795600000.0,2.65315,2.6658,2.6152,2.6304499999999997,1885.330686
1674792000000.0,2.714075,2.8021,2.6419,2.6658,946.588206
1674788400000.0,2.727975,2.8,2.6619,2.70615,659.103506
1674784800000.0,2.658175,2.7551,2.5609,2.725,1272.504932
1674781200000.0,2.5992,2.65835,2.536,2.65835,10737.443016
1674777600000.0,2.62015,2.6771,2.5897,2.6185,1176.366082
1674774000000.0,2.581,2.6122,2.5609,2.6069,287.419325
1674770400000.0,2.5779500000000004,2.6132,2.5609,2.57545,10.4925
1674766800000.0,2.61775,2.6693,2.5665,2.5688500000000003,987.247755
1674763200000.0,2.642575,2.6732,2.5951,2.6176,855.211357
1674759600000.0,2.6671,2.7083,2.6082,2.651,1127.967941
1674756000000.0,2.65435,2.7267,2.5912,2.6759500000000003,9392.170048
1674752400000.0,2.547825,2.64975,2.4764,2.64975,648.716096
1674748800000.0,2.5275,2.6658,2.4353,2.5338000000000003,1025.795622
1674745200000.0,2.557325,2.8,2.4108,2.5044500000000003,5587.679307
1674741600000.0,2.50215,2.5354,2.4518,2.50925,657.990744
1674738000000.0,2.560225,2.6132,2.5051,2.5107,1508.584431
1674734400000.0,2.48635,2.665,2.3343,2.5613,15613.747852
1674730800000.0,2.3196250000000003,2.47305,2.2567,2.47305,651.364462
1674727200000.0,2.2935749999999997,2.321,2.2748,2.321,311.294973
1674723600000.0,2.2975250000000003,2.3148,2.2843,2.29385,225.91521
1674720000000.0,2.273425,2.2955,2.2571,2.2955,440.496011
1674716400000.0,2.2704,2.286,2.2567,2.27495,662.203542
1674712800000.0,2.304375,2.3532,2.2474,2.26945,6242.101389
1674709200000.0,2.3303499999999997,2.3561,2.3084499999999997,2.3084499999999997,599.576213
1674705600000.0,2.335175,2.3604,2.308,2.3266999999999998,756.560383
1674702000000.0,2.3435,2.3887,2.3063,2.33615,594.007147
1674698400000.0,2.3384,2.4344,2.3003,2.3395,1233.219485
1674694800000.0,2.292625,2.3139,2.277,2.30945,382.758637
1674691200000.0,2.261625,2.3141,2.2121,2.2898,565.091351
1674687600000.0,2.2341249999999997,2.2611,2.2172,2.2601500000000003,204.982461
1674684000000.0,2.253975,2.3207,2.2102,2.2291,2210.137809
1674680400000.0,2.246375,2.3506,2.1756,2.2424999999999997,4630.473116
1674676800000.0,2.2067,2.2365,2.1799,2.22965,2108.492131
1674673200000.0,2.2079,2.2275,2.1799,2.2052,715.477675
1674669600000.0,2.224175,2.2567,2.178,2.2121,975.358432
1674666000000.0,2.237825,2.2737,2.2088,2.231,732.685529
1674662400000.0,2.217325,2.2748,2.1603,2.2344,2507.209914
1674658800000.0,2.33915,2.4565,2.2171000000000003,2.2171000000000003,1936.896063
1674655200000.0,2.20165,2.4565,1.9468,2.3393,16438.727172
1674651600000.0,1.940025,2.20165,1.9199,2.20165,183.985608
1674648000000.0,1.908,1.9617,1.8666,1.94195,11032.824264
1674644400000.0,1.8785500000000002,1.90185,1.862,1.90185,0.543293
1674640800000.0,1.8792750000000003,1.8928,1.8645,1.8797000000000001,262.746346
1674637200000.0,1.878225,1.8937,1.8585,1.8799000000000001,14.808733
1674633600000.0,1.9002,1.9076,1.88035,1.88035,216.30392
1674630000000.0,1.90795,1.9172,1.90065,1.90065,175.998835
1674626400000.0,1.886225,1.90605,1.8653,1.90605,59.399324
1674622800000.0,1.865675,1.88755,1.8589,1.88755,48.43631
1674619200000.0,1.8568500000000001,1.8676,1.8489,1.8663,11.349476
1674615600000.0,1.840775,1.8564,1.8289,1.85545,1.451199
1674612000000.0,1.823625,1.8389,1.8151,1.8389,1.993102
1674608400000.0,1.8251249999999999,1.8463,1.7928,1.822,5.416967
1674604800000.0,1.8423500000000002,1.8611,1.8179,1.8307,902.994813
1674601200000.0,1.8436249999999998,1.8537,1.823,1.8452000000000002,13.303665
1674597600000.0,1.8826249999999998,1.9121,1.8489,1.8489,41.169533
1674594000000.0,1.914575,1.9406,1.8772,1.8828999999999998,48.082352
1674590400000.0,1.932375,1.9422,1.9167,1.9202499999999998,48.355374
1674586800000.0,1.9431500000000002,1.9539,1.9331,1.9352999999999998,54.785683
1674583200000.0,1.9503000000000001,2.0142,1.9218,1.9428,711.874171
1674579600000.0,1.921925,1.9325999999999999,1.9027,1.9325999999999999,19.941728
1674576000000.0,1.9359250000000001,1.9465,1.9191,1.9266999999999999,54.239583
1674572400000.0,1.9435749999999998,1.9563,1.925,1.93905,164.449319
1674568800000.0,1.9411749999999999,1.9539,1.9238,1.9465,479.723809
1674565200000.0,1.9657,1.9938,1.9405,1.9434999999999998,255.485508
1674561600000.0,1.9901499999999999,2.0136,1.9642499999999998,1.9642499999999998,182.067231
1674558000000.0,1.9713500000000002,1.9837500000000001,1.9632,1.9837500000000001,48.408134
1674554400000.0,1.9603,1.9713500000000002,1.9525,1.9713500000000002,106.596954
1674550800000.0,1.976,1.9948,1.9577,1.96095,1103.648016
1674547200000.0,1.9893750000000001,1.997,1.9757500000000001,1.9757500000000001,89.969421
1674543600000.0,1.98835,1.992,1.9841,1.98925,1.823325
1674540000000.0,1.98645,1.9958,1.9792,1.98865,47.68225
1674536400000.0,1.9842500000000003,1.9916,1.9769,1.9854,46.234809
1674532800000.0,2.005125,2.0284,1.98425,1.98425,89.839984
1674529200000.0,2.0126,2.02,2.0014000000000003,2.0014000000000003,972.097486
1674525600000.0,2.007025,2.028,1.9951,2.0117000000000003,792.90358
1674522000000.0,1.987575,2.0025,1.9721,2.0025,89.894156
1674518400000.0,1.994925,2.0058,1.982,1.9915500000000002,367.25549
1674514800000.0,2.001175,2.0042,1.99595,1.99595,61.276763
1674511200000.0,2.0029500000000002,2.0104,1.9973,2.0011,0.662638
1674507600000.0,2.000425,2.0058,1.988,2.0020499999999997,45.798407
1674504000000.0,1.9894,2.0039499999999997,1.976,2.0039499999999997,217.891611
1674500400000.0,1.97765,1.9903,1.9623,1.98905,143.075581
1674496800000.0,1.99535,2.0116,1.979,1.979,132.753577
1674493200000.0,1.9959749999999998,2.0058,1.9746,1.9939,1295.77055
1674489600000.0,1.99785,2.0058,1.9919,2.00175,88.386872
1674486000000.0,1.9767,2.0058,1.9525,1.99685,536.895738
1674482400000.0,1.9770999999999999,2.0274,1.9525,1.97425,769.644248
1674478800000.0,2.009175,2.0541,1.9525,1.9642499999999998,501.400933
1674475200000.0,2.0489249999999997,2.0687,2.01505,2.01505,230.082536
1674471600000.0,2.0401749999999996,2.0705,2.0221,2.0500499999999997,602.604292
1674468000000.0,2.0165499999999996,2.0361,2.004,2.0340499999999997,140.993128
1674464400000.0,1.995075,2.01305,1.9815,2.01305,119.31331
1674460800000.0,1.978125,2.0182,1.9525,1.994,523.845767
1674457200000.0,1.9788499999999998,2.0058,1.946,1.9708999999999999,204.117882
1674453600000.0,1.999275,2.0058,1.9817999999999998,1.9817999999999998,103.374787
1674450000000.0,1.9884,2.0001499999999997,1.9705,2.0001499999999997,134.888672
1674446400000.0,1.976575,1.9958,1.9561,1.9943,391.539795
1674442800000.0,1.9671750000000001,1.9969,1.9527,1.9771999999999998,337.088814
1674439200000.0,1.951475,1.9637,1.941,1.9595500000000001,48.774177
1674435600000.0,1.95145,1.9821,1.9383,1.9506000000000001,642.199726
1674432000000.0,1.944,1.9502,1.9331,1.9426999999999999,140.930921
1674428400000.0,1.938675,1.9502,1.9274,1.94635,1054.063647
1674424800000.0,1.92455,1.93855,1.9082,1.93855,8.327305
1674421200000.0,1.9395749999999998,1.9958,1.8976,1.92585,627.396799
1674417600000.0,1.9788500000000002,2.0333,1.9082,1.93245,476.757674
1674414000000.0,2.03065,2.0361,1.9869500000000002,1.9869500000000002,580.678953
1674410400000.0,2.0361249999999997,2.1085,2.0024,2.0322500000000003,12931.73646
1674406800000.0,1.9985,2.0168,1.9853,2.0168,124.762619
1674403200000.0,1.992175,2.0086,1.9721,1.99645,452.549594
1674399600000.0,2.0275749999999997,2.0779,1.9721,1.994,1518.578285
1674396000000.0,2.0543000000000005,2.0773,2.0182,2.03015,1978.157286
1674392400000.0,2.0239,2.0608500000000003,1.982,2.0608500000000003,315.822314
1674388800000.0,2.024825,2.1255,1.9721,2.02735,797.158015
1674385200000.0,2.002375,2.0059,1.9919,2.00085,92.379127
1674381600000.0,1.996375,2.0058499999999997,1.982,2.0058499999999997,54.446029
1674378000000.0,1.974225,2.0,1.9525,1.99885,88.027472
1674374400000.0,1.8961999999999999,1.9722,1.8399,1.9722,85.921367
1674370800000.0,1.8078500000000002,1.8961999999999999,1.7701,1.8961999999999999,440.997584
1674367200000.0,1.7788,1.8107000000000002,1.7675,1.8107000000000002,2300.380849
1674363600000.0,1.77365,1.7823,1.7668,1.7772999999999999,105.469913
1674360000000.0,1.76565,1.7727499999999998,1.7589,1.7727499999999998,58.262259
1674356400000.0,1.7527,1.76565,1.7437,1.76565,101.691622
1674352800000.0,1.7565250000000001,1.7715,1.7405,1.7513,218.016294
1674349200000.0,1.758975,1.7708,1.7431,1.75705,53.874804
1674345600000.0,1.74355,1.7610000000000001,1.7318,1.7610000000000001,153.148316
1674342000000.0,1.7609249999999999,1.7878,1.7337,1.7429999999999999,532.590327
1674338400000.0,1.79465,1.806,1.7610999999999999,1.7610999999999999,84.061987
1674334800000.0,1.78575,1.797,1.7733,1.7924,57.117878
1674331200000.0,1.781025,1.797,1.7757,1.78635,2.698931
1674327600000.0,1.761225,1.7935,1.7265,1.7757,805.699126
1674324000000.0,1.73315,1.76245,1.7154,1.76245,314.543847
1674320400000.0,1.7224,1.7334,1.7098,1.7323,123.520767
1674316800000.0,1.7105000000000001,1.7324,1.6893,1.7232,438.014972
1674313200000.0,1.7018000000000002,1.7195,1.6893,1.71015,315.379582
1674309600000.0,1.70715,1.718,1.6981,1.6992,164.154062
1674306000000.0,1.703975,1.7116,1.6893,1.70625,268.677529
1674302400000.0,1.708325,1.7281,1.6941,1.7075,353.236446
1674298800000.0,1.687925,1.7088,1.6717,1.7055500000000001,317.852711
1674295200000.0,1.686,1.7131,1.66,1.6856,630.860155
1674291600000.0,1.692225,1.7,1.6721,1.68545,467.712548
1674288000000.0,1.7054,1.718,1.6976,1.6984,62.038726
1674284400000.0,1.711375,1.7155,1.7029999999999998,1.7029999999999998,1.67475
1674280800000.0,1.702,1.7162,1.6893,1.7107999999999999,184.322956
1674277200000.0,1.698625,1.7094,1.6893,1.70125,166.296945
1674273600000.0,1.7040250000000001,1.716,1.6968,1.6979,242.904382
1674270000000.0,1.6857250000000001,1.7016499999999999,1.6737,1.7016499999999999,138.064824
1674266400000.0,1.6797000000000002,1.6913,1.6748,1.6861000000000002,77.61565
1674262800000.0,1.6730999999999998,1.6842,1.6628,1.67635,160.301252
1674259200000.0,1.6537499999999998,1.6726999999999999,1.6315,1.6726999999999999,767.918906
1674255600000.0,1.6354000000000002,1.65685,1.6234,1.65685,137.433685
1674252000000.0,1.6281,1.6384,1.6234,1.6345,54.027368
1674248400000.0,1.6245,1.6314,1.6159,1.6253,104.312101
1674244800000.0,1.6031,1.62535,1.5827,1.62535,1095.518296
1674241200000.0,1.573925,1.6031,1.5648,1.6031,62.138899
1674237600000.0,1.56755,1.5741,1.5624,1.5741,63.216012
1674234000000.0,1.5705,1.5811,1.5638,1.5673499999999998,112.796684
1674230400000.0,1.562675,1.5788,1.552,1.56855,473.294734
1674226800000.0,1.5452000000000001,1.5599500000000002,1.5293,1.5599500000000002,1.111352
1674223200000.0,1.5407,1.5544,1.5278,1.54855,66.50843
1674219600000.0,1.5382250000000002,1.5459,1.5314,1.5403,1.433835
1674216000000.0,1.532275,1.5462,1.519,1.5378,0.888659
1674212400000.0,1.5289000000000001,1.5423,1.5238,1.5319500000000001,0.673105
1674208800000.0,1.531625,1.5469,1.5233,1.52475,1.156793
1674205200000.0,1.527475,1.5423,1.518,1.5281500000000001,0.929443
1674201600000.0,1.5254499999999998,1.5455,1.5124,1.5248,25.295551
1674198000000.0,1.5254249999999998,1.539,1.5157,1.52195,20.244838
1674194400000.0,1.529875,1.5423,1.5221,1.5234999999999999,1.604563
1674190800000.0,1.53215,1.5423,1.524,1.52755,1.792432
1674187200000.0,1.53925,1.553,1.5293,1.53115,66.033454
1674183600000.0,1.5435750000000001,1.5477,1.53735,1.53735,4.907258
1674180000000.0,1.5450499999999998,1.5495,1.5406,1.5430000000000001,65.802351
1674176400000.0,1.5432000000000001,1.5495,1.5362,1.54505,0.723654
1674172800000.0,1.5377,1.5435500000000002,1.5322,1.5435500000000002,1.102659
1674169200000.0,1.535525,1.544,1.5285,1.53895,73.931694
1674165600000.0,1.53675,1.5553,1.5293,1.5348000000000002,2.858082
1674162000000.0,1.541175,1.551,1.5312000000000001,1.5312000000000001,2.666122
1674158400000.0,1.5479249999999998,1.5493,1.54115,1.54115,2.898407
1674154800000.0,1.5494,1.5669,1.5285,1.549,294.557765
1674151200000.0,1.5184250000000001,1.5544,1.4828,1.5511,333.811669
1674147600000.0,1.48565,1.51825,1.4673,1.51825,135.062144
1674144000000.0,1.489925,1.4985,1.4833,1.48765,2.12985
1674140400000.0,1.48725,1.4985,1.4824,1.48895,136.089961
1674136800000.0,1.48295,1.4922,1.4706,1.4840499999999999,10.418003
1674133200000.0,1.477125,1.4866,1.4621,1.4845,156.331087
1674129600000.0,1.479675,1.489,1.4732,1.4799,0.661349
1674126000000.0,1.49005,1.4999,1.4771,1.47825,139.222535
1674122400000.0,1.503475,1.509,1.4916,1.4916,1.133577
1674118800000.0,1.50295,1.5067,1.4973,1.50295,1.147422
1674115200000.0,1.504675,1.5153,1.4982,1.5039,0.525798
1674111600000.0,1.5017749999999999,1.509,1.4945,1.5026000000000002,0.541773
1674108000000.0,1.5001499999999999,1.5037,1.4967,1.5018,0.492687
1674104400000.0,1.504475,1.5116,1.5,1.5001,0.323505
1674100800000.0,1.5034,1.5091,1.4991,1.50315,8.707317
1674097200000.0,1.49855,1.5045,1.4953,1.5027,0.382616
1674093600000.0,1.491575,1.5018,1.4846,1.4972,70.391111
1674090000000.0,1.48705,1.4939,1.484,1.4899499999999999,1.380915
1674086400000.0,1.4874,1.4985,1.4819,1.48515,108.628011
1674082800000.0,1.4903250000000001,1.4995,1.479,1.4846,76.619243
1674079200000.0,1.5084250000000001,1.5495,1.4839,1.4914,455.738765
1674075600000.0,1.50535,1.5153,1.4898,1.50015,90.792062
1674072000000.0,1.508675,1.5165,1.4864,1.50815,166.654162
1674068400000.0,1.5171,1.5208,1.5103,1.5159,67.531467
1674064800000.0,1.5288249999999999,1.5424,1.51865,1.51865,75.808378
1674061200000.0,1.5262250000000002,1.5549,1.5091,1.5263,300.372994
1674057600000.0,1.532775,1.571,1.48,1.52045,824.241293
1674054000000.0,1.6135249999999999,1.6816,1.5285,1.54005,1915.795943
1674050400000.0,1.668275,1.6842,1.6219999999999999,1.6219999999999999,474.291568
1674046800000.0,1.65315,1.66645,1.6396,1.66645,299.299206
1674043200000.0,1.64215,1.6549,1.6325,1.6549,61.562853
1674039600000.0,1.634975,1.6431,1.63,1.6431,53.863625
1674036000000.0,1.63155,1.6349,1.6245,1.6349,71.056977
1674032400000.0,1.6322750000000001,1.6401,1.6154,1.6335,278.032181
1674028800000.0,1.651275,1.6651,1.6352,1.6368,286.133799
1674025200000.0,1.661225,1.6647,1.6524,1.6524,54.324415
1674021600000.0,1.653525,1.6738,1.6381,1.6634,214.755151
1674018000000.0,1.638875,1.6511,1.636,1.6511,117.9284
