1679112000000.0,2.845e-06,2.85e-06,2.84e-06,2.84e-06,3.75334736
1679110200000.0,2.8425e-06,2.85e-06,2.84e-06,2.845e-06,164.41544748
1679108400000.0,2.84e-06,2.84e-06,2.84e-06,2.84e-06,0.0
1679106600000.0,2.845e-06,2.85e-06,2.84e-06,2.84e-06,2329.99319294
1679104800000.0,2.85e-06,2.88e-06,2.83e-06,2.845e-06,9590.90461263
1679103000000.0,2.83e-06,2.845e-06,2.81e-06,2.845e-06,2000.85380398
1679101200000.0,2.8225e-06,2.84e-06,2.81e-06,2.835e-06,15607.39790712
1679099400000.0,2.8075000000000002e-06,2.82e-06,2.8e-06,2.82e-06,1725.95141736
1679097600000.0,2.795e-06,2.8050000000000002e-06,2.79e-06,2.8050000000000002e-06,16.03019414
1679095800000.0,2.795e-06,2.8e-06,2.79e-06,2.795e-06,81.34398858
1679094000000.0,2.79e-06,2.8e-06,2.78e-06,2.795e-06,10.47978723
1679092200000.0,2.7799999999999996e-06,2.79e-06,2.76e-06,2.79e-06,487.5011853
1679090400000.0,2.7649999999999998e-06,2.79e-06,2.74e-06,2.785e-06,288.2085315
1679088600000.0,2.7525e-06,2.78e-06,2.71e-06,2.7649999999999998e-06,3733.17685327
1679086800000.0,2.785e-06,2.79e-06,2.76e-06,2.76e-06,3.46479668
1679085000000.0,2.795e-06,2.8e-06,2.785e-06,2.785e-06,258.24088989
1679083200000.0,2.8e-06,2.8e-06,2.795e-06,2.795e-06,1596.34997313
1679081400000.0,2.7925e-06,2.8e-06,2.78e-06,2.8e-06,207.25657142
1679079600000.0,2.795e-06,2.8e-06,2.79e-06,2.795e-06,3.21536741
1679077800000.0,2.8025000000000003e-06,2.83e-06,2.79e-06,2.795e-06,480.21648735
1679076000000.0,2.8050000000000002e-06,2.82e-06,2.79e-06,2.795e-06,193.28154556
1679074200000.0,2.8050000000000002e-06,2.82e-06,2.79e-06,2.8050000000000002e-06,2231.78029256
1679072400000.0,2.78e-06,2.8050000000000002e-06,2.77e-06,2.8050000000000002e-06,3.50569395
1679070600000.0,2.785e-06,2.8e-06,2.77e-06,2.78e-06,19.61794427
1679068800000.0,2.79e-06,2.8e-06,2.78e-06,2.785e-06,2.21965713
1679067000000.0,2.78e-06,2.79e-06,2.78e-06,2.79e-06,1.70775687
1679065200000.0,2.7699999999999997e-06,2.78e-06,2.76e-06,2.78e-06,384.96883452
1679063400000.0,2.7725e-06,2.79e-06,2.76e-06,2.7699999999999997e-06,477.01141409
1679061600000.0,2.7975000000000003e-06,2.82e-06,2.7699999999999997e-06,2.7699999999999997e-06,1720.06479224
1679059800000.0,2.8125e-06,2.82e-06,2.7950000000000003e-06,2.7950000000000003e-06,19.82242337
1679058000000.0,2.8075000000000002e-06,2.81e-06,2.8e-06,2.81e-06,2779.01287831
1679056200000.0,2.81e-06,2.81e-06,2.81e-06,2.81e-06,6.09651243
1679054400000.0,2.8050000000000002e-06,2.81e-06,2.79e-06,2.81e-06,5828.55661838
1679052600000.0,2.82e-06,2.83e-06,2.81e-06,2.81e-06,1844.87159799
1679050800000.0,2.835e-06,2.84e-06,2.82e-06,2.82e-06,1.88289752
1679049000000.0,2.8375e-06,2.84e-06,2.83e-06,2.835e-06,1382.2325035
1679047200000.0,2.8425e-06,2.85e-06,2.83e-06,2.84e-06,1419.02551809
1679045400000.0,2.8599999999999997e-06,2.87e-06,2.845e-06,2.845e-06,998.28831071
1679043600000.0,2.865e-06,2.87e-06,2.8599999999999997e-06,2.8599999999999997e-06,252.42873867
1679041800000.0,2.86e-06,2.865e-06,2.86e-06,2.865e-06,597.51142803
1679040000000.0,2.86e-06,2.86e-06,2.86e-06,2.86e-06,377.7916747
1679038200000.0,2.87e-06,2.88e-06,2.86e-06,2.86e-06,7.0100294
1679036400000.0,2.88e-06,2.88e-06,2.87e-06,2.87e-06,2.37587499
1679034600000.0,2.8649999999999997e-06,2.88e-06,2.85e-06,2.88e-06,1900.30455263
1679032800000.0,2.8475e-06,2.8649999999999997e-06,2.84e-06,2.8649999999999997e-06,8910.24965525
1679031000000.0,2.845e-06,2.85e-06,2.84e-06,2.845e-06,1075.56458
1679029200000.0,2.85e-06,2.85e-06,2.845e-06,2.845e-06,0.0
1679027400000.0,2.8525e-06,2.86e-06,2.85e-06,2.85e-06,380.39343456
1679025600000.0,2.8525e-06,2.86e-06,2.85e-06,2.85e-06,8.31952652
1679023800000.0,2.85e-06,2.85e-06,2.85e-06,2.85e-06,0.0
1679022000000.0,2.8525e-06,2.86e-06,2.84e-06,2.85e-06,2531.17425569
1679020200000.0,2.865e-06,2.87e-06,2.8549999999999998e-06,2.8549999999999998e-06,156.60924373
1679018400000.0,2.87e-06,2.87e-06,2.865e-06,2.865e-06,132.93737024
1679016600000.0,2.865e-06,2.87e-06,2.86e-06,2.87e-06,5650.0
1679014800000.0,2.8625e-06,2.87e-06,2.85e-06,2.865e-06,6043.04303913
1679013000000.0,2.87e-06,2.87e-06,2.865e-06,2.865e-06,0.0
1679011200000.0,2.885e-06,2.9e-06,2.87e-06,2.87e-06,994.02277605
1679009400000.0,2.8975e-06,2.95e-06,2.87e-06,2.8850000000000003e-06,15658.65561416
1679007600000.0,2.8599999999999997e-06,2.8850000000000003e-06,2.85e-06,2.8850000000000003e-06,916.0369084
1679005800000.0,2.8549999999999998e-06,2.86e-06,2.85e-06,2.8599999999999997e-06,21.17091311
1679004000000.0,2.84e-06,2.86e-06,2.82e-06,2.8549999999999998e-06,5490.93713377
1679002200000.0,2.825e-06,2.84e-06,2.82e-06,2.84e-06,4.25768696
1679000400000.0,2.82e-06,2.82e-06,2.82e-06,2.82e-06,0.0
1678998600000.0,2.835e-06,2.85e-06,2.82e-06,2.82e-06,3043.64891976
1678996800000.0,2.845e-06,2.85e-06,2.835e-06,2.835e-06,2.27507367
1678995000000.0,2.84e-06,2.845e-06,2.84e-06,2.845e-06,198.93676136
1678993200000.0,2.8425e-06,2.85e-06,2.83e-06,2.84e-06,1986.05705948
1678991400000.0,2.845e-06,2.85e-06,2.84e-06,2.845e-06,196.07221052
1678989600000.0,2.845e-06,2.85e-06,2.84e-06,2.845e-06,1086.307
1678987800000.0,2.8525e-06,2.86e-06,2.84e-06,2.845e-06,174.26422423
1678986000000.0,2.8549999999999998e-06,2.86e-06,2.85e-06,2.8549999999999998e-06,162.06591607
1678984200000.0,2.8549999999999998e-06,2.86e-06,2.85e-06,2.8549999999999998e-06,11.85059175
1678982400000.0,2.8549999999999998e-06,2.86e-06,2.85e-06,2.8549999999999998e-06,2.00593006
1678980600000.0,2.845e-06,2.87e-06,2.82e-06,2.8549999999999998e-06,97974.37835421
1678978800000.0,2.84e-06,2.845e-06,2.84e-06,2.845e-06,0.0
1678977000000.0,2.8375e-06,2.84e-06,2.83e-06,2.84e-06,9341.95591701
1678975200000.0,2.84e-06,2.84e-06,2.84e-06,2.84e-06,0.0
1678973400000.0,2.8375e-06,2.84e-06,2.83e-06,2.84e-06,998.27619953
1678971600000.0,2.83e-06,2.84e-06,2.82e-06,2.84e-06,4.04361971
1678969800000.0,2.835e-06,2.85e-06,2.82e-06,2.83e-06,2233.67473967
1678968000000.0,2.8549999999999998e-06,2.86e-06,2.835e-06,2.835e-06,16563.75984488
1678966200000.0,2.85e-06,2.86e-06,2.84e-06,2.8549999999999998e-06,2041.41279504
1678964400000.0,2.8375e-06,2.85e-06,2.83e-06,2.85e-06,1840.01546201
1678962600000.0,2.8425e-06,2.85e-06,2.83e-06,2.84e-06,148.1079598
1678960800000.0,2.8549999999999998e-06,2.86e-06,2.845e-06,2.845e-06,1132.04647424
1678959000000.0,2.8625e-06,2.87e-06,2.85e-06,2.8549999999999998e-06,1992.02028774
1678957200000.0,2.865e-06,2.87e-06,2.86e-06,2.865e-06,8.37403419
1678955400000.0,2.85e-06,2.865e-06,2.84e-06,2.865e-06,999.08026685
1678953600000.0,2.85e-06,2.86e-06,2.84e-06,2.85e-06,1687.27392939
1678951800000.0,2.8549999999999998e-06,2.86e-06,2.85e-06,2.85e-06,9671.19404358
1678950000000.0,2.8549999999999998e-06,2.86e-06,2.85e-06,2.8549999999999998e-06,373.05674125
1678948200000.0,2.8675e-06,2.88e-06,2.85e-06,2.8549999999999998e-06,2518.30671118
1678946400000.0,2.88e-06,2.88e-06,2.87e-06,2.87e-06,0.0
1678944600000.0,2.875e-06,2.88e-06,2.87e-06,2.88e-06,981.33081899
1678942800000.0,2.865e-06,2.875e-06,2.86e-06,2.875e-06,1.38121254
1678941000000.0,2.8625e-06,2.87e-06,2.86e-06,2.865e-06,201.07687159
1678939200000.0,2.87e-06,2.88e-06,2.86e-06,2.86e-06,1961.20357042
1678937400000.0,2.885e-06,2.89e-06,2.87e-06,2.87e-06,1.15854166
1678935600000.0,2.89e-06,2.89e-06,2.885e-06,2.885e-06,362.48281786
1678933800000.0,2.88e-06,2.89e-06,2.87e-06,2.89e-06,1980.77878487
1678932000000.0,2.8625e-06,2.88e-06,2.85e-06,2.88e-06,1353.51408451
1678930200000.0,2.86e-06,2.865e-06,2.86e-06,2.865e-06,0.0
1678928400000.0,2.86e-06,2.87e-06,2.84e-06,2.86e-06,2872.04801442
1678926600000.0,2.87e-06,2.87e-06,2.865e-06,2.865e-06,7279.38608579
1678924800000.0,2.87e-06,2.87e-06,2.87e-06,2.87e-06,0.0
1678923000000.0,2.8574999999999997e-06,2.87e-06,2.84e-06,2.87e-06,3148.94364965
1678921200000.0,2.845e-06,2.8599999999999997e-06,2.84e-06,2.8599999999999997e-06,17.70818506
1678919400000.0,2.835e-06,2.845e-06,2.82e-06,2.845e-06,2166.96713782
1678917600000.0,2.84e-06,2.84e-06,2.84e-06,2.84e-06,0.0
1678915800000.0,2.84e-06,2.84e-06,2.84e-06,2.84e-06,2.27830445
1678914000000.0,2.8325e-06,2.84e-06,2.81e-06,2.84e-06,2747.4136192
1678912200000.0,2.835e-06,2.84e-06,2.83e-06,2.84e-06,1890.0611839
1678910400000.0,2.83e-06,2.835e-06,2.83e-06,2.835e-06,0.0
1678908600000.0,2.83e-06,2.83e-06,2.83e-06,2.83e-06,0.0
1678906800000.0,2.83e-06,2.83e-06,2.83e-06,2.83e-06,0.0
1678905000000.0,2.825e-06,2.83e-06,2.82e-06,2.83e-06,4.77939222
1678903200000.0,2.82e-06,2.825e-06,2.82e-06,2.825e-06,0.0
1678901400000.0,2.83e-06,2.84e-06,2.82e-06,2.82e-06,113.95421229
1678899600000.0,2.825e-06,2.84e-06,2.81e-06,2.83e-06,12.81122534
1678897800000.0,2.825e-06,2.84e-06,2.81e-06,2.825e-06,2116.14165321
1678896000000.0,2.83e-06,2.85e-06,2.79e-06,2.825e-06,6681.67043198
1678894200000.0,2.8649999999999997e-06,2.89e-06,2.84e-06,2.84e-06,6653.09573478
1678892400000.0,2.8974999999999998e-06,2.91e-06,2.8649999999999997e-06,2.8649999999999997e-06,1378.82853936
1678890600000.0,2.9149999999999996e-06,2.93e-06,2.89e-06,2.9e-06,5016.85137102
1678888800000.0,2.93e-06,2.93e-06,2.92e-06,2.92e-06,0.0
1678887000000.0,2.9449999999999998e-06,2.96e-06,2.93e-06,2.93e-06,11207.66516042
1678885200000.0,2.955e-06,2.96e-06,2.9449999999999998e-06,2.9449999999999998e-06,3.19998646
1678883400000.0,2.95e-06,2.955e-06,2.95e-06,2.955e-06,0.0
1678881600000.0,2.965e-06,2.98e-06,2.95e-06,2.95e-06,1901.47113458
1678879800000.0,2.98e-06,2.98e-06,2.965e-06,2.965e-06,0.0
1678878000000.0,2.9825000000000002e-06,3e-06,2.95e-06,2.98e-06,6808.86831015
1678876200000.0,2.9975e-06,3e-06,2.99e-06,2.99e-06,2113.43618533
1678874400000.0,3.005e-06,3.01e-06,3e-06,3e-06,1036.586585
1678872600000.0,3.015e-06,3.02e-06,3.005e-06,3.005e-06,175.59340443
1678870800000.0,3.0175e-06,3.03e-06,3.01e-06,3.015e-06,243.28665426
1678869000000.0,3.01e-06,3.015e-06,3.01e-06,3.015e-06,0.0
1678867200000.0,3.015e-06,3.02e-06,3.01e-06,3.01e-06,2076.70993116
1678865400000.0,3.03e-06,3.04e-06,3.015e-06,3.015e-06,3.45233305
1678863600000.0,3.04e-06,3.04e-06,3.03e-06,3.03e-06,9.17696049
1678861800000.0,3.04e-06,3.04e-06,3.04e-06,3.04e-06,0.0
1678860000000.0,3.04e-06,3.04e-06,3.04e-06,3.04e-06,0.0
1678858200000.0,3.045e-06,3.05e-06,3.04e-06,3.04e-06,187.91716947
1678856400000.0,3.045e-06,3.05e-06,3.04e-06,3.045e-06,426.16784881
1678854600000.0,3.04e-06,3.045e-06,3.04e-06,3.045e-06,0.0
1678852800000.0,3.04e-06,3.04e-06,3.04e-06,3.04e-06,2.59823898
1678851000000.0,3.04e-06,3.04e-06,3.04e-06,3.04e-06,5.90512092
1678849200000.0,3.0349999999999997e-06,3.04e-06,3.03e-06,3.04e-06,1025.3942057
1678847400000.0,3.025e-06,3.0349999999999997e-06,3.02e-06,3.0349999999999997e-06,2.60725931
1678845600000.0,3.02e-06,3.025e-06,3.02e-06,3.025e-06,26.60756578
1678843800000.0,3.0125e-06,3.03e-06,3e-06,3.02e-06,944.5771247
1678842000000.0,3.015e-06,3.03e-06,3e-06,3.01e-06,10.64745262
1678840200000.0,3.03e-06,3.03e-06,3.015e-06,3.015e-06,0.0
1678838400000.0,3.02e-06,3.03e-06,3.01e-06,3.03e-06,2.43247524
1678836600000.0,3.015e-06,3.02e-06,3.01e-06,3.02e-06,189.85338314
1678834800000.0,3.02e-06,3.02e-06,3.015e-06,3.015e-06,190.78615473
1678833000000.0,3.02e-06,3.02e-06,3.02e-06,3.02e-06,0.0
1678831200000.0,3.015e-06,3.02e-06,3.01e-06,3.02e-06,26.4653405
1678829400000.0,3.005e-06,3.015e-06,3e-06,3.015e-06,6.50703453
1678827600000.0,3.015e-06,3.04e-06,3e-06,3.005e-06,20394.44682352
1678825800000.0,3e-06,3.02e-06,2.98e-06,3.01e-06,8170.43625118
1678824000000.0,2.98e-06,3e-06,2.98e-06,3e-06,233.38314
1678822200000.0,3e-06,3.02e-06,2.98e-06,2.98e-06,15563.30008398
1678820400000.0,3.01e-06,3.02e-06,3e-06,3e-06,29505.0
1678818600000.0,3.0025e-06,3.01e-06,3e-06,3.01e-06,962.90443425
1678816800000.0,2.99e-06,3e-06,2.98e-06,3e-06,2993.94428394
1678815000000.0,2.97e-06,2.99e-06,2.96e-06,2.99e-06,957.63417449
1678813200000.0,2.97e-06,2.98e-06,2.96e-06,2.97e-06,1425.0
1678811400000.0,2.9599999999999996e-06,2.98e-06,2.94e-06,2.97e-06,2027.53371651
1678809600000.0,2.9525e-06,2.97e-06,2.94e-06,2.9599999999999996e-06,8986.92147739
1678807800000.0,2.965e-06,2.97e-06,2.9499999999999997e-06,2.9499999999999997e-06,7386.60807294
1678806000000.0,2.97e-06,2.97e-06,2.965e-06,2.965e-06,9.16185855
1678804200000.0,2.975e-06,2.98e-06,2.97e-06,2.97e-06,71.10729297
1678802400000.0,2.9625e-06,2.99e-06,2.94e-06,2.975e-06,6004.64309248
1678800600000.0,2.925e-06,2.9599999999999996e-06,2.91e-06,2.9599999999999996e-06,3755.67640839
1678798800000.0,2.8999999999999998e-06,2.925e-06,2.89e-06,2.925e-06,3091.21094931
1678797000000.0,2.9099999999999997e-06,2.94e-06,2.89e-06,2.9e-06,10973.06049087
1678795200000.0,2.9124999999999996e-06,2.92e-06,2.9e-06,2.905e-06,2578.30216479
1678793400000.0,2.91e-06,2.915e-06,2.91e-06,2.915e-06,0.0
1678791600000.0,2.92e-06,2.93e-06,2.91e-06,2.91e-06,2659.07615022
1678789800000.0,2.9449999999999998e-06,2.96e-06,2.92e-06,2.92e-06,1849.19988168
1678788000000.0,2.96e-06,2.96e-06,2.9449999999999998e-06,2.9449999999999998e-06,0.0
1678786200000.0,2.96e-06,2.96e-06,2.96e-06,2.96e-06,0.0
1678784400000.0,2.9625e-06,2.97e-06,2.95e-06,2.96e-06,1898.91615216
1678782600000.0,2.965e-06,2.97e-06,2.96e-06,2.965e-06,5.35656543
1678780800000.0,2.96e-06,2.965e-06,2.96e-06,2.965e-06,0.0
1678779000000.0,2.9725000000000003e-06,2.99e-06,2.96e-06,2.96e-06,226.91225108
1678777200000.0,2.98e-06,2.98e-06,2.97e-06,2.97e-06,934.50781792
1678775400000.0,2.97e-06,2.98e-06,2.96e-06,2.98e-06,13.66993287
1678773600000.0,2.9675e-06,2.98e-06,2.96e-06,2.97e-06,1897.30462846
1678771800000.0,2.97e-06,2.97e-06,2.965e-06,2.965e-06,9.73010113
1678770000000.0,2.97e-06,2.98e-06,2.95e-06,2.97e-06,4049.12582234
1678768200000.0,2.98e-06,2.98e-06,2.975e-06,2.975e-06,0.0
1678766400000.0,2.98e-06,2.98e-06,2.98e-06,2.98e-06,0.0
1678764600000.0,2.98e-06,2.98e-06,2.98e-06,2.98e-06,4.96675661
1678762800000.0,2.98e-06,2.98e-06,2.98e-06,2.98e-06,945.7278582
1678761000000.0,2.97e-06,2.98e-06,2.96e-06,2.98e-06,2.44989259
1678759200000.0,2.965e-06,2.97e-06,2.96e-06,2.97e-06,9975.062344
1678757400000.0,2.9850000000000002e-06,3e-06,2.965e-06,2.965e-06,3618.50249335
1678755600000.0,2.9975e-06,3e-06,2.9850000000000002e-06,2.9850000000000002e-06,401.70979999
1678753800000.0,3.01e-06,3.02e-06,3e-06,3e-06,853.433333
1678752000000.0,3.0175e-06,3.02e-06,3.01e-06,3.01e-06,925.75755723
1678750200000.0,3.03e-06,3.04e-06,3.02e-06,3.02e-06,453.60367667
1678748400000.0,3.025e-06,3.04e-06,3.01e-06,3.03e-06,1.49072367
1678746600000.0,3.01e-06,3.025e-06,3.01e-06,3.025e-06,1.81849473
1678744800000.0,3.01e-06,3.01e-06,3.01e-06,3.01e-06,30.25878888
1678743000000.0,3.025e-06,3.04e-06,3.01e-06,3.01e-06,329.307334
1678741200000.0,3.025e-06,3.04e-06,3.01e-06,3.025e-06,1.27448683
1678739400000.0,3.0275e-06,3.06e-06,3.01e-06,3.025e-06,4131.87629332
1678737600000.0,3.0125e-06,3.03e-06,2.99e-06,3.02e-06,309.22428727
1678735800000.0,3.0025e-06,3.015e-06,3e-06,3.015e-06,9.67818809
1678734000000.0,3.015e-06,3.03e-06,3e-06,3e-06,3990.25085342
1678732200000.0,3.02e-06,3.03e-06,3.01e-06,3.015e-06,7.9641795
1678730400000.0,3.0175e-06,3.03e-06,3e-06,3.02e-06,1374.01182935
1678728600000.0,3.0374999999999997e-06,3.06e-06,3.01e-06,3.02e-06,988.86640825
1678726800000.0,3.0349999999999997e-06,3.05e-06,3.02e-06,3.0399999999999997e-06,1.15274753
1678725000000.0,3.025e-06,3.0349999999999997e-06,3.02e-06,3.0349999999999997e-06,191.22803948
1678723200000.0,3.0374999999999997e-06,3.06e-06,3.025e-06,3.025e-06,4594.61126343
1678721400000.0,3.0349999999999997e-06,3.06e-06,3.01e-06,3.03e-06,5734.07207627
1678719600000.0,3.055e-06,3.07e-06,3.0349999999999997e-06,3.0349999999999997e-06,2099.36751958
1678717800000.0,3.0749999999999998e-06,3.13e-06,3.04e-06,3.055e-06,240129.2696717
1678716000000.0,3.0675e-06,3.09e-06,3.03e-06,3.065e-06,12936.53047541
1678714200000.0,3.085e-06,3.09e-06,3.075e-06,3.075e-06,23.33025237
1678712400000.0,3.095e-06,3.11e-06,3.08e-06,3.085e-06,5208.31124658
1678710600000.0,3.115e-06,3.12e-06,3.095e-06,3.095e-06,9.9e-07
1678708800000.0,3.125e-06,3.13e-06,3.115e-06,3.115e-06,5.71423074
1678707000000.0,3.13e-06,3.13e-06,3.125e-06,3.125e-06,1.60696485
1678705200000.0,3.13e-06,3.13e-06,3.13e-06,3.13e-06,0.0
1678703400000.0,3.125e-06,3.13e-06,3.12e-06,3.13e-06,1008.581134
1678701600000.0,3.12e-06,3.125e-06,3.12e-06,3.125e-06,0.0
1678699800000.0,3.13e-06,3.14e-06,3.12e-06,3.12e-06,45897.247874
1678698000000.0,3.14e-06,3.14e-06,3.13e-06,3.13e-06,1.21169425
1678696200000.0,3.1425000000000004e-06,3.17e-06,3.13e-06,3.14e-06,303356.29409208
1678694400000.0,3.14e-06,3.15e-06,3.13e-06,3.135e-06,200.0
1678692600000.0,3.15e-06,3.15e-06,3.14e-06,3.14e-06,0.0
1678690800000.0,3.15e-06,3.15e-06,3.15e-06,3.15e-06,0.0
1678689000000.0,3.15e-06,3.15e-06,3.15e-06,3.15e-06,0.0
1678687200000.0,3.15e-06,3.15e-06,3.15e-06,3.15e-06,3.14609521
1678685400000.0,3.155e-06,3.16e-06,3.15e-06,3.15e-06,7736.2609247
1678683600000.0,3.15e-06,3.16e-06,3.14e-06,3.155e-06,25718.42376836
1678681800000.0,3.145e-06,3.15e-06,3.14e-06,3.15e-06,49056.39186302
1678680000000.0,3.145e-06,3.15e-06,3.13e-06,3.145e-06,10087.42468877
1678678200000.0,3.1600000000000002e-06,3.17e-06,3.15e-06,3.15e-06,4358.66134022
1678676400000.0,3.1600000000000002e-06,3.17e-06,3.15e-06,3.1600000000000002e-06,351.22018018
1678674600000.0,3.1600000000000002e-06,3.17e-06,3.15e-06,3.1600000000000002e-06,1335.39172634
1678672800000.0,3.1399999999999996e-06,3.17e-06,3.11e-06,3.1600000000000002e-06,13.72406307
1678671000000.0,3.1399999999999996e-06,3.17e-06,3.11e-06,3.14e-06,819.88747757
1678669200000.0,3.1125e-06,3.27e-06,2.85e-06,3.14e-06,952017.82768229
1678667400000.0,3.18e-06,3.21e-06,3.16e-06,3.165e-06,2216.77105
1678665600000.0,3.205e-06,3.22e-06,3.175e-06,3.175e-06,43.63227603
1678663800000.0,3.21e-06,3.22e-06,3.19e-06,3.205e-06,383.42061066
1678662000000.0,3.2075e-06,3.24e-06,3.15e-06,3.215e-06,726489.59495885
1678660200000.0,3.235e-06,3.24e-06,3.22e-06,3.22e-06,34794.199686
1678658400000.0,3.2450000000000003e-06,3.26e-06,3.22e-06,3.235e-06,18611.21545161
1678656600000.0,3.2475000000000002e-06,3.26e-06,3.23e-06,3.2500000000000002e-06,1040181.43531328
1678654800000.0,3.2425000000000003e-06,3.28e-06,3.17e-06,3.2500000000000002e-06,678377.35698786
1678653000000.0,3.2150000000000006e-06,3.28e-06,3.08e-06,3.26e-06,1579889.32382771
1678651200000.0,3.2225e-06,3.2500000000000002e-06,3.22e-06,3.2500000000000002e-06,3123.16475607
1678649400000.0,3.1925e-06,3.22e-06,3.13e-06,3.22e-06,1520174.7948433
1678647600000.0,3.185e-06,3.22e-06,3.1e-06,3.2099999999999998e-06,959950.44141703
1678645800000.0,3.2125e-06,3.22e-06,3.2e-06,3.2099999999999998e-06,19.84319277
1678644000000.0,3.2050000000000002e-06,3.24e-06,3.13e-06,3.215e-06,448683.01393933
1678642200000.0,3.2425e-06,3.28e-06,3.21e-06,3.225e-06,928930.18536803
1678640400000.0,3.225e-06,3.24e-06,3.21e-06,3.24e-06,2825.00714619
1678638600000.0,3.1975e-06,3.225e-06,3.18e-06,3.225e-06,1762.17812402
1678636800000.0,3.18e-06,3.22e-06,3.11e-06,3.2e-06,153746.39204245
1678635000000.0,3.2e-06,3.2e-06,3.195e-06,3.195e-06,304834.46130157
1678633200000.0,3.2e-06,3.21e-06,3.18e-06,3.2e-06,1920.666497
1678631400000.0,3.1975e-06,3.23e-06,3.17e-06,3.205e-06,5799.92959128
1678629600000.0,3.2074999999999998e-06,3.24e-06,3.18e-06,3.195e-06,2225.17896184
1678627800000.0,3.23e-06,3.23e-06,3.205e-06,3.205e-06,0.0
1678626000000.0,3.2099999999999998e-06,3.23e-06,3.19e-06,3.23e-06,873.45693807
1678624200000.0,3.205e-06,3.22e-06,3.19e-06,3.2099999999999998e-06,2557.54279406
1678622400000.0,3.22e-06,3.22e-06,3.205e-06,3.205e-06,668.82476399
1678620600000.0,3.2400000000000003e-06,3.26e-06,3.22e-06,3.22e-06,203.66453914
1678618800000.0,3.26e-06,3.26e-06,3.2400000000000003e-06,3.2400000000000003e-06,0.0
1678617000000.0,3.26e-06,3.26e-06,3.26e-06,3.26e-06,212.96374228
1678615200000.0,3.2549999999999998e-06,3.26e-06,3.25e-06,3.26e-06,6.68786501
1678613400000.0,3.245e-06,3.255e-06,3.24e-06,3.255e-06,9981.02744302
1678611600000.0,3.24e-06,3.245e-06,3.24e-06,3.245e-06,708.803481
1678609800000.0,3.2375e-06,3.24e-06,3.23e-06,3.24e-06,3110.3932841
1678608000000.0,3.24e-06,3.24e-06,3.24e-06,3.24e-06,49604.1398524
1678606200000.0,3.245e-06,3.25e-06,3.24e-06,3.24e-06,8593.87445505
1678604400000.0,3.245e-06,3.25e-06,3.24e-06,3.245e-06,19794.835648
1678602600000.0,3.2425e-06,3.25e-06,3.24e-06,3.245e-06,185388.46134255
1678600800000.0,3.24e-06,3.24e-06,3.24e-06,3.24e-06,13197.60733823
1678599000000.0,3.245e-06,3.25e-06,3.24e-06,3.24e-06,141.18579727
1678597200000.0,3.245e-06,3.25e-06,3.24e-06,3.245e-06,3.30800383
1678595400000.0,3.24e-06,3.245e-06,3.24e-06,3.245e-06,12.90456442
1678593600000.0,3.24e-06,3.24e-06,3.24e-06,3.24e-06,1.68911664
1678591800000.0,3.24e-06,3.24e-06,3.24e-06,3.24e-06,33.6066893
1678590000000.0,3.2375e-06,3.24e-06,3.23e-06,3.24e-06,9.73457278
1678588200000.0,3.235e-06,3.24e-06,3.23e-06,3.24e-06,839.85813588
1678586400000.0,3.2275e-06,3.235e-06,3.22e-06,3.235e-06,42916.5157333
1678584600000.0,3.23e-06,3.24e-06,3.22e-06,3.23e-06,11163.06908107
1678582800000.0,3.185e-06,3.23e-06,3.14e-06,3.23e-06,5422.2737227
1678581000000.0,3.1625000000000002e-06,3.19e-06,3.14e-06,3.185e-06,3265.618716
1678579200000.0,3.205e-06,3.23e-06,3.1600000000000002e-06,3.1600000000000002e-06,72240.06040818
1678577400000.0,3.2175e-06,3.23e-06,3.19e-06,3.205e-06,124517.31897591
1678575600000.0,3.22e-06,3.225e-06,3.22e-06,3.225e-06,11050.6738645
1678573800000.0,3.175e-06,3.22e-06,3.13e-06,3.22e-06,58070.78398957
1678572000000.0,3.1500000000000003e-06,3.175e-06,3.13e-06,3.175e-06,3711.64427272
1678570200000.0,3.2e-06,3.23e-06,3.1500000000000003e-06,3.1500000000000003e-06,3935.34717879
1678568400000.0,3.2074999999999998e-06,3.23e-06,3.18e-06,3.2e-06,34030.69150501
1678566600000.0,3.2149999999999997e-06,3.24e-06,3.19e-06,3.2099999999999998e-06,2141.46191953
1678564800000.0,3.235e-06,3.24e-06,3.2149999999999997e-06,3.2149999999999997e-06,1736.89440195
1678563000000.0,3.205e-06,3.235e-06,3.18e-06,3.235e-06,2776.91200887
1678561200000.0,3.175e-06,3.22e-06,3.08e-06,3.205e-06,279297.46516297
1678559400000.0,3.215e-06,3.22e-06,3.2e-06,3.2e-06,497.35782359
1678557600000.0,3.2e-06,3.215e-06,3.19e-06,3.215e-06,44400.0
1678555800000.0,3.195e-06,3.21e-06,3.19e-06,3.2e-06,75.62776838
1678554000000.0,3.1600000000000002e-06,3.22e-06,3.11e-06,3.19e-06,93554.16322488
1678552200000.0,3.12e-06,3.1550000000000003e-06,3.12e-06,3.1550000000000003e-06,74.60742304
1678550400000.0,3.1550000000000003e-06,3.2e-06,3.1e-06,3.12e-06,119848.20133005
1678548600000.0,3.21e-06,3.26e-06,3.1600000000000002e-06,3.1600000000000002e-06,92896.66152394
1678546800000.0,3.175e-06,3.195e-06,3.16e-06,3.195e-06,260198.73423915
1678545000000.0,3.15e-06,3.175e-06,3.13e-06,3.175e-06,119423.36199566
1678543200000.0,3.1625000000000002e-06,3.19e-06,3.14e-06,3.15e-06,72171.84338718
1678541400000.0,3.14e-06,3.18e-06,3.04e-06,3.1600000000000002e-06,530170.51390139
1678539600000.0,3.1175e-06,3.17e-06,3e-06,3.17e-06,592122.80249879
1678537800000.0,3.1550000000000003e-06,3.18e-06,3.11e-06,3.155e-06,4725.30673921
1678536000000.0,3.17e-06,3.18e-06,3.16e-06,3.165e-06,3.50479244
1678534200000.0,3.16e-06,3.17e-06,3.16e-06,3.17e-06,103.18200364
1678532400000.0,3.16e-06,3.18e-06,3.15e-06,3.16e-06,4591.9337848
1678530600000.0,3.15e-06,3.155e-06,3.15e-06,3.155e-06,22.91748569
1678528800000.0,3.1425e-06,3.15e-06,3.13e-06,3.15e-06,2973.64043166
1678527000000.0,3.1600000000000002e-06,3.2e-06,3.14e-06,3.145e-06,2610.68957177
1678525200000.0,3.16e-06,3.16e-06,3.15e-06,3.15e-06,0.0
1678523400000.0,3.19e-06,3.22e-06,3.16e-06,3.16e-06,8935.6173187
1678521600000.0,3.22e-06,3.22e-06,3.19e-06,3.19e-06,500.0
1678519800000.0,3.23e-06,3.26e-06,3.22e-06,3.22e-06,215.51310774
1678518000000.0,3.2400000000000003e-06,3.26e-06,3.22e-06,3.22e-06,1139258.65005831
1678516200000.0,3.2575e-06,3.27e-06,3.23e-06,3.2400000000000003e-06,2755.44918316
1678514400000.0,3.28e-06,3.32e-06,3.26e-06,3.265e-06,732398.83386816
1678512600000.0,3.265e-06,3.27e-06,3.26e-06,3.27e-06,540.46147719
1678510800000.0,3.2674999999999996e-06,3.29e-06,3.26e-06,3.265e-06,15.2104651
1678509000000.0,3.2674999999999996e-06,3.29e-06,3.26e-06,3.26e-06,17.82461005
1678507200000.0,3.285e-06,3.31e-06,3.26e-06,3.26e-06,857.94864068
1678505400000.0,3.29e-06,3.31e-06,3.27e-06,3.285e-06,381.46266923
1678503600000.0,3.27e-06,3.29e-06,3.27e-06,3.29e-06,0.0
1678501800000.0,3.29e-06,3.31e-06,3.27e-06,3.27e-06,1.8067978
1678500000000.0,3.31e-06,3.31e-06,3.29e-06,3.29e-06,0.0
1678498200000.0,3.29e-06,3.31e-06,3.27e-06,3.31e-06,898.37217822
1678496400000.0,3.2674999999999996e-06,3.29e-06,3.26e-06,3.29e-06,794.58574574
1678494600000.0,3.26e-06,3.265e-06,3.26e-06,3.265e-06,18.75229655
1678492800000.0,3.26e-06,3.26e-06,3.26e-06,3.26e-06,2.68937395
1678491000000.0,3.26e-06,3.26e-06,3.26e-06,3.26e-06,0.0
1678489200000.0,3.255e-06,3.28e-06,3.24e-06,3.26e-06,693.04840789
1678487400000.0,3.24e-06,3.2500000000000002e-06,3.24e-06,3.2500000000000002e-06,0.0
1678485600000.0,3.2425e-06,3.25e-06,3.24e-06,3.24e-06,201.89894046
1678483800000.0,3.2500000000000002e-06,3.26e-06,3.24e-06,3.24e-06,201.80329412
1678482000000.0,3.27e-06,3.28e-06,3.2500000000000002e-06,3.2500000000000002e-06,44.74202394
1678480200000.0,3.28e-06,3.28e-06,3.27e-06,3.27e-06,0.0
1678478400000.0,3.28e-06,3.28e-06,3.28e-06,3.28e-06,0.0
1678476600000.0,3.27e-06,3.28e-06,3.26e-06,3.28e-06,583.25179171
1678474800000.0,3.2624999999999997e-06,3.27e-06,3.26e-06,3.27e-06,2032.82845485
1678473000000.0,3.2549999999999998e-06,3.26e-06,3.25e-06,3.26e-06,866.23646368
1678471200000.0,3.25e-06,3.255e-06,3.25e-06,3.255e-06,0.0
1678469400000.0,3.245e-06,3.25e-06,3.24e-06,3.25e-06,4.05807414
1678467600000.0,3.24e-06,3.245e-06,3.24e-06,3.245e-06,0.0
1678465800000.0,3.24e-06,3.24e-06,3.24e-06,3.24e-06,12.06391676
1678464000000.0,3.245e-06,3.25e-06,3.24e-06,3.24e-06,868.67265032
1678462200000.0,3.25e-06,3.25e-06,3.245e-06,3.245e-06,0.0
1678460400000.0,3.25e-06,3.25e-06,3.25e-06,3.25e-06,0.0
1678458600000.0,3.2549999999999998e-06,3.26e-06,3.25e-06,3.25e-06,3.24409809
1678456800000.0,3.2500000000000002e-06,3.26e-06,3.24e-06,3.255e-06,868.30069721
1678455000000.0,3.23e-06,3.2500000000000002e-06,3.22e-06,3.2500000000000002e-06,10.76490536
1678453200000.0,3.23e-06,3.24e-06,3.22e-06,3.23e-06,5.494382
1678451400000.0,3.23e-06,3.24e-06,3.21e-06,3.23e-06,5088.84808079
1678449600000.0,3.235e-06,3.25e-06,3.23e-06,3.235e-06,299.98879075
1678447800000.0,3.235e-06,3.24e-06,3.23e-06,3.23e-06,21.40933412
1678446000000.0,3.225e-06,3.24e-06,3.21e-06,3.235e-06,3673.07815385
1678444200000.0,3.1975e-06,3.225e-06,3.17e-06,3.225e-06,6123.16514661
1678442400000.0,3.2149999999999997e-06,3.23e-06,3.2e-06,3.205e-06,4950.16741751
1678440600000.0,3.2475000000000002e-06,3.27e-06,3.2149999999999997e-06,3.2149999999999997e-06,2092.70439437
1678438800000.0,3.2674999999999996e-06,3.28e-06,3.2450000000000003e-06,3.2450000000000003e-06,1523.07623137
1678437000000.0,3.2775000000000004e-06,3.29e-06,3.265e-06,3.265e-06,201.23818844
1678435200000.0,3.285e-06,3.29e-06,3.275e-06,3.275e-06,20.83366614
1678433400000.0,3.285e-06,3.29e-06,3.28e-06,3.285e-06,21.17332522
1678431600000.0,3.2775000000000004e-06,3.29e-06,3.27e-06,3.285e-06,859.45638121
1678429800000.0,3.28e-06,3.29e-06,3.27e-06,3.275e-06,1640.74797578
1678428000000.0,3.29e-06,3.29e-06,3.28e-06,3.28e-06,849.85559913
1678426200000.0,3.295e-06,3.3e-06,3.29e-06,3.29e-06,12.94356436
1678424400000.0,3.305e-06,3.31e-06,3.295e-06,3.295e-06,2.13171188
1678422600000.0,3.2999999999999997e-06,3.31e-06,3.29e-06,3.305e-06,1846.29707913
1678420800000.0,3.285e-06,3.2999999999999997e-06,3.28e-06,3.2999999999999997e-06,861.17949939
1678419000000.0,3.28e-06,3.285e-06,3.28e-06,3.285e-06,7.99293772
1678417200000.0,3.27e-06,3.28e-06,3.26e-06,3.28e-06,2525.02715063
1678415400000.0,3.26e-06,3.27e-06,3.26e-06,3.27e-06,1.72348322
1678413600000.0,3.265e-06,3.27e-06,3.26e-06,3.26e-06,1.34160669
1678411800000.0,3.265e-06,3.27e-06,3.26e-06,3.265e-06,664.55500721
1678410000000.0,3.255e-06,3.265e-06,3.24e-06,3.265e-06,1733.34003093
1678408200000.0,3.26e-06,3.26e-06,3.26e-06,3.26e-06,3.91571998
1678406400000.0,3.2500000000000002e-06,3.26e-06,3.24e-06,3.26e-06,867.28283884
1678404600000.0,3.23e-06,3.2500000000000002e-06,3.22e-06,3.2500000000000002e-06,3186.40554118
1678402800000.0,3.22e-06,3.23e-06,3.22e-06,3.23e-06,660.97736065
1678401000000.0,3.215e-06,3.22e-06,3.21e-06,3.22e-06,2.9292298
1678399200000.0,3.185e-06,3.215e-06,3.16e-06,3.215e-06,11846.22650153
1678397400000.0,3.2e-06,3.24e-06,3.16e-06,3.185e-06,8110.15381628
1678395600000.0,3.225e-06,3.24e-06,3.2e-06,3.2e-06,2983.68964464
1678393800000.0,3.22e-06,3.25e-06,3.18e-06,3.225e-06,9287.69597078
1678392000000.0,3.2500000000000002e-06,3.27e-06,3.22e-06,3.225e-06,6611.23432123
1678390200000.0,3.295e-06,3.32e-06,3.255e-06,3.255e-06,2606.48173661
1678388400000.0,3.315e-06,3.32e-06,3.295e-06,3.295e-06,857.9664
1678386600000.0,3.3225e-06,3.34e-06,3.31e-06,3.315e-06,3472.19033051
1678384800000.0,3.325e-06,3.33e-06,3.32e-06,3.32e-06,1057.91726354
1678383000000.0,3.32e-06,3.325e-06,3.32e-06,3.325e-06,251.81476502
1678381200000.0,3.32e-06,3.32e-06,3.32e-06,3.32e-06,200.0
1678379400000.0,3.32e-06,3.32e-06,3.32e-06,3.32e-06,0.0
1678377600000.0,3.315e-06,3.32e-06,3.31e-06,3.32e-06,1.23741541
1678375800000.0,3.315e-06,3.32e-06,3.31e-06,3.315e-06,3.06329792
1678374000000.0,3.32e-06,3.32e-06,3.315e-06,3.315e-06,0.0
1678372200000.0,3.315e-06,3.32e-06,3.31e-06,3.32e-06,5989.0617322
1678370400000.0,3.31e-06,3.315e-06,3.31e-06,3.315e-06,120.29766482
1678368600000.0,3.31e-06,3.31e-06,3.31e-06,3.31e-06,0.0
1678366800000.0,3.315e-06,3.32e-06,3.31e-06,3.31e-06,203.48029209
1678365000000.0,3.315e-06,3.32e-06,3.31e-06,3.315e-06,1.494
1678363200000.0,3.315e-06,3.32e-06,3.31e-06,3.315e-06,120.86695666
1678361400000.0,3.32e-06,3.32e-06,3.315e-06,3.315e-06,3.25799998
1678359600000.0,3.31e-06,3.32e-06,3.3e-06,3.32e-06,121.09199999
1678357800000.0,3.3025e-06,3.31e-06,3.3e-06,3.31e-06,3.66240405
1678356000000.0,3.3e-06,3.3e-06,3.3e-06,3.3e-06,0.0
1678354200000.0,3.3e-06,3.3e-06,3.3e-06,3.3e-06,2934.006216
1678352400000.0,3.305e-06,3.31e-06,3.3e-06,3.3e-06,1.06849581
1678350600000.0,3.31e-06,3.31e-06,3.305e-06,3.305e-06,0.0
1678348800000.0,3.2999999999999997e-06,3.31e-06,3.29e-06,3.31e-06,853.07177578
1678347000000.0,3.2999999999999997e-06,3.31e-06,3.29e-06,3.2999999999999997e-06,856.70417947
1678345200000.0,3.31e-06,3.31e-06,3.2999999999999997e-06,3.2999999999999997e-06,0.0
1678343400000.0,3.31e-06,3.31e-06,3.31e-06,3.31e-06,0.0
1678341600000.0,3.3075e-06,3.32e-06,3.3e-06,3.31e-06,41.7306932
1678339800000.0,3.3025e-06,3.31e-06,3.3e-06,3.305e-06,2.70496595
1678338000000.0,3.305e-06,3.31e-06,3.3e-06,3.3e-06,113.90978429
1678336200000.0,3.31e-06,3.31e-06,3.305e-06,3.305e-06,8.1395166
1678334400000.0,3.31e-06,3.31e-06,3.31e-06,3.31e-06,113.00236857
1678332600000.0,3.31e-06,3.31e-06,3.31e-06,3.31e-06,0.0
1678330800000.0,3.31e-06,3.31e-06,3.31e-06,3.31e-06,0.0
1678329000000.0,3.305e-06,3.31e-06,3.3e-06,3.31e-06,5.32287908
1678327200000.0,3.305e-06,3.31e-06,3.3e-06,3.305e-06,100.0
1678325400000.0,3.305e-06,3.31e-06,3.3e-06,3.305e-06,6783.60774753
1678323600000.0,3.29e-06,3.305e-06,3.28e-06,3.305e-06,7604.48825301
1678321800000.0,3.28e-06,3.29e-06,3.28e-06,3.29e-06,0.0
1678320000000.0,3.285e-06,3.29e-06,3.28e-06,3.28e-06,12.5045422
1678318200000.0,3.29e-06,3.29e-06,3.285e-06,3.285e-06,0.0
1678316400000.0,3.265e-06,3.29e-06,3.24e-06,3.29e-06,4764.39705628
1678314600000.0,3.2475000000000002e-06,3.28e-06,3.19e-06,3.265e-06,9675.66064607
1678312800000.0,3.27e-06,3.28e-06,3.26e-06,3.26e-06,110.57269655
1678311000000.0,3.28e-06,3.3e-06,3.26e-06,3.27e-06,2754.46785715
1678309200000.0,3.2975e-06,3.3e-06,3.28e-06,3.28e-06,124.56850607
1678307400000.0,3.285e-06,3.3e-06,3.27e-06,3.3e-06,3.84214544
1678305600000.0,3.285e-06,3.3e-06,3.27e-06,3.285e-06,126.76680965
1678303800000.0,3.295e-06,3.3e-06,3.285e-06,3.285e-06,3.40777494
1678302000000.0,3.285e-06,3.295e-06,3.28e-06,3.295e-06,1.84668692
1678300200000.0,3.29e-06,3.3e-06,3.28e-06,3.285e-06,5374.50496979
1678298400000.0,3.305e-06,3.31e-06,3.29e-06,3.29e-06,157.91715
1678296600000.0,3.31e-06,3.31e-06,3.305e-06,3.305e-06,0.0
1678294800000.0,3.31e-06,3.31e-06,3.31e-06,3.31e-06,0.0
1678293000000.0,3.315e-06,3.32e-06,3.31e-06,3.31e-06,3660.3191
1678291200000.0,3.32e-06,3.32e-06,3.315e-06,3.315e-06,0.0
1678289400000.0,3.315e-06,3.32e-06,3.31e-06,3.32e-06,1.33968155
1678287600000.0,3.295e-06,3.315e-06,3.27e-06,3.315e-06,5262.17384787
1678285800000.0,3.2999999999999997e-06,3.31e-06,3.29e-06,3.2999999999999997e-06,856.87805764
1678284000000.0,3.32e-06,3.33e-06,3.2999999999999997e-06,3.2999999999999997e-06,849.78610207
1678282200000.0,3.3325000000000003e-06,3.34e-06,3.32e-06,3.32e-06,852.13998023
1678280400000.0,3.34e-06,3.34e-06,3.3350000000000003e-06,3.3350000000000003e-06,0.0
1678278600000.0,3.34e-06,3.34e-06,3.34e-06,3.34e-06,0.0
1678276800000.0,3.34e-06,3.34e-06,3.34e-06,3.34e-06,0.0
1678275000000.0,3.3350000000000003e-06,3.34e-06,3.33e-06,3.34e-06,840.13856798
1678273200000.0,3.325e-06,3.3350000000000003e-06,3.32e-06,3.3350000000000003e-06,847.91726355
1678271400000.0,3.32e-06,3.325e-06,3.32e-06,3.325e-06,0.0
1678269600000.0,3.32e-06,3.32e-06,3.32e-06,3.32e-06,0.0
1678267800000.0,3.315e-06,3.32e-06,3.31e-06,3.32e-06,1.97049976
1678266000000.0,3.31e-06,3.315e-06,3.31e-06,3.315e-06,0.0
1678264200000.0,3.31e-06,3.31e-06,3.31e-06,3.31e-06,0.0
1678262400000.0,3.31e-06,3.31e-06,3.31e-06,3.31e-06,0.0
1678260600000.0,3.31e-06,3.31e-06,3.31e-06,3.31e-06,0.0
1678258800000.0,3.31e-06,3.31e-06,3.31e-06,3.31e-06,0.0
1678257000000.0,3.31e-06,3.31e-06,3.31e-06,3.31e-06,2.23280635
1678255200000.0,3.31e-06,3.31e-06,3.31e-06,3.31e-06,0.0
1678253400000.0,3.32e-06,3.33e-06,3.31e-06,3.31e-06,1557.33877881
1678251600000.0,3.33e-06,3.33e-06,3.32e-06,3.32e-06,0.0
1678249800000.0,3.325e-06,3.33e-06,3.32e-06,3.33e-06,1.74313704
1678248000000.0,3.32e-06,3.325e-06,3.32e-06,3.325e-06,0.0
1678246200000.0,3.325e-06,3.33e-06,3.32e-06,3.32e-06,104.36578578
1678244400000.0,3.33e-06,3.33e-06,3.325e-06,3.325e-06,0.0
1678242600000.0,3.33e-06,3.33e-06,3.33e-06,3.33e-06,108.46230626
1678240800000.0,3.33e-06,3.33e-06,3.33e-06,3.33e-06,0.0
1678239000000.0,3.3350000000000003e-06,3.34e-06,3.33e-06,3.33e-06,2.83154924
1678237200000.0,3.34e-06,3.34e-06,3.3350000000000003e-06,3.3350000000000003e-06,4.61022753
1678235400000.0,3.3350000000000003e-06,3.34e-06,3.33e-06,3.34e-06,3.03869458
1678233600000.0,3.33e-06,3.3350000000000003e-06,3.33e-06,3.3350000000000003e-06,0.0
1678231800000.0,3.325e-06,3.33e-06,3.32e-06,3.33e-06,5.8601232
1678230000000.0,3.32e-06,3.325e-06,3.32e-06,3.325e-06,0.0
1678228200000.0,3.325e-06,3.33e-06,3.32e-06,3.32e-06,1.45499999
1678226400000.0,3.33e-06,3.33e-06,3.325e-06,3.325e-06,0.0
1678224600000.0,3.33e-06,3.33e-06,3.33e-06,3.33e-06,0.0
1678222800000.0,3.33e-06,3.33e-06,3.33e-06,3.33e-06,524.705219
1678221000000.0,3.33e-06,3.33e-06,3.33e-06,3.33e-06,0.0
1678219200000.0,3.33e-06,3.33e-06,3.33e-06,3.33e-06,0.0
1678217400000.0,3.3275e-06,3.33e-06,3.32e-06,3.33e-06,3.03162948
1678215600000.0,3.32e-06,3.33e-06,3.31e-06,3.33e-06,847.48866007
1678213800000.0,3.315e-06,3.32e-06,3.31e-06,3.32e-06,83.2856151
1678212000000.0,3.32e-06,3.32e-06,3.315e-06,3.315e-06,83.42099999
1678210200000.0,3.315e-06,3.32e-06,3.31e-06,3.32e-06,1.29599999
1678208400000.0,3.2999999999999997e-06,3.315e-06,3.29e-06,3.315e-06,886.98783579
1678206600000.0,3.2999999999999997e-06,3.31e-06,3.29e-06,3.2999999999999997e-06,853.92570149
1678204800000.0,3.31e-06,3.31e-06,3.2999999999999997e-06,3.2999999999999997e-06,0.0
1678203000000.0,3.31e-06,3.31e-06,3.31e-06,3.31e-06,0.0
1678201200000.0,3.3099999999999996e-06,3.32e-06,3.29e-06,3.31e-06,1706.99747727
1678199400000.0,3.315e-06,3.32e-06,3.31e-06,3.315e-06,2.36099999
1678197600000.0,3.31e-06,3.315e-06,3.31e-06,3.315e-06,0.0
1678195800000.0,3.31e-06,3.31e-06,3.31e-06,3.31e-06,0.0
1678194000000.0,3.31e-06,3.31e-06,3.31e-06,3.31e-06,0.0
1678192200000.0,3.31e-06,3.31e-06,3.31e-06,3.31e-06,2.1738235
1678190400000.0,3.31e-06,3.31e-06,3.31e-06,3.31e-06,2.55770392
1678188600000.0,3.305e-06,3.31e-06,3.3e-06,3.31e-06,247.43229755
1678186800000.0,3.315e-06,3.33e-06,3.3e-06,3.305e-06,512.673457
1678185000000.0,3.33e-06,3.33e-06,3.315e-06,3.315e-06,0.0
1678183200000.0,3.33e-06,3.33e-06,3.33e-06,3.33e-06,0.0
1678181400000.0,3.3275e-06,3.34e-06,3.31e-06,3.33e-06,3501.80506629
1678179600000.0,3.3350000000000003e-06,3.34e-06,3.33e-06,3.33e-06,95.3080905
1678177800000.0,3.345e-06,3.35e-06,3.3350000000000003e-06,3.3350000000000003e-06,5369.74224896
1678176000000.0,3.35e-06,3.35e-06,3.345e-06,3.345e-06,2.51691394
1678174200000.0,3.355e-06,3.36e-06,3.35e-06,3.35e-06,101.4136119
1678172400000.0,3.36e-06,3.36e-06,3.355e-06,3.355e-06,0.0
1678170600000.0,3.36e-06,3.36e-06,3.36e-06,3.36e-06,10.25049996
1678168800000.0,3.36e-06,3.36e-06,3.36e-06,3.36e-06,0.0
1678167000000.0,3.36e-06,3.36e-06,3.36e-06,3.36e-06,0.0
1678165200000.0,3.36e-06,3.36e-06,3.36e-06,3.36e-06,0.0
1678163400000.0,3.36e-06,3.36e-06,3.36e-06,3.36e-06,1.29392436
1678161600000.0,3.355e-06,3.36e-06,3.35e-06,3.36e-06,2.09861796
1678159800000.0,3.355e-06,3.36e-06,3.35e-06,3.355e-06,10.93861159
1678158000000.0,3.36e-06,3.36e-06,3.355e-06,3.355e-06,0.0
1678156200000.0,3.365e-06,3.37e-06,3.36e-06,3.36e-06,518.20057699
1678154400000.0,3.37e-06,3.37e-06,3.365e-06,3.365e-06,0.0
1678152600000.0,3.3675e-06,3.37e-06,3.36e-06,3.37e-06,126.72744695
1678150800000.0,3.365e-06,3.37e-06,3.36e-06,3.37e-06,1053.00451716
1678149000000.0,3.3350000000000003e-06,3.365e-06,3.31e-06,3.365e-06,2189.53072054
1678147200000.0,3.31e-06,3.3350000000000003e-06,3.31e-06,3.3350000000000003e-06,0.0
1678145400000.0,3.31e-06,3.31e-06,3.31e-06,3.31e-06,0.0
1678143600000.0,3.31e-06,3.31e-06,3.31e-06,3.31e-06,0.0
1678141800000.0,3.3250000000000004e-06,3.34e-06,3.31e-06,3.31e-06,190.52316968
1678140000000.0,3.3300000000000003e-06,3.34e-06,3.32e-06,3.3250000000000004e-06,101.48762874
1678138200000.0,3.32e-06,3.3300000000000003e-06,3.32e-06,3.3300000000000003e-06,1.40863499
1678136400000.0,3.325e-06,3.33e-06,3.32e-06,3.32e-06,75.57315793
1678134600000.0,3.325e-06,3.33e-06,3.32e-06,3.325e-06,2.82585699
1678132800000.0,3.325e-06,3.33e-06,3.32e-06,3.325e-06,1.63642793
1678131000000.0,3.33e-06,3.33e-06,3.325e-06,3.325e-06,0.0
1678129200000.0,3.325e-06,3.33e-06,3.32e-06,3.33e-06,10.63701811
1678127400000.0,3.3225e-06,3.33e-06,3.32e-06,3.325e-06,854.0124657
1678125600000.0,3.32e-06,3.32e-06,3.32e-06,3.32e-06,3.72770124
1678123800000.0,3.3175e-06,3.32e-06,3.31e-06,3.32e-06,2.40055834
1678122000000.0,3.315e-06,3.32e-06,3.31e-06,3.32e-06,1.31399999
1678120200000.0,3.315e-06,3.32e-06,3.31e-06,3.315e-06,1.91721234
1678118400000.0,3.32e-06,3.32e-06,3.315e-06,3.315e-06,353.84464365
1678116600000.0,3.315e-06,3.32e-06,3.31e-06,3.32e-06,3.49499999
1678114800000.0,3.31e-06,3.315e-06,3.31e-06,3.315e-06,0.0
1678113000000.0,3.305e-06,3.31e-06,3.3e-06,3.31e-06,95.599015
1678111200000.0,3.305e-06,3.31e-06,3.3e-06,3.305e-06,1576.13588666
1678109400000.0,3.31e-06,3.31e-06,3.305e-06,3.305e-06,0.0
1678107600000.0,3.31e-06,3.31e-06,3.31e-06,3.31e-06,0.0
1678105800000.0,3.295e-06,3.31e-06,3.28e-06,3.31e-06,58.54684684
1678104000000.0,3.29e-06,3.3e-06,3.28e-06,3.295e-06,1630.51528992
1678102200000.0,3.295e-06,3.3e-06,3.29e-06,3.29e-06,108.16861817
1678100400000.0,3.29e-06,3.295e-06,3.29e-06,3.295e-06,0.0
1678098600000.0,3.29e-06,3.29e-06,3.29e-06,3.29e-06,0.0
1678096800000.0,3.29e-06,3.29e-06,3.29e-06,3.29e-06,0.0
1678095000000.0,3.29e-06,3.29e-06,3.29e-06,3.29e-06,0.0
1678093200000.0,3.295e-06,3.3e-06,3.29e-06,3.29e-06,112.10377042
1678091400000.0,3.3e-06,3.3e-06,3.295e-06,3.295e-06,112.61741817
1678089600000.0,3.3e-06,3.3e-06,3.3e-06,3.3e-06,0.0
1678087800000.0,3.3e-06,3.3e-06,3.3e-06,3.3e-06,0.0
1678086000000.0,3.3e-06,3.3e-06,3.3e-06,3.3e-06,54.0
1678084200000.0,3.3e-06,3.3e-06,3.3e-06,3.3e-06,0.0
1678082400000.0,3.3e-06,3.3e-06,3.3e-06,3.3e-06,108.23598355
1678080600000.0,3.3e-06,3.3e-06,3.3e-06,3.3e-06,1.26159999
1678078800000.0,3.305e-06,3.31e-06,3.3e-06,3.3e-06,111.20189089
1678077000000.0,3.31e-06,3.31e-06,3.305e-06,3.305e-06,0.0
1678075200000.0,3.305e-06,3.31e-06,3.3e-06,3.31e-06,379.85976378
1678073400000.0,3.305e-06,3.31e-06,3.3e-06,3.305e-06,411.090702
1678071600000.0,3.2999999999999997e-06,3.31e-06,3.29e-06,3.305e-06,474.51748098
1678069800000.0,3.29e-06,3.2999999999999997e-06,3.29e-06,3.2999999999999997e-06,0.0
1678068000000.0,3.2999999999999997e-06,3.31e-06,3.29e-06,3.29e-06,970.27324069
1678066200000.0,3.31e-06,3.31e-06,3.2999999999999997e-06,3.2999999999999997e-06,0.0
1678064400000.0,3.3099999999999996e-06,3.32e-06,3.29e-06,3.31e-06,3441.40547492
1678062600000.0,3.32e-06,3.32e-06,3.315e-06,3.315e-06,0.0
1678060800000.0,3.3300000000000003e-06,3.34e-06,3.32e-06,3.32e-06,68.25181718
1678059000000.0,3.3350000000000003e-06,3.34e-06,3.33e-06,3.3300000000000003e-06,1.98305388
1678057200000.0,3.3325000000000003e-06,3.34e-06,3.32e-06,3.3350000000000003e-06,1995.27437206
1678055400000.0,3.34e-06,3.34e-06,3.3350000000000003e-06,3.3350000000000003e-06,809.9540246
1678053600000.0,3.35e-06,3.36e-06,3.34e-06,3.34e-06,32.2311569
1678051800000.0,3.36e-06,3.36e-06,3.35e-06,3.35e-06,0.0
1678050000000.0,3.36e-06,3.36e-06,3.36e-06,3.36e-06,0.0
1678048200000.0,3.36e-06,3.36e-06,3.36e-06,3.36e-06,1.80173915
1678046400000.0,3.36e-06,3.36e-06,3.36e-06,3.36e-06,8.246462
1678044600000.0,3.355e-06,3.36e-06,3.35e-06,3.36e-06,1.1175357
1678042800000.0,3.35e-06,3.355e-06,3.35e-06,3.355e-06,1281.27556421
1678041000000.0,3.35e-06,3.35e-06,3.35e-06,3.35e-06,0.0
1678039200000.0,3.35e-06,3.35e-06,3.35e-06,3.35e-06,0.0
1678037400000.0,3.35e-06,3.35e-06,3.35e-06,3.35e-06,0.0
1678035600000.0,3.355e-06,3.36e-06,3.35e-06,3.35e-06,1.21297944
1678033800000.0,3.355e-06,3.36e-06,3.35e-06,3.355e-06,116.57988165
1678032000000.0,3.35e-06,3.355e-06,3.35e-06,3.355e-06,2.49766276
1678030200000.0,3.3525e-06,3.36e-06,3.35e-06,3.35e-06,704.32381942
1678028400000.0,3.355e-06,3.36e-06,3.35e-06,3.35e-06,69.06120386
1678026600000.0,3.34e-06,3.36e-06,3.32e-06,3.355e-06,202.67971428
1678024800000.0,3.34e-06,3.36e-06,3.32e-06,3.34e-06,101.87359125
1678023000000.0,3.34e-06,3.36e-06,3.32e-06,3.34e-06,14.48942852
1678021200000.0,3.34e-06,3.36e-06,3.32e-06,3.34e-06,314.36057648
1678019400000.0,3.34e-06,3.36e-06,3.32e-06,3.34e-06,115.08542855
1678017600000.0,3.35e-06,3.38e-06,3.32e-06,3.34e-06,1020.0
1678015800000.0,3.38e-06,3.38e-06,3.35e-06,3.35e-06,2.25426034
1678014000000.0,3.375e-06,3.38e-06,3.37e-06,3.38e-06,7.1930059
1678012200000.0,3.37e-06,3.375e-06,3.37e-06,3.375e-06,0.0
1678010400000.0,3.375e-06,3.38e-06,3.37e-06,3.37e-06,4.70040727
1678008600000.0,3.3675e-06,3.38e-06,3.35e-06,3.375e-06,2.4940572
1678006800000.0,3.36e-06,3.37e-06,3.36e-06,3.37e-06,2.48124518
1678005000000.0,3.36e-06,3.36e-06,3.36e-06,3.36e-06,0.0
1678003200000.0,3.365e-06,3.37e-06,3.36e-06,3.36e-06,9.38932166
1678001400000.0,3.37e-06,3.37e-06,3.365e-06,3.365e-06,0.0
1677999600000.0,3.37e-06,3.37e-06,3.37e-06,3.37e-06,2.7574718
1677997800000.0,3.365e-06,3.37e-06,3.36e-06,3.37e-06,1.29154895
1677996000000.0,3.365e-06,3.37e-06,3.36e-06,3.365e-06,5.91409313
1677994200000.0,3.37e-06,3.37e-06,3.365e-06,3.365e-06,1.37580898
1677992400000.0,3.37e-06,3.37e-06,3.37e-06,3.37e-06,4.37382513
1677990600000.0,3.37e-06,3.37e-06,3.37e-06,3.37e-06,2.5824671
1677988800000.0,3.37e-06,3.37e-06,3.37e-06,3.37e-06,0.0
1677987000000.0,3.37e-06,3.37e-06,3.37e-06,3.37e-06,0.0
1677985200000.0,3.37e-06,3.37e-06,3.37e-06,3.37e-06,0.0
1677983400000.0,3.36e-06,3.37e-06,3.35e-06,3.37e-06,1053.00451716
1677981600000.0,3.35e-06,3.36e-06,3.35e-06,3.36e-06,6.93808924
1677979800000.0,3.355e-06,3.36e-06,3.35e-06,3.35e-06,3.36257159
1677978000000.0,3.35e-06,3.36e-06,3.34e-06,3.355e-06,1615.33596852
1677976200000.0,3.3350000000000003e-06,3.35e-06,3.33e-06,3.35e-06,1.10612648
1677974400000.0,3.3325e-06,3.34e-06,3.33e-06,3.3350000000000003e-06,982.44415763
1677972600000.0,3.33e-06,3.33e-06,3.33e-06,3.33e-06,707.92798955
1677970800000.0,3.315e-06,3.33e-06,3.3e-06,3.33e-06,2836.06552221
1677969000000.0,3.2975e-06,3.315e-06,3.29e-06,3.315e-06,44.95799566
1677967200000.0,3.3049999999999997e-06,3.33e-06,3.27e-06,3.295e-06,4179746.59681215
1677965400000.0,3.32e-06,3.33e-06,3.3099999999999996e-06,3.3099999999999996e-06,3.87333332
1677963600000.0,3.3225e-06,3.34e-06,3.31e-06,3.32e-06,879.10015198
1677961800000.0,3.3350000000000003e-06,3.36e-06,3.29e-06,3.32e-06,7122.45786733
1677960000000.0,3.3575e-06,3.37e-06,3.345e-06,3.345e-06,126.06660198
1677958200000.0,3.365e-06,3.38e-06,3.35e-06,3.355e-06,1807.91702245
1677956400000.0,3.38e-06,3.39e-06,3.365e-06,3.365e-06,2003.15282381
1677954600000.0,3.3825e-06,3.39e-06,3.38e-06,3.38e-06,2.48599276
1677952800000.0,3.3899999999999997e-06,3.4e-06,3.38e-06,3.38e-06,2944.82771942
1677951000000.0,3.4e-06,3.4e-06,3.3899999999999997e-06,3.3899999999999997e-06,1.00771764
1677949200000.0,3.405e-06,3.41e-06,3.4e-06,3.4e-06,1.29126593
1677947400000.0,3.405e-06,3.41e-06,3.4e-06,3.405e-06,1.63565981
1677945600000.0,3.4e-06,3.405e-06,3.4e-06,3.405e-06,259.2368421
1677943800000.0,3.405e-06,3.41e-06,3.4e-06,3.4e-06,12017.81151042
1677942000000.0,3.405e-06,3.41e-06,3.4e-06,3.405e-06,1.98323753
1677940200000.0,3.4e-06,3.405e-06,3.4e-06,3.405e-06,0.0
1677938400000.0,3.4e-06,3.4e-06,3.4e-06,3.4e-06,6.08022668
1677936600000.0,3.395e-06,3.4e-06,3.39e-06,3.4e-06,1.68173195
1677934800000.0,3.4e-06,3.41e-06,3.39e-06,3.395e-06,188.31686181
1677933000000.0,3.41e-06,3.41e-06,3.4e-06,3.4e-06,1.84303812
1677931200000.0,3.41e-06,3.41e-06,3.41e-06,3.41e-06,0.0
1677929400000.0,3.41e-06,3.41e-06,3.41e-06,3.41e-06,0.0
1677927600000.0,3.4125e-06,3.42e-06,3.41e-06,3.41e-06,510.33456892
1677925800000.0,3.41e-06,3.41e-06,3.41e-06,3.41e-06,200.0
1677924000000.0,3.415e-06,3.42e-06,3.41e-06,3.41e-06,4578.009808
1677922200000.0,3.42e-06,3.42e-06,3.415e-06,3.415e-06,0.0
1677920400000.0,3.42e-06,3.42e-06,3.42e-06,3.42e-06,0.0
1677918600000.0,3.425e-06,3.43e-06,3.42e-06,3.42e-06,1.85803508
1677916800000.0,3.43e-06,3.43e-06,3.4250000000000002e-06,3.4250000000000002e-06,0.0
1677915000000.0,3.425e-06,3.43e-06,3.42e-06,3.43e-06,123.68289855
1677913200000.0,3.42e-06,3.4250000000000002e-06,3.42e-06,3.4250000000000002e-06,1.03721087
1677911400000.0,3.42e-06,3.42e-06,3.42e-06,3.42e-06,0.0
1677909600000.0,3.415e-06,3.42e-06,3.41e-06,3.42e-06,2.32399999
1677907800000.0,3.4200000000000003e-06,3.43e-06,3.41e-06,3.415e-06,952.21099543
1677906000000.0,3.4275000000000002e-06,3.43e-06,3.42e-06,3.4200000000000003e-06,958.98081953
1677904200000.0,3.4325e-06,3.44e-06,3.42e-06,3.43e-06,343.34089186
1677902400000.0,3.435e-06,3.44e-06,3.43e-06,3.435e-06,9044.82479057
1677900600000.0,3.435e-06,3.44e-06,3.43e-06,3.435e-06,2.86023322
1677898800000.0,3.445e-06,3.45e-06,3.435e-06,3.435e-06,3.67709301
1677897000000.0,3.45e-06,3.45e-06,3.445e-06,3.445e-06,0.0
1677895200000.0,3.44e-06,3.45e-06,3.43e-06,3.45e-06,5.14744347
1677893400000.0,3.435e-06,3.44e-06,3.43e-06,3.44e-06,202.17839827
1677891600000.0,3.44e-06,3.44e-06,3.435e-06,3.435e-06,1.31892127
1677889800000.0,3.435e-06,3.44e-06,3.43e-06,3.44e-06,596.5622525
1677888000000.0,3.4225e-06,3.44e-06,3.41e-06,3.435e-06,331.70267036
1677886200000.0,3.415e-06,3.4200000000000003e-06,3.41e-06,3.4200000000000003e-06,495.376416
1677884400000.0,3.42e-06,3.42e-06,3.415e-06,3.415e-06,0.0
1677882600000.0,3.42e-06,3.42e-06,3.42e-06,3.42e-06,0.0
1677880800000.0,3.42e-06,3.42e-06,3.42e-06,3.42e-06,0.0
1677879000000.0,3.4175e-06,3.43e-06,3.41e-06,3.42e-06,827.56266852
1677877200000.0,3.41e-06,3.415e-06,3.41e-06,3.415e-06,219.31
1677875400000.0,3.415e-06,3.42e-06,3.41e-06,3.41e-06,2.002923
1677873600000.0,3.415e-06,3.42e-06,3.41e-06,3.415e-06,4963.0
1677871800000.0,3.41e-06,3.415e-06,3.41e-06,3.415e-06,1.48566508
1677870000000.0,3.415e-06,3.42e-06,3.41e-06,3.41e-06,1.33850862
1677868200000.0,3.42e-06,3.42e-06,3.415e-06,3.415e-06,0.0
1677866400000.0,3.41e-06,3.42e-06,3.4e-06,3.42e-06,1793.72972673
1677864600000.0,3.4e-06,3.41e-06,3.4e-06,3.41e-06,0.0
1677862800000.0,3.4e-06,3.4e-06,3.4e-06,3.4e-06,0.0
1677861000000.0,3.4e-06,3.4e-06,3.4e-06,3.4e-06,1.55057975
1677859200000.0,3.4e-06,3.4e-06,3.4e-06,3.4e-06,2.6548844
1677857400000.0,3.4e-06,3.4e-06,3.4e-06,3.4e-06,0.0
1677855600000.0,3.4025e-06,3.41e-06,3.4e-06,3.4e-06,901.09902389
1677853800000.0,3.4e-06,3.4e-06,3.4e-06,3.4e-06,0.0
1677852000000.0,3.4e-06,3.4e-06,3.4e-06,3.4e-06,3.37361104
1677850200000.0,3.3975e-06,3.4e-06,3.39e-06,3.4e-06,119.12587223
1677848400000.0,3.4e-06,3.4e-06,3.4e-06,3.4e-06,0.0
1677846600000.0,3.395e-06,3.4e-06,3.39e-06,3.4e-06,115.85237646
1677844800000.0,3.395e-06,3.4e-06,3.39e-06,3.395e-06,3.20614327
1677843000000.0,3.4e-06,3.4e-06,3.395e-06,3.395e-06,1.14580848
1677841200000.0,3.3899999999999997e-06,3.4e-06,3.38e-06,3.4e-06,212.62309863
1677839400000.0,3.38e-06,3.3899999999999997e-06,3.38e-06,3.3899999999999997e-06,0.0
1677837600000.0,3.38e-06,3.38e-06,3.38e-06,3.38e-06,0.0
1677835800000.0,3.38e-06,3.38e-06,3.38e-06,3.38e-06,0.0
1677834000000.0,3.38e-06,3.38e-06,3.38e-06,3.38e-06,0.0
1677832200000.0,3.38e-06,3.38e-06,3.38e-06,3.38e-06,4.1558734
1677830400000.0,3.3849999999999998e-06,3.39e-06,3.38e-06,3.38e-06,1.18005857
1677828600000.0,3.3849999999999998e-06,3.39e-06,3.38e-06,3.3849999999999998e-06,159.75366568
1677826800000.0,3.38e-06,3.3849999999999998e-06,3.38e-06,3.3849999999999998e-06,0.0
1677825000000.0,3.38e-06,3.38e-06,3.38e-06,3.38e-06,0.0
1677823200000.0,3.3849999999999998e-06,3.39e-06,3.38e-06,3.38e-06,1.26120709
1677821400000.0,3.39e-06,3.39e-06,3.3849999999999998e-06,3.3849999999999998e-06,0.0
1677819600000.0,3.3849999999999998e-06,3.39e-06,3.38e-06,3.39e-06,1610.44983224
1677817800000.0,3.375e-06,3.3849999999999998e-06,3.37e-06,3.3849999999999998e-06,835.29944713
1677816000000.0,3.36e-06,3.375e-06,3.35e-06,3.375e-06,1033.56626198
1677814200000.0,3.355e-06,3.36e-06,3.35e-06,3.36e-06,21.22260364
1677812400000.0,3.3625e-06,3.37e-06,3.355e-06,3.355e-06,27.55511908
1677810600000.0,3.355e-06,3.36e-06,3.35e-06,3.36e-06,943.05315185
1677808800000.0,3.3475e-06,3.36e-06,3.34e-06,3.355e-06,949.99901556
1677807000000.0,3.34e-06,3.38e-06,3.26e-06,3.345e-06,23712.17753782
1677805200000.0,3.3975e-06,3.44e-06,3.33e-06,3.36e-06,17332.54651895
1677803400000.0,3.435e-06,3.44e-06,3.41e-06,3.41e-06,124.59567879
1677801600000.0,3.435e-06,3.44e-06,3.43e-06,3.435e-06,3.93803874
1677799800000.0,3.44e-06,3.44e-06,3.435e-06,3.435e-06,0.0
1677798000000.0,3.44e-06,3.44e-06,3.44e-06,3.44e-06,0.0
1677796200000.0,3.445e-06,3.46e-06,3.44e-06,3.44e-06,3266.37544486
1677794400000.0,3.435e-06,3.44e-06,3.43e-06,3.44e-06,761.78465688
1677792600000.0,3.43e-06,3.435e-06,3.43e-06,3.435e-06,0.0
1677790800000.0,3.43e-06,3.43e-06,3.43e-06,3.43e-06,0.0
1677789000000.0,3.44e-06,3.45e-06,3.43e-06,3.43e-06,80.87753621
1677787200000.0,3.45e-06,3.45e-06,3.44e-06,3.44e-06,0.0
1677785400000.0,3.445e-06,3.45e-06,3.44e-06,3.45e-06,780.89002897
1677783600000.0,3.44e-06,3.445e-06,3.44e-06,3.445e-06,0.0
1677781800000.0,3.44e-06,3.44e-06,3.44e-06,3.44e-06,1.00049479
1677780000000.0,3.44e-06,3.44e-06,3.44e-06,3.44e-06,2.69151571
1677778200000.0,3.435e-06,3.44e-06,3.43e-06,3.44e-06,1282.33559866
1677776400000.0,3.43e-06,3.435e-06,3.43e-06,3.435e-06,0.0
1677774600000.0,3.43e-06,3.43e-06,3.43e-06,3.43e-06,57.78696947
1677772800000.0,3.435e-06,3.44e-06,3.43e-06,3.43e-06,9.52733691
1677771000000.0,3.4299999999999998e-06,3.44e-06,3.42e-06,3.435e-06,57.3713372
1677769200000.0,3.42e-06,3.43e-06,3.42e-06,3.43e-06,0.0
1677767400000.0,3.42e-06,3.42e-06,3.42e-06,3.42e-06,0.0
1677765600000.0,3.4299999999999998e-06,3.44e-06,3.42e-06,3.42e-06,24003.90111373
1677763800000.0,3.44e-06,3.44e-06,3.43e-06,3.43e-06,1.06531287
1677762000000.0,3.44e-06,3.44e-06,3.44e-06,3.44e-06,4.80955666
1677760200000.0,3.445e-06,3.45e-06,3.44e-06,3.44e-06,100.0
1677758400000.0,3.445e-06,3.45e-06,3.44e-06,3.445e-06,1.60803477
1677756600000.0,3.445e-06,3.45e-06,3.44e-06,3.445e-06,1183.03407537
1677754800000.0,3.4475000000000005e-06,3.45e-06,3.44e-06,3.445e-06,484.46979839
1677753000000.0,3.45e-06,3.45e-06,3.45e-06,3.45e-06,0.0
1677751200000.0,3.45e-06,3.45e-06,3.45e-06,3.45e-06,0.0
1677749400000.0,3.45e-06,3.45e-06,3.45e-06,3.45e-06,568.35043557
1677747600000.0,3.45e-06,3.45e-06,3.45e-06,3.45e-06,0.0
1677745800000.0,3.45e-06,3.45e-06,3.45e-06,3.45e-06,0.0
1677744000000.0,3.45e-06,3.45e-06,3.45e-06,3.45e-06,0.0
1677742200000.0,3.45e-06,3.45e-06,3.45e-06,3.45e-06,2.72685075
1677740400000.0,3.45e-06,3.45e-06,3.45e-06,3.45e-06,0.0
1677738600000.0,3.445e-06,3.45e-06,3.44e-06,3.45e-06,6.16076521
1677736800000.0,3.445e-06,3.45e-06,3.44e-06,3.445e-06,3.59234323
1677735000000.0,3.45e-06,3.45e-06,3.445e-06,3.445e-06,0.0
1677733200000.0,3.45e-06,3.45e-06,3.45e-06,3.45e-06,25.165797
1677731400000.0,3.45e-06,3.45e-06,3.45e-06,3.45e-06,0.0
1677729600000.0,3.45e-06,3.45e-06,3.45e-06,3.45e-06,11.32264347
1677727800000.0,3.45e-06,3.45e-06,3.45e-06,3.45e-06,2.14212173
1677726000000.0,3.445e-06,3.45e-06,3.44e-06,3.45e-06,1.14323477
1677724200000.0,3.445e-06,3.45e-06,3.44e-06,3.445e-06,2206.41555246
1677722400000.0,3.45e-06,3.45e-06,3.445e-06,3.445e-06,0.0
1677720600000.0,3.45e-06,3.45e-06,3.45e-06,3.45e-06,0.0
1677718800000.0,3.455e-06,3.46e-06,3.45e-06,3.45e-06,53.26454774
1677717000000.0,3.46e-06,3.46e-06,3.455e-06,3.455e-06,52.20652023
1677715200000.0,3.4625000000000003e-06,3.47e-06,3.46e-06,3.46e-06,306.46318692
1677713400000.0,3.465e-06,3.47e-06,3.46e-06,3.46e-06,510.627273
1677711600000.0,3.4849999999999997e-06,3.5e-06,3.465e-06,3.465e-06,49.34198594
1677709800000.0,3.49e-06,3.5e-06,3.48e-06,3.4849999999999997e-06,49.83130285
1677708000000.0,3.48e-06,3.49e-06,3.48e-06,3.49e-06,0.0
1677706200000.0,3.48e-06,3.48e-06,3.48e-06,3.48e-06,1.35100539
1677704400000.0,3.4825e-06,3.49e-06,3.48e-06,3.48e-06,670.86852499
1677702600000.0,3.48e-06,3.48e-06,3.48e-06,3.48e-06,20.58113791
1677700800000.0,3.48e-06,3.48e-06,3.48e-06,3.48e-06,0.0
1677699000000.0,3.46e-06,3.48e-06,3.44e-06,3.48e-06,229.90085714
1677697200000.0,3.44e-06,3.46e-06,3.44e-06,3.46e-06,0.0
1677695400000.0,3.44e-06,3.44e-06,3.44e-06,3.44e-06,0.0
1677693600000.0,3.44e-06,3.44e-06,3.44e-06,3.44e-06,0.0
1677691800000.0,3.44e-06,3.44e-06,3.44e-06,3.44e-06,0.0
1677690000000.0,3.45e-06,3.46e-06,3.44e-06,3.44e-06,54.84320743
1677688200000.0,3.47e-06,3.48e-06,3.45e-06,3.45e-06,52.36484392
1677686400000.0,3.48e-06,3.48e-06,3.47e-06,3.47e-06,0.0
1677684600000.0,3.48e-06,3.48e-06,3.48e-06,3.48e-06,0.0
1677682800000.0,3.47e-06,3.48e-06,3.46e-06,3.48e-06,3.26848274
1677681000000.0,3.455e-06,3.47e-06,3.44e-06,3.47e-06,876.07260588
1677679200000.0,3.4625000000000003e-06,3.47e-06,3.46e-06,3.46e-06,5.6688835
1677677400000.0,3.46e-06,3.46e-06,3.46e-06,3.46e-06,0.0
1677675600000.0,3.46e-06,3.46e-06,3.46e-06,3.46e-06,0.0
1677673800000.0,3.46e-06,3.46e-06,3.46e-06,3.46e-06,1415.37356321
1677672000000.0,3.46e-06,3.46e-06,3.46e-06,3.46e-06,0.0
1677670200000.0,3.46e-06,3.46e-06,3.46e-06,3.46e-06,0.0
1677668400000.0,3.46e-06,3.46e-06,3.46e-06,3.46e-06,100.6551686
1677666600000.0,3.455e-06,3.46e-06,3.45e-06,3.46e-06,14.58017338
1677664800000.0,3.455e-06,3.46e-06,3.45e-06,3.455e-06,2.40483476
1677663000000.0,3.46e-06,3.46e-06,3.455e-06,3.455e-06,0.0
1677661200000.0,3.465e-06,3.47e-06,3.46e-06,3.46e-06,171.5433908
1677659400000.0,3.47e-06,3.47e-06,3.465e-06,3.465e-06,0.0
1677657600000.0,3.47e-06,3.47e-06,3.47e-06,3.47e-06,0.0
1677655800000.0,3.47e-06,3.47e-06,3.47e-06,3.47e-06,0.0
1677654000000.0,3.46e-06,3.47e-06,3.45e-06,3.47e-06,7.12904084
1677652200000.0,3.45e-06,3.46e-06,3.45e-06,3.46e-06,0.0
1677650400000.0,3.46e-06,3.47e-06,3.45e-06,3.45e-06,81.17609854
1677648600000.0,3.47e-06,3.47e-06,3.46e-06,3.46e-06,59.47296829
1677646800000.0,3.465e-06,3.47e-06,3.46e-06,3.47e-06,12.44282416
1677645000000.0,3.47e-06,3.48e-06,3.46e-06,3.465e-06,1557.43090994
1677643200000.0,3.49e-06,3.5e-06,3.47e-06,3.47e-06,61.84222571
1677641400000.0,3.495e-06,3.5e-06,3.49e-06,3.49e-06,757.31353791
1677639600000.0,3.49e-06,3.495e-06,3.49e-06,3.495e-06,0.0
1677637800000.0,3.495e-06,3.5e-06,3.49e-06,3.49e-06,48.34453989
1677636000000.0,3.5e-06,3.5e-06,3.495e-06,3.495e-06,0.0
1677634200000.0,3.495e-06,3.5e-06,3.49e-06,3.5e-06,49.18248
1677632400000.0,3.485e-06,3.495e-06,3.48e-06,3.495e-06,3.02510028
1677630600000.0,3.48e-06,3.485e-06,3.48e-06,3.485e-06,0.0
1677628800000.0,3.485e-06,3.49e-06,3.48e-06,3.48e-06,6.83972584
1677627000000.0,3.485e-06,3.49e-06,3.48e-06,3.485e-06,3.12041554
1677625200000.0,3.46e-06,3.485e-06,3.44e-06,3.485e-06,829.40043661
1677623400000.0,3.44e-06,3.46e-06,3.44e-06,3.46e-06,0.0
1677621600000.0,3.45e-06,3.46e-06,3.44e-06,3.44e-06,1.74768232
1677619800000.0,3.46e-06,3.46e-06,3.45e-06,3.45e-06,0.0
1677618000000.0,3.47e-06,3.48e-06,3.46e-06,3.46e-06,2550.46389841
1677616200000.0,3.4825e-06,3.49e-06,3.47e-06,3.47e-06,67.69095066
1677614400000.0,3.49e-06,3.5e-06,3.48e-06,3.48e-06,1669.61584102
1677612600000.0,3.5e-06,3.5e-06,3.49e-06,3.49e-06,59.05141712
1677610800000.0,3.5100000000000003e-06,3.52e-06,3.5e-06,3.5e-06,9.39280647
1677609000000.0,3.4949999999999996e-06,3.52e-06,3.47e-06,3.5100000000000003e-06,7635.2532667
1677607200000.0,3.4749999999999998e-06,3.495e-06,3.47e-06,3.495e-06,52.75143931
1677605400000.0,3.48e-06,3.48e-06,3.4749999999999998e-06,3.4749999999999998e-06,807.19387912
1677603600000.0,3.48e-06,3.48e-06,3.48e-06,3.48e-06,3.98399998
1677601800000.0,3.4749999999999998e-06,3.48e-06,3.46e-06,3.48e-06,65701.20779309
1677600000000.0,3.485e-06,3.49e-06,3.48e-06,3.48e-06,966.51889913
1677598200000.0,3.4799999999999997e-06,3.49e-06,3.47e-06,3.485e-06,56.50088251
1677596400000.0,3.4799999999999997e-06,3.49e-06,3.47e-06,3.4799999999999997e-06,16500.0
1677594600000.0,3.4875e-06,3.5e-06,3.4799999999999997e-06,3.4799999999999997e-06,3.03146847
1677592800000.0,3.485e-06,3.5e-06,3.48e-06,3.485e-06,183.59467427
1677591000000.0,3.49e-06,3.5e-06,3.48e-06,3.48e-06,46.924773
1677589200000.0,3.5e-06,3.5e-06,3.49e-06,3.49e-06,122.60568181
1677587400000.0,3.49e-06,3.5e-06,3.48e-06,3.5e-06,2.22819427
1677585600000.0,3.485e-06,3.49e-06,3.48e-06,3.49e-06,35.51251
1677583800000.0,3.49e-06,3.49e-06,3.485e-06,3.485e-06,0.0
1677582000000.0,3.4925e-06,3.5e-06,3.48e-06,3.49e-06,3333.16573746
1677580200000.0,3.4925e-06,3.5e-06,3.48e-06,3.495e-06,23.09263841
1677578400000.0,3.485e-06,3.495e-06,3.48e-06,3.495e-06,1.15867048
1677576600000.0,3.49e-06,3.5e-06,3.48e-06,3.485e-06,57.10905271
1677574800000.0,3.495e-06,3.5e-06,3.49e-06,3.49e-06,1.78710856
1677573000000.0,3.4925e-06,3.5e-06,3.49e-06,3.495e-06,58.66910478
1677571200000.0,3.49e-06,3.49e-06,3.49e-06,3.49e-06,0.0
1677569400000.0,3.5e-06,3.51e-06,3.49e-06,3.49e-06,870.54900196
1677567600000.0,3.51e-06,3.51e-06,3.5e-06,3.5e-06,0.0
1677565800000.0,3.5150000000000002e-06,3.52e-06,3.51e-06,3.51e-06,61.39236557
1677564000000.0,3.5150000000000002e-06,3.52e-06,3.51e-06,3.5150000000000002e-06,1110.31633945
1677562200000.0,3.52e-06,3.53e-06,3.51e-06,3.5150000000000002e-06,5.38864831
1677560400000.0,3.5150000000000002e-06,3.53e-06,3.5e-06,3.52e-06,1609.89138409
1677558600000.0,3.5e-06,3.5150000000000002e-06,3.5e-06,3.5150000000000002e-06,3.66396621
1677556800000.0,3.495e-06,3.5e-06,3.49e-06,3.5e-06,549.55567701
1677555000000.0,3.495e-06,3.5e-06,3.49e-06,3.495e-06,133.62819359
1677553200000.0,3.495e-06,3.5e-06,3.49e-06,3.495e-06,246.40566148
1677551400000.0,3.4925e-06,3.5e-06,3.48e-06,3.495e-06,1611.00819854
1677549600000.0,3.495e-06,3.5e-06,3.49e-06,3.495e-06,10.96453713
1677547800000.0,3.5050000000000003e-06,3.52e-06,3.49e-06,3.495e-06,2.32691577
1677546000000.0,3.52e-06,3.52e-06,3.5050000000000003e-06,3.5050000000000003e-06,16.54372612
1677544200000.0,3.4900000000000005e-06,3.52e-06,3.46e-06,3.52e-06,3198.48843104
1677542400000.0,3.46e-06,3.49e-06,3.46e-06,3.49e-06,53.96682181
1677540600000.0,3.46e-06,3.46e-06,3.46e-06,3.46e-06,243.68489067
1677538800000.0,3.46e-06,3.46e-06,3.46e-06,3.46e-06,4.69501732
1677537000000.0,3.46e-06,3.46e-06,3.46e-06,3.46e-06,0.0
1677535200000.0,3.46e-06,3.46e-06,3.46e-06,3.46e-06,4.59785746
1677533400000.0,3.455e-06,3.46e-06,3.45e-06,3.46e-06,3.00798196
1677531600000.0,3.455e-06,3.46e-06,3.45e-06,3.455e-06,4.16273374
1677529800000.0,3.46e-06,3.46e-06,3.455e-06,3.455e-06,1000.0
1677528000000.0,3.46e-06,3.46e-06,3.46e-06,3.46e-06,5.99822581
1677526200000.0,3.455e-06,3.46e-06,3.45e-06,3.46e-06,4.41527126
1677524400000.0,3.45e-06,3.455e-06,3.45e-06,3.455e-06,9.16480879
1677522600000.0,3.45e-06,3.45e-06,3.45e-06,3.45e-06,1.57509143
1677520800000.0,3.45e-06,3.45e-06,3.45e-06,3.45e-06,0.0
1677519000000.0,3.455e-06,3.46e-06,3.45e-06,3.45e-06,5812.0
1677517200000.0,3.46e-06,3.46e-06,3.455e-06,3.455e-06,11.11177511
1677515400000.0,3.4675000000000003e-06,3.49e-06,3.46e-06,3.46e-06,37102.61822661
1677513600000.0,3.45e-06,3.46e-06,3.44e-06,3.46e-06,815.87387859
1677511800000.0,3.44e-06,3.45e-06,3.44e-06,3.45e-06,0.0
1677510000000.0,3.44e-06,3.44e-06,3.44e-06,3.44e-06,2317.09510858
1677508200000.0,3.44e-06,3.44e-06,3.44e-06,3.44e-06,0.0
1677506400000.0,3.45e-06,3.47e-06,3.44e-06,3.44e-06,58.7885558
1677504600000.0,3.455e-06,3.46e-06,3.445e-06,3.445e-06,55.96942607
1677502800000.0,3.46e-06,3.46e-06,3.455e-06,3.455e-06,1.23492485
1677501000000.0,3.46e-06,3.46e-06,3.46e-06,3.46e-06,1.54005779
1677499200000.0,3.46e-06,3.46e-06,3.46e-06,3.46e-06,0.0
1677497400000.0,3.46e-06,3.46e-06,3.46e-06,3.46e-06,509.703435
1677495600000.0,3.4574999999999995e-06,3.47e-06,3.45e-06,3.46e-06,2.29953039
1677493800000.0,3.45e-06,3.455e-06,3.45e-06,3.455e-06,0.0
1677492000000.0,3.45e-06,3.45e-06,3.45e-06,3.45e-06,0.0
1677490200000.0,3.45e-06,3.45e-06,3.45e-06,3.45e-06,0.0
1677488400000.0,3.46e-06,3.47e-06,3.45e-06,3.45e-06,4.47754762
1677486600000.0,3.47e-06,3.47e-06,3.46e-06,3.46e-06,0.0
1677484800000.0,3.47e-06,3.47e-06,3.47e-06,3.47e-06,3.58502591
1677483000000.0,3.465e-06,3.47e-06,3.46e-06,3.47e-06,1517.05975757
1677481200000.0,3.47e-06,3.48e-06,3.46e-06,3.465e-06,61.92275396
1677479400000.0,3.48e-06,3.48e-06,3.47e-06,3.47e-06,60.70734482
1677477600000.0,3.48e-06,3.48e-06,3.48e-06,3.48e-06,14898.0
1677475800000.0,3.48e-06,3.48e-06,3.48e-06,3.48e-06,0.0
1677474000000.0,3.4749999999999998e-06,3.48e-06,3.47e-06,3.48e-06,9.03841376
1677472200000.0,3.47e-06,3.4749999999999998e-06,3.47e-06,3.4749999999999998e-06,0.0
1677470400000.0,3.4749999999999998e-06,3.48e-06,3.47e-06,3.47e-06,6.84295543
1677468600000.0,3.48e-06,3.48e-06,3.4749999999999998e-06,3.4749999999999998e-06,131.83457142
1677466800000.0,3.48e-06,3.48e-06,3.48e-06,3.48e-06,0.0
1677465000000.0,3.48e-06,3.48e-06,3.48e-06,3.48e-06,2.71610342
1677463200000.0,3.485e-06,3.49e-06,3.48e-06,3.48e-06,2.50144827
1677461400000.0,3.49e-06,3.49e-06,3.485e-06,3.485e-06,0.0
1677459600000.0,3.49e-06,3.49e-06,3.49e-06,3.49e-06,1122.62108262
1677457800000.0,3.49e-06,3.49e-06,3.49e-06,3.49e-06,0.0
1677456000000.0,3.49e-06,3.49e-06,3.49e-06,3.49e-06,0.0
1677454200000.0,3.49e-06,3.49e-06,3.49e-06,3.49e-06,1.56106589
1677452400000.0,3.49e-06,3.49e-06,3.49e-06,3.49e-06,0.0
1677450600000.0,3.49e-06,3.49e-06,3.49e-06,3.49e-06,0.0
1677448800000.0,3.4799999999999997e-06,3.49e-06,3.47e-06,3.49e-06,1.37271059
1677447000000.0,3.4749999999999998e-06,3.48e-06,3.47e-06,3.4799999999999997e-06,65.83116721
1677445200000.0,3.485e-06,3.49e-06,3.4749999999999998e-06,3.4749999999999998e-06,4.84290463
1677443400000.0,3.4925e-06,3.5e-06,3.48e-06,3.485e-06,1084.67156247
1677441600000.0,3.5e-06,3.5e-06,3.495e-06,3.495e-06,1.10413713
1677439800000.0,3.5e-06,3.5e-06,3.5e-06,3.5e-06,6.29187426
1677438000000.0,3.5e-06,3.5e-06,3.5e-06,3.5e-06,8.42046856
1677436200000.0,3.505e-06,3.51e-06,3.5e-06,3.5e-06,1.40578285
1677434400000.0,3.505e-06,3.51e-06,3.5e-06,3.505e-06,1.40745298
1677432600000.0,3.5e-06,3.505e-06,3.5e-06,3.505e-06,0.0
1677430800000.0,3.5e-06,3.5e-06,3.5e-06,3.5e-06,0.0
1677429000000.0,3.5e-06,3.5e-06,3.5e-06,3.5e-06,0.0
1677427200000.0,3.5e-06,3.5e-06,3.5e-06,3.5e-06,200.0
1677425400000.0,3.49e-06,3.5e-06,3.48e-06,3.5e-06,139.928977
1677423600000.0,3.48e-06,3.49e-06,3.48e-06,3.49e-06,0.0
1677421800000.0,3.48e-06,3.48e-06,3.48e-06,3.48e-06,0.0
1677420000000.0,3.48e-06,3.48e-06,3.48e-06,3.48e-06,0.0
1677418200000.0,3.49e-06,3.51e-06,3.48e-06,3.48e-06,989.82748096
1677416400000.0,3.465e-06,3.49e-06,3.44e-06,3.485e-06,1948.96614182
1677414600000.0,3.4475e-06,3.5e-06,3.39e-06,3.465e-06,11177.10618374
1677412800000.0,3.4799999999999997e-06,3.5e-06,3.45e-06,3.45e-06,503.66593925
1677411000000.0,3.4799999999999997e-06,3.5e-06,3.46e-06,3.4799999999999997e-06,59.46198207
1677409200000.0,3.47e-06,3.5e-06,3.46e-06,3.4799999999999997e-06,6.30619672
1677407400000.0,3.46e-06,3.46e-06,3.46e-06,3.46e-06,0.0
1677405600000.0,3.4799999999999997e-06,3.5e-06,3.46e-06,3.46e-06,402.1306641
1677403800000.0,3.495e-06,3.5e-06,3.4799999999999997e-06,3.4799999999999997e-06,1.18950856
1677402000000.0,3.49e-06,3.495e-06,3.49e-06,3.495e-06,0.0
1677400200000.0,3.49e-06,3.49e-06,3.49e-06,3.49e-06,200.0
1677398400000.0,3.495e-06,3.5e-06,3.49e-06,3.49e-06,1.77981021
1677396600000.0,3.5e-06,3.5e-06,3.495e-06,3.495e-06,2.53553142
1677394800000.0,3.495e-06,3.5e-06,3.48e-06,3.5e-06,5788.43190071
1677393000000.0,3.495e-06,3.5e-06,3.49e-06,3.5e-06,2.69204571
1677391200000.0,3.49e-06,3.495e-06,3.49e-06,3.495e-06,0.0
1677389400000.0,3.49e-06,3.49e-06,3.49e-06,3.49e-06,0.0
1677387600000.0,3.495e-06,3.5e-06,3.49e-06,3.49e-06,218.56233517
1677385800000.0,3.495e-06,3.5e-06,3.49e-06,3.495e-06,2038.92349684
1677384000000.0,3.495e-06,3.5e-06,3.49e-06,3.495e-06,108.0
1677382200000.0,3.5e-06,3.5e-06,3.495e-06,3.495e-06,0.0
1677380400000.0,3.5e-06,3.5e-06,3.5e-06,3.5e-06,0.0
1677378600000.0,3.495e-06,3.5e-06,3.49e-06,3.5e-06,1.60817621
1677376800000.0,3.49e-06,3.495e-06,3.49e-06,3.495e-06,3.65058477
1677375000000.0,3.49e-06,3.49e-06,3.49e-06,3.49e-06,0.0
1677373200000.0,3.485e-06,3.49e-06,3.48e-06,3.49e-06,6.90877993
1677371400000.0,3.48e-06,3.485e-06,3.48e-06,3.485e-06,1.91606592
1677369600000.0,3.49e-06,3.5e-06,3.48e-06,3.48e-06,238.52642083
1677367800000.0,3.4799999999999997e-06,3.5e-06,3.46e-06,3.49e-06,6154.1291794
1677366000000.0,3.46e-06,3.4799999999999997e-06,3.46e-06,3.4799999999999997e-06,0.0
1677364200000.0,3.46e-06,3.46e-06,3.46e-06,3.46e-06,46.79745623
1677362400000.0,3.465e-06,3.47e-06,3.46e-06,3.46e-06,23.70082467
1677360600000.0,3.4675000000000003e-06,3.48e-06,3.46e-06,3.465e-06,22.65706994
1677358800000.0,3.4624999999999995e-06,3.47e-06,3.45e-06,3.465e-06,3182.34638242
1677357000000.0,3.46e-06,3.47e-06,3.44e-06,3.465e-06,4540.47982711
1677355200000.0,3.4799999999999997e-06,3.5e-06,3.46e-06,3.465e-06,1831.10882675
1677353400000.0,3.49e-06,3.5e-06,3.4799999999999997e-06,3.4799999999999997e-06,139.92897727
1677351600000.0,3.495e-06,3.51e-06,3.48e-06,3.49e-06,1616.49311054
1677349800000.0,3.5150000000000002e-06,3.52e-06,3.495e-06,3.495e-06,799.26163677
1677348000000.0,3.525e-06,3.53e-06,3.5150000000000002e-06,3.5150000000000002e-06,554.092267
1677346200000.0,3.53e-06,3.53e-06,3.525e-06,3.525e-06,0.0
1677344400000.0,3.53e-06,3.53e-06,3.53e-06,3.53e-06,0.0
1677342600000.0,3.53e-06,3.53e-06,3.53e-06,3.53e-06,16.06140845
1677340800000.0,3.53e-06,3.53e-06,3.53e-06,3.53e-06,1.19387153
1677339000000.0,3.53e-06,3.53e-06,3.53e-06,3.53e-06,1148.0
1677337200000.0,3.53e-06,3.53e-06,3.53e-06,3.53e-06,0.0
1677335400000.0,3.53e-06,3.53e-06,3.53e-06,3.53e-06,0.0
1677333600000.0,3.52e-06,3.53e-06,3.51e-06,3.53e-06,1.70679687
1677331800000.0,3.51e-06,3.52e-06,3.51e-06,3.52e-06,0.0
1677330000000.0,3.5150000000000002e-06,3.52e-06,3.51e-06,3.51e-06,1.14165608
1677328200000.0,3.52e-06,3.52e-06,3.5150000000000002e-06,3.5150000000000002e-06,0.0
1677326400000.0,3.52e-06,3.52e-06,3.52e-06,3.52e-06,2.2944463
1677324600000.0,3.52e-06,3.52e-06,3.52e-06,3.52e-06,0.0
1677322800000.0,3.52e-06,3.52e-06,3.52e-06,3.52e-06,0.0
1677321000000.0,3.52e-06,3.52e-06,3.52e-06,3.52e-06,0.0
1677319200000.0,3.525e-06,3.53e-06,3.52e-06,3.52e-06,244.57149245
1677317400000.0,3.53e-06,3.53e-06,3.525e-06,3.525e-06,0.0
1677315600000.0,3.53e-06,3.53e-06,3.53e-06,3.53e-06,240.44512181
1677313800000.0,3.525e-06,3.53e-06,3.52e-06,3.53e-06,2.53373368
1677312000000.0,3.53e-06,3.54e-06,3.52e-06,3.525e-06,244.62741145
1677310200000.0,3.535e-06,3.54e-06,3.53e-06,3.53e-06,243.37569491
1677308400000.0,3.525e-06,3.535e-06,3.52e-06,3.535e-06,5.06159577
1677306600000.0,3.52e-06,3.525e-06,3.52e-06,3.525e-06,0.0
1677304800000.0,3.52e-06,3.52e-06,3.52e-06,3.52e-06,1.5134567
1677303000000.0,3.52e-06,3.52e-06,3.52e-06,3.52e-06,0.0
1677301200000.0,3.52e-06,3.52e-06,3.52e-06,3.52e-06,0.0
1677299400000.0,3.52e-06,3.52e-06,3.52e-06,3.52e-06,0.0
1677297600000.0,3.52e-06,3.52e-06,3.52e-06,3.52e-06,1.95238636
1677295800000.0,3.52e-06,3.52e-06,3.52e-06,3.52e-06,0.0
1677294000000.0,3.52e-06,3.52e-06,3.52e-06,3.52e-06,5.30530948
1677292200000.0,3.52e-06,3.52e-06,3.52e-06,3.52e-06,504.42520389
1677290400000.0,3.5175e-06,3.53e-06,3.51e-06,3.52e-06,1807.14138833
1677288600000.0,3.505e-06,3.5150000000000002e-06,3.5e-06,3.5150000000000002e-06,1.67621865
1677286800000.0,3.5100000000000003e-06,3.52e-06,3.5e-06,3.505e-06,27.95517748
1677285000000.0,3.5050000000000003e-06,3.52e-06,3.49e-06,3.5100000000000003e-06,1611.06304233
1677283200000.0,3.49e-06,3.5050000000000003e-06,3.49e-06,3.5050000000000003e-06,0.0
1677281400000.0,3.49e-06,3.49e-06,3.49e-06,3.49e-06,294.33792053
1677279600000.0,3.4799999999999997e-06,3.49e-06,3.47e-06,3.49e-06,823.35392529
1677277800000.0,3.4825e-06,3.5e-06,3.46e-06,3.4799999999999997e-06,1576.18795293
1677276000000.0,3.49e-06,3.5e-06,3.48e-06,3.4849999999999997e-06,4.46777142
1677274200000.0,3.48e-06,3.49e-06,3.48e-06,3.49e-06,0.0
1677272400000.0,3.485e-06,3.49e-06,3.48e-06,3.48e-06,1851.49717101
1677270600000.0,3.495e-06,3.5e-06,3.485e-06,3.485e-06,264.65012174
1677268800000.0,3.5100000000000003e-06,3.52e-06,3.495e-06,3.495e-06,1.48546285
1677267000000.0,3.5050000000000003e-06,3.52e-06,3.49e-06,3.5100000000000003e-06,48421.37892008
1677265200000.0,3.4925e-06,3.5050000000000003e-06,3.49e-06,3.5050000000000003e-06,297.9589081
1677263400000.0,3.49e-06,3.49e-06,3.49e-06,3.49e-06,257.82986819
1677261600000.0,3.495e-06,3.5e-06,3.49e-06,3.49e-06,10.31550227
1677259800000.0,3.4799999999999997e-06,3.5e-06,3.46e-06,3.495e-06,2.53268571
1677258000000.0,3.47e-06,3.48e-06,3.46e-06,3.4799999999999997e-06,262.7153962
1677256200000.0,3.4775e-06,3.49e-06,3.47e-06,3.47e-06,775.01355329
1677254400000.0,3.4799999999999997e-06,3.5e-06,3.47e-06,3.4749999999999998e-06,2461.2729959
1677252600000.0,3.49e-06,3.5e-06,3.4749999999999998e-06,3.4749999999999998e-06,3526.61423253
1677250800000.0,3.505e-06,3.51e-06,3.49e-06,3.49e-06,1.48448845
1677249000000.0,3.51e-06,3.51e-06,3.505e-06,3.505e-06,799.21028489
1677247200000.0,3.51e-06,3.51e-06,3.51e-06,3.51e-06,0.0
1677245400000.0,3.5150000000000002e-06,3.52e-06,3.51e-06,3.51e-06,1.19300796
1677243600000.0,3.525e-06,3.53e-06,3.5150000000000002e-06,3.5150000000000002e-06,2.52395453
1677241800000.0,3.5225e-06,3.53e-06,3.51e-06,3.525e-06,1128.54205348
1677240000000.0,3.52e-06,3.525e-06,3.52e-06,3.525e-06,1.21422538
1677238200000.0,3.52e-06,3.52e-06,3.52e-06,3.52e-06,3.10727977
1677236400000.0,3.5175e-06,3.53e-06,3.51e-06,3.52e-06,302.09003962
1677234600000.0,3.525e-06,3.54e-06,3.51e-06,3.5150000000000002e-06,1904.17532006
1677232800000.0,3.54e-06,3.54e-06,3.525e-06,3.525e-06,0.0
1677231000000.0,3.54e-06,3.54e-06,3.54e-06,3.54e-06,0.0
1677229200000.0,3.545e-06,3.55e-06,3.54e-06,3.54e-06,3.24531474
1677227400000.0,3.55e-06,3.55e-06,3.545e-06,3.545e-06,0.0
1677225600000.0,3.545e-06,3.55e-06,3.54e-06,3.55e-06,1.74422164
1677223800000.0,3.535e-06,3.545e-06,3.53e-06,3.545e-06,250.0
1677222000000.0,3.54e-06,3.55e-06,3.53e-06,3.535e-06,3.79481442
1677220200000.0,3.535e-06,3.55e-06,3.52e-06,3.54e-06,250.0
1677218400000.0,3.52e-06,3.535e-06,3.52e-06,3.535e-06,3.77461362
1677216600000.0,3.52e-06,3.52e-06,3.52e-06,3.52e-06,0.0
1677214800000.0,3.52e-06,3.52e-06,3.52e-06,3.52e-06,2.9074625
1677213000000.0,3.52e-06,3.52e-06,3.52e-06,3.52e-06,0.0
1677211200000.0,3.52e-06,3.52e-06,3.52e-06,3.52e-06,0.0
1677209400000.0,3.5175e-06,3.52e-06,3.51e-06,3.52e-06,398.84276808
1677207600000.0,3.5225e-06,3.53e-06,3.51e-06,3.52e-06,36.10440761
1677205800000.0,3.53e-06,3.53e-06,3.525e-06,3.525e-06,31.16379603
1677204000000.0,3.53e-06,3.53e-06,3.53e-06,3.53e-06,2.66916712
1677202200000.0,3.53e-06,3.53e-06,3.53e-06,3.53e-06,0.0
1677200400000.0,3.53e-06,3.53e-06,3.53e-06,3.53e-06,0.0
1677198600000.0,3.5325e-06,3.54e-06,3.52e-06,3.53e-06,2214.82703343
1677196800000.0,3.53e-06,3.54e-06,3.52e-06,3.535e-06,309.26612948
1677195000000.0,3.5150000000000002e-06,3.53e-06,3.51e-06,3.53e-06,1.04410226
1677193200000.0,3.51e-06,3.5150000000000002e-06,3.51e-06,3.5150000000000002e-06,0.0
1677191400000.0,3.51e-06,3.51e-06,3.51e-06,3.51e-06,1.64136161
1677189600000.0,3.52e-06,3.53e-06,3.51e-06,3.51e-06,73.90603473
1677187800000.0,3.53e-06,3.53e-06,3.52e-06,3.52e-06,0.0
1677186000000.0,3.53e-06,3.53e-06,3.53e-06,3.53e-06,0.0
1677184200000.0,3.5325e-06,3.54e-06,3.52e-06,3.53e-06,762.16928991
1677182400000.0,3.53e-06,3.54e-06,3.52e-06,3.535e-06,688.34506228
1677180600000.0,3.525e-06,3.53e-06,3.52e-06,3.53e-06,2009.205664
1677178800000.0,3.5275e-06,3.53e-06,3.52e-06,3.525e-06,404.31064828
1677177000000.0,3.53e-06,3.53e-06,3.53e-06,3.53e-06,27.74929577
1677175200000.0,3.53e-06,3.53e-06,3.53e-06,3.53e-06,10.70461364
1677173400000.0,3.535e-06,3.54e-06,3.53e-06,3.53e-06,250.0
1677171600000.0,3.535e-06,3.54e-06,3.53e-06,3.535e-06,2.50524381
1677169800000.0,3.53e-06,3.535e-06,3.53e-06,3.535e-06,0.0
1677168000000.0,3.535e-06,3.54e-06,3.53e-06,3.53e-06,7.88059809
1677166200000.0,3.54e-06,3.54e-06,3.535e-06,3.535e-06,0.0
1677164400000.0,3.535e-06,3.54e-06,3.53e-06,3.54e-06,4.1133269
1677162600000.0,3.535e-06,3.54e-06,3.53e-06,3.535e-06,2.67353455
1677160800000.0,3.535e-06,3.54e-06,3.53e-06,3.535e-06,240.18982405
1677159000000.0,3.54e-06,3.55e-06,3.53e-06,3.535e-06,233.90398129
1677157200000.0,3.545e-06,3.55e-06,3.54e-06,3.54e-06,6.67448391
1677155400000.0,3.54e-06,3.545e-06,3.54e-06,3.545e-06,0.0
1677153600000.0,3.54e-06,3.54e-06,3.54e-06,3.54e-06,9.25733281
1677151800000.0,3.535e-06,3.54e-06,3.53e-06,3.54e-06,47.51179775
1677150000000.0,3.5225e-06,3.535e-06,3.51e-06,3.535e-06,1284.98386875
1677148200000.0,3.525e-06,3.53e-06,3.52e-06,3.525e-06,2.02990738
1677146400000.0,3.5150000000000002e-06,3.53e-06,3.5e-06,3.525e-06,1.03267988
1677144600000.0,3.5e-06,3.5150000000000002e-06,3.5e-06,3.5150000000000002e-06,0.0
1677142800000.0,3.495e-06,3.5e-06,3.49e-06,3.5e-06,107.81
1677141000000.0,3.5e-06,3.51e-06,3.49e-06,3.495e-06,9.72920328
1677139200000.0,3.5075e-06,3.52e-06,3.5e-06,3.5e-06,11.70547482
1677137400000.0,3.5100000000000003e-06,3.52e-06,3.5e-06,3.505e-06,250.0
1677135600000.0,3.5175e-06,3.52e-06,3.51e-06,3.5100000000000003e-06,9.7951917
1677133800000.0,3.5150000000000002e-06,3.52e-06,3.51e-06,3.52e-06,1081.3838983
1677132000000.0,3.5125000000000003e-06,3.52e-06,3.51e-06,3.5150000000000002e-06,469.67694745
1677130200000.0,3.5075e-06,3.52e-06,3.5e-06,3.51e-06,2.92378791
1677128400000.0,3.5075e-06,3.52e-06,3.5e-06,3.505e-06,303.68597526
1677126600000.0,3.5150000000000002e-06,3.52e-06,3.505e-06,3.505e-06,18.00836996
1677124800000.0,3.5150000000000002e-06,3.52e-06,3.51e-06,3.5150000000000002e-06,107.65740856
1677123000000.0,3.5150000000000002e-06,3.52e-06,3.51e-06,3.5150000000000002e-06,865.81279296
1677121200000.0,3.52e-06,3.52e-06,3.5150000000000002e-06,3.5150000000000002e-06,9.60347726
1677119400000.0,3.53e-06,3.54e-06,3.52e-06,3.52e-06,3.84535225
1677117600000.0,3.54e-06,3.54e-06,3.53e-06,3.53e-06,5535.65112053
1677115800000.0,3.535e-06,3.54e-06,3.53e-06,3.54e-06,145.73932584
1677114000000.0,3.5325e-06,3.54e-06,3.53e-06,3.535e-06,7.11930403
1677112200000.0,3.535e-06,3.54e-06,3.53e-06,3.53e-06,6.53518512
1677110400000.0,3.54e-06,3.54e-06,3.535e-06,3.535e-06,6.98888135
1677108600000.0,3.54e-06,3.54e-06,3.54e-06,3.54e-06,532.35252808
1677106800000.0,3.5425e-06,3.55e-06,3.54e-06,3.54e-06,70.34601394
1677105000000.0,3.55e-06,3.56e-06,3.54e-06,3.54e-06,6.26431319
1677103200000.0,3.555e-06,3.56e-06,3.55e-06,3.55e-06,80.48426918
1677101400000.0,3.55e-06,3.555e-06,3.55e-06,3.555e-06,0.0
1677099600000.0,3.55e-06,3.55e-06,3.55e-06,3.55e-06,0.0
1677097800000.0,3.5325e-06,3.56e-06,3.51e-06,3.55e-06,8.36463464
1677096000000.0,3.525e-06,3.54e-06,3.51e-06,3.53e-06,1.22318365
1677094200000.0,3.54e-06,3.54e-06,3.525e-06,3.525e-06,0.0
1677092400000.0,3.54e-06,3.54e-06,3.54e-06,3.54e-06,241.31360463
1677090600000.0,3.54e-06,3.54e-06,3.54e-06,3.54e-06,0.0
1677088800000.0,3.535e-06,3.54e-06,3.53e-06,3.54e-06,237.4137627
1677087000000.0,3.54e-06,3.55e-06,3.53e-06,3.535e-06,9.40654005
1677085200000.0,3.55e-06,3.56e-06,3.53e-06,3.54e-06,6483.01854625
1677083400000.0,3.54e-06,3.56e-06,3.52e-06,3.555e-06,800.69790463
1677081600000.0,3.5175e-06,3.54e-06,3.51e-06,3.54e-06,241.78219824
1677079800000.0,3.52e-06,3.53e-06,3.51e-06,3.5150000000000002e-06,1792.44799988
1677078000000.0,3.5375e-06,3.55e-06,3.52e-06,3.52e-06,4.28018824
1677076200000.0,3.54e-06,3.54e-06,3.535e-06,3.535e-06,8.16752016
1677074400000.0,3.5475e-06,3.56e-06,3.54e-06,3.54e-06,2589.6132195
1677072600000.0,3.55e-06,3.55e-06,3.545e-06,3.545e-06,0.0
1677070800000.0,3.555e-06,3.56e-06,3.55e-06,3.55e-06,243.86794017
1677069000000.0,3.5624999999999998e-06,3.57e-06,3.555e-06,3.555e-06,253.8785834
1677067200000.0,3.5624999999999998e-06,3.57e-06,3.56e-06,3.56e-06,17.25874141
1677065400000.0,3.56e-06,3.56e-06,3.56e-06,3.56e-06,499.518151
1677063600000.0,3.5749999999999997e-06,3.6e-06,3.56e-06,3.56e-06,1664.17978475
1677061800000.0,3.585e-06,3.59e-06,3.5699999999999997e-06,3.5699999999999997e-06,13.99761839
1677060000000.0,3.6e-06,3.61e-06,3.585e-06,3.585e-06,845.16481889
1677058200000.0,3.5825e-06,3.66e-06,3.53e-06,3.6000000000000003e-06,20185.78283524
1677056400000.0,3.4999999999999995e-06,3.57e-06,3.47e-06,3.57e-06,2311.12156494
1677054600000.0,3.4849999999999997e-06,3.5e-06,3.47e-06,3.5e-06,1806.61239417
1677052800000.0,3.5025e-06,3.51e-06,3.4849999999999997e-06,3.4849999999999997e-06,228.02976115
1677051000000.0,3.495e-06,3.5e-06,3.49e-06,3.5e-06,1121.0
1677049200000.0,3.495e-06,3.5e-06,3.49e-06,3.495e-06,1.28107026
1677047400000.0,3.505e-06,3.51e-06,3.495e-06,3.495e-06,1.54290834
1677045600000.0,3.505e-06,3.51e-06,3.5e-06,3.505e-06,3574.24688947
1677043800000.0,3.5e-06,3.51e-06,3.49e-06,3.505e-06,4.74973751
1677042000000.0,3.505e-06,3.51e-06,3.5e-06,3.5e-06,1035.87827
1677040200000.0,3.51e-06,3.51e-06,3.505e-06,3.505e-06,0.0
1677038400000.0,3.505e-06,3.51e-06,3.5e-06,3.51e-06,1261.37567529
1677036600000.0,3.5e-06,3.505e-06,3.5e-06,3.505e-06,0.0
1677034800000.0,3.495e-06,3.5e-06,3.49e-06,3.5e-06,809.08104581
1677033000000.0,3.485e-06,3.495e-06,3.48e-06,3.495e-06,1.80899238
1677031200000.0,3.495e-06,3.51e-06,3.48e-06,3.485e-06,1905.97692057
1677029400000.0,3.51e-06,3.51e-06,3.495e-06,3.495e-06,0.0
1677027600000.0,3.505e-06,3.51e-06,3.5e-06,3.51e-06,8.31418802
1677025800000.0,3.505e-06,3.51e-06,3.5e-06,3.505e-06,238.62494088
1677024000000.0,3.5e-06,3.51e-06,3.49e-06,3.505e-06,422.09948716
1677022200000.0,3.49e-06,3.5e-06,3.49e-06,3.5e-06,0.0
1677020400000.0,3.4875e-06,3.5e-06,3.48e-06,3.49e-06,121.90922448
1677018600000.0,3.4825e-06,3.49e-06,3.48e-06,3.485e-06,220.69168744
1677016800000.0,3.495e-06,3.51e-06,3.48e-06,3.48e-06,240.9899028
1677015000000.0,3.5e-06,3.51e-06,3.49e-06,3.495e-06,1178.357647
1677013200000.0,3.495e-06,3.5e-06,3.49e-06,3.5e-06,602.24615553
1677011400000.0,3.5075e-06,3.52e-06,3.495e-06,3.495e-06,254.3902676
1677009600000.0,3.5025000000000003e-06,3.52e-06,3.49e-06,3.505e-06,247.60396189
1677007800000.0,3.5050000000000003e-06,3.52e-06,3.49e-06,3.5e-06,252.29794
1677006000000.0,3.5150000000000002e-06,3.52e-06,3.5050000000000003e-06,3.5050000000000003e-06,10.90789772
1677004200000.0,3.52e-06,3.53e-06,3.51e-06,3.5150000000000002e-06,255.27603125
1677002400000.0,3.52e-06,3.53e-06,3.51e-06,3.52e-06,233.13735977
1677000600000.0,3.5150000000000002e-06,3.52e-06,3.51e-06,3.52e-06,4.95267049
1676998800000.0,3.5150000000000002e-06,3.52e-06,3.51e-06,3.5150000000000002e-06,4.89511362
1676997000000.0,3.5e-06,3.5150000000000002e-06,3.49e-06,3.5150000000000002e-06,2.59992168
1676995200000.0,3.49e-06,3.5e-06,3.49e-06,3.5e-06,0.0
1676993400000.0,3.5e-06,3.51e-06,3.49e-06,3.49e-06,4.84222316
1676991600000.0,3.5e-06,3.51e-06,3.48e-06,3.5e-06,4568.57301814
1676989800000.0,3.495e-06,3.505e-06,3.49e-06,3.505e-06,42.50968894
1676988000000.0,3.5e-06,3.51e-06,3.49e-06,3.495e-06,226.28057071
1676986200000.0,3.505e-06,3.51e-06,3.5e-06,3.5e-06,42.26128125
1676984400000.0,3.5100000000000003e-06,3.52e-06,3.5e-06,3.505e-06,1.1120052
1676982600000.0,3.5050000000000003e-06,3.52e-06,3.49e-06,3.5100000000000003e-06,28.43421875
1676980800000.0,3.49e-06,3.5050000000000003e-06,3.49e-06,3.5050000000000003e-06,0.0
1676979000000.0,3.495e-06,3.5e-06,3.49e-06,3.49e-06,33.78337234
1676977200000.0,3.505e-06,3.51e-06,3.495e-06,3.495e-06,539.32591939
1676975400000.0,3.51e-06,3.51e-06,3.505e-06,3.505e-06,0.0
1676973600000.0,3.505e-06,3.51e-06,3.5e-06,3.51e-06,3.19845846
1676971800000.0,3.5e-06,3.505e-06,3.5e-06,3.505e-06,0.0
1676970000000.0,3.5e-06,3.5e-06,3.5e-06,3.5e-06,0.0
1676968200000.0,3.5125000000000003e-06,3.53e-06,3.49e-06,3.5e-06,209.39866497
1676966400000.0,3.52e-06,3.53e-06,3.51e-06,3.5150000000000002e-06,875.51750836
1676964600000.0,3.5125000000000003e-06,3.52e-06,3.51e-06,3.52e-06,254.37569213
1676962800000.0,3.5175e-06,3.53e-06,3.51e-06,3.51e-06,291.61992791
1676961000000.0,3.52e-06,3.52e-06,3.5150000000000002e-06,3.5150000000000002e-06,0.0
1676959200000.0,3.5225e-06,3.53e-06,3.52e-06,3.52e-06,562.98523359
1676957400000.0,3.5225e-06,3.53e-06,3.52e-06,3.52e-06,21.58480336
1676955600000.0,3.53e-06,3.54e-06,3.52e-06,3.52e-06,2.18869132
1676953800000.0,3.53e-06,3.54e-06,3.52e-06,3.53e-06,2274.12097952
1676952000000.0,3.525e-06,3.53e-06,3.52e-06,3.53e-06,3.44843964
1676950200000.0,3.535e-06,3.54e-06,3.525e-06,3.525e-06,257.05850639
1676948400000.0,3.54e-06,3.54e-06,3.535e-06,3.535e-06,2.02294914
1676946600000.0,3.545e-06,3.55e-06,3.54e-06,3.54e-06,254.5398983
1676944800000.0,3.5475e-06,3.55e-06,3.54e-06,3.545e-06,6.37734826
1676943000000.0,3.55e-06,3.56e-06,3.53e-06,3.55e-06,2287.52870532
1676941200000.0,3.56e-06,3.56e-06,3.555e-06,3.555e-06,0.0
1676939400000.0,3.5649999999999997e-06,3.57e-06,3.56e-06,3.56e-06,18.44294984
1676937600000.0,3.56e-06,3.57e-06,3.55e-06,3.5649999999999997e-06,473.52947191
1676935800000.0,3.545e-06,3.56e-06,3.54e-06,3.56e-06,1135.0
1676934000000.0,3.545e-06,3.55e-06,3.54e-06,3.545e-06,4600.0
1676932200000.0,3.5475e-06,3.55e-06,3.54e-06,3.545e-06,5564.13891505
1676930400000.0,3.545e-06,3.55e-06,3.54e-06,3.55e-06,9.20809013
1676928600000.0,3.55e-06,3.56e-06,3.54e-06,3.545e-06,257.98321198
1676926800000.0,3.555e-06,3.56e-06,3.55e-06,3.55e-06,257.76815729
1676925000000.0,3.55e-06,3.555e-06,3.55e-06,3.555e-06,6.86258027
1676923200000.0,3.54e-06,3.55e-06,3.53e-06,3.55e-06,1.27936901
1676921400000.0,3.5325e-06,3.54e-06,3.53e-06,3.54e-06,7.92027129
1676919600000.0,3.53e-06,3.53e-06,3.53e-06,3.53e-06,0.0
1676917800000.0,3.535e-06,3.54e-06,3.53e-06,3.53e-06,3.13572768
1676916000000.0,3.535e-06,3.54e-06,3.53e-06,3.535e-06,11.38985378
1676914200000.0,3.53e-06,3.535e-06,3.53e-06,3.535e-06,0.0
1676912400000.0,3.525e-06,3.53e-06,3.52e-06,3.53e-06,2.95964951
1676910600000.0,3.5325e-06,3.55e-06,3.52e-06,3.525e-06,228.45986663
1676908800000.0,3.5375e-06,3.55e-06,3.53e-06,3.53e-06,15.64859688
1676907000000.0,3.53e-06,3.535e-06,3.53e-06,3.535e-06,616.548086
1676905200000.0,3.53e-06,3.53e-06,3.53e-06,3.53e-06,0.0
1676903400000.0,3.53e-06,3.53e-06,3.53e-06,3.53e-06,0.0
1676901600000.0,3.545e-06,3.56e-06,3.53e-06,3.53e-06,461.66181637
1676899800000.0,3.555e-06,3.56e-06,3.545e-06,3.545e-06,2.49279774
1676898000000.0,3.545e-06,3.555e-06,3.54e-06,3.555e-06,501.85462184
1676896200000.0,3.54e-06,3.545e-06,3.54e-06,3.545e-06,0.0
1676894400000.0,3.545e-06,3.55e-06,3.54e-06,3.54e-06,2.05765714
1676892600000.0,3.555e-06,3.56e-06,3.545e-06,3.545e-06,28.54581745
1676890800000.0,3.5575e-06,3.57e-06,3.55e-06,3.555e-06,21.54123894
1676889000000.0,3.5575e-06,3.57e-06,3.55e-06,3.555e-06,648.21742925
1676887200000.0,3.555e-06,3.56e-06,3.55e-06,3.555e-06,2.03956178
1676885400000.0,3.5649999999999997e-06,3.58e-06,3.55e-06,3.555e-06,2481.0641021
1676883600000.0,3.585e-06,3.6e-06,3.5649999999999997e-06,3.5649999999999997e-06,19.9963436
1676881800000.0,3.59e-06,3.6e-06,3.58e-06,3.58e-06,2.77293447
1676880000000.0,3.59e-06,3.6e-06,3.58e-06,3.59e-06,798.06826285
1676878200000.0,3.5875e-06,3.6e-06,3.58e-06,3.59e-06,188.49339999
1676876400000.0,3.59e-06,3.59e-06,3.585e-06,3.585e-06,1066.85235457
1676874600000.0,3.58e-06,3.59e-06,3.57e-06,3.59e-06,835.41662049
1676872800000.0,3.5775e-06,3.59e-06,3.57e-06,3.58e-06,241.64422401
1676871000000.0,3.585e-06,3.59e-06,3.575e-06,3.575e-06,243.29178694
1676869200000.0,3.585e-06,3.59e-06,3.58e-06,3.585e-06,3.87579942
1676867400000.0,3.575e-06,3.585e-06,3.57e-06,3.585e-06,227374.8788157
1676865600000.0,3.575e-06,3.58e-06,3.57e-06,3.575e-06,2.42213491
1676863800000.0,3.5699999999999997e-06,3.58e-06,3.56e-06,3.575e-06,1027.3222425
1676862000000.0,3.5749999999999997e-06,3.59e-06,3.56e-06,3.5699999999999997e-06,7962.45750107
1676860200000.0,3.58e-06,3.59e-06,3.57e-06,3.5749999999999997e-06,240.30788857
1676858400000.0,3.57e-06,3.58e-06,3.57e-06,3.58e-06,0.0
1676856600000.0,3.575e-06,3.58e-06,3.57e-06,3.57e-06,33.83222875
1676854800000.0,3.575e-06,3.58e-06,3.57e-06,3.575e-06,1.56688602
1676853000000.0,3.5775e-06,3.59e-06,3.57e-06,3.575e-06,462.18589395
1676851200000.0,3.5825e-06,3.59e-06,3.575e-06,3.575e-06,5.99835546
1676849400000.0,3.58e-06,3.58e-06,3.58e-06,3.58e-06,551.06299235
1676847600000.0,3.5649999999999997e-06,3.58e-06,3.55e-06,3.58e-06,1450.5648323
1676845800000.0,3.55e-06,3.5649999999999997e-06,3.55e-06,3.5649999999999997e-06,232.5319
1676844000000.0,3.555e-06,3.56e-06,3.55e-06,3.55e-06,2.14731883
1676842200000.0,3.56e-06,3.56e-06,3.555e-06,3.555e-06,0.0
1676840400000.0,3.555e-06,3.56e-06,3.55e-06,3.56e-06,7962.309843
1676838600000.0,3.5475e-06,3.56e-06,3.53e-06,3.555e-06,44.77344796
1676836800000.0,3.55e-06,3.55e-06,3.55e-06,3.55e-06,0.0
1676835000000.0,3.545e-06,3.55e-06,3.54e-06,3.55e-06,1.92747041
1676833200000.0,3.555e-06,3.57e-06,3.54e-06,3.545e-06,1413.06637552
1676831400000.0,3.57e-06,3.57e-06,3.555e-06,3.555e-06,0.0
1676829600000.0,3.56e-06,3.57e-06,3.55e-06,3.57e-06,926.56684786
1676827800000.0,3.55e-06,3.56e-06,3.55e-06,3.56e-06,0.0
1676826000000.0,3.5375e-06,3.56e-06,3.52e-06,3.55e-06,4320.01115348
1676824200000.0,3.545e-06,3.58e-06,3.52e-06,3.535e-06,3452.33197392
1676822400000.0,3.5674999999999997e-06,3.58e-06,3.54e-06,3.54e-06,855.69779814
1676820600000.0,3.5775e-06,3.59e-06,3.5649999999999997e-06,3.5649999999999997e-06,401.34279665
1676818800000.0,3.5925e-06,3.62e-06,3.575e-06,3.575e-06,719.08895888
1676817000000.0,3.5975e-06,3.61e-06,3.58e-06,3.585e-06,2089.9413379
1676815200000.0,3.585e-06,3.61e-06,3.56e-06,3.6000000000000003e-06,1344.34165188
1676813400000.0,3.56e-06,3.585e-06,3.56e-06,3.585e-06,18.34433276
1676811600000.0,3.545e-06,3.56e-06,3.53e-06,3.56e-06,28.83336622
1676809800000.0,3.5525e-06,3.6e-06,3.48e-06,3.545e-06,18273.91031117
1676808000000.0,3.615e-06,3.64e-06,3.5649999999999997e-06,3.5649999999999997e-06,1037.54716174
1676806200000.0,3.6000000000000003e-06,3.62e-06,3.58e-06,3.61e-06,242.65514481
1676804400000.0,3.58e-06,3.6000000000000003e-06,3.58e-06,3.6000000000000003e-06,0.0
1676802600000.0,3.59e-06,3.6e-06,3.58e-06,3.58e-06,4.54780416
1676800800000.0,3.5925e-06,3.6e-06,3.58e-06,3.59e-06,8.47390182
1676799000000.0,3.59e-06,3.595e-06,3.59e-06,3.595e-06,0.0
1676797200000.0,3.59e-06,3.61e-06,3.58e-06,3.59e-06,8.16952246
1676795400000.0,3.585e-06,3.59e-06,3.58e-06,3.585e-06,1616.50467739
1676793600000.0,3.595e-06,3.6e-06,3.585e-06,3.585e-06,7.87367129
1676791800000.0,3.6e-06,3.6e-06,3.595e-06,3.595e-06,328.26555008
1676790000000.0,3.6e-06,3.6e-06,3.6e-06,3.6e-06,8.13123332
1676788200000.0,3.59e-06,3.6e-06,3.58e-06,3.6e-06,2320.48169575
1676786400000.0,3.58e-06,3.59e-06,3.58e-06,3.59e-06,0.0
1676784600000.0,3.58e-06,3.58e-06,3.58e-06,3.58e-06,0.0
1676782800000.0,3.58e-06,3.58e-06,3.58e-06,3.58e-06,0.0
1676781000000.0,3.58e-06,3.58e-06,3.58e-06,3.58e-06,1.54412584
1676779200000.0,3.58e-06,3.58e-06,3.58e-06,3.58e-06,0.0
1676777400000.0,3.58e-06,3.58e-06,3.58e-06,3.58e-06,0.0
1676775600000.0,3.5825e-06,3.59e-06,3.58e-06,3.58e-06,5.67354985
1676773800000.0,3.5825e-06,3.59e-06,3.58e-06,3.58e-06,12.96911699
1676772000000.0,3.59e-06,3.6e-06,3.58e-06,3.58e-06,15.50753924
1676770200000.0,3.59e-06,3.6e-06,3.58e-06,3.59e-06,3.28140537
1676768400000.0,3.5875e-06,3.6e-06,3.58e-06,3.59e-06,853.09515915
1676766600000.0,3.59e-06,3.59e-06,3.585e-06,3.585e-06,0.0
1676764800000.0,3.6e-06,3.61e-06,3.59e-06,3.59e-06,834.75993693
1676763000000.0,3.62e-06,3.63e-06,3.6000000000000003e-06,3.6000000000000003e-06,14.7361224
1676761200000.0,3.615e-06,3.63e-06,3.6e-06,3.62e-06,1424.89508244
1676759400000.0,3.595e-06,3.615e-06,3.59e-06,3.615e-06,1793.65990399
1676757600000.0,3.585e-06,3.595e-06,3.58e-06,3.595e-06,72.52156177
1676755800000.0,3.575e-06,3.585e-06,3.57e-06,3.585e-06,775.18909709
1676754000000.0,3.5674999999999997e-06,3.58e-06,3.56e-06,3.575e-06,4.54595495
1676752200000.0,3.5699999999999997e-06,3.58e-06,3.56e-06,3.5649999999999997e-06,23.27705339
1676750400000.0,3.5649999999999997e-06,3.58e-06,3.55e-06,3.5699999999999997e-06,12.15959357
1676748600000.0,3.5699999999999997e-06,3.59e-06,3.55e-06,3.5649999999999997e-06,1034.11113256
1676746800000.0,3.585e-06,3.59e-06,3.5699999999999997e-06,3.5699999999999997e-06,7.94025623
1676745000000.0,3.58e-06,3.585e-06,3.58e-06,3.585e-06,0.0
1676743200000.0,3.5950000000000003e-06,3.61e-06,3.58e-06,3.58e-06,1828.82678333
1676741400000.0,3.6e-06,3.61e-06,3.59e-06,3.5950000000000003e-06,1.16705816
1676739600000.0,3.6e-06,3.61e-06,3.59e-06,3.6000000000000003e-06,822.68410236
1676737800000.0,3.6000000000000003e-06,3.65e-06,3.56e-06,3.6000000000000003e-06,10128.11338375
1676736000000.0,3.5649999999999997e-06,3.5950000000000003e-06,3.55e-06,3.5950000000000003e-06,1648.81839622
1676734200000.0,3.555e-06,3.5649999999999997e-06,3.55e-06,3.5649999999999997e-06,1.94421368
1676732400000.0,3.55e-06,3.56e-06,3.54e-06,3.555e-06,1.09671909
1676730600000.0,3.55e-06,3.56e-06,3.54e-06,3.55e-06,8.36387095
1676728800000.0,3.56e-06,3.56e-06,3.55e-06,3.55e-06,20.3586079
1676727000000.0,3.56e-06,3.56e-06,3.56e-06,3.56e-06,8.8688764
1676725200000.0,3.56e-06,3.56e-06,3.56e-06,3.56e-06,38.97549434
1676723400000.0,3.55e-06,3.56e-06,3.54e-06,3.56e-06,535.33693567
1676721600000.0,3.545e-06,3.56e-06,3.54e-06,3.55e-06,958.06608369
1676719800000.0,3.545e-06,3.55e-06,3.54e-06,3.54e-06,1.21346361
1676718000000.0,3.555e-06,3.56e-06,3.545e-06,3.545e-06,516.83187788
1676716200000.0,3.5575e-06,3.57e-06,3.55e-06,3.555e-06,294.28874854
1676714400000.0,3.55e-06,3.555e-06,3.55e-06,3.555e-06,1.46941109
1676712600000.0,3.55e-06,3.55e-06,3.55e-06,3.55e-06,0.0
1676710800000.0,3.55e-06,3.55e-06,3.55e-06,3.55e-06,0.0
1676709000000.0,3.5649999999999997e-06,3.58e-06,3.55e-06,3.55e-06,201.48097144
1676707200000.0,3.58e-06,3.58e-06,3.5649999999999997e-06,3.5649999999999997e-06,0.0
1676705400000.0,3.5725e-06,3.58e-06,3.55e-06,3.58e-06,882.93686763
1676703600000.0,3.575e-06,3.58e-06,3.57e-06,3.58e-06,313.29999999
1676701800000.0,3.57e-06,3.575e-06,3.57e-06,3.575e-06,1.23821626
1676700000000.0,3.58e-06,3.59e-06,3.57e-06,3.57e-06,1.25031222
1676698200000.0,3.5749999999999997e-06,3.59e-06,3.56e-06,3.58e-06,564.2396089
1676696400000.0,3.5649999999999997e-06,3.5749999999999997e-06,3.56e-06,3.5749999999999997e-06,1.4827984
1676694600000.0,3.57e-06,3.57e-06,3.5649999999999997e-06,3.5649999999999997e-06,2.00595515
1676692800000.0,3.5775e-06,3.59e-06,3.57e-06,3.57e-06,3.22251302
1676691000000.0,3.575e-06,3.58e-06,3.57e-06,3.575e-06,214.05070118
1676689200000.0,3.57e-06,3.575e-06,3.57e-06,3.575e-06,0.0
1676687400000.0,3.58e-06,3.59e-06,3.57e-06,3.57e-06,7.90890475
1676685600000.0,3.585e-06,3.59e-06,3.58e-06,3.58e-06,7.91415717
1676683800000.0,3.5699999999999997e-06,3.585e-06,3.56e-06,3.585e-06,786.27479123
1676682000000.0,3.56e-06,3.5699999999999997e-06,3.56e-06,3.5699999999999997e-06,0.0
1676680200000.0,3.56e-06,3.56e-06,3.56e-06,3.56e-06,2.61032906
1676678400000.0,3.5699999999999997e-06,3.58e-06,3.56e-06,3.56e-06,9.04646075
1676676600000.0,3.5649999999999997e-06,3.58e-06,3.55e-06,3.5699999999999997e-06,3.6378244
1676674800000.0,3.5575e-06,3.57e-06,3.55e-06,3.5649999999999997e-06,91.33131234
1676673000000.0,3.5649999999999997e-06,3.57e-06,3.555e-06,3.555e-06,1056.08500344
1676671200000.0,3.575e-06,3.59e-06,3.5649999999999997e-06,3.5649999999999997e-06,2485.74890311
1676669400000.0,3.57e-06,3.57e-06,3.57e-06,3.57e-06,65.50852446
1676667600000.0,3.5649999999999997e-06,3.57e-06,3.56e-06,3.57e-06,860.38707855
1676665800000.0,3.545e-06,3.5649999999999997e-06,3.53e-06,3.5649999999999997e-06,863.15523685
1676664000000.0,3.555e-06,3.58e-06,3.53e-06,3.545e-06,5479.53150252
1676662200000.0,3.585e-06,3.59e-06,3.555e-06,3.555e-06,1.17676598
1676660400000.0,3.5925e-06,3.6e-06,3.585e-06,3.585e-06,542.27318432
1676658600000.0,3.595e-06,3.6e-06,3.59e-06,3.59e-06,2.0524399
1676656800000.0,3.595e-06,3.6e-06,3.59e-06,3.595e-06,68.15063839
1676655000000.0,3.585e-06,3.595e-06,3.57e-06,3.595e-06,1831.47479501
1676653200000.0,3.59e-06,3.59e-06,3.59e-06,3.59e-06,0.0
1676651400000.0,3.6e-06,3.61e-06,3.59e-06,3.59e-06,47.81453209
1676649600000.0,3.61e-06,3.61e-06,3.6000000000000003e-06,3.6000000000000003e-06,4.38681438
1676647800000.0,3.6149999999999997e-06,3.63e-06,3.59e-06,3.61e-06,849.04609622
1676646000000.0,3.63e-06,3.63e-06,3.62e-06,3.62e-06,0.0
1676644200000.0,3.625e-06,3.63e-06,3.61e-06,3.63e-06,3111.57418381
1676642400000.0,3.625e-06,3.63e-06,3.62e-06,3.63e-06,1.980693
1676640600000.0,3.62e-06,3.625e-06,3.62e-06,3.625e-06,0.0
1676638800000.0,3.6274999999999996e-06,3.64e-06,3.62e-06,3.62e-06,376.26102746
1676637000000.0,3.635e-06,3.64e-06,3.625e-06,3.625e-06,838.54565048
1676635200000.0,3.64e-06,3.66e-06,3.63e-06,3.635e-06,473.44029925
1676633400000.0,3.64e-06,3.65e-06,3.63e-06,3.635e-06,4.10365147
1676631600000.0,3.64e-06,3.65e-06,3.63e-06,3.64e-06,2557.71809788
1676629800000.0,3.63e-06,3.64e-06,3.63e-06,3.64e-06,0.0
1676628000000.0,3.635e-06,3.65e-06,3.63e-06,3.63e-06,777.39134753
1676626200000.0,3.64e-06,3.65e-06,3.63e-06,3.63e-06,65.119
1676624400000.0,3.645e-06,3.65e-06,3.64e-06,3.64e-06,2.77788492
1676622600000.0,3.64e-06,3.645e-06,3.64e-06,3.645e-06,0.0
1676620800000.0,3.64e-06,3.64e-06,3.64e-06,3.64e-06,0.0
1676619000000.0,3.635e-06,3.64e-06,3.63e-06,3.64e-06,9.2237455
1676617200000.0,3.635e-06,3.64e-06,3.63e-06,3.635e-06,6.83206459
1676615400000.0,3.625e-06,3.64e-06,3.61e-06,3.635e-06,2204.17549129
1676613600000.0,3.62e-06,3.63e-06,3.61e-06,3.625e-06,500.640059
1676611800000.0,3.625e-06,3.63e-06,3.61e-06,3.62e-06,461.10202974
1676610000000.0,3.63e-06,3.63e-06,3.63e-06,3.63e-06,0.0
1676608200000.0,3.62e-06,3.63e-06,3.61e-06,3.63e-06,10.90435285
1676606400000.0,3.62e-06,3.63e-06,3.61e-06,3.62e-06,455.60876551
1676604600000.0,3.63e-06,3.63e-06,3.62e-06,3.62e-06,6.21471074
1676602800000.0,3.63e-06,3.63e-06,3.63e-06,3.63e-06,0.0
1676601000000.0,3.62e-06,3.63e-06,3.61e-06,3.63e-06,129.42952165
1676599200000.0,3.61e-06,3.62e-06,3.61e-06,3.62e-06,0.0
1676597400000.0,3.61e-06,3.61e-06,3.61e-06,3.61e-06,982.390458
1676595600000.0,3.61e-06,3.61e-06,3.61e-06,3.61e-06,532.290817
1676593800000.0,3.6175000000000005e-06,3.63e-06,3.61e-06,3.61e-06,119.29151342
1676592000000.0,3.61e-06,3.62e-06,3.6e-06,3.615e-06,2740.11997478
1676590200000.0,3.585e-06,3.61e-06,3.57e-06,3.61e-06,2403.53711314
1676588400000.0,3.5575e-06,3.585e-06,3.54e-06,3.585e-06,2886.68156435
1676586600000.0,3.5325e-06,3.56e-06,3.51e-06,3.56e-06,1603.03346126
1676584800000.0,3.535e-06,3.55e-06,3.52e-06,3.535e-06,5532.93340236
1676583000000.0,3.555e-06,3.56e-06,3.535e-06,3.535e-06,556.0
1676581200000.0,3.5674999999999997e-06,3.58e-06,3.555e-06,3.555e-06,1353.14585155
1676579400000.0,3.5699999999999997e-06,3.59e-06,3.56e-06,3.5649999999999997e-06,244.51866419
1676577600000.0,3.5699999999999997e-06,3.59e-06,3.56e-06,3.5649999999999997e-06,507.08852364
1676575800000.0,3.58e-06,3.59e-06,3.5649999999999997e-06,3.5649999999999997e-06,1829.8379148
1676574000000.0,3.5975e-06,3.61e-06,3.58e-06,3.58e-06,436.11734056
1676572200000.0,3.6e-06,3.6e-06,3.595e-06,3.595e-06,0.0
1676570400000.0,3.605e-06,3.62e-06,3.6e-06,3.6e-06,426.4800175
1676568600000.0,3.6050000000000002e-06,3.61e-06,3.6e-06,3.6e-06,1.72079971
1676566800000.0,3.625e-06,3.64e-06,3.6050000000000002e-06,3.6050000000000002e-06,4687.47801864
1676565000000.0,3.6275e-06,3.71e-06,3.58e-06,3.625e-06,12565.72584915
1676563200000.0,3.575e-06,3.61e-06,3.57e-06,3.61e-06,14.76208439
1676561400000.0,3.58e-06,3.59e-06,3.57e-06,3.575e-06,2226.30010083
1676559600000.0,3.585e-06,3.59e-06,3.58e-06,3.58e-06,1963.77143059
1676557800000.0,3.5775e-06,3.59e-06,3.55e-06,3.585e-06,1998.11231551
1676556000000.0,3.58e-06,3.59e-06,3.57e-06,3.585e-06,262.86076877
1676554200000.0,3.595e-06,3.62e-06,3.57e-06,3.58e-06,5139.43039188
1676552400000.0,3.62e-06,3.62e-06,3.5950000000000003e-06,3.5950000000000003e-06,0.0
1676550600000.0,3.61e-06,3.62e-06,3.6e-06,3.62e-06,852.92315854
1676548800000.0,3.6050000000000002e-06,3.61e-06,3.6e-06,3.61e-06,4.61542822
1676547000000.0,3.615e-06,3.62e-06,3.6050000000000002e-06,3.6050000000000002e-06,3.31908032
1676545200000.0,3.6224999999999996e-06,3.63e-06,3.615e-06,3.615e-06,6.21529435
1676543400000.0,3.62e-06,3.63e-06,3.6e-06,3.62e-06,565.72004629
1676541600000.0,3.625e-06,3.63e-06,3.61e-06,3.625e-06,277.05866547
1676539800000.0,3.615e-06,3.63e-06,3.6e-06,3.63e-06,251.08803305
1676538000000.0,3.6e-06,3.615e-06,3.6e-06,3.615e-06,0.0
1676536200000.0,3.6050000000000002e-06,3.61e-06,3.6e-06,3.6e-06,9.53476284
1676534400000.0,3.62e-06,3.63e-06,3.6050000000000002e-06,3.6050000000000002e-06,10.444426
1676532600000.0,3.615e-06,3.63e-06,3.6e-06,3.62e-06,1.0069752
1676530800000.0,3.62e-06,3.64e-06,3.6e-06,3.615e-06,1463.4993981
1676529000000.0,3.6499999999999998e-06,3.66e-06,3.62e-06,3.62e-06,230.8900931
1676527200000.0,3.655e-06,3.66e-06,3.6499999999999998e-06,3.6499999999999998e-06,227.87143432
1676525400000.0,3.635e-06,3.655e-06,3.62e-06,3.655e-06,781.65514509
1676523600000.0,3.62e-06,3.635e-06,3.62e-06,3.635e-06,0.0
