1679113800000.0,1.572,1.572,1.5685,1.5685,0.870358
1679112900000.0,1.5722500000000001,1.573,1.572,1.572,1.673961
1679112000000.0,1.572,1.572,1.572,1.572,0.774308
1679111100000.0,1.5725,1.573,1.572,1.572,0.875973
1679110200000.0,1.5645,1.573,1.556,1.5725,203.249932
1679109300000.0,1.556,1.5645,1.556,1.5645,0.0
1679108400000.0,1.556,1.556,1.556,1.556,1.428229
1679107500000.0,1.556,1.556,1.556,1.556,0.675743
1679106600000.0,1.556,1.556,1.556,1.556,0.400591
1679105700000.0,1.5554999999999999,1.556,1.555,1.556,180.22186
1679104800000.0,1.555,1.5554999999999999,1.555,1.5554999999999999,6.328802
1679103900000.0,1.5535,1.555,1.552,1.555,0.564937
1679103000000.0,1.5535,1.555,1.552,1.5535,0.481654
1679102100000.0,1.54625,1.556,1.537,1.5535,6.453927
1679101200000.0,1.53675,1.5459999999999998,1.536,1.5459999999999998,10.986233
1679100300000.0,1.5295,1.537,1.522,1.537,0.871257
1679099400000.0,1.52525,1.5295,1.522,1.5295,1.032021
1679098500000.0,1.529,1.535,1.518,1.525,652.608192
1679097600000.0,1.5267499999999998,1.536,1.5,1.5314999999999999,0.875697
1679096700000.0,1.532,1.536,1.528,1.5354999999999999,5.992629
1679095800000.0,1.5205,1.532,1.513,1.532,11.275885
1679094900000.0,1.50625,1.5205,1.499,1.5205,5.085115
1679094000000.0,1.4977500000000004,1.506,1.496,1.506,44.674649
1679093100000.0,1.489,1.4980000000000002,1.481,1.4980000000000002,12.56731
1679092200000.0,1.481,1.489,1.481,1.489,0.352267
1679091300000.0,1.47825,1.482,1.474,1.481,0.892545
1679090400000.0,1.472,1.4785,1.468,1.4785,0.158778
1679089500000.0,1.4660000000000002,1.474,1.461,1.472,0.305737
1679088600000.0,1.463,1.465,1.461,1.4645000000000001,0.042725
1679087700000.0,1.431,1.465,1.397,1.463,0.879287
1679086800000.0,1.425,1.453,1.397,1.431,0.876541
1679085900000.0,1.453,1.453,1.425,1.425,0.060719
1679085000000.0,1.457,1.461,1.453,1.453,273.52112
1679084100000.0,1.4575000000000002,1.463,1.453,1.457,0.388807
1679083200000.0,1.45575,1.46,1.453,1.457,0.413559
1679082300000.0,1.457,1.457,1.455,1.455,0.273023
1679081400000.0,1.458,1.459,1.457,1.457,0.480714
1679080500000.0,1.4560000000000002,1.459,1.453,1.4580000000000002,0.702275
1679079600000.0,1.449,1.456,1.444,1.456,0.330961
1679078700000.0,1.4409999999999998,1.4485000000000001,1.438,1.4485000000000001,49.593663
1679077800000.0,1.438,1.4409999999999998,1.438,1.4409999999999998,0.049492
1679076900000.0,1.4365,1.438,1.435,1.438,0.827132
1679076000000.0,1.439,1.443,1.435,1.4365,0.047741
1679075100000.0,1.443,1.443,1.439,1.439,0.184988
1679074200000.0,1.443,1.443,1.443,1.443,0.0
1679073300000.0,1.443,1.451,1.431,1.443,0.731337
1679072400000.0,1.4405,1.449,1.433,1.445,0.435897
1679071500000.0,1.4325,1.44,1.432,1.44,0.118533
1679070600000.0,1.4395000000000002,1.447,1.432,1.4325,103.980759
1679069700000.0,1.44425,1.447,1.438,1.4395,0.176679
1679068800000.0,1.421,1.4460000000000002,1.397,1.4460000000000002,1.041606
1679067900000.0,1.4155000000000002,1.435,1.397,1.421,0.229453
1679067000000.0,1.4344999999999999,1.436,1.415,1.415,0.184983
1679066100000.0,1.4415,1.452,1.4344999999999999,1.4344999999999999,1.448214
1679065200000.0,1.439,1.442,1.436,1.439,0.922542
1679064300000.0,1.436,1.439,1.436,1.439,0.0
1679063400000.0,1.4412500000000001,1.448,1.436,1.436,203.348596
1679062500000.0,1.459,1.473,1.4405000000000001,1.4405000000000001,0.647356
1679061600000.0,1.46775,1.476,1.459,1.459,530.461985
1679060700000.0,1.464,1.467,1.461,1.467,0.640181
1679059800000.0,1.4725000000000001,1.478,1.464,1.464,0.325833
1679058900000.0,1.47575,1.478,1.47,1.4725000000000001,2.492585
1679058000000.0,1.475,1.4775,1.473,1.4775,0.177528
1679057100000.0,1.471,1.475,1.469,1.475,0.958691
1679056200000.0,1.4732500000000002,1.481,1.469,1.471,0.895789
1679055300000.0,1.479,1.484,1.4715,1.4715,0.471923
1679054400000.0,1.4845000000000002,1.485,1.479,1.479,2.160222
1679053500000.0,1.4765000000000001,1.485,1.468,1.4845000000000002,15.396858
1679052600000.0,1.4675000000000002,1.4765000000000001,1.467,1.4765000000000001,94.43908
1679051700000.0,1.4675000000000002,1.468,1.467,1.4675,2.554741
1679050800000.0,1.468,1.468,1.4675,1.4675,0.062514
1679049900000.0,1.468,1.468,1.468,1.468,0.143534
1679049000000.0,1.4625,1.468,1.457,1.468,4.140061
1679048100000.0,1.456,1.4625,1.455,1.4625,0.811123
1679047200000.0,1.45425,1.456,1.453,1.456,3.558362
1679046300000.0,1.454,1.4545,1.454,1.4545,0.0
1679045400000.0,1.44875,1.454,1.441,1.454,1.089313
1679044500000.0,1.4425,1.45,1.439,1.45,0.24467
1679043600000.0,1.43525,1.443,1.416,1.4425,0.423293
1679042700000.0,1.442,1.443,1.441,1.441,0.090975
1679041800000.0,1.4440000000000002,1.451,1.441,1.4420000000000002,0.856178
1679040900000.0,1.4435,1.445,1.441,1.4420000000000002,3.369632
1679040000000.0,1.4215,1.447,1.397,1.444,0.898945
1679039100000.0,1.42,1.443,1.397,1.421,0.107779
1679038200000.0,1.4380000000000002,1.443,1.42,1.42,0.674323
1679037300000.0,1.4385,1.444,1.433,1.4380000000000002,0.081183
1679036400000.0,1.4395,1.444,1.433,1.4385,1.890962
1679035500000.0,1.4304999999999999,1.4405000000000001,1.424,1.4405000000000001,0.807312
1679034600000.0,1.424,1.4304999999999999,1.424,1.4304999999999999,0.0
1679033700000.0,1.427,1.433,1.424,1.424,0.492813
1679032800000.0,1.4264999999999999,1.427,1.4255,1.4255,0.772968
1679031900000.0,1.4245,1.4264999999999999,1.423,1.4264999999999999,0.19333
1679031000000.0,1.4235,1.425,1.421,1.4245,1.086372
1679030100000.0,1.427,1.431,1.424,1.424,0.310083
1679029200000.0,1.4300000000000002,1.433,1.4260000000000002,1.4260000000000002,0.033296
1679028300000.0,1.4332500000000001,1.434,1.4300000000000002,1.4300000000000002,0.956251
1679027400000.0,1.434,1.434,1.4335,1.4335,0.0
1679026500000.0,1.43175,1.434,1.429,1.434,0.435702
1679025600000.0,1.4295,1.432,1.429,1.432,0.445144
1679024700000.0,1.4285,1.4295,1.428,1.4295,0.078428
1679023800000.0,1.4292500000000001,1.431,1.427,1.4285,0.174777
1679022900000.0,1.4325,1.435,1.429,1.4295,0.645937
1679022000000.0,1.42775,1.435,1.417,1.433,0.589465
1679021100000.0,1.4289999999999998,1.434,1.424,1.4295,0.060341
1679020200000.0,1.4324999999999999,1.434,1.4289999999999998,1.4289999999999998,0.381578
1679019300000.0,1.432,1.4329999999999998,1.432,1.4329999999999998,0.0
1679018400000.0,1.424,1.432,1.416,1.432,1.273945
1679017500000.0,1.416,1.424,1.416,1.424,0.0
1679016600000.0,1.4075,1.416,1.399,1.416,1.060657
1679015700000.0,1.3930000000000002,1.4075,1.387,1.4075,0.471515
1679014800000.0,1.3824999999999998,1.393,1.378,1.393,0.052432
1679013900000.0,1.386,1.394,1.378,1.3824999999999998,0.34614
1679013000000.0,1.3925,1.394,1.386,1.386,0.276825
1679012100000.0,1.3935,1.396,1.391,1.3925,0.440092
1679011200000.0,1.4005,1.405,1.3935,1.3935,0.328041
1679010300000.0,1.405,1.405,1.4005,1.4005,0.0
1679009400000.0,1.4005,1.405,1.396,1.405,1.654885
1679008500000.0,1.395,1.4005,1.394,1.4005,0.292914
1679007600000.0,1.3935,1.395,1.393,1.395,0.228562
1679006700000.0,1.393,1.3935,1.393,1.3935,0.0
1679005800000.0,1.39275,1.394,1.392,1.393,0.328697
1679004900000.0,1.386,1.3925,1.38,1.3925,0.082649
1679004000000.0,1.384,1.388,1.38,1.386,0.845448
1679003100000.0,1.38675,1.393,1.383,1.384,0.265625
1679002200000.0,1.385,1.387,1.383,1.3855,0.11708
1679001300000.0,1.383,1.387,1.379,1.385,0.196247
1679000400000.0,1.38,1.383,1.379,1.383,0.189906
1678999500000.0,1.391,1.401,1.38,1.38,0.124164
1678998600000.0,1.396,1.401,1.391,1.391,0.280474
1678997700000.0,1.3940000000000001,1.397,1.391,1.396,0.424958
1678996800000.0,1.3995,1.402,1.3940000000000001,1.3940000000000001,0.163074
1678995900000.0,1.40275,1.404,1.3995,1.3995,92.622653
1678995000000.0,1.404,1.404,1.403,1.403,0.106558
1678994100000.0,1.397,1.418,1.383,1.404,1.89604
1678993200000.0,1.383,1.3935,1.383,1.3935,0.0
1678992300000.0,1.38225,1.384,1.378,1.383,708.807521
1678991400000.0,1.3855,1.387,1.3835,1.3835,0.443973
1678990500000.0,1.38675,1.388,1.3855,1.3855,0.15804
1678989600000.0,1.39,1.394,1.386,1.3864999999999998,0.060191
1678988700000.0,1.3875,1.394,1.381,1.39,0.964676
1678987800000.0,1.3832499999999999,1.3875,1.381,1.3875,0.157932
1678986900000.0,1.3855,1.387,1.3824999999999998,1.3824999999999998,0.399232
1678986000000.0,1.3895,1.392,1.3855,1.3855,0.053822
1678985100000.0,1.392,1.393,1.3895,1.3895,0.227176
1678984200000.0,1.3925,1.393,1.392,1.3925,0.041344
1678983300000.0,1.39175,1.393,1.389,1.3925,0.730427
1678982400000.0,1.3964999999999999,1.402,1.3925,1.3925,0.155357
1678981500000.0,1.3904999999999998,1.398,1.383,1.3955,0.08233
1678980600000.0,1.3935,1.404,1.383,1.3904999999999998,0.131333
1678979700000.0,1.3944999999999999,1.404,1.385,1.3935,0.07169
1678978800000.0,1.3885,1.3944999999999999,1.385,1.3944999999999999,0.694466
1678977900000.0,1.39275,1.399,1.3885,1.3885,0.794505
1678977000000.0,1.39,1.391,1.39,1.391,0.266523
1678976100000.0,1.3860000000000001,1.39,1.379,1.39,4.510942
1678975200000.0,1.38275,1.39,1.378,1.3875,1.208975
1678974300000.0,1.378,1.3815,1.378,1.3815,0.0
1678973400000.0,1.3809999999999998,1.384,1.378,1.378,1.361467
1678972500000.0,1.3875000000000002,1.391,1.3809999999999998,1.3809999999999998,17.952842
1678971600000.0,1.391,1.391,1.3875,1.3875,1.648553
1678970700000.0,1.395,1.399,1.391,1.391,0.926986
1678969800000.0,1.399,1.399,1.395,1.395,0.0
1678968900000.0,1.39625,1.399,1.391,1.399,2.847663
1678968000000.0,1.4035,1.411,1.396,1.3975,0.344234
1678967100000.0,1.409,1.411,1.4035,1.4035,0.37332
1678966200000.0,1.4055,1.409,1.403,1.409,0.549458
1678965300000.0,1.4017499999999998,1.4060000000000001,1.398,1.4060000000000001,0.321771
1678964400000.0,1.4035,1.409,1.398,1.4015,0.353884
1678963500000.0,1.4055,1.409,1.402,1.4035,0.092334
1678962600000.0,1.4,1.4055,1.398,1.4055,0.487992
1678961700000.0,1.4035,1.409,1.398,1.4,1.110122
1678960800000.0,1.41,1.411,1.4035,1.4035,0.391085
1678959900000.0,1.4004999999999999,1.411,1.39,1.4100000000000001,0.054648
1678959000000.0,1.3895,1.4005,1.389,1.4005,0.037175
1678958100000.0,1.396,1.404,1.387,1.3895,1.264298
1678957200000.0,1.4035000000000002,1.404,1.3965,1.3965,0.052793
1678956300000.0,1.4037499999999998,1.408,1.402,1.4035,0.177166
1678955400000.0,1.402,1.4024999999999999,1.402,1.4024999999999999,0.0
1678954500000.0,1.4035,1.405,1.402,1.402,0.271451
1678953600000.0,1.4060000000000001,1.407,1.4035,1.4035,0.183737
1678952700000.0,1.407,1.407,1.4060000000000001,1.4060000000000001,0.0
1678951800000.0,1.4085,1.41,1.407,1.407,0.04195
1678950900000.0,1.4055,1.41,1.401,1.4085,4.930249
1678950000000.0,1.4015,1.4055,1.401,1.4055,0.05
1678949100000.0,1.4009999999999998,1.402,1.4,1.4015,0.26471
1678948200000.0,1.3995,1.402,1.394,1.4009999999999998,0.135247
1678947300000.0,1.402,1.402,1.4009999999999998,1.4009999999999998,0.0
1678946400000.0,1.3944999999999999,1.402,1.387,1.402,1.015184
1678945500000.0,1.3885,1.3944999999999999,1.387,1.3944999999999999,0.076351
1678944600000.0,1.3929999999999998,1.396,1.3885,1.3885,1.822313
1678943700000.0,1.3900000000000001,1.396,1.384,1.3929999999999998,0.30326
1678942800000.0,1.3842499999999998,1.39,1.384,1.39,1.784697
1678941900000.0,1.3845,1.385,1.384,1.384,0.407122
1678941000000.0,1.38625,1.388,1.384,1.3845,0.22756
1678940100000.0,1.3895,1.391,1.3864999999999998,1.3864999999999998,0.851577
1678939200000.0,1.3895,1.391,1.388,1.3895,0.247972
1678938300000.0,1.39,1.392,1.388,1.3895,370.158458
1678937400000.0,1.395,1.398,1.39,1.39,0.034559
1678936500000.0,1.3944999999999999,1.398,1.39,1.395,0.197563
1678935600000.0,1.395,1.402,1.392,1.395,1.288982
1678934700000.0,1.394,1.394,1.3929999999999998,1.3929999999999998,0.31127
1678933800000.0,1.394,1.394,1.394,1.394,0.138462
1678932900000.0,1.3889999999999998,1.394,1.384,1.394,0.32392
1678932000000.0,1.3845,1.3889999999999998,1.384,1.3889999999999998,1.245863
1678931100000.0,1.385,1.385,1.3845,1.3845,0.044623
1678930200000.0,1.3845,1.385,1.384,1.385,131.083565
1678929300000.0,1.3845,1.385,1.384,1.3845,0.047899
1678928400000.0,1.385,1.385,1.3845,1.3845,1.972055
1678927500000.0,1.388,1.391,1.385,1.385,0.138163
1678926600000.0,1.39475,1.399,1.388,1.388,0.475344
1678925700000.0,1.3944999999999999,1.399,1.39,1.395,0.490547
1678924800000.0,1.392,1.3944999999999999,1.39,1.3944999999999999,1.858247
1678923900000.0,1.394,1.394,1.392,1.392,0.0
1678923000000.0,1.394,1.394,1.394,1.394,3.642788
1678922100000.0,1.3944999999999999,1.395,1.394,1.394,0.165631
1678921200000.0,1.395,1.395,1.3944999999999999,1.3944999999999999,0.0
1678920300000.0,1.395,1.395,1.395,1.395,0.201109
1678919400000.0,1.3954999999999997,1.396,1.395,1.395,3.367718
1678918500000.0,1.402,1.408,1.3955,1.3955,1.17972
1678917600000.0,1.4015,1.408,1.395,1.402,0.500957
1678916700000.0,1.3965,1.4015,1.395,1.4015,8.000805
1678915800000.0,1.3965,1.398,1.395,1.3965,0.950831
1678914900000.0,1.3980000000000001,1.401,1.395,1.3965,4.027516
1678914000000.0,1.3980000000000001,1.401,1.395,1.3980000000000001,69.630014
1678913100000.0,1.4027499999999997,1.411,1.395,1.3980000000000001,241.729777
1678912200000.0,1.41,1.41,1.4024999999999999,1.4024999999999999,0.250864
1678911300000.0,1.41,1.41,1.41,1.41,0.284432
1678910400000.0,1.41,1.41,1.41,1.41,0.0
1678909500000.0,1.4104999999999999,1.411,1.41,1.41,1.345537
1678908600000.0,1.411,1.411,1.4104999999999999,1.4104999999999999,0.751353
1678907700000.0,1.411,1.411,1.411,1.411,0.375439
1678906800000.0,1.4104999999999999,1.411,1.41,1.411,4.740517
1678905900000.0,1.4104999999999999,1.411,1.41,1.4104999999999999,0.501192
1678905000000.0,1.4107500000000002,1.411,1.41,1.4104999999999999,0.489902
1678904100000.0,1.4104999999999999,1.411,1.41,1.411,0.832501
1678903200000.0,1.41,1.4104999999999999,1.41,1.4104999999999999,0.0
1678902300000.0,1.4104999999999999,1.411,1.41,1.41,2.062454
1678901400000.0,1.411,1.411,1.4104999999999999,1.4104999999999999,0.0
1678900500000.0,1.4104999999999999,1.411,1.41,1.411,0.480206
1678899600000.0,1.41,1.4104999999999999,1.41,1.4104999999999999,0.0
1678898700000.0,1.4175,1.425,1.41,1.41,7.480676
1678897800000.0,1.425,1.425,1.4175,1.4175,0.896269
1678896900000.0,1.4315,1.438,1.425,1.425,0.355714
1678896000000.0,1.4395,1.441,1.4315,1.4315,8.689537
1678895100000.0,1.4485,1.456,1.4395,1.4395,8.528003
1678894200000.0,1.456,1.456,1.4485000000000001,1.4485000000000001,0.450283
1678893300000.0,1.4615,1.467,1.456,1.456,0.424613
1678892400000.0,1.467,1.467,1.4615,1.4615,0.0
1678891500000.0,1.472,1.48,1.461,1.467,537.199279
1678890600000.0,1.4805000000000001,1.481,1.4735,1.4735,4.718796
1678889700000.0,1.482,1.485,1.4805000000000001,1.4805000000000001,0.47082
1678888800000.0,1.484,1.487,1.481,1.481,0.236327
1678887900000.0,1.4915,1.496,1.484,1.484,1.650557
1678887000000.0,1.501,1.506,1.4915,1.4915,0.694179
1678886100000.0,1.502,1.506,1.498,1.501,500.600947
1678885200000.0,1.4905,1.502,1.483,1.502,0.037927
1678884300000.0,1.4855,1.4905,1.483,1.4905,500.0
1678883400000.0,1.4912500000000002,1.504,1.485,1.4855,601.306977
1678882500000.0,1.4905,1.493,1.488,1.488,0.118739
1678881600000.0,1.491,1.495,1.488,1.4905,1.416756
1678880700000.0,1.488,1.4905,1.488,1.4905,0.0
1678879800000.0,1.4885000000000002,1.489,1.488,1.488,0.425666
1678878900000.0,1.4985,1.508,1.4885000000000002,1.4885000000000002,0.058093
1678878000000.0,1.508,1.508,1.4985,1.4985,0.0
1678877100000.0,1.5087499999999998,1.51,1.507,1.508,0.79068
1678876200000.0,1.512,1.514,1.509,1.509,0.121438
1678875300000.0,1.5175,1.521,1.512,1.512,0.144985
1678874400000.0,1.5242499999999999,1.531,1.5175,1.5175,0.617788
1678873500000.0,1.524,1.524,1.5225,1.5225,0.0
1678872600000.0,1.524,1.524,1.524,1.524,0.431862
1678871700000.0,1.54,1.556,1.524,1.524,0.815985
1678870800000.0,1.5539999999999998,1.556,1.54,1.54,0.327666
1678869900000.0,1.5539999999999998,1.556,1.552,1.554,0.457433
1678869000000.0,1.54,1.556,1.524,1.554,0.226398
1678868100000.0,1.54,1.556,1.524,1.54,0.120003
1678867200000.0,1.556,1.556,1.54,1.54,0.412081
1678866300000.0,1.556,1.556,1.556,1.556,0.0
1678865400000.0,1.5375,1.556,1.519,1.556,0.608117
1678864500000.0,1.5375,1.556,1.519,1.5375,0.807776
1678863600000.0,1.556,1.556,1.5375,1.5375,0.122378
1678862700000.0,1.5354999999999999,1.556,1.515,1.556,0.264126
1678861800000.0,1.5145,1.5354999999999999,1.514,1.5354999999999999,0.148377
1678860900000.0,1.53125,1.556,1.514,1.5145,0.307818
1678860000000.0,1.541,1.541,1.5274999999999999,1.5274999999999999,0.0
1678859100000.0,1.5485000000000002,1.556,1.541,1.541,0.486354
1678858200000.0,1.556,1.556,1.5485,1.5485,0.309429
1678857300000.0,1.556,1.556,1.556,1.556,0.542098
1678856400000.0,1.5455,1.556,1.535,1.556,0.487415
1678855500000.0,1.535,1.5455,1.535,1.5455,1.149036
1678854600000.0,1.535,1.535,1.535,1.535,0.0
1678853700000.0,1.54025,1.556,1.535,1.535,0.568554
1678852800000.0,1.535,1.535,1.535,1.535,0.237087
1678851900000.0,1.5455,1.556,1.535,1.535,0.182645
1678851000000.0,1.5455,1.556,1.535,1.5455,0.292321
1678850100000.0,1.535,1.5455,1.535,1.5455,0.221694
1678849200000.0,1.535,1.535,1.535,1.535,0.036889
1678848300000.0,1.535,1.535,1.535,1.535,0.0
1678847400000.0,1.53625,1.54,1.535,1.535,0.392153
1678846500000.0,1.5455,1.556,1.535,1.535,0.305563
1678845600000.0,1.55075,1.556,1.54,1.5455,0.605225
1678844700000.0,1.551,1.5535,1.551,1.5535,0.0
1678843800000.0,1.551,1.551,1.551,1.551,0.409378
1678842900000.0,1.537,1.551,1.523,1.551,0.372061
1678842000000.0,1.5205,1.537,1.518,1.537,0.101077
1678841100000.0,1.5187499999999998,1.523,1.517,1.5205,0.627017
1678840200000.0,1.517,1.5175,1.517,1.5175,0.508255
1678839300000.0,1.525,1.533,1.517,1.517,1.014221
1678838400000.0,1.5325,1.533,1.525,1.525,0.030078
1678837500000.0,1.5300000000000002,1.5325,1.528,1.5325,2.515101
1678836600000.0,1.5295,1.531,1.528,1.53,0.621972
1678835700000.0,1.5179999999999998,1.531,1.505,1.5295,0.649125
1678834800000.0,1.505,1.5179999999999998,1.505,1.5179999999999998,0.0
1678833900000.0,1.5179999999999998,1.531,1.505,1.505,1.517146
1678833000000.0,1.531,1.531,1.5179999999999998,1.5179999999999998,1.182918
1678832100000.0,1.5110000000000001,1.531,1.491,1.531,0.572268
1678831200000.0,1.491,1.5110000000000001,1.491,1.5110000000000001,0.199722
1678830300000.0,1.4895,1.491,1.488,1.491,2.328276
1678829400000.0,1.488,1.4895,1.488,1.4895,1.226691
1678828500000.0,1.5095,1.531,1.488,1.488,2.839701
1678827600000.0,1.5295,1.531,1.5095,1.5095,6.833477
1678826700000.0,1.528,1.5295,1.528,1.5295,0.0
1678825800000.0,1.528,1.528,1.528,1.528,2.197785
1678824900000.0,1.5165,1.528,1.505,1.528,2.870055
1678824000000.0,1.504,1.5165,1.503,1.5165,0.206648
1678823100000.0,1.51125,1.52,1.503,1.504,5.75817
1678822200000.0,1.519,1.519,1.511,1.511,1.623799
1678821300000.0,1.527,1.535,1.519,1.519,2.438103
1678820400000.0,1.5425,1.55,1.527,1.527,1.555415
1678819500000.0,1.551,1.554,1.5425,1.5425,7.878373
1678818600000.0,1.55,1.55,1.55,1.55,0.969664
1678817700000.0,1.557,1.57,1.55,1.55,6.143319
1678816800000.0,1.558,1.558,1.554,1.554,0.0
1678815900000.0,1.5230000000000001,1.558,1.488,1.558,2.820916
1678815000000.0,1.50875,1.53,1.488,1.5230000000000001,0.574639
1678814100000.0,1.5274999999999999,1.531,1.5085,1.5085,0.508433
1678813200000.0,1.5219999999999998,1.527,1.519,1.527,0.144646
1678812300000.0,1.518,1.5219999999999998,1.516,1.5219999999999998,10.809812
1678811400000.0,1.51525,1.529,1.507,1.5185,0.256193
1678810500000.0,1.5325,1.558,1.507,1.5125,0.145288
1678809600000.0,1.5075,1.558,1.457,1.5325,7.705311
1678808700000.0,1.457,1.5075,1.457,1.5075,0.0
1678807800000.0,1.4969999999999999,1.543,1.457,1.457,76.346977
1678806900000.0,1.5299999999999998,1.531,1.494,1.494,0.439028
1678806000000.0,1.5215,1.5299999999999998,1.514,1.5299999999999998,4.653
1678805100000.0,1.513,1.5215,1.51,1.5215,0.612012
1678804200000.0,1.5085,1.514,1.503,1.514,7.077494
1678803300000.0,1.501,1.5085,1.499,1.5085,57.335333
1678802400000.0,1.496,1.501,1.493,1.501,4.114114
1678801500000.0,1.489,1.496,1.485,1.496,0.441036
1678800600000.0,1.485,1.489,1.485,1.489,3.713881
1678799700000.0,1.4780000000000002,1.485,1.471,1.485,1.515312
1678798800000.0,1.471,1.4780000000000002,1.471,1.4780000000000002,15.406071
1678797900000.0,1.4665,1.471,1.462,1.471,2.903174
1678797000000.0,1.43,1.4665,1.398,1.4665,0.197848
1678796100000.0,1.42125,1.451,1.398,1.43,0.912611
1678795200000.0,1.42475,1.453,1.404,1.418,5.702001
1678794300000.0,1.4329999999999998,1.462,1.404,1.4209999999999998,1.412656
1678793400000.0,1.462,1.462,1.4329999999999998,1.4329999999999998,0.737935
1678792500000.0,1.45475,1.462,1.433,1.462,1.441184
1678791600000.0,1.439,1.462,1.416,1.462,0.883695
1678790700000.0,1.4372500000000001,1.461,1.411,1.439,8.424895
1678789800000.0,1.4615,1.462,1.4385,1.4385,0.54525
1678788900000.0,1.4485000000000001,1.462,1.408,1.4615,1.520649
1678788000000.0,1.4325,1.462,1.403,1.462,5.325407
1678787100000.0,1.4272500000000001,1.452,1.402,1.4325,1.361313
1678786200000.0,1.4255,1.452,1.392,1.4275,0.667486
1678785300000.0,1.438,1.47,1.406,1.4289999999999998,1.802017
1678784400000.0,1.4385,1.47,1.407,1.438,1.167379
1678783500000.0,1.421,1.4385,1.407,1.4385,2.79684
1678782600000.0,1.4525000000000001,1.47,1.421,1.421,0.033013
1678781700000.0,1.4625,1.471,1.438,1.4525000000000001,0.998201
1678780800000.0,1.471,1.471,1.4705,1.4705,0.252671
1678779900000.0,1.455,1.471,1.407,1.471,1.203783
1678779000000.0,1.45975,1.471,1.426,1.471,0.155962
1678778100000.0,1.471,1.471,1.471,1.471,0.048149
1678777200000.0,1.4335,1.471,1.396,1.471,0.429306
1678776300000.0,1.422,1.471,1.396,1.4335,45.159866
1678775400000.0,1.425,1.425,1.4104999999999999,1.4104999999999999,0.0
1678774500000.0,1.431,1.471,1.414,1.425,2.490195
1678773600000.0,1.4129999999999998,1.4195,1.412,1.4195,0.074571
1678772700000.0,1.41525,1.453,1.398,1.4129999999999998,1.423145
1678771800000.0,1.41,1.422,1.398,1.4049999999999998,1.292568
1678770900000.0,1.446,1.47,1.41,1.41,0.685997
1678770000000.0,1.4449999999999998,1.47,1.42,1.446,0.965035
1678769100000.0,1.42,1.4449999999999998,1.42,1.4449999999999998,0.511609
1678768200000.0,1.4449999999999998,1.47,1.42,1.42,0.392901
1678767300000.0,1.4575,1.47,1.42,1.4449999999999998,1.203097
1678766400000.0,1.47,1.47,1.47,1.47,0.495543
1678765500000.0,1.46225,1.47,1.439,1.47,0.438311
1678764600000.0,1.47,1.47,1.47,1.47,0.964432
1678763700000.0,1.44225,1.47,1.41,1.47,2.29815
1678762800000.0,1.419,1.4445000000000001,1.419,1.4445000000000001,0.287848
1678761900000.0,1.419,1.419,1.419,1.419,0.046436
1678761000000.0,1.419,1.419,1.419,1.419,1.40526
1678760100000.0,1.4144999999999999,1.419,1.41,1.419,0.13895
1678759200000.0,1.41,1.4144999999999999,1.41,1.4144999999999999,0.0
1678758300000.0,1.404,1.41,1.398,1.41,1.540511
1678757400000.0,1.40625,1.415,1.397,1.404,10.046274
1678756500000.0,1.4425,1.47,1.4064999999999999,1.4064999999999999,4.465258
1678755600000.0,1.452,1.471,1.424,1.4425,175.717772
1678754700000.0,1.443,1.4565000000000001,1.443,1.4565000000000001,1.815643
1678753800000.0,1.4365,1.443,1.43,1.443,2.233892
1678752900000.0,1.43,1.4365,1.43,1.4365,2.623514
1678752000000.0,1.39175,1.43,1.349,1.43,94.750387
1678751100000.0,1.3895,1.421,1.358,1.3940000000000001,61.621661
1678750200000.0,1.4300000000000002,1.457,1.3895,1.3895,0.4896
1678749300000.0,1.439,1.457,1.421,1.421,1.333199
1678748400000.0,1.439,1.457,1.421,1.439,0.728638
1678747500000.0,1.421,1.439,1.421,1.439,0.0
1678746600000.0,1.439,1.457,1.421,1.421,0.245756
1678745700000.0,1.4255,1.457,1.394,1.439,1.582777
1678744800000.0,1.4049999999999998,1.4255,1.394,1.4255,0.224081
1678743900000.0,1.42625,1.457,1.4049999999999998,1.4049999999999998,1.011898
1678743000000.0,1.42075,1.435,1.416,1.416,0.269266
1678742100000.0,1.4365,1.457,1.416,1.416,1.445721
1678741200000.0,1.44825,1.457,1.4365,1.4365,4.606929
1678740300000.0,1.44,1.4485000000000001,1.44,1.4485000000000001,0.0
1678739400000.0,1.4485000000000001,1.457,1.44,1.44,0.910993
1678738500000.0,1.4495,1.457,1.442,1.4485000000000001,2.096498
1678737600000.0,1.41,1.4495,1.378,1.4495,0.247662
1678736700000.0,1.4227500000000002,1.471,1.371,1.41,86.289784
1678735800000.0,1.4705,1.471,1.4245,1.4245,1.213561
1678734900000.0,1.44425,1.471,1.418,1.4705,0.296458
1678734000000.0,1.418,1.444,1.418,1.444,0.0
1678733100000.0,1.4425000000000001,1.467,1.418,1.418,1.662121
1678732200000.0,1.448,1.467,1.429,1.4425,0.624519
1678731300000.0,1.4465,1.464,1.429,1.448,0.257727
1678730400000.0,1.438,1.464,1.412,1.4465,0.071922
1678729500000.0,1.4175,1.438,1.412,1.438,2.528443
1678728600000.0,1.423,1.423,1.4175,1.4175,0.105812
1678727700000.0,1.447,1.471,1.423,1.423,0.233496
1678726800000.0,1.4450000000000003,1.471,1.419,1.447,6.091954
1678725900000.0,1.4075,1.445,1.396,1.445,0.948212
1678725000000.0,1.4209999999999998,1.446,1.396,1.4075,4.005122
1678724100000.0,1.4485000000000001,1.462,1.4209999999999998,1.4209999999999998,8.524498
1678723200000.0,1.42175,1.4445000000000001,1.393,1.4445000000000001,18.056911
1678722300000.0,1.4255,1.443,1.408,1.4255,69.058656
1678721400000.0,1.4292500000000001,1.443,1.388,1.4255,71.296217
1678720500000.0,1.4295,1.443,1.416,1.443,74.022419
1678719600000.0,1.4095,1.4295,1.403,1.4295,4.717488
1678718700000.0,1.408,1.413,1.403,1.4095,1.012362
1678717800000.0,1.4020000000000001,1.413,1.391,1.408,0.041485
1678716900000.0,1.3982499999999998,1.406,1.39,1.4020000000000001,0.840148
1678716000000.0,1.383,1.406,1.36,1.3984999999999999,52.219803
1678715100000.0,1.359,1.383,1.356,1.383,1.253643
1678714200000.0,1.355,1.36,1.35,1.36,0.915322
1678713300000.0,1.35,1.355,1.35,1.355,0.0
1678712400000.0,1.35,1.35,1.35,1.35,0.0
1678711500000.0,1.3544999999999998,1.359,1.35,1.35,0.529995
1678710600000.0,1.3495,1.359,1.34,1.3545,0.145379
1678709700000.0,1.34,1.3495,1.34,1.3495,0.0
1678708800000.0,1.3495,1.359,1.34,1.34,0.046307
1678707900000.0,1.3570000000000002,1.359,1.3495,1.3495,0.150052
1678707000000.0,1.3570000000000002,1.359,1.355,1.357,3.078174
1678706100000.0,1.359,1.359,1.357,1.357,0.344924
1678705200000.0,1.3595000000000002,1.36,1.359,1.359,0.216638
1678704300000.0,1.3555000000000001,1.36,1.351,1.3595000000000002,4.551698
1678703400000.0,1.3507500000000001,1.3555000000000001,1.35,1.3555000000000001,171.384052
1678702500000.0,1.351,1.351,1.351,1.351,0.468013
1678701600000.0,1.351,1.351,1.351,1.351,0.788459
1678700700000.0,1.351,1.351,1.351,1.351,0.0
1678699800000.0,1.3704999999999998,1.39,1.351,1.351,31.804897
1678698900000.0,1.39,1.39,1.3704999999999998,1.3704999999999998,1.36885
1678698000000.0,1.39,1.39,1.39,1.39,0.0
1678697100000.0,1.3929999999999998,1.396,1.39,1.39,0.429585
1678696200000.0,1.395,1.396,1.3929999999999998,1.3929999999999998,0.136865
1678695300000.0,1.3975,1.401,1.394,1.395,0.043666
1678694400000.0,1.401,1.401,1.3975,1.3975,0.0
1678693500000.0,1.4015,1.402,1.401,1.401,0.04391
1678692600000.0,1.402,1.402,1.4015,1.4015,0.324761
1678691700000.0,1.4,1.402,1.398,1.402,0.173298
1678690800000.0,1.398,1.4,1.398,1.4,0.0
1678689900000.0,1.3995,1.401,1.398,1.398,0.097701
1678689000000.0,1.401,1.402,1.399,1.3995,0.60136
1678688100000.0,1.4015,1.402,1.401,1.4015,0.039436
1678687200000.0,1.401,1.4015,1.401,1.4015,7.05674
1678686300000.0,1.401,1.401,1.401,1.401,0.579652
1678685400000.0,1.4005,1.401,1.4,1.401,220.807121
1678684500000.0,1.4009999999999998,1.402,1.4,1.4005,0.225705
1678683600000.0,1.402,1.402,1.4009999999999998,1.4009999999999998,0.0
1678682700000.0,1.4015,1.402,1.401,1.402,4.045937
1678681800000.0,1.3975,1.4015,1.394,1.4015,2.044185
1678680900000.0,1.392,1.3975,1.39,1.3975,0.062238
1678680000000.0,1.39,1.392,1.39,1.392,0.467804
1678679100000.0,1.39,1.39,1.39,1.39,0.0
1678678200000.0,1.388,1.39,1.384,1.39,0.314975
1678677300000.0,1.3737499999999998,1.393,1.321,1.3889999999999998,1.166115
1678676400000.0,1.3925,1.393,1.3904999999999998,1.3904999999999998,0.044951
1678675500000.0,1.392,1.3925,1.392,1.3925,0.0
1678674600000.0,1.38825,1.392,1.378,1.392,2.792444
1678673700000.0,1.393,1.395,1.391,1.3915,0.428152
1678672800000.0,1.394,1.395,1.393,1.393,0.053631
1678671900000.0,1.375,1.3940000000000001,1.357,1.3940000000000001,0.524523
1678671000000.0,1.36775,1.397,1.32,1.375,357.936187
1678670100000.0,1.395,1.397,1.377,1.377,2107.161841
1678669200000.0,1.3925,1.395,1.392,1.395,1.823395
1678668300000.0,1.4005,1.409,1.392,1.3925,8.315455
1678667400000.0,1.405,1.409,1.4005,1.4005,8.140317
1678666500000.0,1.3875000000000002,1.405,1.374,1.405,9.556051
1678665600000.0,1.3595,1.3875000000000002,1.345,1.3875000000000002,12.39402
1678664700000.0,1.3519999999999999,1.3595000000000002,1.345,1.3595000000000002,86.343557
1678663800000.0,1.359,1.361,1.3519999999999999,1.3519999999999999,0.291472
1678662900000.0,1.3507500000000001,1.3585,1.343,1.3585,2.029528
1678662000000.0,1.3435000000000001,1.351,1.343,1.351,1.515953
1678661100000.0,1.34425,1.348,1.343,1.3435000000000001,89.746457
1678660200000.0,1.3442500000000002,1.362,1.336,1.343,12.339533
1678659300000.0,1.3210000000000002,1.3395000000000001,1.306,1.3395000000000001,5.857851
1678658400000.0,1.3050000000000002,1.3210000000000002,1.301,1.3210000000000002,267.971823
1678657500000.0,1.301,1.3035,1.301,1.3035,0.0
1678656600000.0,1.298,1.301,1.295,1.301,2.007274
1678655700000.0,1.2765,1.301,1.255,1.298,1.42043
1678654800000.0,1.2835,1.312,1.255,1.275,10.286209
1678653900000.0,1.3112500000000002,1.312,1.2835,1.2835,10.076172
1678653000000.0,1.311,1.3115,1.311,1.3115,0.0
1678652100000.0,1.2730000000000001,1.311,1.235,1.311,1.070787
1678651200000.0,1.235,1.2730000000000001,1.235,1.2730000000000001,0.582459
1678650300000.0,1.235,1.235,1.235,1.235,0.0
1678649400000.0,1.2665,1.311,1.235,1.235,4.355659
1678648500000.0,1.2919999999999998,1.299,1.26,1.26,0.938452
1678647600000.0,1.2595,1.299,1.22,1.2919999999999998,1.991656
1678646700000.0,1.2195,1.2595,1.219,1.2595,0.056254
1678645800000.0,1.2165,1.2195,1.214,1.2195,1.544885
1678644900000.0,1.2565,1.299,1.214,1.2165,3.547679
1678644000000.0,1.299,1.299,1.2565,1.2565,0.723076
1678643100000.0,1.293,1.299,1.287,1.299,2.047563
1678642200000.0,1.2635,1.293,1.231,1.293,3.286062
1678641300000.0,1.266,1.283,1.249,1.268,0.588713
1678640400000.0,1.2835,1.284,1.266,1.266,0.736646
1678639500000.0,1.284,1.284,1.2835,1.2835,0.092526
1678638600000.0,1.284,1.284,1.284,1.284,0.46394
1678637700000.0,1.248,1.284,1.212,1.284,0.24343
1678636800000.0,1.248,1.284,1.212,1.248,3.723798
1678635900000.0,1.2845,1.285,1.248,1.248,1.950787
1678635000000.0,1.285,1.285,1.2845,1.2845,0.0
1678634100000.0,1.2485,1.285,1.212,1.285,1.606241
1678633200000.0,1.2185000000000001,1.2485,1.212,1.2485,4.237572
1678632300000.0,1.2405,1.256,1.2185000000000001,1.2185000000000001,0.497131
1678631400000.0,1.2577500000000001,1.277,1.225,1.2405,4.801137
1678630500000.0,1.2585,1.277,1.242,1.2645,1.670778
1678629600000.0,1.2445,1.2574999999999998,1.242,1.2574999999999998,0.277338
1678628700000.0,1.247,1.247,1.2445,1.2445,0.0
1678627800000.0,1.24725,1.248,1.247,1.247,1.239689
1678626900000.0,1.24525,1.25,1.242,1.247,1.056357
1678626000000.0,1.2415,1.2445,1.241,1.2445,0.161573
1678625100000.0,1.2395,1.2415,1.238,1.2415,1.153573
1678624200000.0,1.2395,1.241,1.238,1.2395,0.721636
1678623300000.0,1.2405,1.241,1.2395,1.2395,0.384059
1678622400000.0,1.2435,1.248,1.24,1.2405,0.371228
1678621500000.0,1.246,1.246,1.2429999999999999,1.2429999999999999,0.0
1678620600000.0,1.249,1.252,1.246,1.246,0.030306
1678619700000.0,1.25275,1.254,1.249,1.249,0.531718
1678618800000.0,1.248,1.253,1.243,1.2525,0.077638
1678617900000.0,1.243,1.248,1.243,1.248,0.0
1678617000000.0,1.2465000000000002,1.25,1.243,1.243,0.197429
1678616100000.0,1.246,1.25,1.242,1.2465000000000002,44.159655
1678615200000.0,1.242,1.246,1.242,1.246,0.0
1678614300000.0,1.2475,1.253,1.242,1.242,221.082024
1678613400000.0,1.2515,1.253,1.2475,1.2475,2.202712
1678612500000.0,1.25075,1.252,1.249,1.2515,420.626322
1678611600000.0,1.249,1.252,1.246,1.251,0.185743
1678610700000.0,1.251,1.256,1.246,1.249,1.096707
1678609800000.0,1.2525,1.256,1.249,1.251,0.965263
1678608900000.0,1.24525,1.2525,1.241,1.2525,0.675485
1678608000000.0,1.2415,1.245,1.241,1.245,0.593705
1678607100000.0,1.244,1.247,1.24,1.2415,0.5519
1678606200000.0,1.2475,1.25,1.2445,1.2445,402.716781
1678605300000.0,1.24675,1.249,1.245,1.2475,0.368149
1678604400000.0,1.24475,1.26,1.219,1.2465000000000002,408.179757
1678603500000.0,1.2414999999999998,1.255,1.228,1.25,0.070021
1678602600000.0,1.251,1.274,1.228,1.2414999999999998,0.620299
1678601700000.0,1.272,1.274,1.251,1.251,26.934161
1678600800000.0,1.241,1.272,1.212,1.272,4.869798
1678599900000.0,1.212,1.241,1.212,1.241,0.0
1678599000000.0,1.214,1.22,1.212,1.212,0.865189
1678598100000.0,1.2335,1.27,1.212,1.212,2.059528
1678597200000.0,1.24775,1.27,1.226,1.226,0.124878
1678596300000.0,1.2265000000000001,1.241,1.212,1.2405,0.967579
1678595400000.0,1.2265,1.27,1.212,1.2265000000000001,1.279214
1678594500000.0,1.2355,1.266,1.212,1.212,3.088216
1678593600000.0,1.252,1.252,1.232,1.232,0.0
1678592700000.0,1.2389999999999999,1.252,1.212,1.252,0.449019
1678591800000.0,1.24,1.246,1.24,1.246,0.0
1678590900000.0,1.2425000000000002,1.245,1.24,1.24,0.278267
1678590000000.0,1.242,1.245,1.239,1.2425000000000002,0.132676
1678589100000.0,1.23,1.242,1.221,1.242,0.505389
1678588200000.0,1.2255,1.23,1.221,1.23,0.173965
1678587300000.0,1.2215,1.232,1.212,1.2255,0.256736
1678586400000.0,1.212,1.221,1.212,1.221,0.0
1678585500000.0,1.225,1.238,1.212,1.212,1.684076
1678584600000.0,1.2395,1.241,1.225,1.225,0.250947
1678583700000.0,1.2357500000000001,1.245,1.212,1.2395,0.369895
1678582800000.0,1.2445,1.246,1.241,1.243,2.219554
1678581900000.0,1.2395,1.246,1.233,1.2455,0.137088
1678581000000.0,1.23275,1.2395,1.232,1.2395,406.649199
1678580100000.0,1.23875,1.245,1.232,1.233,1.63656
1678579200000.0,1.2455,1.246,1.239,1.239,0.144636
1678578300000.0,1.2445,1.246,1.243,1.2455,0.268845
1678577400000.0,1.2405,1.2445,1.238,1.2445,0.122537
1678576500000.0,1.2365,1.242,1.233,1.2405,0.284891
1678575600000.0,1.2305000000000001,1.2355,1.228,1.2355,0.152458
1678574700000.0,1.232,1.236,1.228,1.2305000000000001,0.290048
1678573800000.0,1.237,1.238,1.232,1.232,0.309598
1678572900000.0,1.2325,1.238,1.227,1.237,0.734682
1678572000000.0,1.227,1.2325,1.227,1.2325,0.0
1678571100000.0,1.23075,1.236,1.227,1.227,0.365949
1678570200000.0,1.23275,1.234,1.23,1.23,0.921242
1678569300000.0,1.23475,1.246,1.215,1.2325,1.243084
1678568400000.0,1.2235,1.246,1.201,1.2389999999999999,0.073167
1678567500000.0,1.201,1.2235,1.201,1.2235,0.0
1678566600000.0,1.2200000000000002,1.239,1.201,1.201,0.868283
1678565700000.0,1.2360000000000002,1.252,1.201,1.2200000000000002,1.598179
1678564800000.0,1.252,1.252,1.2455,1.2455,0.0
1678563900000.0,1.226,1.252,1.2,1.252,0.056682
1678563000000.0,1.226,1.252,1.2,1.226,0.135687
1678562100000.0,1.2357500000000001,1.252,1.2,1.226,0.964389
1678561200000.0,1.2455,1.252,1.239,1.2455,0.032974
1678560300000.0,1.226,1.252,1.2,1.2455,0.147953
1678559400000.0,1.213,1.252,1.2,1.226,0.191458
1678558500000.0,1.226,1.252,1.2,1.2,0.950641
1678557600000.0,1.24,1.252,1.226,1.226,3.475326
1678556700000.0,1.222,1.24,1.216,1.24,1.656101
1678555800000.0,1.2175,1.222,1.216,1.222,1.470582
1678554900000.0,1.2095,1.219,1.2,1.2175,8.307394
1678554000000.0,1.205,1.22,1.2,1.2095,1.148905
1678553100000.0,1.2,1.2,1.2,1.2,4.828975
1678552200000.0,1.2,1.2,1.2,1.2,2.154229
1678551300000.0,1.2052500000000002,1.211,1.2,1.2,129.264962
1678550400000.0,1.2105000000000001,1.211,1.205,1.205,3.490624
1678549500000.0,1.211,1.211,1.2105000000000001,1.2105000000000001,0.0
1678548600000.0,1.211,1.211,1.211,1.211,2.220085
1678547700000.0,1.211,1.211,1.211,1.211,0.0
1678546800000.0,1.2125000000000001,1.215,1.211,1.211,1.616882
1678545900000.0,1.219,1.232,1.2120000000000002,1.2120000000000002,0.407533
1678545000000.0,1.216,1.218,1.214,1.2155,0.233049
1678544100000.0,1.214,1.217,1.212,1.216,1.122755
1678543200000.0,1.2135,1.214,1.213,1.2135,0.147331
1678542300000.0,1.21725,1.222,1.2135,1.2135,2.57896
1678541400000.0,1.22075,1.223,1.2165,1.2165,0.580848
1678540500000.0,1.2185000000000001,1.223,1.214,1.221,0.237831
1678539600000.0,1.214,1.2185000000000001,1.214,1.2185000000000001,0.0
1678538700000.0,1.21775,1.229,1.214,1.214,359.561858
1678537800000.0,1.2165,1.219,1.214,1.214,3.567564
1678536900000.0,1.21475,1.22,1.21,1.2165,0.47287
1678536000000.0,1.21125,1.215,1.21,1.2145000000000001,1.308935
1678535100000.0,1.21,1.21,1.21,1.21,0.0
1678534200000.0,1.2155,1.221,1.21,1.21,2.025361
1678533300000.0,1.2217500000000001,1.232,1.2155,1.2155,0.957535
1678532400000.0,1.217,1.219,1.217,1.219,0.0
1678531500000.0,1.217,1.217,1.217,1.217,0.0
1678530600000.0,1.2225000000000001,1.229,1.215,1.217,1.028206
1678529700000.0,1.2235,1.229,1.218,1.223,0.870563
1678528800000.0,1.2189999999999999,1.2235,1.218,1.2235,0.665093
1678527900000.0,1.2155,1.22,1.211,1.2189999999999999,0.147157
1678527000000.0,1.2185000000000001,1.226,1.211,1.2155,5.022711
1678526100000.0,1.2257500000000001,1.227,1.2185000000000001,1.2185000000000001,0.47013
1678525200000.0,1.2175,1.2255,1.21,1.2255,304.582007
1678524300000.0,1.21,1.2175,1.21,1.2175,0.0
1678523400000.0,1.2115,1.215,1.21,1.21,1.268887
1678522500000.0,1.2112500000000002,1.212,1.2105000000000001,1.2105000000000001,0.263978
1678521600000.0,1.211,1.211,1.211,1.211,5.156244
1678520700000.0,1.2165,1.222,1.211,1.211,1.357411
1678519800000.0,1.2285,1.235,1.2165,1.2165,7.309031
1678518900000.0,1.244,1.253,1.2285,1.2285,9.021674
1678518000000.0,1.263,1.299,1.244,1.244,0.12025
1678517100000.0,1.2469999999999999,1.2515,1.244,1.2515,2.523542
1678516200000.0,1.249,1.254,1.244,1.2469999999999999,0.130553
1678515300000.0,1.2605,1.267,1.249,1.249,0.344239
1678514400000.0,1.2685,1.27,1.2605,1.2605,0.32768
1678513500000.0,1.26725,1.271,1.264,1.2685,1.125689
1678512600000.0,1.2642499999999999,1.267,1.263,1.267,2.349752
1678511700000.0,1.2614999999999998,1.277,1.252,1.2645,1.310947
1678510800000.0,1.248,1.2585,1.242,1.2585,0.970418
1678509900000.0,1.2525,1.261,1.242,1.249,0.1428
1678509000000.0,1.261,1.261,1.2534999999999998,1.2534999999999998,0.0
1678508100000.0,1.26325,1.268,1.256,1.261,325.648149
1678507200000.0,1.268,1.268,1.2645,1.2645,0.0
1678506300000.0,1.2702499999999999,1.273,1.268,1.268,3.703432
1678505400000.0,1.272,1.272,1.27,1.27,0.0
1678504500000.0,1.24925,1.279,1.223,1.272,0.990607
1678503600000.0,1.2575,1.292,1.223,1.2475,0.226227
1678502700000.0,1.287,1.292,1.2575,1.2575,0.104748
1678501800000.0,1.2850000000000001,1.288,1.282,1.287,0.925165
1678500900000.0,1.2934999999999999,1.299,1.2850000000000001,1.2850000000000001,1.296284
1678500000000.0,1.293,1.299,1.287,1.2934999999999999,3.070444
1678499100000.0,1.287,1.293,1.287,1.293,0.060259
1678498200000.0,1.287,1.287,1.287,1.287,1.63846
1678497300000.0,1.2854999999999999,1.287,1.284,1.287,6.951124
1678496400000.0,1.282,1.2854999999999999,1.28,1.2854999999999999,39.432611
1678495500000.0,1.2782499999999999,1.282,1.276,1.282,221.093143
1678494600000.0,1.27775,1.282,1.276,1.278,403.972378
1678493700000.0,1.27325,1.277,1.269,1.2765,0.763588
1678492800000.0,1.27,1.2734999999999999,1.27,1.2734999999999999,0.0
1678491900000.0,1.2737500000000002,1.28,1.27,1.27,0.259669
1678491000000.0,1.275,1.275,1.2725,1.2725,0.0
1678490100000.0,1.27525,1.276,1.274,1.275,0.446124
1678489200000.0,1.276,1.276,1.2755,1.2755,0.0
1678488300000.0,1.27,1.276,1.264,1.276,3.761636
1678487400000.0,1.25875,1.27,1.252,1.27,0.297164
1678486500000.0,1.259,1.28,1.252,1.258,1275.244054
1678485600000.0,1.2505000000000002,1.252,1.249,1.252,0.137775
1678484700000.0,1.2480000000000002,1.2505000000000002,1.247,1.2505000000000002,2.391009
1678483800000.0,1.2452500000000002,1.2480000000000002,1.243,1.2480000000000002,0.387536
1678482900000.0,1.2475,1.253,1.24,1.2455,0.647825
1678482000000.0,1.253,1.253,1.2485,1.2485,0.197679
1678481100000.0,1.253,1.253,1.253,1.253,0.485688
1678480200000.0,1.253,1.253,1.253,1.253,0.881186
1678479300000.0,1.253,1.253,1.253,1.253,0.683345
1678478400000.0,1.253,1.253,1.253,1.253,0.664523
1678477500000.0,1.2525,1.253,1.252,1.253,0.194937
1678476600000.0,1.2485000000000002,1.2525,1.243,1.2525,1.405939
1678475700000.0,1.24625,1.2495,1.245,1.2495,0.123326
1678474800000.0,1.245,1.246,1.245,1.246,0.0
1678473900000.0,1.24825,1.253,1.245,1.245,1.66446
1678473000000.0,1.2455,1.25,1.241,1.2475,0.216021
1678472100000.0,1.2465000000000002,1.252,1.241,1.2455,0.185007
1678471200000.0,1.252,1.252,1.2465000000000002,1.2465000000000002,0.0
1678470300000.0,1.2475,1.252,1.243,1.252,0.072691
1678469400000.0,1.2405,1.2475,1.238,1.2475,0.394316
1678468500000.0,1.2415,1.245,1.238,1.2405,0.306209
1678467600000.0,1.249,1.253,1.2415,1.2415,0.905939
1678466700000.0,1.253,1.253,1.249,1.249,0.859573
1678465800000.0,1.2525,1.253,1.252,1.253,2.406757
1678464900000.0,1.252,1.2525,1.252,1.2525,0.428668
1678464000000.0,1.252,1.252,1.252,1.252,1.103679
1678463100000.0,1.251,1.252,1.25,1.252,0.299433
1678462200000.0,1.2429999999999999,1.251,1.236,1.251,0.467132
1678461300000.0,1.2375,1.2429999999999999,1.236,1.2429999999999999,0.068773
1678460400000.0,1.2325,1.239,1.226,1.2375,1202.334415
1678459500000.0,1.229,1.2325,1.226,1.2325,0.477838
1678458600000.0,1.2385000000000002,1.246,1.229,1.229,3.852958
1678457700000.0,1.2480000000000002,1.253,1.2385000000000002,1.2385000000000002,43.572801
1678456800000.0,1.253,1.253,1.249,1.249,0.0
1678455900000.0,1.2465,1.253,1.24,1.253,2.084695
1678455000000.0,1.2269999999999999,1.2465,1.214,1.2465,75.181775
1678454100000.0,1.214,1.2269999999999999,1.214,1.2269999999999999,0.465128
1678453200000.0,1.214,1.214,1.214,1.214,0.059878
1678452300000.0,1.214,1.214,1.214,1.214,0.771184
1678451400000.0,1.21325,1.214,1.211,1.214,0.6703
1678450500000.0,1.214,1.214,1.214,1.214,1.058859
1678449600000.0,1.2125,1.214,1.211,1.214,0.082219
1678448700000.0,1.2105000000000001,1.2125,1.21,1.2125,0.250035
1678447800000.0,1.2105000000000001,1.211,1.21,1.2105000000000001,1.264091
1678446900000.0,1.2105000000000001,1.211,1.21,1.2105000000000001,0.408178
1678446000000.0,1.21,1.2105000000000001,1.21,1.2105000000000001,448.348126
1678445100000.0,1.21,1.21,1.21,1.21,0.602608
1678444200000.0,1.2115,1.213,1.21,1.21,89.214044
1678443300000.0,1.2195,1.226,1.2115,1.2115,34.845731
1678442400000.0,1.226,1.226,1.2195,1.2195,0.090073
1678441500000.0,1.2325,1.239,1.226,1.226,0.469084
1678440600000.0,1.239,1.239,1.2325,1.2325,26.321422
1678439700000.0,1.2395,1.24,1.239,1.239,0.616757
1678438800000.0,1.2395,1.24,1.239,1.2395,0.560235
1678437900000.0,1.2395,1.24,1.239,1.2395,0.60909
1678437000000.0,1.23975,1.24,1.239,1.2395,0.573468
1678436100000.0,1.2395,1.24,1.239,1.24,0.076286
1678435200000.0,1.242,1.245,1.239,1.2395,0.060392
1678434300000.0,1.2445000000000002,1.248,1.242,1.242,0.363457
1678433400000.0,1.243,1.2440000000000002,1.243,1.2440000000000002,0.0
1678432500000.0,1.2437500000000001,1.252,1.24,1.243,0.363106
1678431600000.0,1.2395,1.2415,1.239,1.2415,0.260341
1678430700000.0,1.2435,1.248,1.239,1.2395,0.349096
1678429800000.0,1.24825,1.249,1.2435,1.2435,1.293703
1678428900000.0,1.2485,1.25,1.246,1.248,202.574955
1678428000000.0,1.2445,1.25,1.239,1.249,1.028508
1678427100000.0,1.246,1.253,1.239,1.2445,0.121918
1678426200000.0,1.246,1.253,1.239,1.246,35.497095
1678425300000.0,1.2395,1.246,1.239,1.246,4.015576
1678424400000.0,1.236,1.24,1.232,1.2395,0.046376
1678423500000.0,1.228,1.236,1.224,1.236,0.031217
1678422600000.0,1.225,1.228,1.224,1.228,0.585825
1678421700000.0,1.224,1.224,1.224,1.224,0.0
1678420800000.0,1.229,1.234,1.224,1.224,0.148046
1678419900000.0,1.234,1.234,1.229,1.229,0.409644
1678419000000.0,1.23075,1.234,1.222,1.234,0.639846
1678418100000.0,1.231,1.2335,1.229,1.2335,0.113917
1678417200000.0,1.22875,1.231,1.228,1.231,148.363151
1678416300000.0,1.2285,1.229,1.228,1.2285,0.200101
1678415400000.0,1.22675,1.234,1.218,1.2285,21.844668
1678414500000.0,1.2265000000000001,1.2275,1.226,1.2275,0.821608
1678413600000.0,1.227,1.227,1.2265000000000001,1.2265000000000001,1.20932
1678412700000.0,1.223,1.227,1.219,1.227,20.66485
1678411800000.0,1.2197500000000001,1.224,1.218,1.223,1.684435
1678410900000.0,1.21575,1.2185000000000001,1.211,1.2185000000000001,0.793196
1678410000000.0,1.216,1.217,1.216,1.217,0.0
1678409100000.0,1.225,1.234,1.216,1.216,14.628932
1678408200000.0,1.234,1.234,1.225,1.225,0.247138
1678407300000.0,1.236,1.238,1.234,1.234,0.448095
1678406400000.0,1.237,1.238,1.236,1.236,0.042564
1678405500000.0,1.2355,1.237,1.235,1.237,0.233416
1678404600000.0,1.2345000000000002,1.2355,1.234,1.2355,20.70663
1678403700000.0,1.2345000000000002,1.235,1.234,1.2345000000000002,396.834487
1678402800000.0,1.235,1.235,1.2345000000000002,1.2345000000000002,2.279077
1678401900000.0,1.2360000000000002,1.237,1.235,1.235,0.221547
1678401000000.0,1.2360000000000002,1.237,1.235,1.2360000000000002,0.366403
1678400100000.0,1.23625,1.24,1.235,1.2360000000000002,16.577568
1678399200000.0,1.235,1.235,1.235,1.235,18.65873
1678398300000.0,1.2415,1.248,1.235,1.235,2.043158
1678397400000.0,1.2497500000000001,1.253,1.2415,1.2415,1.948613
1678396500000.0,1.2429999999999999,1.25,1.236,1.249,1397.908037
1678395600000.0,1.2530000000000001,1.27,1.236,1.2429999999999999,538.680831
1678394700000.0,1.2825,1.295,1.2530000000000001,1.2530000000000001,20.592931
1678393800000.0,1.295,1.295,1.2825,1.2825,196.702667
1678392900000.0,1.3125,1.33,1.295,1.295,21.495143
1678392000000.0,1.339,1.348,1.3125,1.3125,54.563603
1678391100000.0,1.348,1.348,1.339,1.339,21.18633
1678390200000.0,1.348,1.348,1.348,1.348,4.186184
1678389300000.0,1.348,1.348,1.348,1.348,0.883775
1678388400000.0,1.349,1.35,1.348,1.348,15.340169
1678387500000.0,1.35,1.35,1.3490000000000002,1.3490000000000002,3.761386
1678386600000.0,1.35,1.35,1.35,1.35,0.772381
1678385700000.0,1.3504999999999998,1.351,1.35,1.35,0.161259
1678384800000.0,1.3519999999999999,1.353,1.3505,1.3505,0.297813
1678383900000.0,1.3515000000000001,1.353,1.35,1.3519999999999999,0.205701
1678383000000.0,1.3504999999999998,1.3515000000000001,1.35,1.3515000000000001,2.105053
1678382100000.0,1.3504999999999998,1.351,1.35,1.3505,0.461997
1678381200000.0,1.3504999999999998,1.351,1.35,1.3505,5.02392
1678380300000.0,1.3504999999999998,1.351,1.35,1.3505,0.780924
1678379400000.0,1.3525,1.355,1.35,1.3505,0.505733
1678378500000.0,1.355,1.355,1.3525,1.3525,0.0
1678377600000.0,1.355,1.355,1.355,1.355,0.0
1678376700000.0,1.35675,1.359,1.355,1.355,0.660355
1678375800000.0,1.3575,1.36,1.353,1.3565,1.017559
1678374900000.0,1.35825,1.363,1.348,1.3585,9.571129
1678374000000.0,1.36475,1.369,1.361,1.361,70.837073
1678373100000.0,1.364,1.364,1.3635000000000002,1.3635000000000002,0.752502
1678372200000.0,1.3627500000000001,1.364,1.36,1.364,1.054075
1678371300000.0,1.3565,1.3635000000000002,1.35,1.3635000000000002,34.704494
1678370400000.0,1.35,1.3565,1.35,1.3565,0.136343
1678369500000.0,1.3475,1.35,1.345,1.35,0.110828
1678368600000.0,1.3405,1.3475000000000001,1.336,1.3475000000000001,0.074495
1678367700000.0,1.338,1.3405,1.336,1.3405,0.400553
1678366800000.0,1.34,1.34,1.338,1.338,0.0
1678365900000.0,1.3385,1.34,1.337,1.34,0.244208
1678365000000.0,1.33825,1.341,1.335,1.3385,2.174039
1678364100000.0,1.3405,1.346,1.33,1.3385,0.291463
1678363200000.0,1.348,1.35,1.343,1.343,0.626609
1678362300000.0,1.3465,1.35,1.343,1.348,0.048353
1678361400000.0,1.345,1.35,1.337,1.3465,0.486747
1678360500000.0,1.34,1.35,1.33,1.3465,0.043896
1678359600000.0,1.33,1.34,1.33,1.34,0.0
1678358700000.0,1.331,1.332,1.33,1.33,0.891863
1678357800000.0,1.332,1.332,1.331,1.331,0.278849
1678356900000.0,1.3325,1.333,1.332,1.332,0.286889
1678356000000.0,1.333,1.333,1.3325,1.3325,0.0
1678355100000.0,1.333,1.333,1.333,1.333,0.051743
1678354200000.0,1.3325,1.333,1.332,1.333,0.111077
1678353300000.0,1.332,1.3325,1.332,1.3325,0.103994
1678352400000.0,1.332,1.332,1.332,1.332,0.0
1678351500000.0,1.332,1.332,1.332,1.332,0.293458
1678350600000.0,1.33225,1.333,1.332,1.332,0.906305
1678349700000.0,1.3325,1.333,1.332,1.332,0.196329
1678348800000.0,1.333,1.333,1.3325,1.3325,0.0
1678347900000.0,1.3375,1.342,1.333,1.333,1.076436
1678347000000.0,1.3395000000000001,1.342,1.337,1.3375,0.260615
1678346100000.0,1.34125,1.346,1.336,1.3395000000000001,0.145536
1678345200000.0,1.3450000000000002,1.346,1.3415,1.3415,0.777129
1678344300000.0,1.34525,1.348,1.344,1.3450000000000002,0.230188
1678343400000.0,1.3445,1.345,1.344,1.3445,0.451418
1678342500000.0,1.3445,1.35,1.342,1.3445,0.160041
1678341600000.0,1.342,1.343,1.342,1.343,0.0
1678340700000.0,1.3415000000000001,1.342,1.341,1.342,0.255839
1678339800000.0,1.345,1.349,1.341,1.3415,3.426468
1678338900000.0,1.3482500000000002,1.349,1.345,1.345,0.427643
1678338000000.0,1.347,1.3485,1.346,1.3485,0.634206
1678337100000.0,1.3475,1.35,1.345,1.347,0.223363
1678336200000.0,1.345,1.349,1.341,1.3475000000000001,0.227035
1678335300000.0,1.342,1.345,1.339,1.345,140.61868
1678334400000.0,1.3435000000000001,1.344,1.3425,1.3425,0.322509
1678333500000.0,1.34475,1.347,1.343,1.3435000000000001,0.328143
1678332600000.0,1.346,1.346,1.3445,1.3445,0.0
1678331700000.0,1.34525,1.346,1.344,1.346,0.384605
1678330800000.0,1.345,1.3455,1.345,1.3455,0.0
1678329900000.0,1.3435000000000001,1.345,1.342,1.345,0.073044
1678329000000.0,1.3445,1.347,1.342,1.3435000000000001,1.272571
1678328100000.0,1.3425,1.347,1.338,1.3445,0.290654
1678327200000.0,1.338,1.3425,1.338,1.3425,0.245523
1678326300000.0,1.33525,1.339,1.332,1.338,75.850382
1678325400000.0,1.332,1.335,1.332,1.335,0.428172
1678324500000.0,1.3325,1.333,1.332,1.332,0.440083
1678323600000.0,1.333,1.333,1.3325,1.3325,0.0
1678322700000.0,1.333,1.333,1.333,1.333,0.130998
1678321800000.0,1.3325,1.333,1.332,1.333,0.21698
1678320900000.0,1.3325,1.333,1.332,1.3325,0.631694
1678320000000.0,1.3365,1.346,1.3325,1.3325,6.601814
1678319100000.0,1.3335,1.334,1.333,1.3335,2.232442
1678318200000.0,1.333,1.3335,1.333,1.3335,0.536144
1678317300000.0,1.3325,1.333,1.332,1.333,2.197877
1678316400000.0,1.3365,1.341,1.332,1.3325,1.566751
1678315500000.0,1.3455000000000001,1.35,1.3365,1.3365,158.537979
1678314600000.0,1.3599999999999999,1.37,1.3455,1.3455,154.962316
1678313700000.0,1.3705,1.371,1.36,1.36,1.197582
1678312800000.0,1.3705,1.371,1.37,1.3705,0.267002
1678311900000.0,1.37175,1.376,1.37,1.3705,2.846619
1678311000000.0,1.3762500000000002,1.392,1.3705,1.3705,71.539176
1678310100000.0,1.371,1.371,1.371,1.371,0.167645
1678309200000.0,1.371,1.371,1.371,1.371,0.153224
1678308300000.0,1.3705,1.371,1.37,1.371,173.856312
1678307400000.0,1.3705,1.371,1.37,1.3705,0.342638
1678306500000.0,1.371,1.371,1.3705,1.3705,0.0
1678305600000.0,1.371,1.371,1.371,1.371,0.459167
1678304700000.0,1.371,1.371,1.371,1.371,0.270767
1678303800000.0,1.371,1.371,1.371,1.371,1.650612
1678302900000.0,1.3732499999999999,1.376,1.37,1.371,113.510331
1678302000000.0,1.376,1.376,1.3735,1.3735,0.341095
1678301100000.0,1.376,1.376,1.376,1.376,0.0
1678300200000.0,1.376,1.376,1.376,1.376,6.640136
1678299300000.0,1.3765,1.377,1.376,1.376,0.522139
1678298400000.0,1.3765,1.377,1.376,1.3765,0.044645
1678297500000.0,1.376,1.3765,1.376,1.3765,0.117343
1678296600000.0,1.376,1.376,1.376,1.376,1.438531
1678295700000.0,1.3765,1.377,1.376,1.376,0.079764
1678294800000.0,1.381,1.385,1.3765,1.3765,0.273165
1678293900000.0,1.381,1.385,1.377,1.381,2.033578
1678293000000.0,1.377,1.381,1.377,1.381,0.754227
1678292100000.0,1.3875,1.398,1.377,1.377,1.259457
1678291200000.0,1.3975,1.398,1.3875,1.3875,0.206137
1678290300000.0,1.399,1.401,1.397,1.3975,0.110121
1678289400000.0,1.393,1.405,1.383,1.399,0.510608
1678288500000.0,1.381,1.392,1.377,1.392,2.518218
1678287600000.0,1.377,1.38,1.377,1.38,0.520675
1678286700000.0,1.377,1.377,1.377,1.377,3.334238
1678285800000.0,1.377,1.377,1.377,1.377,0.126731
1678284900000.0,1.384,1.407,1.376,1.377,1.094334
1678284000000.0,1.3834999999999997,1.391,1.376,1.3765,0.4513
1678283100000.0,1.396,1.401,1.3835,1.3835,45.993638
1678282200000.0,1.403,1.405,1.396,1.396,3.508335
1678281300000.0,1.4055,1.406,1.403,1.403,21.735401
1678280400000.0,1.4055,1.406,1.405,1.4055,0.086548
1678279500000.0,1.405,1.4055,1.405,1.4055,0.259892
1678278600000.0,1.405,1.405,1.405,1.405,1.460044
1678277700000.0,1.4055,1.406,1.405,1.405,0.392485
1678276800000.0,1.406,1.406,1.4055,1.4055,0.0
1678275900000.0,1.4062499999999998,1.407,1.406,1.406,1.06616
1678275000000.0,1.406,1.406,1.406,1.406,54.251285
1678274100000.0,1.40575,1.406,1.405,1.406,26.660977
1678273200000.0,1.406,1.406,1.406,1.406,0.035319
1678272300000.0,1.4055,1.406,1.405,1.406,0.155272
1678271400000.0,1.4055,1.406,1.405,1.4055,0.178405
1678270500000.0,1.40575,1.406,1.405,1.4055,0.724436
1678269600000.0,1.406,1.406,1.406,1.406,0.0
1678268700000.0,1.406,1.406,1.406,1.406,0.267211
1678267800000.0,1.406,1.406,1.406,1.406,0.030732
1678266900000.0,1.4055,1.406,1.405,1.406,0.801568
1678266000000.0,1.405,1.4055,1.405,1.4055,0.0
1678265100000.0,1.4055,1.406,1.405,1.405,0.523512
1678264200000.0,1.406,1.406,1.4055,1.4055,0.178004
1678263300000.0,1.4055,1.406,1.405,1.406,0.354372
1678262400000.0,1.405,1.4055,1.405,1.4055,0.0
1678261500000.0,1.405,1.405,1.405,1.405,0.57822
1678260600000.0,1.40525,1.406,1.405,1.405,1.413287
1678259700000.0,1.4055,1.406,1.405,1.405,0.262759
1678258800000.0,1.4055,1.406,1.405,1.4055,151.282885
1678257900000.0,1.405,1.4055,1.405,1.4055,0.0
1678257000000.0,1.405,1.405,1.405,1.405,4.888887
1678256100000.0,1.405,1.405,1.405,1.405,0.101509
1678255200000.0,1.4055,1.406,1.405,1.405,0.809327
1678254300000.0,1.4055,1.406,1.405,1.4055,0.424676
1678253400000.0,1.4055,1.406,1.405,1.4055,0.852909
1678252500000.0,1.40575,1.406,1.405,1.4055,0.422198
1678251600000.0,1.406,1.406,1.406,1.406,0.153805
1678250700000.0,1.406,1.406,1.406,1.406,1.377476
1678249800000.0,1.40575,1.406,1.405,1.406,0.162494
1678248900000.0,1.406,1.406,1.406,1.406,0.201126
1678248000000.0,1.4055,1.406,1.405,1.406,0.034234
1678247100000.0,1.405,1.4055,1.405,1.4055,0.32318
1678246200000.0,1.4055,1.406,1.405,1.405,0.889186
1678245300000.0,1.4069999999999998,1.408,1.4055,1.4055,0.155338
1678244400000.0,1.4085,1.409,1.407,1.407,0.148033
1678243500000.0,1.409,1.409,1.4085,1.4085,0.0
1678242600000.0,1.4097499999999998,1.412,1.406,1.409,3.116003
1678241700000.0,1.4104999999999999,1.412,1.409,1.4104999999999999,0.381595
1678240800000.0,1.415,1.421,1.409,1.4104999999999999,0.346875
1678239900000.0,1.4135,1.421,1.406,1.415,1052.589281
1678239000000.0,1.406,1.4135,1.406,1.4135,0.932376
1678238100000.0,1.404,1.406,1.402,1.406,0.103527
1678237200000.0,1.4045,1.407,1.402,1.404,2.732634
1678236300000.0,1.407,1.407,1.4045,1.4045,0.589392
1678235400000.0,1.407,1.407,1.407,1.407,0.650828
1678234500000.0,1.407,1.407,1.407,1.407,0.619838
1678233600000.0,1.407,1.407,1.407,1.407,0.0
1678232700000.0,1.4064999999999999,1.407,1.406,1.407,2.130474
1678231800000.0,1.4064999999999999,1.407,1.406,1.4064999999999999,0.070789
1678230900000.0,1.40675,1.407,1.406,1.4064999999999999,0.117299
1678230000000.0,1.407,1.407,1.407,1.407,0.0
1678229100000.0,1.399,1.407,1.391,1.407,2.702612
1678228200000.0,1.3935,1.399,1.391,1.399,0.761738
1678227300000.0,1.4009999999999998,1.406,1.3935,1.3935,0.096803
1678226400000.0,1.406,1.406,1.4009999999999998,1.4009999999999998,0.0
1678225500000.0,1.4064999999999999,1.407,1.406,1.406,0.201376
1678224600000.0,1.40675,1.407,1.406,1.4064999999999999,1.240431
1678223700000.0,1.4064999999999999,1.407,1.406,1.407,0.039552
1678222800000.0,1.406,1.4064999999999999,1.406,1.4064999999999999,0.0
1678221900000.0,1.406,1.406,1.406,1.406,1.046874
1678221000000.0,1.406,1.406,1.406,1.406,3.818544
1678220100000.0,1.406,1.406,1.406,1.406,0.773656
1678219200000.0,1.406,1.406,1.406,1.406,0.0
1678218300000.0,1.406,1.406,1.406,1.406,0.103512
1678217400000.0,1.406,1.406,1.406,1.406,3.610142
1678216500000.0,1.406,1.406,1.406,1.406,0.323422
1678215600000.0,1.406,1.406,1.406,1.406,0.0
1678214700000.0,1.406,1.406,1.406,1.406,1.012915
1678213800000.0,1.406,1.406,1.406,1.406,5.627138
1678212900000.0,1.399,1.406,1.392,1.406,0.258798
1678212000000.0,1.3915,1.399,1.391,1.399,34.792245
1678211100000.0,1.391,1.3915,1.391,1.3915,0.647071
1678210200000.0,1.3904999999999998,1.391,1.39,1.391,2.430546
1678209300000.0,1.38025,1.391,1.37,1.3904999999999998,0.734746
1678208400000.0,1.37,1.38,1.37,1.38,0.0
1678207500000.0,1.37,1.37,1.37,1.37,0.0
1678206600000.0,1.373,1.376,1.37,1.37,1.969971
1678205700000.0,1.38,1.384,1.373,1.373,0.303599
1678204800000.0,1.384,1.384,1.38,1.38,0.0
1678203900000.0,1.3864999999999998,1.389,1.384,1.384,5.09665
1678203000000.0,1.3805,1.389,1.372,1.3864999999999998,1.78699
1678202100000.0,1.3715000000000002,1.3805,1.371,1.3805,0.258571
1678201200000.0,1.37575,1.392,1.37,1.3715000000000002,0.422658
1678200300000.0,1.381,1.392,1.37,1.3705,605.822854
1678199400000.0,1.392,1.392,1.381,1.381,0.069753
1678198500000.0,1.3915,1.392,1.391,1.392,0.030718
1678197600000.0,1.3980000000000001,1.405,1.391,1.3915,34.091618
1678196700000.0,1.4055,1.406,1.3980000000000001,1.3980000000000001,37.244101
1678195800000.0,1.406,1.406,1.4055,1.4055,0.203593
1678194900000.0,1.406,1.406,1.406,1.406,0.114694
1678194000000.0,1.406,1.406,1.406,1.406,68.606789
1678193100000.0,1.406,1.406,1.406,1.406,0.89217
1678192200000.0,1.40575,1.406,1.405,1.406,0.183942
1678191300000.0,1.406,1.406,1.406,1.406,0.193374
1678190400000.0,1.406,1.406,1.406,1.406,0.477202
1678189500000.0,1.4055,1.406,1.405,1.406,16.626591
1678188600000.0,1.4080000000000001,1.411,1.405,1.4055,11.858726
1678187700000.0,1.4107500000000002,1.411,1.408,1.408,0.210818
1678186800000.0,1.4135,1.416,1.411,1.411,0.033794
1678185900000.0,1.41825,1.421,1.4135,1.4135,27.636139
1678185000000.0,1.41975,1.42,1.418,1.418,0.231714
1678184100000.0,1.42775,1.437,1.42,1.42,2.396348
1678183200000.0,1.4335,1.434,1.427,1.427,0.48388
1678182300000.0,1.4300000000000002,1.4335,1.427,1.4335,0.426378
1678181400000.0,1.431,1.435,1.427,1.4300000000000002,0.076103
1678180500000.0,1.4395,1.445,1.431,1.431,0.189699
1678179600000.0,1.4415,1.445,1.438,1.44,0.10044
1678178700000.0,1.438,1.4415,1.438,1.4415,0.0
1678177800000.0,1.4397499999999999,1.444,1.433,1.438,0.764529
1678176900000.0,1.4454999999999998,1.448,1.4409999999999998,1.4409999999999998,0.568687
1678176000000.0,1.446,1.446,1.4449999999999998,1.4449999999999998,0.0
1678175100000.0,1.4449999999999998,1.446,1.444,1.446,0.443947
1678174200000.0,1.44475,1.45,1.435,1.4449999999999998,0.749364
1678173300000.0,1.4489999999999998,1.45,1.447,1.447,0.394494
1678172400000.0,1.448,1.4489999999999998,1.448,1.4489999999999998,0.0
1678171500000.0,1.448,1.448,1.448,1.448,0.0
1678170600000.0,1.446,1.449,1.438,1.448,7.12449
1678169700000.0,1.4495,1.45,1.4485000000000001,1.4485000000000001,0.974317
1678168800000.0,1.45,1.45,1.4495,1.4495,0.0
1678167900000.0,1.4375,1.45,1.425,1.45,1.876495
1678167000000.0,1.425,1.4375,1.425,1.4375,0.446034
1678166100000.0,1.4375,1.45,1.425,1.425,1.784755
1678165200000.0,1.45,1.45,1.4375,1.4375,0.0
1678164300000.0,1.4344999999999999,1.45,1.419,1.45,0.099856
1678163400000.0,1.419,1.4344999999999999,1.419,1.4344999999999999,0.352623
1678162500000.0,1.4344999999999999,1.45,1.419,1.419,0.18316
1678161600000.0,1.45,1.45,1.4344999999999999,1.4344999999999999,0.431118
1678160700000.0,1.45,1.45,1.45,1.45,1.770111
1678159800000.0,1.448,1.45,1.442,1.45,0.360471
1678158900000.0,1.45,1.45,1.45,1.45,0.0
1678158000000.0,1.45,1.45,1.45,1.45,0.462703
1678157100000.0,1.45,1.45,1.45,1.45,1.338875
1678156200000.0,1.45,1.45,1.45,1.45,0.310192
1678155300000.0,1.4344999999999999,1.45,1.419,1.45,1.10934
1678154400000.0,1.419,1.4344999999999999,1.419,1.4344999999999999,0.0
1678153500000.0,1.4340000000000002,1.465,1.419,1.419,44.582367
1678152600000.0,1.443,1.465,1.4260000000000002,1.4260000000000002,27.691959
1678151700000.0,1.441,1.441,1.437,1.437,0.0
1678150800000.0,1.441,1.441,1.441,1.441,0.0
1678149900000.0,1.441,1.441,1.441,1.441,0.0
1678149000000.0,1.441,1.441,1.441,1.441,0.0
1678148100000.0,1.441,1.441,1.441,1.441,0.0
1678147200000.0,1.441,1.441,1.441,1.441,0.0
1678146300000.0,1.441,1.441,1.441,1.441,0.0
1678145400000.0,1.441,1.441,1.441,1.441,0.0
1678144500000.0,1.441,1.441,1.441,1.441,0.0
1678143600000.0,1.441,1.441,1.441,1.441,0.0
1678142700000.0,1.441,1.441,1.441,1.441,0.0
1678141800000.0,1.4425,1.444,1.441,1.441,15.649995
1678140900000.0,1.444,1.444,1.4425,1.4425,0.0
1678140000000.0,1.4409999999999998,1.444,1.438,1.444,0.584066
1678139100000.0,1.4355,1.4409999999999998,1.433,1.4409999999999998,0.08095
1678138200000.0,1.433,1.4355,1.433,1.4355,0.0
1678137300000.0,1.433,1.433,1.433,1.433,0.17264
1678136400000.0,1.4340000000000002,1.435,1.433,1.433,1.717824
1678135500000.0,1.43525,1.436,1.4340000000000002,1.4340000000000002,0.703465
1678134600000.0,1.4355000000000002,1.436,1.435,1.435,0.440624
1678133700000.0,1.4375,1.439,1.4355,1.4355,0.224545
1678132800000.0,1.4395,1.44,1.4375,1.4375,0.819634
1678131900000.0,1.4392500000000001,1.44,1.437,1.4395,0.515713
1678131000000.0,1.44,1.44,1.44,1.44,0.0
1678130100000.0,1.4449999999999998,1.45,1.44,1.44,0.434494
1678129200000.0,1.449,1.452,1.4449999999999998,1.4449999999999998,0.117124
1678128300000.0,1.4495,1.452,1.447,1.4485000000000001,0.357234
1678127400000.0,1.4507500000000002,1.455,1.448,1.4495,0.211468
1678126500000.0,1.447,1.45,1.446,1.45,0.086947
1678125600000.0,1.446,1.447,1.446,1.447,0.0
1678124700000.0,1.4465000000000001,1.449,1.442,1.446,0.551457
1678123800000.0,1.449,1.449,1.4475,1.4475,0.065679
1678122900000.0,1.449,1.449,1.449,1.449,6.183939
1678122000000.0,1.4497500000000003,1.451,1.448,1.449,1.455598
1678121100000.0,1.4500000000000002,1.453,1.448,1.4500000000000002,0.665025
1678120200000.0,1.4512500000000002,1.455,1.447,1.4495,1.253905
1678119300000.0,1.4545,1.455,1.4515,1.4515,1.535073
1678118400000.0,1.4569999999999999,1.46,1.454,1.4545,0.056878
1678117500000.0,1.45425,1.46,1.447,1.4569999999999999,0.255871
1678116600000.0,1.451,1.455,1.45,1.455,0.23494
1678115700000.0,1.455,1.46,1.451,1.451,3.219457
1678114800000.0,1.452,1.456,1.448,1.454,0.240881
1678113900000.0,1.4420000000000002,1.452,1.435,1.452,0.768134
1678113000000.0,1.436,1.442,1.436,1.442,0.0
1678112100000.0,1.436,1.436,1.436,1.436,0.394507
1678111200000.0,1.43575,1.436,1.435,1.436,2.033651
1678110300000.0,1.436,1.436,1.436,1.436,0.803617
1678109400000.0,1.436,1.436,1.436,1.436,0.174587
1678108500000.0,1.43625,1.437,1.436,1.436,3.836192
1678107600000.0,1.436,1.436,1.436,1.436,0.375975
1678106700000.0,1.436,1.436,1.436,1.436,1.226576
1678105800000.0,1.436,1.436,1.436,1.436,0.577713
1678104900000.0,1.4355000000000002,1.436,1.435,1.436,0.622754
1678104000000.0,1.4415,1.448,1.435,1.4355,14.082179
1678103100000.0,1.448,1.448,1.4415,1.4415,0.47728
1678102200000.0,1.448,1.448,1.448,1.448,0.0
1678101300000.0,1.4485000000000001,1.449,1.448,1.448,0.203891
1678100400000.0,1.449,1.449,1.4485000000000001,1.4485000000000001,2.888941
1678099500000.0,1.449,1.449,1.449,1.449,1.148633
1678098600000.0,1.449,1.449,1.449,1.449,0.0
1678097700000.0,1.449,1.449,1.449,1.449,0.579006
1678096800000.0,1.4485000000000001,1.449,1.448,1.449,32.966504
1678095900000.0,1.448,1.4485000000000001,1.448,1.4485000000000001,0.062368
1678095000000.0,1.4485000000000001,1.449,1.448,1.448,0.208781
1678094100000.0,1.449,1.449,1.4485000000000001,1.4485000000000001,0.113679
1678093200000.0,1.449,1.449,1.449,1.449,0.94524
1678092300000.0,1.449,1.449,1.449,1.449,0.595186
1678091400000.0,1.449,1.449,1.449,1.449,0.0
1678090500000.0,1.449,1.449,1.449,1.449,0.188369
1678089600000.0,1.44875,1.449,1.448,1.449,2.051753
1678088700000.0,1.4485000000000001,1.449,1.448,1.449,0.05538
1678087800000.0,1.4485000000000001,1.449,1.448,1.4485000000000001,0.212797
1678086900000.0,1.4485000000000001,1.449,1.448,1.4485000000000001,0.055099
1678086000000.0,1.4485000000000001,1.449,1.448,1.4485000000000001,0.295979
1678085100000.0,1.449,1.449,1.4485000000000001,1.4485000000000001,0.263155
1678084200000.0,1.449,1.449,1.449,1.449,0.0
1678083300000.0,1.449,1.449,1.449,1.449,0.538657
1678082400000.0,1.44875,1.449,1.448,1.449,0.106308
1678081500000.0,1.4485000000000001,1.449,1.448,1.449,0.203365
1678080600000.0,1.448,1.4485000000000001,1.448,1.4485000000000001,0.074868
1678079700000.0,1.448,1.448,1.448,1.448,0.383552
1678078800000.0,1.4485000000000001,1.449,1.448,1.448,0.105782
1678077900000.0,1.44875,1.449,1.448,1.4485000000000001,24.250251
1678077000000.0,1.449,1.449,1.449,1.449,0.075239
1678076100000.0,1.449,1.449,1.449,1.449,0.0
1678075200000.0,1.449,1.449,1.449,1.449,0.599279
1678074300000.0,1.44875,1.449,1.448,1.449,0.381263
1678073400000.0,1.449,1.449,1.449,1.449,0.0
1678072500000.0,1.449,1.449,1.449,1.449,0.164162
1678071600000.0,1.4485000000000001,1.449,1.448,1.449,0.55872
1678070700000.0,1.448,1.4485000000000001,1.448,1.4485000000000001,0.056142
1678069800000.0,1.448,1.448,1.448,1.448,0.038059
1678068900000.0,1.448,1.448,1.448,1.448,0.576139
1678068000000.0,1.4482499999999998,1.449,1.448,1.448,2.949786
1678067100000.0,1.4500000000000002,1.452,1.448,1.448,0.62282
1678066200000.0,1.452,1.452,1.45,1.45,0.0
1678065300000.0,1.4505,1.452,1.448,1.452,0.727083
1678064400000.0,1.451,1.453,1.448,1.451,0.602316
1678063500000.0,1.4535,1.454,1.4515,1.4515,0.86144
1678062600000.0,1.454,1.454,1.4535,1.4535,0.0
1678061700000.0,1.4515,1.454,1.449,1.454,0.612623
1678060800000.0,1.4485000000000001,1.4515,1.448,1.4515,2.398172
1678059900000.0,1.4485000000000001,1.449,1.448,1.4485000000000001,1.179804
1678059000000.0,1.449,1.449,1.4485000000000001,1.4485000000000001,0.0
1678058100000.0,1.4507500000000002,1.458,1.448,1.449,0.4248
1678057200000.0,1.4529999999999998,1.458,1.448,1.4485000000000001,1.537708
1678056300000.0,1.46125,1.466,1.4529999999999998,1.4529999999999998,0.379123
1678055400000.0,1.466,1.466,1.462,1.462,0.0
1678054500000.0,1.467,1.468,1.466,1.466,0.03762
1678053600000.0,1.4680000000000002,1.469,1.466,1.467,1.271631
1678052700000.0,1.471,1.473,1.4685000000000001,1.4685000000000001,0.032908
1678051800000.0,1.473,1.473,1.471,1.471,0.0
1678050900000.0,1.472,1.475,1.47,1.473,0.337195
1678050000000.0,1.4695,1.4715,1.469,1.4715,0.182952
1678049100000.0,1.4695,1.47,1.469,1.4695,0.138292
1678048200000.0,1.4705000000000001,1.474,1.469,1.4695,0.147026
1678047300000.0,1.4675,1.4695,1.466,1.4695,0.194207
1678046400000.0,1.466,1.4675,1.466,1.4675,1.358702
1678045500000.0,1.466,1.466,1.466,1.466,0.090163
1678044600000.0,1.46625,1.467,1.466,1.466,0.154861
1678043700000.0,1.4675,1.47,1.466,1.466,0.145397
1678042800000.0,1.468,1.468,1.467,1.467,0.0
1678041900000.0,1.4689999999999999,1.47,1.468,1.468,0.933692
1678041000000.0,1.4692500000000002,1.47,1.467,1.4689999999999999,0.120816
1678040100000.0,1.4695,1.47,1.469,1.47,0.163977
1678039200000.0,1.4665,1.4695,1.464,1.4695,0.058715
1678038300000.0,1.46625,1.471,1.464,1.4665,0.566555
1678037400000.0,1.468,1.47,1.4649999999999999,1.4649999999999999,0.92752
1678036500000.0,1.4725,1.475,1.468,1.468,0.110689
1678035600000.0,1.475,1.475,1.4725000000000001,1.4725000000000001,0.972852
1678034700000.0,1.47525,1.476,1.475,1.475,0.202537
1678033800000.0,1.475,1.475,1.475,1.475,0.0
1678032900000.0,1.4747500000000002,1.475,1.474,1.475,0.236625
1678032000000.0,1.476,1.478,1.475,1.475,1.399494
1678031100000.0,1.47675,1.479,1.473,1.4755,0.660173
1678030200000.0,1.479,1.479,1.4775,1.4775,0.0
1678029300000.0,1.479,1.479,1.479,1.479,0.0
1678028400000.0,1.479,1.479,1.479,1.479,0.236646
1678027500000.0,1.47625,1.479,1.471,1.479,0.748189
1678026600000.0,1.4775,1.479,1.476,1.4775,0.111239
1678025700000.0,1.47875,1.479,1.4775,1.4775,0.117273
1678024800000.0,1.479,1.479,1.479,1.479,0.0
1678023900000.0,1.47875,1.479,1.478,1.479,1.81487
1678023000000.0,1.479,1.479,1.479,1.479,0.0
1678022100000.0,1.4785000000000001,1.479,1.477,1.479,0.804634
1678021200000.0,1.476,1.479,1.473,1.479,1.088582
1678020300000.0,1.4755,1.478,1.473,1.476,26.976233
1678019400000.0,1.478,1.478,1.4755,1.4755,0.0
1678018500000.0,1.4777500000000001,1.478,1.477,1.478,0.560025
1678017600000.0,1.4777500000000001,1.479,1.477,1.478,0.765426
1678016700000.0,1.475,1.4775,1.473,1.4775,0.067578
1678015800000.0,1.476,1.479,1.473,1.475,0.107283
1678014900000.0,1.4745,1.479,1.47,1.476,0.390203
1678014000000.0,1.4602500000000003,1.475,1.448,1.4745,0.490952
1678013100000.0,1.4625,1.477,1.448,1.459,2.363811
1678012200000.0,1.4772500000000002,1.478,1.4625,1.4625,0.483263
1678011300000.0,1.469,1.477,1.461,1.477,0.084571
1678010400000.0,1.4615,1.469,1.461,1.469,0.472291
1678009500000.0,1.46075,1.462,1.459,1.4615,2.463576
1678008600000.0,1.46,1.4609999999999999,1.46,1.4609999999999999,0.0
1678007700000.0,1.4655,1.472,1.458,1.46,0.669201
1678006800000.0,1.4615,1.472,1.451,1.466,1.413638
1678005900000.0,1.456,1.4615,1.451,1.4615,0.07145
1678005000000.0,1.4695,1.478,1.456,1.456,0.289606
1678004100000.0,1.4685000000000001,1.478,1.459,1.4695,0.079735
1678003200000.0,1.4595,1.4685000000000001,1.458,1.4685000000000001,0.172175
1678002300000.0,1.4605000000000001,1.463,1.458,1.4585,0.241527
1678001400000.0,1.463,1.463,1.4605000000000001,1.4605000000000001,0.080404
1678000500000.0,1.463,1.463,1.463,1.463,0.0
1677999600000.0,1.4675,1.472,1.463,1.463,0.196245
1677998700000.0,1.469,1.472,1.466,1.4675,1.455958
1677997800000.0,1.464,1.4689999999999999,1.462,1.4689999999999999,0.148306
1677996900000.0,1.464,1.466,1.462,1.464,0.272083
1677996000000.0,1.466,1.466,1.464,1.464,0.0
1677995100000.0,1.4659999999999997,1.47,1.464,1.466,2.181415
1677994200000.0,1.4665,1.469,1.464,1.4649999999999999,0.100792
1677993300000.0,1.4594999999999998,1.473,1.448,1.4665,0.362302
1677992400000.0,1.4609999999999999,1.474,1.448,1.4585,0.112075
1677991500000.0,1.472,1.474,1.4609999999999999,1.4609999999999999,0.94201
1677990600000.0,1.459,1.472,1.448,1.472,0.036634
1677989700000.0,1.4575,1.467,1.448,1.459,0.389542
1677988800000.0,1.4625000000000001,1.467,1.454,1.4575,0.559758
1677987900000.0,1.4627500000000002,1.467,1.461,1.4645000000000001,28.075103
1677987000000.0,1.46,1.4615,1.459,1.4615,0.324411
1677986100000.0,1.4585000000000001,1.461,1.457,1.46,0.389106
1677985200000.0,1.4545,1.4580000000000002,1.452,1.4580000000000002,0.061669
1677984300000.0,1.456,1.46,1.452,1.4545,230.329351
1677983400000.0,1.4609999999999999,1.462,1.456,1.456,0.353273
1677982500000.0,1.467,1.472,1.4609999999999999,1.4609999999999999,0.784809
1677981600000.0,1.47,1.472,1.467,1.467,1.802943
1677980700000.0,1.46775,1.47,1.467,1.47,12.154239
1677979800000.0,1.467,1.468,1.466,1.468,0.067382
1677978900000.0,1.4569999999999999,1.467,1.448,1.467,0.116912
1677978000000.0,1.4485000000000001,1.4569999999999999,1.448,1.4569999999999999,0.185472
1677977100000.0,1.449,1.449,1.4485000000000001,1.4485000000000001,0.80434
1677976200000.0,1.4500000000000002,1.451,1.449,1.449,0.54925
1677975300000.0,1.4500000000000002,1.451,1.449,1.4500000000000002,0.041945
1677974400000.0,1.4505,1.455,1.449,1.4500000000000002,0.472721
1677973500000.0,1.449,1.449,1.449,1.449,0.943358
1677972600000.0,1.4495,1.45,1.449,1.449,0.441982
1677971700000.0,1.4495,1.45,1.449,1.4495,1.858665
1677970800000.0,1.449,1.4495,1.449,1.4495,172.508306
1677969900000.0,1.4505,1.452,1.449,1.449,7.283417
1677969000000.0,1.4505,1.452,1.449,1.4505,1754.287671
1677968100000.0,1.456,1.463,1.449,1.4505,7.438005
1677967200000.0,1.4625,1.463,1.456,1.456,29.280077
1677966300000.0,1.462,1.4625,1.462,1.4625,4.48101
1677965400000.0,1.4625,1.463,1.462,1.462,0.165366
1677964500000.0,1.46275,1.463,1.462,1.4625,0.263468
1677963600000.0,1.463,1.463,1.463,1.463,2.078031
1677962700000.0,1.4662499999999998,1.478,1.462,1.463,7.854814
1677961800000.0,1.462,1.4625,1.462,1.4625,13.819425
1677960900000.0,1.47,1.478,1.462,1.462,1.652207
1677960000000.0,1.4775,1.478,1.47,1.47,20.669214
1677959100000.0,1.477,1.4775,1.477,1.4775,2.867584
1677958200000.0,1.4775,1.478,1.477,1.477,0.032439
1677957300000.0,1.478,1.478,1.4775,1.4775,6.173036
1677956400000.0,1.478,1.478,1.478,1.478,0.087582
1677955500000.0,1.4775,1.478,1.477,1.478,1.771121
1677954600000.0,1.477,1.4775,1.477,1.4775,0.098921
1677953700000.0,1.477,1.477,1.477,1.477,0.616768
1677952800000.0,1.477,1.477,1.477,1.477,0.712452
1677951900000.0,1.4775,1.478,1.477,1.477,1.591423
1677951000000.0,1.478,1.478,1.4775,1.4775,0.036985
1677950100000.0,1.478,1.478,1.478,1.478,0.143261
1677949200000.0,1.4777500000000001,1.478,1.477,1.478,0.274592
1677948300000.0,1.4775,1.478,1.477,1.478,0.059311
1677947400000.0,1.477,1.4775,1.477,1.4775,0.0
1677946500000.0,1.4775,1.478,1.477,1.477,0.136945
1677945600000.0,1.4775,1.478,1.477,1.4775,1.121586
1677944700000.0,1.4775,1.478,1.477,1.4775,0.266067
1677943800000.0,1.478,1.478,1.4775,1.4775,0.0
1677942900000.0,1.4775,1.478,1.477,1.478,0.27012
1677942000000.0,1.4772500000000002,1.478,1.477,1.4775,1.094616
1677941100000.0,1.477,1.477,1.477,1.477,1.16453
1677940200000.0,1.477,1.477,1.477,1.477,0.101038
1677939300000.0,1.477,1.477,1.477,1.477,0.307872
1677938400000.0,1.4772500000000002,1.478,1.477,1.477,3.466323
1677937500000.0,1.4775,1.478,1.477,1.477,0.621821
1677936600000.0,1.478,1.478,1.4775,1.4775,0.616001
1677935700000.0,1.4775,1.478,1.477,1.478,0.123431
1677934800000.0,1.4775,1.478,1.477,1.4775,0.036388
1677933900000.0,1.4777500000000001,1.478,1.477,1.4775,3.167439
1677933000000.0,1.4775,1.478,1.477,1.478,0.291696
1677932100000.0,1.4775,1.478,1.477,1.4775,0.380304
1677931200000.0,1.47825,1.479,1.4775,1.4775,0.312389
1677930300000.0,1.478,1.478,1.478,1.478,0.437875
1677929400000.0,1.478,1.478,1.478,1.478,0.0
1677928500000.0,1.4777500000000001,1.478,1.477,1.478,2.056903
1677927600000.0,1.478,1.478,1.478,1.478,0.0
1677926700000.0,1.479,1.48,1.478,1.478,0.489286
1677925800000.0,1.48,1.48,1.479,1.479,0.0
1677924900000.0,1.4812500000000002,1.483,1.48,1.48,0.549707
1677924000000.0,1.482,1.482,1.4809999999999999,1.4809999999999999,0.12108
1677923100000.0,1.4845000000000002,1.487,1.482,1.482,0.789818
1677922200000.0,1.487,1.487,1.4845000000000002,1.4845000000000002,0.0
1677921300000.0,1.4860000000000002,1.487,1.485,1.487,0.130056
1677920400000.0,1.4860000000000002,1.487,1.485,1.4860000000000002,0.159852
1677919500000.0,1.48875,1.492,1.484,1.4860000000000002,0.782085
1677918600000.0,1.4905,1.492,1.489,1.4895,0.290741
1677917700000.0,1.4867500000000002,1.492,1.483,1.4905,0.190963
1677916800000.0,1.487,1.491,1.483,1.4860000000000002,0.294783
1677915900000.0,1.49075,1.492,1.487,1.487,0.997341
1677915000000.0,1.491,1.491,1.491,1.491,0.0
1677914100000.0,1.4925000000000002,1.494,1.491,1.491,0.107665
1677913200000.0,1.4925000000000002,1.494,1.491,1.4925000000000002,0.056647
1677912300000.0,1.4925000000000002,1.496,1.487,1.4925000000000002,1.280316
1677911400000.0,1.4955,1.496,1.4935,1.4935,0.055924
1677910500000.0,1.4877500000000001,1.496,1.48,1.4955,0.232791
1677909600000.0,1.48,1.4875,1.48,1.4875,0.0
1677908700000.0,1.4805000000000001,1.481,1.48,1.48,0.066139
1677907800000.0,1.4835000000000003,1.488,1.477,1.4805000000000001,2.220853
1677906900000.0,1.4895,1.491,1.4845000000000002,1.4845000000000002,0.141761
1677906000000.0,1.5,1.509,1.4895,1.4895,0.280896
