1679104800000,27380.29,27454.68,27276.68,27358.93,0.00038138
1679103000000,27415.94,27415.94,27271.21,27380.29,0.00401929
1679101200000,27617.74,27701.04,27380.82,27415.94,0.00650608
1679099400000,27156.19,27617.74,27156.19,27617.74,0.01124856
1679097600000,27290.64,27290.64,27156.19,27156.19,0.00519663
1679095800000,27325.96,27435.26,27290.64,27290.64,0.00365228
1679094000000,27490.88,27656.26,27325.96,27325.96,0.00567627
1679092200000,27380.29,27717.53,27343.04,27490.88,0.03005515
1679090400000,27111.95,27380.29,26999.07,27380.29,0.01494124
1679088600000,26782.79,27111.95,26782.79,27111.95,0.01517745
1679086800000,26729.13,26782.79,26729.13,26782.79,0.00030904
1679085000000,26836.56,26836.56,26622.64,26729.13,0.00436253
1679083200000,26729.65,26836.56,26729.65,26836.56,0.00030843
1679081400000,26836.56,26836.56,26729.65,26729.65,0.00030873
1679079600000,26600,26836.56,26594.62,26836.56,0.02557411
1679077800000,26304.16,26600,26304.16,26600,0.93404617
1679076000000,26462.92,26462.92,26304.16,26304.16,0.00409512
1679074200000,26516.05,26516.05,26462.92,26462.92,0.01031184
1679072400000,26409.89,26622.11,26409.89,26516.05,0.00186795
1679070600000,26409.89,26515.52,26409.89,26409.89,0.00062463
1679068800000,26409.37,26547.81,26409.37,26409.89,0.00409009
1679067000000,26356.97,26409.37,26304.16,26409.37,0.00062713
1679065200000,26303.64,26462.39,26303.64,26356.97,0.0044216
1679063400000,26409.89,26409.89,26146.35,26303.64,0.00852904
1679061600000,26409.89,26568.77,26409.89,26409.89,0.001248
1679059800000,26600,26600,26409.89,26409.89,0.00469919
1679058000000,26679.25,26729.13,26569.29,26600,0.95769713
1679056200000,26622.64,26679.25,26363.27,26679.25,0.01633707
1679054400000,26944.44,26944.44,26622.64,26622.64,0.00808475
1679052600000,26622.64,26944.44,26609.95,26944.44,0.07136692
1679050800000,26714.09,26729.13,26622.64,26622.64,0.00123894
1679049000000,26493.41,26729.13,26493.41,26714.09,0.01092216
1679047200000,26304.16,26547.81,26304.16,26493.41,0.01196221
1679045400000,26093.96,26304.16,26093.96,26304.16,0.00759943
1679043600000,26093.96,26093.96,26093.96,26093.96,0
1679041800000,26093.96,26093.96,26093.96,26093.96,0
1679040000000,26093.96,26093.96,26093.96,26093.96,0
1679038200000,26201.03,26251.45,25989.49,26093.96,0.42313221
1679036400000,26201.03,26201.03,26201.03,26201.03,0
1679034600000,25833.57,26201.03,25833.57,26201.03,0.01187704
1679032800000,25678.59,25936.9,25678.59,25833.57,0.00483127
1679031000000,25678.59,25678.59,25678.59,25678.59,0
1679029200000,25730.15,25730.15,25678.59,25678.59,0.00032137
1679027400000,25833.07,25833.07,25730.15,25730.15,0.00032072
1679025600000,25719.36,25833.07,25719.36,25833.07,0.00388893
1679023800000,25719.36,25719.36,25719.36,25719.36,0
1679022000000,25524.54,25729.64,25524.54,25719.36,0.00332041
1679020200000,25833.07,25833.07,25524.54,25524.54,0.00486082
1679018400000,25678.09,25833.07,25678.09,25833.07,0.00421064
1679016600000,25393.61,25678.09,25269.83,25678.09,0.00913984
1679014800000,24917.51,25393.61,24917.51,25393.61,0.0133592
1679013000000,25020.13,25020.13,24917.51,24917.51,0.00328492
1679011200000,25020.13,25020.13,25020.13,25020.13,0
1679009400000,24958.45,25020.13,24958.45,25020.13,0.00367604
1679007600000,24958.45,24958.45,24958.45,24958.45,0
1679005800000,24958.45,24958.45,24958.45,24958.45,0
1679004000000,24925.72,24967.05,24925.72,24958.45,0.00121595
1679002200000,24767.53,24925.72,24767.53,24925.72,0.00409556
1679000400000,24668.86,24767.53,24668.86,24767.53,0.00033419
1678998600000,24893.6,24893.6,24668.86,24668.86,0.00851304
1678996800000,24917.51,24917.51,24893.6,24893.6,0.00060074
1678995000000,24967.54,24967.54,24917.51,24917.51,0.00033118
1678993200000,24817.26,25144.01,24817.26,24967.54,0.01614849
1678991400000,24668.86,24817.26,24668.86,24817.26,0.00066771
1678989600000,24668.86,24668.86,24668.86,24668.86,0
1678987800000,24668.86,24668.86,24668.86,24668.86,0
1678986000000,24817.26,24817.26,24668.86,24668.86,0.00066837
1678984200000,24925.72,24925.72,24718.39,24817.26,0.00443319
1678982400000,24925.72,24925.72,24925.72,24925.72,0
1678980600000,24862.22,24925.72,24862.22,24925.72,0.00376206
1678978800000,24867.58,24867.58,24704.2,24862.22,1.18244767
1678977000000,24817.26,24967.05,24817.26,24867.58,0.00442542
1678975200000,24817.26,24817.26,24718.39,24817.26,0.00066737
1678973400000,24570.1,24817.7,24570.1,24817.26,0.60796809
1678971600000,24668.86,24817.26,24570.1,24570.1,0.00579186
1678969800000,24896.86,24896.86,24668.86,24668.86,0.00403348
1678968000000,24846.21,24896.86,24718.39,24896.86,0.00779493
1678966200000,24846.21,24846.21,24846.21,24846.21,0
1678964400000,24867.58,24867.58,24846.21,24846.21,0.00334853
1678962600000,24817.26,25020.13,24817.26,24867.58,0.00843262
1678960800000,24668.86,24817.26,24599.18,24817.26,0.00890341
1678959000000,24422.7,24817.26,24422.7,24668.86,0.01059795
1678957200000,24570.1,24570.1,24422.7,24422.7,0.00481538
1678955400000,24598.09,24598.09,24570.1,24570.1,0.00033586
1678953600000,24598.09,24598.09,24598.09,24598.09,0
1678951800000,24618.95,24668.38,24598.09,24598.09,0.02373824
1678950000000,24569.62,24618.95,24569.62,24618.95,0.0003362
1678948200000,24510.43,24569.62,24510.43,24569.62,0.00408635
1678946400000,24422.21,24510.43,24422.21,24510.43,0.00074532
1678944600000,24422.21,24422.21,24422.21,24422.21,0
1678942800000,24227.54,24422.21,24227.54,24422.21,0.00410799
1678941000000,24324.92,24324.92,24227.54,24227.54,0.00377286
1678939200000,24324.92,24324.92,24324.92,24324.92,0
1678937400000,24324.92,24324.92,24324.92,24324.92,0
1678935600000,24422.21,24422.21,24324.92,24324.92,0.00033925
1678933800000,24422.21,24422.21,24422.21,24422.21,0
1678932000000,24324.45,24422.21,24324.45,24422.21,0.0041771
1678930200000,24178.99,24324.45,24178.99,24324.45,0.00068123
1678928400000,24178.99,24178.99,24178.99,24178.99,0
1678926600000,24324.45,24324.45,24178.99,24178.99,0.0010917
1678924800000,24240.17,24324.45,24227.54,24324.45,0.00068087
1678923000000,24324.92,24324.92,24240.17,24240.17,0.00343225
1678921200000,24422.21,24422.21,24324.92,24324.92,0.00033925
1678919400000,24471.74,24471.74,24324.92,24422.21,0.00517746
1678917600000,24422.21,24618.95,24422.21,24471.74,0.00584161
1678915800000,24409.85,24422.21,24409.85,24422.21,0.00033891
1678914000000,24409.85,24409.85,24409.85,24409.85,0
1678912200000,24324.45,24409.85,24324.45,24409.85,0.0038382
1678910400000,24324.45,24324.45,24324.45,24324.45,0
1678908600000,24422.21,24422.21,24178.99,24324.45,0.00554442
1678906800000,24324.92,24422.21,24324.92,24422.21,0.00101707
1678905000000,24422.21,24471.25,24324.92,24324.92,0.00101605
1678903200000,24275.7,24422.21,24178.99,24422.21,0.00519963
1678901400000,24324.45,24324.45,24178.99,24275.7,0.00102287
1678899600000,24082.2,24324.45,23919.9,24324.45,0.01545558
1678897800000,24324.45,24422.21,24082.2,24082.2,0.01454006
1678896000000,24422.7,24422.7,24178.99,24324.45,0.00970583
1678894200000,24570.1,24668.38,24422.7,24422.7,0.01362721
1678892400000,24717.9,24786.51,24570.1,24570.1,0.00957547
1678890600000,24723.8,24723.8,24461.79,24717.9,0.01474504
1678888800000,24867.58,24867.58,24723.8,24723.8,0.00376582
1678887000000,25017.67,25017.67,24846.21,24867.58,0.00540392
1678885200000,24817.26,25117.74,24817.26,25017.67,0.00915725
1678883400000,24570.1,25144.01,24461.79,24817.26,0.04863702
1678881600000,24786.51,24817.26,24570.1,24570.1,0.00545767
1678879800000,24324.92,24786.51,24324.92,24786.51,0.01409223
1678878000000,24618.95,24618.95,24324.92,24324.92,0.02547826
1678876200000,24461.79,24618.95,24422.7,24618.95,0.00195424
1678874400000,24618.95,24618.95,24461.79,24461.79,0.00447749
1678872600000,24718.39,24718.39,24520.87,24618.95,0.00546304
1678870800000,24896.86,24896.86,24718.39,24718.39,0.00369896
1678869000000,24896.86,24896.86,24896.86,24896.86,0
1678867200000,24896.86,24896.86,24896.86,24896.86,0
1678865400000,24817.26,24896.86,24817.26,24896.86,0.00336174
1678863600000,24817.26,24817.26,24817.26,24817.26,0
1678861800000,24668.86,24817.26,24668.86,24817.26,0.00705339
1678860000000,24718.39,24718.39,24668.86,24668.86,0.00033452
1678858200000,24817.26,24817.26,24718.39,24718.39,0.00033385
1678856400000,24767.53,24817.26,24767.53,24817.26,0.00033352
1678854600000,24668.86,24767.53,24668.86,24767.53,0.00033419
1678852800000,24668.86,24668.86,24668.86,24668.86,0
1678851000000,24668.86,24668.86,24668.86,24668.86,0
1678849200000,24846.21,24846.21,24668.86,24668.86,0.00443419
1678847400000,24846.21,24846.21,24846.21,24846.21,0
1678845600000,24893.36,24893.36,24846.21,24846.21,0.02502575
1678843800000,25020.13,25020.13,24846.21,24893.36,0.00478871
1678842000000,24360.18,25020.13,24360.18,25020.13,0.02144931
1678840200000,24422.7,24422.7,24360.18,24360.18,0.00375391
1678838400000,24766.01,24766.01,24422.7,24422.7,0.00548643
1678836600000,24766.01,24766.01,24766.01,24766.01,0
1678834800000,24618.95,24766.01,24618.95,24766.01,0.0047981
1678833000000,24618.95,24618.95,24618.95,24618.95,0
1678831200000,24569.62,24618.95,24422.7,24618.95,0.00168572
1678829400000,24373.54,24569.62,24373.54,24569.62,0.00927486
1678827600000,24409.85,24422.21,23985.8,24373.54,0.03877546
1678825800000,24409.85,24409.85,24409.85,24409.85,0.00008008
1678824000000,24409.85,24409.85,24409.85,24409.85,0.00012278
1678822200000,24409.85,24409.85,24409.85,24409.85,0.00003814
1678820400000,25027.42,25027.42,24240.17,24409.85,0.02574969
1678818600000,25320.57,25352.35,24876.26,25027.42,0.01386741
1678816800000,25627.14,25627.14,25320.57,25320.57,0.01189635
1678815000000,25678.59,25678.59,25627.14,25627.14,0.00032201
1678813200000,25884.93,25884.93,25678.59,25678.59,0.00427856
1678811400000,25781.81,25884.93,25781.81,25884.93,0.00031975
1678809600000,25833.57,25833.57,25781.81,25781.81,0.00041276
1678807800000,25833.57,25833.57,25833.57,25833.57,0
1678806000000,25833.57,25936.9,25833.57,25833.57,0.00063856
1678804200000,25936.9,26041.15,25833.57,25833.57,0.00866566
1678802400000,25833.07,25936.9,25678.59,25936.9,0.0051539
1678800600000,25833.57,26078.97,25627.14,25833.07,0.02056533
1678798800000,25555,26201.06,25555,25833.57,0.890739
1678797000000,24697.39,25555,24697.39,25555,0.04034068
1678795200000,24658.89,24829.23,24658.89,24697.39,0.00683672
1678793400000,24599.18,24717.9,24570.1,24658.89,0.00124013
1678791600000,24570.1,24804.32,24471.74,24599.18,0.0186724
1678789800000,24409.85,24570.1,24409.85,24570.1,0.00550643
1678788000000,24178.99,24409.85,24178.99,24409.85,0.00451941
1678786200000,24193.49,24193.49,24178.99,24178.99,0.00003399
1678784400000,24178.99,24193.49,24178.99,24193.49,0.0001
1678782600000,24178.99,24178.99,24178.99,24178.99,0
1678780800000,24275.7,24275.7,24178.99,24178.99,0.00030731
1678779000000,24324.92,24324.92,24178.99,24275.7,0.00504544
1678777200000,24324.92,24324.92,24324.92,24324.92,0
1678775400000,24422.21,24422.21,24324.92,24324.92,0.00033925
1678773600000,24409.85,24422.21,24409.85,24422.21,0.00033891
1678771800000,24240.17,24409.85,24240.17,24409.85,0.00342881
1678770000000,24356.19,24786.51,24240.17,24240.17,0.02913312
1678768200000,24409.85,24409.85,24356.19,24356.19,0.00015198
1678766400000,24266.18,24409.85,24266.18,24409.85,0.00056658
1678764600000,24266.18,24266.18,24266.18,24266.18,0
1678762800000,24373.76,24373.76,24266.18,24266.18,0.00020419
1678761000000,24373.76,24373.76,24373.76,24373.76,0
1678759200000,24394.89,24409.85,24373.76,24373.76,0.00067645
1678757400000,24178.52,24409.85,24178.52,24394.89,0.09044543
1678755600000,24169.93,24178.52,24169.93,24178.52,0.00380517
1678753800000,24062.02,24169.93,24062.02,24169.93,0.00038237
1678752000000,24062.02,24062.02,24062.02,24062.02,0
1678750200000,24033.95,24062.02,24001.92,24062.02,0.00721631
1678748400000,24130.55,24130.55,24033.95,24033.95,0.00478188
1678746600000,24130.55,24130.55,24130.55,24130.55,0
1678744800000,24130.55,24130.55,24130.55,24130.55,0
1678743000000,24130.55,24130.55,24130.55,24130.55,0
1678741200000,24130.55,24130.55,24130.55,24130.55,0
1678739400000,24161.28,24161.28,24130.55,24130.55,0.00034198
1678737600000,24227.54,24227.54,24161.28,24161.28,0.06201276
1678735800000,24227.54,24227.54,24227.54,24227.54,0
1678734000000,24169.93,24324.92,24169.93,24227.54,0.00556673
1678732200000,24102.06,24169.93,24102.06,24169.93,0.0038062
1678730400000,24033.49,24102.06,24033.49,24102.06,0.0007585
1678728600000,23895.03,24033.49,23895.03,24033.49,0.0010335
1678726800000,24001.92,24001.92,23895.03,23895.03,0.0010335
1678725000000,24237.42,24237.42,24001.92,24001.92,0.00432855
1678723200000,24237.42,24237.42,24237.42,24237.42,0
1678721400000,24169.93,24237.42,24169.93,24237.42,0.00037079
1678719600000,23348.64,24169.93,23348.64,24169.93,0.02512385
1678717800000,23233.62,23348.64,23233.62,23348.64,0.00411279
1678716000000,22409.65,23233.62,22409.65,23233.62,0.03755009
1678714200000,22369.24,22409.65,22369.24,22409.65,0.00034243
1678712400000,22089.91,22369.24,22089.91,22369.24,0.0112264
1678710600000,22089.91,22089.91,22089.91,22089.91,0
1678708800000,22089.91,22089.91,22089.91,22089.91,0
1678707000000,22089.91,22089.91,22089.91,22089.91,0
1678705200000,21990.96,22089.91,21990.96,22089.91,0.00056293
1678703400000,21990.96,21990.96,21990.96,21990.96,0
1678701600000,21992.56,21992.56,21990.96,21990.96,0.0005649
1678699800000,22213.13,22213.13,21992.56,21992.56,0.01011485
1678698000000,22409.65,22409.65,22213.13,22213.13,0.00112979
1678696200000,22409.65,22409.65,22409.65,22409.65,0
1678694400000,22409.65,22409.65,22409.65,22409.65,0
1678692600000,22409.65,22409.65,22409.65,22409.65,0
1678690800000,22409.65,22409.65,22409.65,22409.65,0
1678689000000,22409.65,22409.65,22409.65,22409.65,0
1678687200000,22409.65,22409.65,22409.65,22409.65,0
1678685400000,22409.65,22409.65,22409.65,22409.65,0
1678683600000,22409.65,22409.65,22409.65,22409.65,0
1678681800000,22409.65,22409.65,22409.65,22409.65,0
1678680000000,22409.65,22409.65,22409.65,22409.65,0
1678678200000,22409.65,22409.65,22409.65,22409.65,0
1678676400000,22409.65,22409.65,22409.65,22409.65,0
1678674600000,22409.65,22409.65,22409.65,22409.65,0
1678672800000,22409.65,22409.65,22409.65,22409.65,0
1678671000000,22381.76,22409.65,22269.03,22409.65,0.00123066
1678669200000,22114.07,22407.02,22114.07,22381.76,0.19513718
1678667400000,22036.29,22114.07,22036.29,22114.07,0.00177924
1678665600000,21814.08,22036.29,21814.08,22036.29,0.01097074
1678663800000,21530.79,21814.08,21530.79,21814.08,0.00609299
1678662000000,21530.79,21530.79,21530.79,21530.79,0
1678660200000,21704.71,21704.71,21530.79,21530.79,0.00402276
1678658400000,21166.05,21704.71,21166.05,21704.71,0.02564061
1678656600000,21152.66,21166.05,21152.66,21166.05,0.00267027
1678654800000,21152.66,21152.66,21152.66,21152.66,0
1678653000000,20860.48,21152.66,20860.48,21152.66,0.0101849
1678651200000,20860.48,20860.48,20860.48,20860.48,0
1678649400000,21087.01,21087.01,20860.48,20860.48,0.00567507
1678647600000,21059.93,21087.01,21059.93,21087.01,0.00003312
1678645800000,20738.91,21059.93,20738.91,21059.93,0.02045947
1678644000000,20640.62,20738.91,20640.62,20738.91,0.00060841
1678642200000,20485.19,20640.62,20485.19,20640.62,0.01031038
1678640400000,20433.63,20485.19,20433.63,20485.19,0.00066922
1678638600000,20433.63,20433.63,20433.63,20433.63,0
1678636800000,20433.63,20433.63,20433.63,20433.63,0
1678635000000,20433.63,20433.63,20433.63,20433.63,0
1678633200000,20433.63,20433.63,20433.63,20433.63,0
1678631400000,20433.63,20433.63,20433.63,20433.63,0
1678629600000,20433.63,20433.63,20433.63,20433.63,0
1678627800000,20433.63,20433.63,20433.63,20433.63,0
1678626000000,20433.63,20433.63,20433.63,20433.63,0
1678624200000,20433.63,20433.63,20433.63,20433.63,0
1678622400000,20433.63,20433.63,20433.63,20433.63,0
1678620600000,20433.63,20433.63,20433.63,20433.63,0
1678618800000,20433.63,20433.63,20433.63,20433.63,0
1678617000000,20377.1,20433.63,20377.1,20433.63,0.00045664
1678615200000,20377.1,20377.1,20377.1,20377.1,0
1678613400000,20377.1,20377.1,20377.1,20377.1,0
1678611600000,20365.29,20377.1,20365.29,20377.1,0.00246568
1678609800000,20360.53,20365.58,20344.03,20365.29,0.23424132
1678608000000,20296.62,20360.53,20296.62,20360.53,0.01773688
1678606200000,20333.82,20341.71,20291.88,20296.62,0.45510276
1678604400000,20388.23,20389,20333.82,20333.82,0.07177769
1678602600000,20388.23,20388.23,20388.23,20388.23,0
1678600800000,20342.1,20388.23,20342.1,20388.23,0.02919
1678599000000,20342.1,20342.1,20342.1,20342.1,0
1678597200000,20342.1,20342.1,20342.1,20342.1,0
1678595400000,20342.1,20342.1,20342.1,20342.1,0
1678593600000,20342.1,20342.1,20342.1,20342.1,0
1678591800000,20342.1,20342.1,20342.1,20342.1,0
1678590000000,20342.1,20342.1,20342.1,20342.1,0
1678588200000,20342.1,20342.1,20342.1,20342.1,0
1678586400000,20375.9,20375.9,20342.1,20342.1,0.00056489
1678584600000,20444.87,20444.87,20375.9,20375.9,0.01973049
1678582800000,20621.08,20621.08,20444.87,20444.87,0.0011298
1678581000000,20433.91,20621.08,20433.91,20621.08,0.0058149
1678579200000,20433.91,20433.91,20433.91,20433.91,0
1678577400000,20357.33,20433.91,20357.33,20433.91,0.00522183
1678575600000,20322.49,20363.31,20316.36,20357.33,0.42558358
1678573800000,20744.76,20744.76,20242.4,20322.49,0.54071393
1678572000000,20330.92,20744.76,20330.92,20744.76,0.02130706
1678570200000,20330.92,20330.92,20330.92,20330.92,0
1678568400000,20330.92,20330.92,20330.92,20330.92,0
1678566600000,20279.77,20330.92,20200.92,20330.92,0.00601437
1678564800000,20279.77,20279.77,20279.77,20279.77,0
1678563000000,20279.77,20279.77,20279.77,20279.77,0
1678561200000,20279.77,20279.77,20279.77,20279.77,0
1678559400000,20279.77,20279.77,20279.77,20279.77,0
1678557600000,20279.77,20279.77,20279.77,20279.77,0
1678555800000,20127.04,20279.77,20127.04,20279.77,0.00168879
1678554000000,20036.88,20127.04,20036.88,20127.04,0.00602293
1678552200000,20036.88,20036.88,20036.88,20036.88,0
1678550400000,20127.04,20127.04,20036.88,20036.88,0.0005649
1678548600000,20127.04,20127.04,20127.04,20127.04,0
1678546800000,20127.04,20127.04,20127.04,20127.04,0
1678545000000,20076.39,20127.04,20076.39,20127.04,0.00056293
1678543200000,20076.39,20076.39,20076.39,20076.39,0
1678541400000,20076.38,20076.39,20076.38,20076.39,0.00019132
1678539600000,20076.39,20076.39,20066.76,20076.38,0.00167409
1678537800000,19925.21,20076.39,19925.21,20076.39,0.00191247
1678536000000,19925.21,19925.21,19925.21,19925.21,0.00010789
1678534200000,19925.21,19925.21,19925.21,19925.21,0.00003003
1678532400000,20036.88,20036.88,19786.03,19925.21,0.00334418
1678530600000,20188.92,20188.92,20036.88,20036.88,0.0017047
1678528800000,20496.45,20496.45,20188.92,20188.92,0.01654885
1678527000000,20496.45,20496.45,20496.45,20496.45,0
1678525200000,20496.45,20496.45,20496.45,20496.45,0
1678523400000,20496.45,20496.45,20496.45,20496.45,0
1678521600000,20496.45,20496.45,20496.45,20496.45,0
1678519800000,20496.45,20496.45,20496.45,20496.45,0
1678518000000,20496.45,20496.45,20496.45,20496.45,0
1678516200000,20496.45,20496.45,20496.45,20496.45,0
1678514400000,20496.46,20496.46,20496.45,20496.45,0.00019418
1678512600000,20548.16,20548.16,20496.46,20496.46,0.09985302
1678510800000,20548.16,20548.16,20548.16,20548.16,0
1678509000000,20640.62,20640.62,20548.16,20548.16,0.0005649
1678507200000,20640.62,20640.62,20640.62,20640.62,0
1678505400000,20640.62,20640.62,20640.62,20640.62,0
1678503600000,20640.62,20640.62,20640.62,20640.62,0
1678501800000,20640.62,20640.62,20640.62,20640.62,0
1678500000000,20640.62,20640.62,20640.62,20640.62,0
1678498200000,20330.92,20640.62,20330.92,20640.62,0.01727327
1678496400000,20177.82,20330.92,20177.82,20330.92,0.00222916
1678494600000,20177.82,20177.82,20177.82,20177.82,0
1678492800000,20177.82,20177.82,20177.82,20177.82,0
1678491000000,20177.82,20177.82,20177.82,20177.82,0
1678489200000,20122.46,20177.82,20122.46,20177.82,0.00056293
1678487400000,20127.04,20127.04,20036.88,20122.46,0.00207571
1678485600000,20076.39,20127.04,20076.39,20127.04,0.00056293
1678483800000,19885.99,20076.39,19885.99,20076.39,0.00168879
1678482000000,20014.02,20014.02,19885.99,19885.99,0.00112979
1678480200000,20014.02,20014.02,20014.02,20014.02,0
1678478400000,20025.87,20025.87,20014.02,20014.02,0.00315941
1678476600000,19925.21,20025.87,19925.21,20025.87,0.00112586
1678474800000,19834.46,19925.21,19834.46,19925.21,0.00056293
1678473000000,19885.99,19885.99,19834.46,19834.46,0.00057491
1678471200000,19936.16,19936.16,19885.99,19885.99,0.0005649
1678469400000,19885.99,20025.87,19885.99,19936.16,0.00169076
1678467600000,20036.88,20036.88,19885.99,19885.99,0.00169469
1678465800000,20127.04,20279.77,20036.88,20036.88,0.00394838
1678464000000,20014.59,20127.04,20014.59,20127.04,0.00168879
1678462200000,19786.03,20014.59,19786.03,20014.59,0.00222916
1678460400000,19825.05,19925.21,19786.03,19786.03,0.00225565
1678458600000,20025.87,20025.87,19680.03,19825.05,0.00708549
1678456800000,20188.92,20188.92,19885.99,20025.87,0.00452526
1678455000000,19925.21,20279.77,19925.21,20188.92,0.0061736
1678453200000,19925.21,19925.21,19925.21,19925.21,0
1678451400000,19875.06,19925.21,19875.06,19925.21,0.00056293
1678449600000,19775.15,19876.4,19758.59,19875.06,0.25286848
1678447800000,19723.3,19775.15,19723.3,19775.15,0.00056293
1678446000000,19723.3,19723.3,19723.3,19723.3,0
1678444200000,19835.95,19835.95,19723.3,19723.3,0.00171289
1678442400000,19865.95,19865.95,19835.95,19835.95,0.0005649
1678440600000,19975.47,19975.47,19861.7,19865.95,0.02812377
1678438800000,19975.47,19975.47,19975.47,19975.47,0
1678437000000,19975.47,19975.47,19975.47,19975.47,0
1678435200000,19975.47,19975.47,19975.47,19975.47,0
1678433400000,19925.21,19975.47,19925.21,19975.47,0.00056293
1678431600000,19885.99,19925.21,19835.95,19925.21,0.00169076
1678429800000,19936.16,19936.16,19885.99,19885.99,0.00056489
1678428000000,20025.87,20025.87,19936.16,19936.16,0.0005649
1678426200000,19925.21,20025.87,19925.21,20025.87,0.00112586
1678424400000,19889,19925.21,19873.98,19925.21,0.01919628
1678422600000,20013,20013,19889,19889,0.2
1678420800000,20076.39,20076.39,19986.46,20013,0.15558282
1678419000000,20076.39,20076.39,20076.39,20076.39,0
1678417200000,20138.11,20138.11,20000,20076.39,0.00556293
1678415400000,20138.11,20138.11,20138.11,20138.11,0
1678413600000,20138.11,20138.11,20138.11,20138.11,0
1678411800000,20138.11,20138.11,20138.11,20138.11,0
1678410000000,20138.11,20138.11,20138.11,20138.11,0
1678408200000,20138.11,20138.11,20138.11,20138.11,0
1678406400000,20290.91,20290.91,20138.11,20138.11,0.00225763
1678404600000,20290.91,20290.91,20290.91,20290.91,0
1678402800000,20333.82,20333.82,20290.91,20290.91,0.00466498
1678401000000,20333.82,20333.82,20333.82,20333.82,0
1678399200000,20239.85,20433.91,20239.85,20333.82,0.02208202
1678397400000,20382.21,20382.21,20239.85,20239.85,0.30169272
1678395600000,20291.87,20382.21,20291.87,20382.21,0.00056293
1678393800000,20633.37,20692.7,20291.87,20291.87,0.03238796
1678392000000,20827.56,20827.56,20594.74,20633.37,0.04332028
1678390200000,20954.35,20954.35,20799.16,20827.56,0.03041904
1678388400000,21018.34,21018.34,20860.48,20954.35,0.00639451
1678386600000,21319.17,21319.17,21005.63,21018.34,0.01600151
1678384800000,21424.71,21424.71,21319.17,21319.17,0.00511085
1678383000000,21424.71,21424.71,21424.71,21424.71,0
1678381200000,21445.19,21445.19,21424.71,21424.71,0.00388328
1678379400000,21657.66,21657.66,21445.19,21445.19,0.00965321
1678377600000,21661.85,21661.85,21607.48,21657.66,0.01926836
1678375800000,21713.91,21713.97,21661.85,21661.85,0.00148596
1678374000000,21713.91,21713.91,21713.91,21713.91,0
1678372200000,21814.08,21814.08,21713.91,21713.91,0.00097563
1678370400000,21704.71,21814.08,21704.71,21814.08,0.00506589
1678368600000,21650.23,21704.71,21650.23,21704.71,0.00056293
1678366800000,21650.23,21650.23,21650.23,21650.23,0
1678365000000,21650.23,21650.23,21650.23,21650.23,0
1678363200000,21650.23,21650.23,21650.23,21650.23,0
1678361400000,21650.23,21650.23,21650.23,21650.23,0
1678359600000,21650.23,21650.23,21650.23,21650.23,0
1678357800000,21607.48,21650.23,21547.27,21650.23,0.00117152
1678356000000,21607.48,21607.48,21607.48,21607.48,0
1678354200000,21634.13,21640.2,21607.48,21607.48,0.0346412
1678352400000,21634.13,21634.13,21634.13,21634.13,0
1678350600000,21634.13,21634.13,21634.13,21634.13,0
1678348800000,21788.84,21788.84,21634.13,21634.13,0.00447775
1678347000000,21788.84,21788.84,21788.84,21788.84,0
1678345200000,21788.84,21788.84,21788.84,21788.84,0
1678343400000,21788.84,21788.84,21788.84,21788.84,0
1678341600000,21788.84,21788.84,21788.84,21788.84,0
1678339800000,21788.84,21788.84,21788.84,21788.84,0
1678338000000,21788.84,21788.84,21788.84,21788.84,0
1678336200000,21788.84,21788.84,21788.84,21788.84,0
1678334400000,21788.84,21788.84,21788.84,21788.84,0
1678332600000,21759.32,21788.84,21759.32,21788.84,0.00384127
1678330800000,21759.32,21759.32,21759.32,21759.32,0
1678329000000,21759.32,21759.32,21759.32,21759.32,0
1678327200000,21718.37,21759.32,21718.37,21759.32,0.00056293
1678325400000,21704,21718.37,21704,21718.37,0.0175
1678323600000,21704.71,21704.71,21704,21704,0.00458901
1678321800000,21704.71,21704.71,21704.71,21704.71,0
1678320000000,21704.71,21704.71,21704.71,21704.71,0
1678318200000,21704.71,21704.71,21704.71,21704.71,0
1678316400000,21814.08,21814.08,21607.48,21704.71,0.00617801
1678314600000,21920.68,21920.68,21716.36,21814.08,0.01101005
1678312800000,21920.68,21920.68,21920.68,21920.68,0
1678311000000,22114.07,22114.07,21920.68,21920.68,0.0307814
1678309200000,22114.07,22114.07,22114.07,22114.07,0
1678307400000,22007.86,22114.07,22007.86,22114.07,0.00434771
1678305600000,22007.86,22007.86,22007.86,22007.86,0
1678303800000,21960.35,22007.86,21960.35,22007.86,0.01188727
1678302000000,21960.35,21960.35,21960.35,21960.35,0
1678300200000,21990.96,21990.96,21960.35,21960.35,0.00378857
1678298400000,22046.29,22046.29,21990.96,21990.96,0.00103933
1678296600000,22150.79,22150.79,22046.29,22046.29,0.0005649
1678294800000,22150.79,22150.79,22150.79,22150.79,0
1678293000000,22101.77,22150.79,22101.77,22150.79,0.00081342
1678291200000,22145.49,22201.22,22101.77,22101.77,0.00112783
1678289400000,22046.29,22145.49,22046.29,22145.49,0.00056293
1678287600000,21960.35,22201.22,21905.01,22046.29,0.0084385
1678285800000,21960.35,21960.35,21960.35,21960.35,0
1678284000000,21960.35,21960.35,21960.35,21960.35,0
1678282200000,21990.96,21990.96,21960.35,21960.35,0.00378857
1678280400000,22064.09,22064.09,21990.96,21990.96,0.00056489
1678278600000,22064.09,22064.09,22064.09,22064.09,0
1678276800000,22064.09,22064.09,22064.09,22064.09,0
1678275000000,22064.09,22064.09,22064.09,22064.09,0
1678273200000,22119.85,22119.85,22064.09,22064.09,0.00132802
1678271400000,22036.29,22119.85,22036.29,22119.85,0.00446124
1678269600000,22036.29,22036.29,22036.29,22036.29,0
1678267800000,22036.29,22036.29,22036.29,22036.29,0
1678266000000,22036.29,22036.29,22036.29,22036.29,0
1678264200000,22036.29,22036.29,22036.29,22036.29,0
1678262400000,22036.29,22036.29,22036.29,22036.29,0
1678260600000,22036.29,22036.29,22036.29,22036.29,0
1678258800000,22036.29,22036.29,22036.29,22036.29,0
1678257000000,21979.16,22036.29,21979.16,22036.29,0.00101573
1678255200000,21979.16,21979.16,21979.16,21979.16,0
1678253400000,22069.07,22069.07,21869.74,21979.16,0.00775238
1678251600000,22101.77,22101.77,22069.07,22069.07,0.00388265
1678249800000,22101.77,22101.77,22101.77,22101.77,0
1678248000000,22101.77,22101.77,22101.77,22101.77,0
1678246200000,22101.77,22101.77,22101.77,22101.77,0
1678244400000,22168.46,22168.46,22101.77,22101.77,0.0005649
1678242600000,22168.46,22168.46,22168.46,22168.46,0
1678240800000,22157.38,22168.46,22157.38,22168.46,0.0211895
1678239000000,22257.08,22257.08,22157.38,22157.38,0.0005649
1678237200000,22257.08,22257.08,22257.08,22257.08,0
1678235400000,22257.08,22257.08,22257.08,22257.08,0
1678233600000,22201.22,22257.08,22201.22,22257.08,0.00056293
1678231800000,22101.77,22201.22,22101.77,22201.22,0.00056293
1678230000000,22101.77,22101.77,22101.77,22101.77,0
1678228200000,22101.77,22101.77,22101.77,22101.77,0
1678226400000,22089.91,23464.24,22089.91,22101.77,0.12007726
1678224600000,21960.35,22089.91,21960.35,22089.91,0.00056293
1678222800000,22028.31,22028.31,21960.35,21960.35,0.00480419
1678221000000,22028.31,22028.31,22028.31,22028.31,0
1678219200000,22094.41,22094.41,22028.31,22028.31,0.00445755
1678217400000,22178.33,22178.33,22094.41,22094.41,0.00159803
1678215600000,22178.33,22178.33,22178.33,22178.33,0
1678213800000,22313.08,22313.08,22178.33,22178.33,0.00431623
1678212000000,22313.08,22313.08,22313.08,22313.08,0
1678210200000,22313.08,22313.08,22313.08,22313.08,0
1678208400000,22213.13,22313.08,22213.13,22313.08,0.00056293
1678206600000,22240.28,22240.28,22213.13,22213.13,0.00056489
1678204800000,22325.06,22325.06,22240.28,22240.28,0.00486535
1678203000000,22213.13,22466.67,22213.13,22325.06,0.00653984
1678201200000,22240.28,22369.24,21960.35,22213.13,0.03312924
1678199400000,22325.06,22325.06,22240.28,22240.28,0.00487302
1678197600000,22365.18,22365.18,22325.06,22325.06,0.0005649
1678195800000,22365.18,22365.18,22365.18,22365.18,0
1678194000000,22365.18,22365.18,22365.18,22365.18,0
1678192200000,22365.18,22365.18,22365.18,22365.18,0
1678190400000,22365.18,22365.18,22365.18,22365.18,0
1678188600000,22365.18,22365.18,22365.18,22365.18,0
1678186800000,22365.18,22365.18,22365.18,22365.18,0
1678185000000,22365.18,22365.18,22365.18,22365.18,0
1678183200000,22365.18,22365.18,22365.18,22365.18,0
1678181400000,22381.24,22381.24,22365.18,22365.18,0.00044321
1678179600000,22437.56,22437.56,22381.24,22381.24,0.00056489
1678177800000,22437.56,22437.56,22437.56,22437.56,0
1678176000000,22437.56,22437.56,22437.56,22437.56,0
1678174200000,22437.56,22437.56,22437.56,22437.56,0
1678172400000,22437.56,22437.56,22437.56,22437.56,0
1678170600000,22437.56,22437.56,22437.56,22437.56,0
1678168800000,22459.94,22459.94,22437.56,22437.56,0.0005649
1678167000000,22459.94,22459.94,22459.94,22459.94,0
1678165200000,22459.94,22459.94,22459.94,22459.94,0
1678163400000,22459.94,22459.94,22459.94,22459.94,0
1678161600000,22459.94,22459.94,22459.94,22459.94,0
1678159800000,22538.52,22538.52,22459.94,22459.94,0.00002883
1678158000000,22481.95,22538.52,22481.95,22538.52,0.0010057
1678156200000,22481.95,22481.95,22481.95,22481.95,0
1678154400000,22481.95,22481.95,22481.95,22481.95,0
1678152600000,22481.95,22481.95,22481.95,22481.95,0
1678150800000,22365.18,22481.95,22365.18,22481.95,0.00056293
1678149000000,22365.18,22365.18,22365.18,22365.18,0
1678147200000,22365.18,22365.18,22365.18,22365.18,0
1678145400000,22365.18,22365.18,22365.18,22365.18,0
1678143600000,22365.18,22365.18,22365.18,22365.18,0
1678141800000,22365.18,22365.18,22365.18,22365.18,0
1678140000000,22365.18,22365.18,22365.18,22365.18,0
1678138200000,22365.18,22365.18,22365.18,22365.18,0
1678136400000,22365.18,22365.18,22365.18,22365.18,0
1678134600000,22381.24,22381.24,22365.18,22365.18,0.00044321
1678132800000,22381.24,22381.24,22381.24,22381.24,0
1678131000000,22381.24,22381.24,22381.24,22381.24,0
1678129200000,22555.26,22555.26,22381.24,22381.24,0.00484426
1678127400000,22555.26,22555.26,22555.26,22555.26,0
1678125600000,22555.26,22555.26,22555.26,22555.26,0
1678123800000,22555.26,22555.26,22555.26,22555.26,0
1678122000000,22555.26,22555.26,22555.26,22555.26,0
1678120200000,22555.26,22555.26,22555.26,22555.26,0
1678118400000,22555.26,22555.26,22555.26,22555.26,0
1678116600000,22426.1,22555.26,22426.1,22555.26,0.00527937
1678114800000,22426.1,22426.1,22426.1,22426.1,0
1678113000000,22426.1,22426.1,22426.1,22426.1,0
1678111200000,22444.14,22444.14,22426.1,22426.1,0.04666007
1678109400000,22383.49,22444.14,22383.49,22444.14,0.00372912
1678107600000,22383.49,22383.49,22383.49,22383.49,0
1678105800000,22383.49,22383.49,22383.49,22383.49,0
1678104000000,22383.49,22383.49,22383.49,22383.49,0
1678102200000,22425.52,22425.52,22383.49,22383.49,0.04713082
1678100400000,22425.52,22425.52,22425.52,22425.52,0
1678098600000,22425.52,22425.52,22425.52,22425.52,0
1678096800000,22425.52,22425.52,22425.52,22425.52,0
1678095000000,22425.52,22425.52,22425.52,22425.52,0
1678093200000,22425.52,22425.52,22425.52,22425.52,0
1678091400000,22420.43,22425.52,22420.43,22425.52,0.00056293
1678089600000,22420.43,22420.43,22420.43,22420.43,0
1678087800000,22420.43,22420.43,22420.43,22420.43,0
1678086000000,22420.43,22420.43,22420.43,22420.43,0
1678084200000,22420.43,22420.43,22420.43,22420.43,0
1678082400000,22369.24,22420.43,22369.24,22420.43,0.000229
1678080600000,22369.24,22369.24,22369.24,22369.24,0
1678078800000,22369.24,22369.24,22369.24,22369.24,0
1678077000000,22369.24,22369.24,22369.24,22369.24,0
1678075200000,22369.24,22369.24,22369.24,22369.24,0
1678073400000,22369.24,22369.24,22369.24,22369.24,0
1678071600000,22369.24,22369.24,22369.24,22369.24,0
1678069800000,22369.24,22369.24,22369.24,22369.24,0
1678068000000,22381.24,22381.24,22269.02,22369.24,0.01923424
1678066200000,22481.95,22481.95,22381.24,22381.24,0.0005649
1678064400000,22381.24,22481.95,22381.24,22481.95,0.00056293
1678062600000,22381.24,22381.24,22381.24,22381.24,0
1678060800000,22381.24,22381.24,22381.24,22381.24,0
1678059000000,22381.24,22381.24,22381.24,22381.24,0
1678057200000,22481.95,22481.95,22381.24,22381.24,0.0005649
1678055400000,22481.95,22481.95,22481.95,22481.95,0
1678053600000,22481.95,22481.95,22481.95,22481.95,0
1678051800000,22538.52,22538.52,22365.18,22481.95,0.00213593
1678050000000,22525.44,22538.52,22525.44,22538.52,0.00100569
1678048200000,22525.44,22525.44,22525.44,22525.44,0
1678046400000,22525.44,22525.44,22525.44,22525.44,0
1678044600000,22368.64,22525.44,22368.64,22525.44,0.13294789
1678042800000,22368.64,22368.64,22368.64,22368.64,0
1678041000000,22368.64,22368.64,22368.64,22368.64,0
1678039200000,22368.64,22368.64,22368.64,22368.64,0
1678037400000,22368.64,22368.64,22368.64,22368.64,0
1678035600000,22368.64,22368.64,22368.64,22368.64,0
1678033800000,22368.64,22368.64,22368.64,22368.64,0
1678032000000,22368.64,22368.64,22368.64,22368.64,0
1678030200000,22368.64,22368.64,22368.64,22368.64,0
1678028400000,22368.64,22368.64,22368.64,22368.64,0
1678026600000,22368.64,22368.64,22368.64,22368.64,0
1678024800000,22368.64,22368.64,22368.64,22368.64,0
1678023000000,22368.64,22368.64,22368.64,22368.64,0
1678021200000,22368.64,22368.64,22368.64,22368.64,0
1678019400000,22368.64,22368.64,22368.64,22368.64,0
1678017600000,22368.64,22368.64,22368.64,22368.64,0
1678015800000,22368.64,22368.64,22368.64,22368.64,0
1678014000000,22368.64,22368.64,22368.64,22368.64,0
1678012200000,22368.64,22368.64,22368.64,22368.64,0
1678010400000,22368.64,22368.64,22368.64,22368.64,0
1678008600000,22368.64,22368.64,22368.64,22368.64,0
1678006800000,22368.64,22368.64,22368.64,22368.64,0
1678005000000,22368.64,22368.64,22368.64,22368.64,0
1678003200000,22387.27,22387.27,22368.64,22368.64,0.07417672
1678001400000,22387.27,22387.27,22387.27,22387.27,0
1677999600000,22393.47,22393.47,22384.89,22387.27,0.00168501
1677997800000,22393.47,22393.47,22393.47,22393.47,0
1677996000000,22393.47,22393.47,22393.47,22393.47,0
1677994200000,22444.14,22444.14,22393.47,22393.47,0.00520882
1677992400000,22444.14,22444.14,22444.14,22444.14,0
1677990600000,22444.14,22444.14,22444.14,22444.14,0
1677988800000,22425.52,22444.14,22425.52,22444.14,0.00372912
1677987000000,22425.52,22425.52,22425.52,22425.52,0
1677985200000,22369.24,22425.52,22369.24,22425.52,0.00126624
1677983400000,22595.23,22595.23,22213.13,22369.24,0.01385202
1677981600000,22595.23,22595.23,22595.23,22595.23,0
1677979800000,22595.23,22595.23,22595.23,22595.23,0
1677978000000,22369.24,22595.23,22369.24,22595.23,0.01147037
1677976200000,22333.57,22369.24,22333.57,22369.24,0.00056293
1677974400000,22333.57,22333.57,22333.57,22333.57,0
1677972600000,22333.57,22333.57,22333.57,22333.57,0
1677970800000,22333.57,22333.57,22333.57,22333.57,0
1677969000000,22333.57,22333.57,22333.57,22333.57,0
1677967200000,22224.87,22333.57,22224.87,22333.57,0.00456952
1677965400000,22208.25,22224.87,22178.33,22224.87,0.04328806
1677963600000,22208.25,22208.25,22208.25,22208.25,0
1677961800000,22208.25,22208.25,22208.25,22208.25,0
1677960000000,22322.32,22322.32,22208.25,22208.25,0.0006365
1677958200000,22322.32,22322.32,22322.32,22322.32,0
1677956400000,22322.32,22322.32,22322.32,22322.32,0
1677954600000,22268.49,22322.32,22268.49,22322.32,0.0133857
1677952800000,22395.65,22395.65,22268.49,22268.49,0.00082321
1677951000000,22395.65,22395.65,22395.65,22395.65,0
1677949200000,22395.65,22395.65,22395.65,22395.65,0
1677947400000,22395.65,22395.65,22395.65,22395.65,0
1677945600000,22395.65,22395.65,22395.65,22395.65,0
1677943800000,22395.65,22395.65,22395.65,22395.65,0
1677942000000,22395.65,22395.65,22395.65,22395.65,0
1677940200000,22395.65,22395.65,22395.65,22395.65,0
1677938400000,22395.65,22395.65,22395.65,22395.65,0
1677936600000,22395.65,22395.65,22395.65,22395.65,0
1677934800000,22395.65,22395.65,22395.65,22395.65,0
1677933000000,22395.65,22395.65,22395.65,22395.65,0
1677931200000,22395.65,22395.65,22395.65,22395.65,0
1677929400000,22395.65,22395.65,22395.65,22395.65,0
1677927600000,22395.65,22395.65,22395.65,22395.65,0
1677925800000,22395.65,22395.65,22395.65,22395.65,0
1677924000000,22395.65,22395.65,22395.65,22395.65,0
1677922200000,22395.65,22395.65,22395.65,22395.65,0
1677920400000,22395.65,22395.65,22395.65,22395.65,0
1677918600000,22395.65,22395.65,22395.65,22395.65,0
1677916800000,22395.65,22395.65,22395.65,22395.65,0
1677915000000,22395.65,22395.65,22395.65,22395.65,0
1677913200000,22395.65,22395.65,22395.65,22395.65,0
1677911400000,22369.24,22395.65,22369.24,22395.65,0.00025805
1677909600000,22369.24,22369.24,22369.24,22369.24,0
1677907800000,22369.24,22369.24,22369.24,22369.24,0
1677906000000,22369.24,22369.24,22369.24,22369.24,0
1677904200000,22369.24,22369.24,22369.24,22369.24,0
1677902400000,22369.24,22369.24,22369.24,22369.24,0
1677900600000,22369.24,22369.24,22369.24,22369.24,0
1677898800000,22369.24,22369.24,22369.24,22369.24,0
1677897000000,22369.24,22369.24,22369.24,22369.24,0
1677895200000,22369.24,22369.24,22369.24,22369.24,0
1677893400000,22369.24,22369.24,22369.24,22369.24,0
1677891600000,22369.24,22369.24,22369.24,22369.24,0
1677889800000,22333.57,22369.24,22333.57,22369.24,0.00056293
1677888000000,22333.57,22333.57,22333.57,22333.57,0
1677886200000,22313.08,22333.57,22313.08,22333.57,0.00374757
1677884400000,22313.08,22313.08,22313.08,22313.08,0
1677882600000,22178.33,22313.08,22178.33,22313.08,0.00082194
1677880800000,22178.33,22178.33,22178.33,22178.33,0
1677879000000,22178.33,22178.33,22178.33,22178.33,0
1677877200000,22369.24,22369.24,22178.33,22178.33,0.00567824
1677875400000,22369.24,22369.24,22369.24,22369.24,0
1677873600000,22369.24,22369.24,22369.24,22369.24,0
1677871800000,22248.46,22369.24,22248.46,22369.24,0.00056293
1677870000000,22248.46,22248.46,22248.46,22248.46,0
1677868200000,22422.19,22422.19,22248.46,22248.46,0.00149999
1677866400000,22422.19,22422.19,22422.19,22422.19,0
1677864600000,22395.65,22431.96,22395.65,22422.19,0.00291819
1677862800000,22395.65,22395.65,22395.65,22395.65,0
1677861000000,22395.65,22395.65,22395.65,22395.65,0
1677859200000,22395.65,22395.65,22395.65,22395.65,0
1677857400000,22395.65,22395.65,22395.65,22395.65,0
1677855600000,22381.24,22395.65,22268.49,22395.65,0.00258484
1677853800000,22381.24,22381.24,22381.24,22381.24,0
1677852000000,22409.65,22481.95,22381.24,22381.24,0.00194812
1677850200000,22341.47,22409.65,22186.17,22409.65,0.00430792
1677848400000,22341.47,22341.47,22341.47,22341.47,0
1677846600000,22314.56,22341.47,22314.56,22341.47,0.04618458
1677844800000,22314.56,22314.56,22314.56,22314.56,0
1677843000000,22314.56,22314.56,22314.56,22314.56,0
1677841200000,22425.52,22425.52,22314.56,22314.56,0.00070922
1677839400000,22425.52,22425.52,22425.52,22425.52,0
1677837600000,22425.52,22425.52,22425.52,22425.52,0
1677835800000,22425.52,22425.52,22425.52,22425.52,0
1677834000000,22425.52,22425.52,22425.52,22425.52,0
1677832200000,22378.92,22425.52,22378.92,22425.52,0.00057293
1677830400000,22378.92,22378.92,22378.92,22378.92,0
1677828600000,22378.92,22378.92,22378.92,22378.92,0
1677826800000,22378.92,22378.92,22378.92,22378.92,0
1677825000000,22342.44,22378.92,22342.44,22378.92,0.00026024
1677823200000,22342.44,22342.44,22342.44,22342.44,0
1677821400000,22345.72,22345.72,22342.44,22342.44,0.00001
1677819600000,22370.41,22395.65,22345.72,22345.72,0.00035818
1677817800000,22269.03,22383.62,22269.03,22370.41,0.00083293
1677816000000,22324.44,22324.44,22269.03,22269.03,0.00056489
1677814200000,22324.44,22324.44,22324.44,22324.44,0
1677812400000,22325.06,22325.06,22319.87,22324.44,0.00077454
1677810600000,22425.52,22425.52,22325.06,22325.06,0.0005649
1677808800000,22201.22,22425.52,22201.22,22425.52,0.00314475
1677807000000,22835.76,22835.76,21990.96,22201.22,0.02494504
1677805200000,23480.43,23480.43,22835.76,22835.76,0.01080077
1677803400000,23480.43,23480.43,23480.43,23480.43,0
1677801600000,23480.43,23480.43,23480.43,23480.43,0
1677799800000,23480.43,23480.43,23480.43,23480.43,0
1677798000000,23480.43,23480.43,23480.43,23480.43,0
1677796200000,23416.92,23480.43,23416.92,23480.43,0.01380271
1677794400000,23416.92,23416.92,23416.92,23416.92,0
1677792600000,23522.29,23522.29,23416.92,23416.92,0.0005649
1677790800000,23522.29,23522.29,23522.29,23522.29,0
1677789000000,23463.25,23522.29,23463.25,23522.29,0.00056293
1677787200000,23463.25,23463.25,23463.25,23463.25,0
1677785400000,23463.25,23463.25,23463.25,23463.25,0
1677783600000,23436.51,23463.25,23436.51,23463.25,0.00056293
1677781800000,23339.47,23436.51,23339.47,23436.51,0.00108462
1677780000000,23339.47,23339.47,23339.47,23339.47,0
1677778200000,23339.47,23339.47,23339.47,23339.47,0
1677776400000,23339.47,23339.47,23339.47,23339.47,0
1677774600000,23339.47,23339.47,23339.47,23339.47,0
1677772800000,23339.47,23339.47,23339.47,23339.47,0
1677771000000,23339.47,23339.47,23339.47,23339.47,0
1677769200000,23208.42,23345.62,23208.42,23339.47,0.00504012
1677767400000,23208.42,23208.42,23208.42,23208.42,0
1677765600000,23259.38,23259.38,23208.42,23208.42,0.00066094
1677763800000,23259.38,23259.38,23259.38,23259.38,0
1677762000000,23391.15,23391.15,23259.38,23259.38,0.00099107
1677760200000,23391.15,23391.15,23391.15,23391.15,0
1677758400000,23391.15,23391.15,23391.15,23391.15,0
1677756600000,23391.15,23391.15,23391.15,23391.15,0
1677754800000,23391.15,23391.15,23391.15,23391.15,0
1677753000000,23391.15,23391.15,23391.15,23391.15,0
1677751200000,23358.14,23391.15,23358.14,23391.15,0.00631687
1677749400000,23358.14,23358.14,23358.14,23358.14,0
1677747600000,23358.14,23358.14,23358.14,23358.14,0
1677745800000,23358.14,23358.14,23358.14,23358.14,0
1677744000000,23358.14,23358.14,23358.14,23358.14,0
1677742200000,23358.14,23358.14,23358.14,23358.14,0
1677740400000,23390.01,23390.01,23358.14,23358.14,0.0006603
1677738600000,23390.01,23390.01,23390.01,23390.01,0
1677736800000,23492.47,23492.47,23390.01,23390.01,0.00099869
1677735000000,23492.47,23492.47,23492.47,23492.47,0
1677733200000,23492.47,23492.47,23492.47,23492.47,0
1677731400000,23492.47,23492.47,23492.47,23492.47,0
1677729600000,23475.84,23494.24,23475.84,23492.47,0.00024
1677727800000,23475.84,23475.84,23475.84,23475.84,0
1677726000000,23475.84,23475.84,23475.84,23475.84,0
1677724200000,23475.84,23475.84,23475.84,23475.84,0
1677722400000,23475.84,23475.84,23475.84,23475.84,0
1677720600000,23594.13,23594.13,23475.84,23475.84,0.00164599
1677718800000,23653.5,23653.5,23594.13,23594.13,0.0005649
1677717000000,23759.94,23759.94,23653.5,23653.5,0.0005649
1677715200000,23640.81,23759.94,23640.81,23759.94,0.00164153
1677713400000,23568.14,23640.81,23568.14,23640.81,0.00112586
1677711600000,23568.14,23568.14,23568.14,23568.14,0
1677709800000,23568.14,23568.14,23568.14,23568.14,0
1677708000000,23568.14,23568.14,23568.14,23568.14,0
1677706200000,23463.25,23568.14,23463.25,23568.14,0.0010816
1677704400000,23358.14,23463.25,23358.14,23463.25,0.00056293
1677702600000,23358.14,23358.14,23358.14,23358.14,0
1677700800000,23358.14,23358.14,23358.14,23358.14,0
1677699000000,23700.3,23700.3,23358.14,23358.14,0.00385988
1677697200000,23700.3,23700.3,23700.3,23700.3,0
1677695400000,23700.3,23700.3,23700.3,23700.3,0
1677693600000,23700.3,23700.3,23700.3,23700.3,0
1677691800000,23700.3,23700.3,23700.3,23700.3,0
1677690000000,23700.3,23700.3,23700.3,23700.3,0
1677688200000,23594.13,23700.3,23594.13,23700.3,0.00056293
1677686400000,23700.3,23700.3,23594.13,23594.13,0.00056489
1677684600000,23700.3,23700.3,23700.3,23700.3,0
1677682800000,23713.02,23713.02,23594.13,23700.3,0.0021118
1677681000000,23653.47,23833.6,23594.13,23713.02,0.00323724
1677679200000,23653.47,23653.47,23653.47,23653.47,0
1677677400000,23653.47,23653.47,23653.47,23653.47,0
1677675600000,23713.02,23713.02,23653.47,23653.47,0.00107811
1677673800000,23713.02,23713.02,23713.02,23713.02,0
1677672000000,23713.02,23713.02,23713.02,23713.02,0
1677670200000,23713.02,23713.02,23713.02,23713.02,0
1677668400000,23713.02,23713.02,23713.02,23713.02,0
1677666600000,23713.02,23713.02,23713.02,23713.02,0
1677664800000,23772.69,23772.69,23713.02,23713.02,0.0005649
1677663000000,23772.69,23772.69,23772.69,23772.69,0
1677661200000,23967.45,23967.45,23772.69,23772.69,0.00154652
1677659400000,23759.94,23967.45,23758.79,23967.45,0.00681418
1677657600000,23759.94,23759.94,23759.94,23759.94,0
1677655800000,23759.94,23759.94,23759.94,23759.94,0
1677654000000,23759.94,23759.94,23759.94,23759.94,0
1677652200000,23688.58,23759.94,23688.58,23759.94,0.00056293
1677650400000,23653.5,23688.58,23653.5,23688.58,0.01272266
1677648600000,23713.02,23713.02,23653.5,23653.5,0.0005649
1677646800000,23819.72,23819.72,23713.02,23713.02,0.00056489
1677645000000,23463.25,23819.72,23463.25,23819.72,0.00441191
1677643200000,23463.25,23463.25,23463.25,23463.25,0
1677641400000,23463.25,23463.25,23463.25,23463.25,0
1677639600000,23305.62,23463.25,23305.62,23463.25,0.00221048
1677637800000,23254.51,23305.62,23254.51,23305.62,0.00099107
1677636000000,23254.51,23254.51,23254.51,23254.51,0
1677634200000,23066.47,23254.51,23066.47,23254.51,0.00066006
1677632400000,23066.47,23066.47,23066.47,23066.47,0
1677630600000,23144.7,23144.7,23066.47,23066.47,0.0005649
1677628800000,23144.7,23144.7,23144.7,23144.7,0
1677627000000,23144.7,23144.7,23144.7,23144.7,0
1677625200000,23144.7,23144.7,23144.7,23144.7,0
1677623400000,23228.57,23228.57,23142.18,23144.7,0.0012909
1677621600000,23054.2,23228.57,23054.2,23228.57,0.00112531
1677619800000,23124.51,23124.51,23054.2,23054.2,0.00066158
1677618000000,23287.02,23287.02,23124.51,23124.51,0.00155836
1677616200000,23287.02,23287.02,23287.02,23287.02,0
1677614400000,23241.04,23287.02,23182.7,23287.02,0.00122387
1677612600000,23241.04,23241.04,23241.04,23241.04,0
1677610800000,23457.68,23457.68,23241.04,23241.04,0.00320495
1677609000000,23475.84,23475.84,23457.68,23457.68,0.06082339
1677607200000,23475.84,23475.84,23475.84,23475.84,0
1677605400000,23475.84,23475.84,23475.84,23475.84,0
1677603600000,23475.84,23475.84,23475.84,23475.84,0
1677601800000,23475.84,23475.84,23475.84,23475.84,0
1677600000000,23522.29,23581.48,23475.84,23475.84,0.0016465
1677598200000,23522.29,23522.29,23522.29,23522.29,0
1677596400000,23522.29,23522.29,23416.92,23522.29,0.00241338
1677594600000,23463.25,23522.29,23358.14,23522.29,0.00169076
1677592800000,23463.25,23463.25,23463.25,23463.25,0
1677591000000,23463.25,23463.25,23463.25,23463.25,0
1677589200000,23463.25,23463.25,23463.25,23463.25,0
1677587400000,23463.25,23463.25,23463.25,23463.25,0
1677585600000,23404.36,23463.25,23404.36,23463.25,0.00098867
1677583800000,23345.62,23404.36,23345.62,23404.36,0.00056293
1677582000000,23345.62,23345.62,23345.62,23345.62,0
1677580200000,23241.04,23345.62,23241.04,23345.62,0.00056293
1677578400000,23241.04,23241.04,23241.04,23241.04,0
1677576600000,23241.04,23241.04,23241.04,23241.04,0
1677574800000,23241.04,23241.04,23241.04,23241.04,0
1677573000000,23241.04,23241.04,23241.04,23241.04,0
1677571200000,23241.04,23241.04,23241.04,23241.04,0
1677569400000,23438.9,23438.9,23241.04,23241.04,0.00212085
1677567600000,23438.9,23438.9,23438.9,23438.9,0
1677565800000,23438.9,23438.9,23438.9,23438.9,0
1677564000000,23438.9,23438.9,23438.9,23438.9,0
1677562200000,23438.9,23438.9,23438.9,23438.9,0
1677560400000,23438.9,23438.9,23438.9,23438.9,0
1677558600000,23438.9,23438.9,23438.9,23438.9,0
1677556800000,23463.25,23463.25,23436.6,23438.9,0.11561839
1677555000000,23463.25,23463.25,23463.25,23463.25,0
1677553200000,23358.14,23463.25,23358.14,23463.25,0.00056293
1677551400000,23358.14,23358.14,23358.14,23358.14,0
1677549600000,23358.14,23358.14,23358.14,23358.14,0
1677547800000,23416.92,23416.92,23358.14,23358.14,0.00073487
1677546000000,23522.29,23522.29,23416.92,23416.92,0.0005649
1677544200000,23522.29,23522.29,23522.29,23522.29,0
1677542400000,23522.29,23522.29,23522.29,23522.29,0
1677540600000,23522.29,23522.29,23522.29,23522.29,0
1677538800000,23522.29,23522.29,23522.29,23522.29,0
1677537000000,23410.07,23522.29,23410.07,23522.29,0.0015516
1677535200000,23345.62,23410.07,23345.62,23410.07,0.00065887
1677533400000,23345.62,23345.62,23345.62,23345.62,0
1677531600000,23241.04,23345.62,23241.04,23345.62,0.00056293
1677529800000,23241.04,23241.04,23241.04,23241.04,0
1677528000000,23345.62,23345.62,23241.04,23241.04,0.0005649
1677526200000,23345.62,23345.62,23345.62,23345.62,0
1677524400000,23182.7,23345.62,23182.7,23345.62,0.00112586
1677522600000,23182.7,23182.7,23182.7,23182.7,0
1677520800000,23404.36,23404.36,23182.7,23182.7,0.10510129
1677519000000,23299.52,23404.36,23299.52,23404.36,0.00056293
1677517200000,23436.51,23436.51,23299.52,23299.52,0.00056489
1677515400000,23200,23436.51,23182.7,23436.51,0.42284538
1677513600000,23519.97,23519.97,23200,23200,0.58379588
1677511800000,23879.66,23879.66,23519.97,23519.97,0.03419927
1677510000000,23833.6,23879.66,23833.6,23879.66,0.00056293
1677508200000,23833.6,23833.6,23833.6,23833.6,0
1677506400000,23759.94,23833.6,23759.94,23833.6,0.00098158
1677504600000,23522.29,23759.94,23522.29,23759.94,0.00328606
1677502800000,23439.01,23522.29,23439.01,23522.29,0.00112586
1677501000000,23439.01,23439.01,23439.01,23439.01,0
1677499200000,23439.01,23439.01,23439.01,23439.01,0
1677497400000,23358.14,23439.01,23358.14,23439.01,0.04394935
1677495600000,23358.14,23358.14,23358.14,23358.14,0
1677493800000,23358.14,23358.14,23358.14,23358.14,0
1677492000000,23358.14,23358.14,23358.14,23358.14,0
1677490200000,23358.14,23358.14,23358.14,23358.14,0
1677488400000,23358.14,23358.14,23358.14,23358.14,0
1677486600000,23358.14,23358.14,23358.14,23358.14,0
1677484800000,23409.83,23409.83,23358.14,23358.14,0.0005649
1677483000000,23409.83,23409.83,23409.83,23409.83,0
1677481200000,23409.83,23409.83,23409.83,23409.83,0
1677479400000,23363.68,23409.83,23363.68,23409.83,0.00158494
1677477600000,23363.68,23363.68,23363.68,23363.68,0
1677475800000,23475.84,23475.84,23363.68,23363.68,0.00108408
1677474000000,23475.84,23475.84,23475.84,23475.84,0
1677472200000,23581.48,23581.48,23475.84,23475.84,0.0005649
1677470400000,23581.48,23581.48,23581.48,23581.48,0
1677468600000,23581.48,23581.48,23581.48,23581.48,0
1677466800000,23581.48,23581.48,23581.48,23581.48,0
1677465000000,23581.48,23581.48,23581.48,23581.48,0
1677463200000,23475.84,23581.48,23475.84,23581.48,0.00056293
1677461400000,23475.84,23475.84,23475.84,23475.84,0
1677459600000,23475.84,23475.84,23475.84,23475.84,0
1677457800000,23581.48,23581.48,23475.84,23475.84,0.0005649
1677456000000,23581.48,23581.48,23581.48,23581.48,0
1677454200000,23581.48,23581.48,23581.48,23581.48,0
1677452400000,23358.14,23581.48,23358.14,23581.48,0.00220745
1677450600000,23363.68,23363.68,23358.14,23358.14,0.0005649
1677448800000,23640.81,23640.81,23363.68,23363.68,0.00221388
1677447000000,23640.81,23640.81,23640.81,23640.81,0
1677445200000,23640.81,23640.81,23640.81,23640.81,0
1677443400000,23568.14,23640.81,23568.14,23640.81,0.00112586
1677441600000,23522.29,23568.14,23522.29,23568.14,0.00051866
1677439800000,23416.92,23522.29,23416.92,23522.29,0.00056293
1677438000000,23545.28,23545.28,23416.92,23416.92,0.00090435
1677436200000,23254.51,23545.28,23254.51,23545.28,0.08839044
1677434400000,23254.51,23254.51,23254.51,23254.51,0
1677432600000,23254.51,23254.51,23254.51,23254.51,0
1677430800000,23254.51,23254.51,23254.51,23254.51,0
1677429000000,23254.51,23254.51,23254.51,23254.51,0
1677427200000,23254.51,23254.51,23254.51,23254.51,0
1677425400000,23254.51,23254.51,23254.51,23254.51,0
1677423600000,23254.51,23254.51,23254.51,23254.51,0
1677421800000,23254.51,23254.51,23254.51,23254.51,0
1677420000000,23170.26,23254.51,23170.26,23254.51,0.00066006
1677418200000,23786.31,23786.31,23008.58,23170.26,0.01067529
1677416400000,23287.02,24237.42,23287.02,23786.31,0.01204138
1677414600000,23287.02,23287.02,23287.02,23287.02,0
1677412800000,23287.02,23287.02,23287.02,23287.02,0.00031332
1677411000000,23254.51,23287.02,23124.51,23287.02,0.00050368
1677409200000,23254.51,23254.51,23254.51,23254.51,0
1677407400000,23254.51,23254.51,23254.51,23254.51,0
1677405600000,23254.51,23254.51,23254.51,23254.51,0
1677403800000,23182.29,23254.51,23182.29,23254.51,0.00065951
1677402000000,23112.11,23182.29,23112.11,23182.29,0.00100347
1677400200000,23112.11,23112.11,23112.11,23112.11,0
1677398400000,23124.51,23131.82,22993.74,23112.11,0.37629214
1677396600000,23124.51,23124.51,23124.51,23124.51,0
1677394800000,23124.51,23124.51,23124.51,23124.51,0
1677393000000,23124.51,23124.51,23124.51,23124.51,0
1677391200000,23228.57,23228.57,23124.51,23124.51,0.0005649
1677389400000,23228.57,23228.57,23228.57,23228.57,0
1677387600000,23228.57,23228.57,23228.57,23228.57,0
1677385800000,23228.57,23228.57,23228.57,23228.57,0
1677384000000,23228.57,23228.57,23228.57,23228.57,0
1677382200000,23228.57,23228.57,23228.57,23228.57,0
1677380400000,23228.57,23228.57,23228.57,23228.57,0
1677378600000,23090.76,23228.57,23090.76,23228.57,0.0015564
1677376800000,23090.76,23090.76,23090.76,23090.76,0
1677375000000,23090.76,23090.76,23090.76,23090.76,0
1677373200000,23112.11,23112.11,23090.76,23090.76,0.05146213
1677371400000,23112.11,23112.11,23112.11,23112.11,0
1677369600000,23112.11,23112.11,23112.11,23112.11,0
1677367800000,23112.11,23112.11,23112.11,23112.11,0
1677366000000,23112.11,23112.11,23112.11,23112.11,0
1677364200000,23021.85,23112.11,23021.85,23112.11,0.00165605
1677362400000,22946.48,23025.3,22946.48,23021.85,0.04386902
1677360600000,22946.48,22946.48,22946.48,22946.48,0
1677358800000,22880.95,22946.48,22880.95,22946.48,0.00066081
1677357000000,22941.36,22941.36,22748.82,22880.95,0.00222443
1677355200000,22941.36,22941.36,22941.36,22941.36,0
1677353400000,23046.04,23046.04,22880.95,22941.36,0.02364306
1677351600000,23046.04,23046.04,23046.04,23046.04,0
1677349800000,23046.04,23046.04,23046.04,23046.04,0
1677348000000,23046.04,23046.04,23046.04,23046.04,0
1677346200000,23046.04,23046.04,23046.04,23046.04,0
1677344400000,23046.04,23046.04,23046.04,23046.04,0
1677342600000,23046.04,23046.04,23046.04,23046.04,0
1677340800000,23046.04,23046.04,23046.04,23046.04,0
1677339000000,23046.04,23046.04,23046.04,23046.04,0
1677337200000,23046.04,23046.04,23046.04,23046.04,0
1677335400000,23046.04,23046.04,23046.04,23046.04,0
1677333600000,23046.04,23046.04,23046.04,23046.04,0
1677331800000,22871.86,23046.04,22871.86,23046.04,0.00043296
1677330000000,22871.86,22871.86,22871.86,22871.86,0
1677328200000,23000.31,23000.31,22871.86,22871.86,0.00053072
1677326400000,23000.31,23000.31,23000.31,23000.31,0
1677324600000,23000.31,23000.31,23000.31,23000.31,0
1677322800000,23000.31,23000.31,23000.31,23000.31,0
1677321000000,23080.89,23080.89,23000.31,23000.31,0.00043097
1677319200000,23080.89,23080.89,23080.89,23080.89,0
1677317400000,23080.89,23080.89,23080.89,23080.89,0
1677315600000,23080.89,23080.89,23080.89,23080.89,0
1677313800000,23080.89,23080.89,23080.89,23080.89,0
1677312000000,23080.89,23080.89,23080.89,23080.89,0
1677310200000,23175.47,23175.47,23080.89,23080.89,0.00458255
1677308400000,23175.47,23175.47,23175.47,23175.47,0
1677306600000,23175.47,23175.47,23175.47,23175.47,0
1677304800000,23175.47,23175.47,23175.47,23175.47,0
1677303000000,23175.47,23175.47,23175.47,23175.47,0
1677301200000,23175.47,23175.47,23175.47,23175.47,0
1677299400000,23175.47,23175.47,23175.47,23175.47,0
1677297600000,23175.47,23175.47,23175.47,23175.47,0
1677295800000,23175.47,23175.47,23175.47,23175.47,0
1677294000000,23175.47,23175.47,23175.47,23175.47,0
1677292200000,23175.47,23175.47,23175.47,23175.47,0
1677290400000,23175.47,23175.47,23175.47,23175.47,0
1677288600000,23175.47,23175.47,23175.47,23175.47,0
1677286800000,23175.47,23175.47,23175.47,23175.47,0
1677285000000,23175.47,23175.47,23175.47,23175.47,0
1677283200000,23175.47,23175.47,23175.47,23175.47,0
1677281400000,23175.47,23175.47,23175.47,23175.47,0
1677279600000,23000.31,23175.47,23000.31,23175.47,0.00043053
1677277800000,23124.55,23124.55,23000.31,23000.31,0.00052765
1677276000000,23124.55,23124.55,23124.55,23124.55,0
1677274200000,23159.38,23159.38,23124.55,23124.55,0.00080616
1677272400000,23159.38,23159.38,23159.38,23159.38,0
1677270600000,23310.52,23310.52,23159.38,23159.38,0.00112935
1677268800000,23099.98,23310.52,23099.98,23310.52,0.01853078
1677267000000,23124.55,23124.55,22871.86,23099.98,0.00149188
1677265200000,23124.55,23124.55,23124.55,23124.55,0
1677263400000,23124.55,23124.55,23124.55,23124.55,0
1677261600000,23124.55,23124.55,23124.55,23124.55,0
1677259800000,23124.55,23124.55,23124.55,23124.55,0
1677258000000,23240.43,23240.43,23124.55,23124.55,0.00075461
1677256200000,23000.31,23240.43,23000.31,23240.43,0.04314652
1677254400000,23363.68,23363.68,23000.31,23000.31,0.00497113
1677252600000,23581.58,23581.58,23363.68,23363.68,0.00326874
1677250800000,23842.91,23842.91,23581.58,23581.58,0.00346665
1677249000000,23724.01,23842.91,23724.01,23842.91,0.0007348
1677247200000,23724.01,23724.01,23724.01,23724.01,0
1677245400000,23950.84,23950.84,23724.01,23724.01,0.00226145
1677243600000,23903.27,23950.84,23867.31,23950.84,0.00073131
1677241800000,23903.27,23903.27,23903.27,23903.27,0
1677240000000,23878.83,23986.93,23878.83,23903.27,0.00187803
1677238200000,23795.55,23878.83,23795.55,23878.83,0.00036657
1677236400000,23795.55,23795.55,23795.55,23795.55,0
1677234600000,23795.55,23795.55,23795.55,23795.55,0
1677232800000,23868.12,23868.12,23795.55,23795.55,0.00036694
1677231000000,23914.8,23914.8,23831.4,23868.12,0.00111204
1677229200000,23914.8,23914.8,23914.8,23914.8,0
1677227400000,23786.31,23914.8,23786.31,23914.8,0.00073259
1677225600000,23786.31,23786.31,23786.31,23786.31,0
1677223800000,23786.31,23786.31,23786.31,23786.31,0
1677222000000,23878.83,23878.83,23786.31,23786.31,0.00078367
1677220200000,23795.55,23878.83,23795.55,23878.83,0.00036657
1677218400000,23867.31,23867.31,23795.55,23795.55,0.00083685
1677216600000,23867.31,23867.31,23867.31,23867.31,0
1677214800000,23922.39,23922.39,23867.31,23867.31,0.00114554
1677213000000,23922.39,23922.39,23922.39,23922.39,0
1677211200000,23922.39,23922.39,23922.39,23922.39,0
1677209400000,23922.39,23922.39,23922.39,23922.39,0
1677207600000,23922.39,23922.39,23922.39,23922.39,0
1677205800000,23958.43,23958.43,23922.39,23922.39,0.00038669
1677204000000,24011.47,24011.47,23958.43,23958.43,0.00038801
1677202200000,24114.78,24114.78,24011.47,24011.47,0.00037553
1677200400000,23903.27,24114.78,23903.27,24114.78,0.00201138
1677198600000,24006.11,24006.11,23903.27,23903.27,0.00037723
1677196800000,23933.94,24006.11,23933.94,24006.11,0.00117057
1677195000000,23878.83,23933.94,23878.83,23933.94,0.00038995
1677193200000,23878.83,23878.83,23878.83,23878.83,0
1677191400000,23831.4,23878.83,23778.77,23878.83,0.00118623
1677189600000,23877.04,23877.04,23831.4,23831.4,0.00083772
1677187800000,23922.39,23946.52,23877.04,23877.04,0.02120466
1677186000000,23922.39,23922.39,23922.39,23922.39,0
1677184200000,24042.8,24042.8,23922.39,23922.39,0.0003886
1677182400000,24023.06,24042.8,24023.06,24042.8,0.00010531
1677180600000,24023.06,24023.06,24023.06,24023.06,0
1677178800000,23878.83,24023.06,23878.83,24023.06,0.0019249
1677177000000,23826.1,23878.83,23826.1,23878.83,0.00074568
1677175200000,23861.99,23861.99,23743,23826.1,0.00040354
1677173400000,23878.83,23967.45,23778.77,23861.99,0.00274562
1677171600000,23778.77,23878.83,23759.76,23878.83,0.00111317
1677169800000,23886.41,23886.41,23778.77,23778.77,0.00164539
1677168000000,23939.28,23939.28,23886.41,23886.41,0.00038919
1677166200000,24023.06,24042.28,23922.39,23939.28,0.00114153
1677164400000,24056.51,24056.51,23886.41,24023.06,0.0025067
1677162600000,24047.64,24078.51,23922.39,24056.51,0.00289147
1677160800000,24042.28,24131.8,24042.28,24047.64,0.00189067
1677159000000,24204.58,24204.58,23850.47,24042.28,0.00544976
1677157200000,23986.93,24204.58,23986.93,24204.58,0.00284949
1677155400000,23842.91,23986.93,23842.91,23986.93,0.00202121
1677153600000,23771.22,23842.91,23636,23842.91,0.00296963
1677151800000,23867.31,23867.31,23671.62,23771.22,0.00363109
1677150000000,24229.34,24229.34,23867.31,23867.31,0.00519506
1677148200000,24229.34,24229.34,24229.34,24229.34,0
1677146400000,24279.39,24279.39,24229.34,24229.34,0.00073198
1677144600000,24398.34,24398.34,24279.39,24279.39,0.00121423
1677142800000,24395.19,24398.34,24395.19,24398.34,0.0007106
1677141000000,24395.19,24395.19,24395.19,24395.19,0
1677139200000,24325.18,24480.57,24325.18,24395.19,0.00075135
1677137400000,24325.18,24325.18,24325.18,24325.18,0
1677135600000,24325.18,24325.18,24325.18,24325.18,0
1677133800000,24375.69,24375.69,24325.18,24325.18,0.00078976
1677132000000,24375.69,24375.69,24375.69,24375.69,0
1677130200000,24449.2,24449.2,24375.69,24375.69,0.00073928
1677128400000,24449.2,24449.2,24449.2,24449.2,0
1677126600000,24449.2,24449.2,24449.2,24449.2,0
1677124800000,24449.2,24449.2,24449.2,24449.2,0
1677123000000,24571.73,24571.73,24449.2,24449.2,0.00072539
1677121200000,24571.73,24571.73,24571.73,24571.73,0
1677119400000,24260.44,24571.73,24260.44,24571.73,0.00431943
1677117600000,24139.46,24260.44,24139.46,24260.44,0.00079637
1677115800000,24139.46,24139.46,24139.46,24139.46,0
1677114000000,24139.46,24139.46,24139.46,24139.46,0
1677112200000,24223.94,24223.94,24139.46,24139.46,0.00001183
1677110400000,24203.64,24223.94,24203.64,24223.94,0.00037345
1677108600000,24187.5,24203.64,24187.5,24203.64,0.00009279
1677106800000,24078.51,24187.5,24078.51,24187.5,0.00153774
1677105000000,23771.22,24078.51,23771.22,24078.51,0.04716205
1677103200000,23759.76,23771.22,23653.47,23771.22,0.00105343
1677101400000,23759.76,23759.76,23759.76,23759.76,0
1677099600000,23759.76,23759.76,23759.76,23759.76,0
1677097800000,23861.99,23861.99,23759.76,23759.76,0.0003795
1677096000000,23743,23861.99,23743,23861.99,0.00039112
1677094200000,23814.59,23814.59,23743,23743,0.00075847
1677092400000,23807.04,23950.84,23671.62,23814.59,0.00659923
1677090600000,23807.04,23807.04,23807.04,23807.04,0
1677088800000,23754.47,23807.04,23754.47,23807.04,0.00073596
1677087000000,23718.72,23754.47,23718.72,23754.47,0.00038084
1677085200000,23600.45,23718.72,23600.45,23718.72,0.00039348
1677083400000,23636,23636,23600.45,23600.45,0.00038181
1677081600000,23707.28,23790.25,23636,23636,0.00190678
1677079800000,23807.04,23807.04,23707.28,23707.28,0.0003801
1677078000000,23939.28,23986.93,23652.69,23807.04,0.00714994
1677076200000,23958.43,24059.26,23939.28,23939.28,0.00111658
1677074400000,24114.78,24114.78,23958.43,23958.43,0.00077618
1677072600000,24095.51,24114.78,24095.51,24114.78,0.00001187
1677070800000,24103.14,24103.14,23975.35,24095.51,0.00233446
1677069000000,24204.58,24204.58,24103.14,24103.14,0.00037385
1677067200000,24151.12,24204.58,24151.12,24204.58,0.00082844
1677065400000,24103.14,24151.12,24066.89,24151.12,0.00038627
1677063600000,24168.16,24187.5,24103.14,24103.14,0.00002368
1677061800000,24094.72,24168.16,24094.72,24168.16,0.00036218
1677060000000,24151.12,24151.12,24094.72,24094.72,0.10662746
1677058200000,24059.26,24151.12,24059.26,24151.12,0.00117561
1677056400000,23883.5,24059.26,23883.5,24059.26,0.0011289
1677054600000,23975.35,23975.35,23883.5,23883.5,0.0011991
1677052800000,24078.51,24078.51,23975.35,23975.35,0.00037609
1677051000000,24059.26,24078.51,24059.26,24078.51,0.00001188
1677049200000,23958.43,24059.26,23943.37,24059.26,0.00288164
1677047400000,24114.78,24114.78,23958.43,23958.43,0.00085643
1677045600000,24095.51,24114.78,24095.51,24114.78,0.00001187
1677043800000,24011.47,24095.51,24011.47,24095.51,0.00036328
1677042000000,24151.12,24151.12,24011.47,24011.47,0.00075049
1677040200000,24156.5,24156.5,24047.64,24151.12,0.00190986
1677038400000,24241.04,24241.04,24156.5,24156.5,0.00036146
1677036600000,24241.04,24241.04,24241.04,24241.04,0
1677034800000,24168.16,24241.04,24168.16,24241.04,0.00125084
1677033000000,24030.68,24168.16,23886.41,24168.16,0.00458668
1677031200000,24139.46,24139.46,23975.35,24030.68,0.00313071
1677029400000,24424.2,24424.2,24139.46,24139.46,0.00273339
1677027600000,24406.97,24424.2,24406.97,24424.2,0.00035839
1677025800000,24461,24461,24285.26,24406.97,0.00149387
1677024000000,24443.74,24461,24443.74,24461,0.00035785
1677022200000,24389.26,24443.74,24389.26,24443.74,0.00038182
1677020400000,24373.54,24389.26,24373.54,24389.26,0.0009501
1677018600000,24175.83,24373.54,24175.83,24373.54,0.00153648
1677016800000,24175.83,24175.83,24175.83,24175.83,0
1677015000000,24270.82,24314.14,24175.83,24175.83,0.00147722
1677013200000,24449.2,24449.2,24175.83,24270.82,0.0907908
1677011400000,24461.79,24461.79,24449.2,24449.2,0.00035713
1677009600000,24579.52,24579.52,24461.79,24461.79,0.00160942
1677007800000,24579.52,24682.95,24579.52,24579.52,0.00073283
1677006000000,24702.7,24702.7,24579.52,24579.52,0.0003782
1677004200000,24596.87,24702.7,24579.52,24702.7,0.00152787
1677002400000,24645.82,24720.14,24596.87,24596.87,0.00194872
1677000600000,24424.2,24645.82,24424.2,24645.82,0.00270765
1676998800000,24424.2,24424.2,24424.2,24424.2,0
1676997000000,24339.02,24424.2,24302.41,24424.2,0.00159923
1676995200000,24608.75,24608.75,24339.02,24339.02,0.00221287
1676993400000,24534.77,24608.75,24534.77,24608.75,0.00073521
1676991600000,24671.04,24671.04,24412.42,24534.77,0.0038059
1676989800000,24645.82,24757.38,24645.82,24671.04,0.00145096
1676988000000,24522.92,24645.82,24522.92,24645.82,0.00072248
1676986200000,24682.95,24682.95,24522.92,24522.92,0.00108981
1676984400000,24645.82,24682.95,24645.82,24682.95,0.00036623
1676982600000,24591.38,24645.82,24591.38,24645.82,0.00072248
1676980800000,24579.52,24591.38,24505.62,24591.38,0.00074651
1676979000000,24671,24671,24579.52,24579.52,0.01128055
1676977200000,24671,24671,24671,24671,0
1676975400000,24727.98,24727.98,24671,24671,0.042455
1676973600000,24814.52,24814.52,24727.98,24727.98,0.00001155
1676971800000,24720.14,24814.52,24720.14,24814.52,0.00114381
1676970000000,24643.69,24739.92,24579.52,24720.14,0.00189068
1676968200000,25065.3,25065.3,24643.69,24643.69,0.00618728
1676966400000,25019.67,25266.89,25019.67,25065.3,0.00413906
1676964600000,25019.67,25019.67,25019.67,25019.67,0
1676962800000,25019.67,25019.67,25019.67,25019.67,0
1676961000000,24964.41,25019.67,24964.41,25019.67,0.00071167
1676959200000,24877.34,24964.41,24877.34,24964.41,0.00001146
1676957400000,24877.34,24877.34,24877.34,24877.34,0
1676955600000,24877.34,24877.34,24877.34,24877.34,0
1676953800000,24894.9,24894.9,24877.34,24877.34,0.00001148
1676952000000,24982.03,24982.03,24894.9,24894.9,0.00035073
1676950200000,24982.03,24982.03,24982.03,24982.03,0
1676948400000,24914.82,24982.03,24876.26,24982.03,0.00112252
1676946600000,24926.84,25077.41,24914.82,24914.82,0.00267829
1676944800000,24906.93,24926.84,24906.93,24926.84,0.00001148
1676943000000,24820.06,24906.93,24820.06,24906.93,0.00035144
1676941200000,24926.84,24926.84,24820.06,24820.06,0.00036329
1676939400000,24832.04,24926.84,24832.04,24926.84,0.0011382
1676937600000,24832.04,24832.04,24832.04,24832.04,0
1676935800000,24794.68,24832.04,24772.84,24832.04,0.00592187
1676934000000,24671.04,24794.68,24671.04,24794.68,0.00071815
1676932200000,24671.04,24671.04,24671.04,24671.04,0
1676930400000,24765.23,24769.31,24671.04,24671.04,0.00357985
1676928600000,24782.72,24782.72,24765.23,24765.23,0.00001153
1676926800000,24782.72,24782.72,24782.72,24782.72,0
1676925000000,24869.45,24869.45,24782.72,24782.72,0.00035232
1676923200000,24869.45,24869.45,24869.45,24869.45,0
1676921400000,24869.45,24869.45,24869.45,24869.45,0
1676919600000,24765.23,24869.45,24765.23,24869.45,0.00036348
1676917800000,24765.23,24765.23,24765.23,24765.23,0
1676916000000,24889.35,24889.35,24765.23,24765.23,0.00037537
1676914200000,24782.72,24889.35,24782.72,24889.35,0.00036347
1676912400000,24906.93,24906.93,24782.72,24782.72,0.00071563
1676910600000,24832.04,24906.93,24643.69,24906.93,0.00309583
1676908800000,24932.41,24932.41,24727.98,24832.04,0.00268257
1676907000000,24876.26,25019.67,24876.26,24932.41,0.00107334
1676905200000,24982.03,25077.41,24876.26,24876.26,0.00271621
1676903400000,24857.45,25095.11,24802.55,24982.03,0.00675618
1676901600000,24906.93,24982.03,24820.06,24857.45,0.00254124
1676899800000,24906.93,24906.93,24906.93,24906.93,0
1676898000000,24737.33,24906.93,24737.33,24906.93,0.00107892
1676896200000,24820.06,24820.06,24737.33,24737.33,0.00112893
1676894400000,24944.45,24944.45,24820.06,24820.06,0.00071455
1676892600000,24820.06,24944.45,24727.98,24944.45,0.00299363
1676890800000,24944.45,24944.45,24820.06,24820.06,0.00071455
1676889000000,24820.06,24944.45,24802.55,24944.45,0.00073685
1676887200000,24926.84,24964.41,24782.72,24820.06,0.00254191
1676885400000,24497.86,24926.84,24497.86,24926.84,0.00542297
1676883600000,24431.95,24497.86,24395.19,24497.86,0.00073838
1676881800000,24554.4,24554.4,24431.95,24431.95,0.00038049
1676880000000,24523.96,24554.4,24523.96,24554.4,0.00036843
1676878200000,24449.2,24523.96,24449.2,24523.96,0.00030584
1676876400000,24449.2,24449.2,24449.2,24449.2,0
1676874600000,24449.2,24449.2,24449.2,24449.2,0
1676872800000,24449.2,24449.2,24449.2,24449.2,0
1676871000000,24449.2,24449.2,24449.2,24449.2,0
1676869200000,24534.77,24534.77,24449.2,24449.2,0.00035713
1676867400000,24534.77,24534.77,24534.77,24534.77,0
1676865600000,24443.74,24534.77,24443.74,24534.77,0.00159394
1676863800000,24406.97,24443.74,24406.97,24443.74,0.0003701
1676862000000,24365.55,24406.97,24365.55,24406.97,0.00079178
1676860200000,24314.14,24365.55,24314.14,24365.55,0.0004634
1676858400000,24277.56,24314.14,24175.83,24314.14,0.00111683
1676856600000,24006.11,24277.56,24006.11,24277.56,0.00390108
1676854800000,24155.67,24155.67,23867.31,24006.11,0.00468015
1676853000000,24387.46,24387.46,24155.67,24155.67,0.00235107
1676851200000,24212.25,24387.46,24212.25,24387.46,0.00111368
1676849400000,24375.69,24375.69,24212.25,24212.25,0.00199621
1676847600000,24468.76,24468.76,24375.69,24375.69,0.00109641
1676845800000,24554.4,24554.4,24468.76,24468.76,0.00001167
1676844000000,24554.4,24554.4,24554.4,24554.4,0
1676842200000,24554.4,24554.4,24554.4,24554.4,0
1676840400000,24517.46,24554.4,24517.46,24554.4,0.00045998
1676838600000,24406.97,24517.46,24406.97,24517.46,0.00151571
1676836800000,24554.4,24554.4,24285.26,24406.97,0.0027429
1676835000000,24554.4,24554.4,24554.4,24554.4,0
1676833200000,24431.95,24554.4,24431.95,24554.4,0.00047165
1676831400000,24461,24517.46,24431.95,24431.95,0.00079945
1676829600000,24358.49,24461,24302.41,24461,0.00232754
1676827800000,24628.43,24665.54,24358.49,24358.49,0.00339972
1676826000000,24794.68,24794.68,24449.2,24628.43,0.00501666
1676824200000,25045.27,25045.27,24671.04,24794.68,0.00524737
1676822400000,24926.84,25170.79,24926.84,25045.27,0.00370976
1676820600000,24765.23,24926.84,24765.23,24926.84,0.00086859
1676818800000,24682.95,25024.1,24682.95,24765.23,0.00615799
1676817000000,24682.95,24682.95,24682.95,24682.95,0.00027433
1676815200000,24682.95,24682.95,24682.95,24682.95,0
1676813400000,24682.95,24682.95,24682.95,24682.95,0
1676811600000,24682.95,24682.95,24682.95,24682.95,0
1676809800000,24682.95,24682.95,24682.95,24682.95,0
1676808000000,24682.95,24682.95,24682.95,24682.95,0
1676806200000,24665.54,24682.95,24665.54,24682.95,0.0000803
1676804400000,24665.54,24665.54,24665.54,24665.54,0
1676802600000,24605.45,24665.54,24605.45,24665.54,0.0000116
1676800800000,24605.45,24605.45,24605.45,24605.45,0
1676799000000,24605.45,24605.45,24605.45,24605.45,0
1676797200000,24579.52,24605.45,24579.52,24605.45,0.00060494
1676795400000,24579.52,24579.52,24579.52,24579.52,0
1676793600000,24579.52,24579.52,24579.52,24579.52,0
1676791800000,24606.12,24606.12,24579.52,24579.52,0.00001162
1676790000000,24633.93,24633.93,24596.87,24606.12,0.04741679
1676788200000,24708.21,24708.21,24633.93,24633.93,0.00073153
1676786400000,24727.98,24727.98,24708.21,24708.21,0.00035338
1676784600000,24832.04,24832.04,24727.98,24727.98,0.0003644
1676782800000,24690.48,24832.04,24690.48,24832.04,0.00149629
1676781000000,24690.48,24690.48,24690.48,24690.48,0
1676779200000,24690.48,24690.48,24690.48,24690.48,0
1676777400000,24690.48,24690.48,24690.48,24690.48,0
1676775600000,24690.48,24690.48,24690.48,24690.48,0
1676773800000,24653.64,24690.48,24653.64,24690.48,0.01793076
1676772000000,24653.64,24653.64,24653.64,24653.64,0
1676770200000,24653.64,24653.64,24653.64,24653.64,0
1676768400000,24739.92,24757.38,24653.64,24653.64,0.00212265
1676766600000,24702.7,24739.92,24702.7,24739.92,0.00061806
1676764800000,24645.82,24702.7,24636.27,24702.7,0.00090482
1676763000000,24645.82,24645.82,24645.82,24645.82,0
1676761200000,24645.82,24645.82,24645.82,24645.82,0
1676759400000,24645.82,24645.82,24645.82,24645.82,0
1676757600000,24542.54,24645.82,24542.54,24645.82,0.00036679
1676755800000,24542.54,24542.54,24542.54,24542.54,0
1676754000000,24542.54,24542.54,24542.54,24542.54,0
1676752200000,24542.54,24542.54,24542.54,24542.54,0
1676750400000,24579.52,24579.52,24542.54,24542.54,0.0004206
1676748600000,24684.91,24684.91,24579.52,24579.52,0.00126939
1676746800000,24653.64,24684.91,24653.64,24684.91,0.00035285
1676745000000,24765.23,24765.23,24653.64,24653.64,0.00082836
1676743200000,24682.95,24857.81,24682.95,24765.23,0.08662499
1676741400000,24633.93,24682.95,24596.87,24682.95,0.00076454
1676739600000,24720.14,24720.14,24633.93,24633.93,0.00035445
1676737800000,24720.14,24720.14,24720.14,24720.14,0
1676736000000,24720.14,24720.14,24720.14,24720.14,0
1676734200000,24720.14,24720.14,24720.14,24720.14,0
1676732400000,24720.14,24720.14,24720.14,24720.14,0
1676730600000,24590.76,24720.14,24590.76,24720.14,0.0016696
1676728800000,24590.76,24590.76,24590.76,24590.76,0
1676727000000,24590.76,24590.76,24590.76,24590.76,0
1676725200000,24590.76,24590.76,24590.76,24590.76,0
1676723400000,24628.43,24628.43,24590.76,24590.76,0.00085879
1676721600000,24534.77,24628.43,24534.77,24628.43,0.00079032
1676719800000,24449.2,24534.77,24449.2,24534.77,0.00035677
1676718000000,24468.76,24468.76,24449.2,24449.2,0.00035713
1676716200000,24505.62,24505.62,24468.76,24468.76,0.00036826
1676714400000,24565,24565,24505.62,24505.62,0.00001166
1676712600000,24565,24565,24565,24565,0
1676710800000,24591.38,24591.38,24565,24565,0.00041044
1676709000000,24534.77,24591.38,24534.77,24591.38,0.00037952
1676707200000,24534.77,24534.77,24534.77,24534.77,0
1676705400000,24559.87,24559.87,24449.2,24534.77,0.00204476
1676703600000,24654.78,24654.78,24559.87,24559.87,0.00035552
1676701800000,24654.78,24654.78,24654.78,24654.78,0
1676700000000,24639.38,24654.78,24638.64,24654.78,0.00044209
1676698200000,24628.43,24639.38,24628.43,24639.38,0.00247266
1676696400000,24628.43,24628.43,24628.43,24628.43,0
1676694600000,24628.43,24628.43,24628.43,24628.43,0
1676692800000,24608.75,24628.43,24608.75,24628.43,0.00001162
1676691000000,24608.75,24608.75,24608.75,24608.75,0
1676689200000,24522.92,24608.75,24522.92,24608.75,0.00035569
1676687400000,24579.52,24579.52,24522.92,24522.92,0.00072321
1676685600000,24596.87,24596.87,24579.52,24579.52,0.00001162
1676683800000,24596.87,24596.87,24596.87,24596.87,0
1676682000000,24633.93,24633.93,24596.87,24596.87,0.00036658
1676680200000,24757.38,24757.38,24633.93,24633.93,0.00071996
1676678400000,24542.54,24757.38,24542.54,24757.38,0.00146382
1676676600000,24559.87,24645.82,24542.54,24542.54,0.00072233
1676674800000,24720.14,24720.14,24559.87,24559.87,0.00108817
1676673000000,24365.55,24720.14,24365.55,24720.14,0.00731063
1676671200000,24431.95,24431.95,24083.87,24365.55,0.00777052
1676669400000,24690.78,24690.78,24431.95,24431.95,0.00357982
1676667600000,24745.44,24745.44,24690.78,24690.78,0.00077721
1676665800000,24877.34,24877.34,24745.44,24745.44,0.00144277
1676664000000,24534.77,25002.02,24534.77,24877.34,0.00830484
1676662200000,24424.2,24534.77,24424.2,24534.77,0.00365173
1676660400000,24370.25,24424.2,24248.73,24424.2,0.00149538
1676658600000,24387.46,24387.46,24248.73,24370.25,0.00112563
1676656800000,24302.41,24387.46,24265.85,24387.46,0.00110173
1676655000000,24424.2,24497.86,24302.41,24302.41,0.00220767
1676653200000,24047.64,24461,24047.64,24424.2,0.00582541
1676651400000,23975.35,24168.16,23939.28,24047.64,0.00297807
1676649600000,24103.14,24314.14,23975.35,23975.35,0.00497663
1676647800000,24030.68,24260.44,24030.68,24103.14,0.00435011
1676646000000,23861.99,24151.12,23861.99,24030.68,0.00509758
1676644200000,23867.31,24223.94,23724.01,23861.99,0.01034367
1676642400000,23778.77,23950.84,23778.77,23867.31,0.00149982
1676640600000,23795.55,23795.55,23778.77,23778.77,0.00001201
1676638800000,23897.94,23897.94,23795.55,23795.55,0.00037893
1676637000000,23826.1,23897.94,23826.1,23897.94,0.00085169
1676635200000,23826.1,23826.1,23826.1,23826.1,0
1676633400000,23807.04,23826.1,23807.04,23826.1,0.00001201
1676631600000,23771.22,23807.04,23771.22,23807.04,0.00037971
1676629800000,23688.32,23771.22,23688.32,23771.22,0.00036823
1676628000000,23724.01,23724.01,23688.32,23688.32,0.00038065
1676626200000,23743,23743,23724.01,23724.01,0.00036805
1676624400000,23790.25,23842.91,23743,23743,0.00154499
1676622600000,23600.45,23790.25,23600.45,23790.25,0.04903983
1676620800000,23652.69,23652.69,23600.45,23600.45,0.0004039
1676619000000,23771.22,23771.22,23652.69,23652.69,0.00074983
1676617200000,23636,23771.22,23636,23771.22,0.00076113
1676615400000,23704.8,23704.8,23636,23636,0.00127512
1676613600000,23707.28,23707.28,23704.8,23704.8,0.00062819
1676611800000,23743,23743,23707.28,23707.28,0.04231963
1676610000000,23743,23743,23743,23743,0
1676608200000,23795.55,23795.55,23743,23743,0.00039153
1676606400000,23897.94,23897.94,23795.55,23795.55,0.00037893
1676604600000,23861.99,23897.94,23861.99,23897.94,0.00047258
1676602800000,23833.6,23861.99,23833.6,23861.99,0.00037911
1676601000000,23833.6,23833.6,23833.6,23833.6,0
1676599200000,23833.6,23833.6,23833.6,23833.6,0
1676597400000,23754.47,23833.6,23754.47,23833.6,0.0011786
1676595600000,23671.62,23754.47,23652.69,23754.47,0.00075001
1676593800000,23611.85,23754.47,23611.85,23671.62,0.00205452
1676592000000,23529.5,23664.11,23363.68,23611.85,0.00691669
1676590200000,23835.7,23835.7,23529.5,23529.5,0.00435597
1676588400000,24011.47,24078.51,23835.7,23835.7,0.0043104
1676586600000,24358.49,24358.49,23995.15,24011.47,0.00672464
1676584800000,24534.77,24534.77,24358.49,24358.49,0.00110814
1676583000000,24468.76,24534.77,24395.19,24534.77,0.00147564
1676581200000,24522.92,24554.4,24449.2,24468.76,0.00111714
1676579400000,24461.79,24628.43,24461.79,24522.92,0.00184956
1676577600000,24857.45,24857.45,24461.79,24461.79,0.00514954
1676575800000,24857.45,24857.45,24857.45,24857.45,0
1676574000000,25024.1,25024.1,24857.45,24857.45,0.00107514
1676572200000,24944.45,25024.1,24944.45,25024.1,0.00081287
1676570400000,24944.45,24944.45,24944.45,24944.45,0
1676568600000,24853.14,24944.45,24853.14,24944.45,0.00072568
1676566800000,24914.82,24914.82,24802.55,24853.14,0.01541912
1676565000000,24765.23,25024.1,24765.23,24914.82,0.00062772
1676563200000,25065.7,25255.56,24641.06,24765.23,0.00459004
1676561400000,24554.4,25065.7,24554.4,25065.7,0.04411168
1676559600000,24443.74,24554.4,24443.74,24554.4,0.00053366
1676557800000,24395.19,24443.74,24317.26,24443.74,0.00054606
1676556000000,24395.19,24480.57,24395.19,24395.19,0.0000234
1676554200000,24591.38,24648.08,24395.19,24395.19,0.0013419
1676552400000,24591.38,24591.38,24591.38,24591.38,0
1676550600000,24468.76,24591.38,24468.76,24591.38,0.00002329
1676548800000,24542.54,24542.54,24468.76,24468.76,0.00002333
1676547000000,24648.08,24648.08,24542.54,24542.54,0.00001164
1676545200000,24648.08,24648.08,24648.08,24648.08,0
1676543400000,24648.08,24648.08,24648.08,24648.08,0
1676541600000,24648.08,24648.08,24648.08,24648.08,0
1676539800000,24648.08,24648.08,24648.08,24648.08,0
1676538000000,24648.08,24648.08,24648.08,24648.08,0
1676536200000,24628.43,24648.08,24628.43,24648.08,0.00040483
1676534400000,24591.38,24628.43,24591.38,24628.43,0.00001162
1676532600000,24591.38,24591.38,24591.38,24591.38,0
1676530800000,24616.55,24616.55,24461.79,24591.38,0.00058618
1676529000000,24668.21,24668.21,24616.55,24616.55,0.00002319
1676527200000,24668.21,24668.21,24668.21,24668.21,0
1676525400000,24599.18,24675.2,24599.18,24668.21,0.00049285
1676523600000,24599.18,24599.18,24599.18,24599.18,0
1676521800000,24599.18,24599.18,24599.18,24599.18,0
1676520000000,24599.18,24599.18,24599.18,24599.18,0
1676518200000,24599.18,24599.18,24599.18,24599.18,0
1676516400000,24599.18,24599.18,24599.18,24599.18,0
1676514600000,24599.18,24599.18,24599.18,24599.18,0