1679105700000,0.99946,0.99946,0.99265,0.99265,1.483949
1679104800000,0.99949,0.99949,0.99946,0.99946,37.982491
1679103900000,0.99949,0.99949,0.99949,0.99949,2.951461
1679103000000,0.99949,0.99949,0.99162,0.99949,101.094818
1679102100000,0.99949,0.99949,0.99949,0.99949,1.98622
1679101200000,0.99949,0.99949,0.99949,0.99949,0.605385
1679100300000,0.99949,0.99949,0.99949,0.99949,0
1679099400000,0.99833,0.99949,0.99491,0.99949,1.014139
1679098500000,0.99948,0.99948,0.99833,0.99833,19.414428
1679097600000,0.99948,0.99948,0.99948,0.99948,0
1679096700000,0.99949,0.99949,0.99948,0.99948,3.338282
1679095800000,0.9995,0.9995,0.99949,0.99949,6.397275
1679094900000,0.99954,0.99954,0.9995,0.9995,4.089696
1679094000000,0.99901,0.99954,0.99901,0.99954,58.209335
1679093100000,0.99901,0.99901,0.99901,0.99901,4.005393
1679092200000,0.99901,0.99901,0.99901,0.99901,127.349513
1679091300000,0.99901,0.99901,0.99901,0.99901,119.653126
1679090400000,0.99901,0.99901,0.99901,0.99901,0.230434
1679089500000,0.99003,0.99901,0.99003,0.99901,0.404071
1679088600000,0.99901,0.99901,0.99003,0.99003,87.526252
1679087700000,0.99901,0.99901,0.99901,0.99901,0.160487
1679086800000,0.99928,0.99928,0.99901,0.99901,0.179725
1679085900000,0.99491,0.99928,0.99491,0.99928,0.251068
1679085000000,0.99954,0.99954,0.99491,0.99491,419.342702
1679084100000,0.99954,0.99954,0.99954,0.99954,0
1679083200000,0.99954,0.99954,0.99954,0.99954,0.466875
1679082300000,0.99954,0.99954,0.99954,0.99954,0.622625
1679081400000,0.99955,0.99955,0.99954,0.99954,3.721592
1679080500000,0.99001,0.99955,0.99001,0.99955,3.296337
1679079600000,0.99001,0.99001,0.99001,0.99001,0
1679078700000,0.99955,0.99955,0.99001,0.99001,182.032419
1679077800000,0.9958,0.99955,0.9949,0.99955,0.568962
1679076900000,0.99955,0.99955,0.99491,0.9958,0.636359
1679076000000,0.99955,0.99955,0.99955,0.99955,0
1679075100000,0.99955,0.99955,0.99955,0.99955,1.056265
1679074200000,0.99955,0.99955,0.99955,0.99955,0.736209
1679073300000,0.99955,0.99955,0.99955,0.99955,0.166201
1679072400000,0.99955,0.99955,0.99955,0.99955,0.117021
1679071500000,0.99955,0.99955,0.99955,0.99955,0
1679070600000,0.99955,0.99955,0.99955,0.99955,0.389732
1679069700000,0.99955,0.99955,0.99955,0.99955,0
1679068800000,0.99955,0.99955,0.99955,0.99955,0
1679067900000,0.9949,0.99955,0.9949,0.99955,0.419786
1679067000000,0.9949,0.99955,0.9949,0.9949,6.918743
1679066100000,0.9949,0.9977,0.9949,0.9949,14387.952487
1679065200000,0.99538,0.99538,0.9949,0.9949,0.799511
1679064300000,0.99538,0.9977,0.99538,0.99538,4.112954
1679063400000,0.9977,0.9977,0.99538,0.99538,0.771156
1679062500000,0.99975,0.99975,0.9977,0.9977,353.359185
1679061600000,0.99976,1.00495,0.99975,0.99975,4260.166459
1679060700000,1.00495,1.00495,0.99976,0.99976,0.355654
1679059800000,0.99975,1.00495,0.99975,1.00495,0.296867
1679058900000,0.99975,0.99975,0.99975,0.99975,0.921038
1679058000000,0.99975,0.99975,0.99975,0.99975,0.459869
1679057100000,0.99975,0.99975,0.99975,0.99975,0.512448
1679056200000,1.005,1.005,0.99975,0.99975,1.846169
1679055300000,1.005,1.005,1.00238,1.005,1.812932
1679054400000,1.005,1.005,1.005,1.005,141.591699
1679053500000,1.005,1.005,1.005,1.005,3.904435
1679052600000,1.005,1.005,1.005,1.005,0
1679051700000,1.00495,1.005,1.00495,1.005,6033.356768
1679050800000,1.00495,1.00495,1.00495,1.00495,1.787856
1679049900000,1.00495,1.00495,1.00495,1.00495,1.217574
1679049000000,1.00495,1.00495,1.00495,1.00495,3.710092
1679048100000,1.00495,1.00495,1.00495,1.00495,2.511478
1679047200000,1.00495,1.00495,1.00495,1.00495,604.726826
1679046300000,1.00495,1.00495,1.00495,1.00495,0.913056
1679045400000,1.0025,1.00495,1.0025,1.00495,0.209972
1679044500000,1.00495,1.00495,1.0025,1.0025,0.536491
1679043600000,1.00495,1.00495,1.00495,1.00495,0.384925
1679042700000,1.00495,1.00495,1.00495,1.00495,0.402215
1679041800000,1.00495,1.00495,1.00495,1.00495,1.262322
1679040900000,1.00495,1.00495,1.00495,1.00495,0.183735
1679040000000,1.00495,1.00495,1.00495,1.00495,0
1679039100000,1.00495,1.00495,1.00495,1.00495,0.261468
1679038200000,1.00495,1.00495,1.00495,1.00495,0.729348
1679037300000,1.00495,1.00495,1.00495,1.00495,0.565374
1679036400000,1.00495,1.00495,1.00495,1.00495,0
1679035500000,1.00495,1.00495,1.00495,1.00495,6.624991
1679034600000,0.9995,1.00495,0.9995,1.00495,0.320185
1679033700000,0.9995,0.9995,0.9995,0.9995,0.118976
1679032800000,0.9995,0.9995,0.9995,0.9995,0
1679031900000,1.00495,1.00495,0.9995,0.9995,0.228456
1679031000000,0.9996,1.00495,0.9995,1.00495,6965.091236
1679030100000,0.99975,0.99975,0.9996,0.9996,0.164305
1679029200000,0.99975,0.99975,0.99975,0.99975,0
1679028300000,0.99975,0.99975,0.99975,0.99975,0
1679027400000,0.99975,0.99975,0.99975,0.99975,0.937598
1679026500000,0.99975,0.99975,0.99975,0.99975,0.636736
1679025600000,0.99975,0.99975,0.99975,0.99975,0.550746
1679024700000,0.99975,0.99975,0.99975,0.99975,0.747206
1679023800000,0.9995,0.99975,0.9995,0.99975,2.622871
1679022900000,1.00497,1.00497,0.9995,0.9995,22.157316
1679022000000,1.00497,1.00497,1.00497,1.00497,0.792648
1679021100000,1.00497,1.00497,1.00497,1.00497,5.970546
1679020200000,1.00492,1.00497,1.00139,1.00497,2.19761
1679019300000,1.00492,1.00492,1.00492,1.00492,0
1679018400000,1.00497,1.00497,1.00492,1.00492,1.552789
1679017500000,1.00087,1.00497,1.00087,1.00497,0.599023
1679016600000,1.00087,1.00087,1.00087,1.00087,0
1679015700000,0.9995,1.00087,0.9995,1.00087,0.24894
1679014800000,0.9995,0.9995,0.9995,0.9995,0
1679013900000,0.9995,0.9995,0.9995,0.9995,1.388158
1679013000000,0.9995,0.9995,0.9995,0.9995,1.528273
1679012100000,1.00497,1.00497,0.9995,0.9995,2.120735
1679011200000,0.9995,1.00497,0.9995,1.00497,0.115594
1679010300000,1.00497,1.00497,0.9995,0.9995,0.181821
1679009400000,0.99772,1.00497,0.99772,1.00497,611.854386
1679008500000,0.99101,0.99772,0.99101,0.99772,0.152833
1679007600000,0.99101,0.99101,0.99101,0.99101,0
1679006700000,0.99139,0.99955,0.99101,0.99101,6407.117896
1679005800000,0.99139,0.99139,0.99139,0.99139,0
1679004900000,0.99666,0.99666,0.99139,0.99139,0.223258
1679004000000,0.99955,0.99955,0.99666,0.99666,30.86217
1679003100000,0.99097,0.99955,0.99097,0.99955,0.976928
1679002200000,0.99092,0.99097,0.99092,0.99097,1.576163
1679001300000,0.9995,0.9995,0.99001,0.99092,624.88843
1679000400000,0.9995,0.9995,0.9995,0.9995,0
1678999500000,1.00498,1.00498,0.9995,0.9995,0.584343
1678998600000,0.9995,1.00498,0.9995,1.00498,0.314576
1678997700000,1.00498,1.00498,0.9995,0.9995,0.110146
1678996800000,1.00498,1.00498,1.00498,1.00498,0.556515
1678995900000,1.00498,1.00498,1.00498,1.00498,218.077435
1678995000000,1.00498,1.00498,1.00498,1.00498,0
1678994100000,0.99954,1.00498,0.99479,1.00498,3998.022309
1678993200000,0.99954,0.99954,0.99954,0.99954,0
1678992300000,0.99002,0.99954,0.99002,0.99954,0.243902
1678991400000,0.99478,0.99478,0.99002,0.99002,850.17605
1678990500000,0.99954,0.99954,0.99478,0.99478,0.128564
1678989600000,0.99954,0.99954,0.99954,0.99954,0.107699
1678988700000,0.99002,0.99954,0.99002,0.99954,18.830022
1678987800000,0.99954,0.99954,0.99002,0.99002,100.133166
1678986900000,0.99002,0.99954,0.99002,0.99954,0.123658
1678986000000,0.99002,0.99002,0.99002,0.99002,179.891221
1678985100000,0.99901,0.99942,0.99002,0.99002,1388.41716
1678984200000,0.99901,0.99901,0.99901,0.99901,0
1678983300000,0.99901,0.99942,0.99901,0.99901,10
1678982400000,0.99901,0.99901,0.99901,0.99901,0
1678981500000,0.99955,0.99955,0.99901,0.99901,1.112244
1678980600000,0.99955,0.99955,0.99955,0.99955,0.267556
1678979700000,0.99955,0.99955,0.99955,0.99955,0.101873
1678978800000,0.99955,0.99955,0.99955,0.99955,0.76558
1678977900000,0.99955,0.99955,0.99955,0.99955,1.120945
1678977000000,0.99955,0.99955,0.99955,0.99955,2.549162
1678976100000,0.99901,0.99955,0.99901,0.99955,19.507207
1678975200000,0.99901,0.99901,0.99901,0.99901,0
1678974300000,0.99901,0.99901,0.99901,0.99901,0.626795
1678973400000,0.99901,0.99901,0.99901,0.99901,3.079991
1678972500000,0.99901,0.99901,0.99901,0.99901,2.905616
1678971600000,0.99901,0.99901,0.99901,0.99901,0
1678970700000,0.99901,0.99911,0.99901,0.99901,1.812893
1678969800000,0.99955,0.99955,0.99901,0.99901,1.038216
1678968900000,0.99955,0.99955,0.99955,0.99955,0
1678968000000,0.99955,0.99955,0.99955,0.99955,0.528335
1678967100000,0.99901,0.99955,0.99901,0.99955,50
1678966200000,0.99975,0.99975,0.99901,0.99901,123.599006
1678965300000,0.99975,0.99975,0.99975,0.99975,0.254404
1678964400000,0.99975,0.99975,0.99975,0.99975,0.546455
1678963500000,0.99975,0.99975,0.99975,0.99975,0.753311
1678962600000,0.99975,0.99975,0.99975,0.99975,3.66024
1678961700000,0.99975,0.99975,0.99975,0.99975,0.76614
1678960800000,0.99975,0.99975,0.99975,0.99975,0.521953
1678959900000,0.99953,0.99975,0.99953,0.99975,8.409069
1678959000000,0.9995,0.99953,0.9995,0.99953,1.720096
1678958100000,0.99975,0.99975,0.9995,0.9995,0.251675
1678957200000,0.99956,0.99975,0.99956,0.99975,0.111287
1678956300000,0.99963,0.99966,0.99956,0.99956,0.346159
1678955400000,0.9995,0.99963,0.9995,0.99963,0.639826
1678954500000,0.9995,0.99975,0.9995,0.9995,0.279226
1678953600000,0.9995,0.9995,0.9995,0.9995,0
1678952700000,0.99975,0.99975,0.9995,0.9995,98.345362
1678951800000,0.99975,0.99975,0.99975,0.99975,1.631328
1678950900000,0.99975,0.99975,0.99975,0.99975,0.426585
1678950000000,0.99975,0.99975,0.99975,0.99975,29.497129
1678949100000,0.9995,0.99975,0.9995,0.99975,0.422959
1678948200000,0.99975,0.99975,0.9995,0.9995,1
1678947300000,0.99975,0.99975,0.99975,0.99975,0
1678946400000,0.9995,0.99975,0.9995,0.99975,1.074621
1678945500000,1,1,0.9995,0.9995,54.746144
1678944600000,0.99994,1,0.99994,1,97.10792
1678943700000,0.9995,0.99994,0.9995,0.99994,0.30216
1678942800000,0.9995,0.9995,0.9995,0.9995,0
1678941900000,0.99959,0.99959,0.9995,0.9995,0.432376
1678941000000,1,1,0.9995,0.99959,185.425346
1678940100000,1,1,1,1,1
1678939200000,1,1,1,1,0
1678938300000,1,1,1,1,0.399546
1678937400000,0.9995,1,0.9995,1,692.39573
1678936500000,1,1,0.9995,0.9995,0.234816
1678935600000,1,1,1,1,1.011483
1678934700000,1,1,1,1,1.445825
1678933800000,0.99988,1,0.99988,1,0.49457
1678932900000,0.9995,0.99988,0.9995,0.99988,0.335731
1678932000000,0.9995,0.9995,0.9995,0.9995,0.191153
1678931100000,0.9995,0.9995,0.9995,0.9995,0.328689
1678930200000,0.9995,0.9995,0.9995,0.9995,1.069208
1678929300000,1,1,0.9995,0.9995,0.339366
1678928400000,1,1,1,1,17.930348
1678927500000,1,1,1,1,0.563739
1678926600000,1,1,1,1,0
1678925700000,0.9995,1,0.9995,1,0.282412
1678924800000,0.9995,0.9995,0.9995,0.9995,0
1678923900000,0.9995,0.9995,0.9995,0.9995,0.80111
1678923000000,1,1,0.9995,0.9995,0.89931
1678922100000,1,1,1,1,0
1678921200000,1,1,1,1,0
1678920300000,0.99999,1,0.99992,1,0.482325
1678919400000,1,1,0.99999,0.99999,0.286107
1678918500000,1,1,1,1,0.741137
1678917600000,0.99978,1,0.99978,1,0.139893
1678916700000,0.99978,0.99978,0.99978,0.99978,0
1678915800000,1,1,0.99955,0.99978,0.710014
1678914900000,1,1,1,1,0
1678914000000,1,1,1,1,0.824382
1678913100000,1,1,1,1,0.505922
1678912200000,0.99954,1,0.99954,1,1372.278606
1678911300000,0.9995,1,0.99002,0.99954,882.350917
1678910400000,0.9995,0.9995,0.9995,0.9995,0
1678909500000,1,1,0.9995,0.9995,1.781008
1678908600000,1,1,1,1,0
1678907700000,1,1,1,1,0.257344
1678906800000,0.99975,1,0.99975,1,51.771144
1678905900000,0.99975,0.99975,0.9995,0.99975,3.558994
1678905000000,0.9995,0.99975,0.9995,0.99975,0.629074
1678904100000,0.9995,0.9995,0.9995,0.9995,0
1678903200000,0.9995,0.9995,0.9995,0.9995,0.782039
1678902300000,0.9995,0.9995,0.9995,0.9995,0.1347
1678901400000,0.9995,0.9995,0.9995,0.9995,0.787693
1678900500000,0.9995,0.9995,0.9995,0.9995,1.009728
1678899600000,0.9995,0.9995,0.9995,0.9995,0
1678898700000,0.9995,0.9995,0.9995,0.9995,8.243851
1678897800000,0.9995,0.99951,0.9995,0.9995,5.673146
1678896900000,1,1,0.9995,0.9995,1.38557
1678896000000,1,1,1,1,47.771144
1678895100000,0.9995,1,0.9995,1,106.194134
1678894200000,0.9995,0.9995,0.9995,0.9995,8.805252
1678893300000,1,1,0.9995,0.9995,2.057963
1678892400000,1,1,1,1,0
1678891500000,0.99001,1,0.99001,1,2923.995127
1678890600000,0.99001,0.99001,0.99001,0.99001,1.925294
1678889700000,0.99954,0.99954,0.99001,0.99001,0.224287
1678888800000,0.99001,0.99954,0.99001,0.99954,1.288543
1678887900000,1,1,0.99001,0.99001,1022.869346
1678887000000,1,1,0.99955,1,1.972791
1678886100000,0.99955,1,0.99955,1,1.335874
1678885200000,1,1,0.99955,0.99955,2063.599967
1678884300000,0.9999,1,0.9999,1,1.516829
1678883400000,0.99995,0.99995,0.9999,0.9999,0.519088
1678882500000,0.9999,0.99995,0.9999,0.99995,0.26359
1678881600000,0.9999,0.9999,0.9999,0.9999,0.158253
1678880700000,0.9999,0.9999,0.9999,0.9999,1.544388
1678879800000,0.9999,0.9999,0.9999,0.9999,4.441627
1678878900000,0.9999,0.9999,0.9999,0.9999,3.549952
1678878000000,0.9999,0.9999,0.9999,0.9999,0.309006
1678877100000,0.9999,0.9999,0.9999,0.9999,1.810301
1678876200000,0.9999,0.9999,0.9999,0.9999,0.745462
1678875300000,1,1,0.9999,0.9999,2.827506
1678874400000,0.9999,1,0.9999,1,2.69966
1678873500000,1,1,0.9999,0.9999,1.177009
1678872600000,1.00499,1.00499,1,1,4321.156003
1678871700000,1.00499,1.00499,1.00499,1.00499,0.332433
1678870800000,1.00499,1.00499,1.00499,1.00499,0
1678869900000,1.005,1.005,1.00499,1.00499,0.435071
1678869000000,1.005,1.005,1.005,1.005,0
1678868100000,1.005,1.005,1.005,1.005,0
1678867200000,1.005,1.005,1.005,1.005,0
1678866300000,1.00499,1.005,1.00499,1.005,1.320378
1678865400000,1.005,1.005,1.00499,1.00499,1.018455
1678864500000,1.005,1.005,1.005,1.005,0.330883
1678863600000,1.00499,1.005,1.00499,1.005,0.325705
1678862700000,1.0002,1.00499,1.0002,1.00499,14.957279
1678861800000,1.00001,1.0002,1.00001,1.0002,1.454821
1678860900000,1.01,1.01,1.00001,1.00001,0.33543
1678860000000,1.01,1.01,1.00782,1.01,0.502285
1678859100000,1.01,1.01,1.01,1.01,562.590948
1678858200000,1.01,1.01,1.01,1.01,1.457571
1678857300000,1.01,1.01,1.01,1.01,0.822755
1678856400000,1.01,1.01,1.01,1.01,0
1678855500000,1.01,1.01,1.01,1.01,1.424945
1678854600000,1.01,1.01,1.00999,1.01,1.763571
1678853700000,1.01,1.01,1.01,1.01,0.235851
1678852800000,1.00999,1.01,1.00999,1.01,1209.728603
1678851900000,1.00999,1.00999,1.00999,1.00999,9.368921
1678851000000,1.02559,1.02559,1.00999,1.00999,9.097568
1678850100000,1.02559,1.02559,0.99991,1.02559,0.747693
1678849200000,1.02559,1.02559,1.02559,1.02559,0
1678848300000,1.02759,1.02759,1.02559,1.02559,13.646727
1678847400000,1.02758,1.02759,1.02067,1.02759,85.456872
1678846500000,0.99993,1.02758,0.99993,1.02758,162.677201
1678845600000,1.02796,1.02796,0.99993,0.99993,350.907302
1678844700000,1.02798,1.02798,1.02796,1.02796,2.796813
1678843800000,1.02798,1.02798,1.02798,1.02798,0.725723
1678842900000,0.99965,1.02798,0.99965,1.02798,1.206027
1678842000000,0.9996,0.99965,0.9996,0.99965,0.150941
1678841100000,1.02799,1.02799,0.9996,0.9996,2.634604
1678840200000,0.99965,1.02799,0.99965,1.02799,466.994099
1678839300000,1.02798,1.02798,0.99965,0.99965,3.007567
1678838400000,0.99959,1.02798,0.99959,1.02798,0.97894
1678837500000,1.01992,1.02,0.99959,0.99959,257.219502
1678836600000,1.0047,1.02,1.00327,1.01992,11.933131
1678835700000,1.01998,1.01998,1.0047,1.0047,0.744714
1678834800000,1.01999,1.01999,1.01998,1.01998,14.565763
1678833900000,0.99956,1.01999,0.99956,1.01999,47.515822
1678833000000,0.99991,0.99991,0.99956,0.99956,1.548845
1678832100000,1.02999,1.02999,0.99982,0.99991,3223.872651
1678831200000,0.99955,1.02999,0.99955,1.02999,104.566422
1678830300000,1.065,1.065,0.99955,0.99955,619.661164
1678829400000,1.09,1.11,0.99005,1.065,17105.218076
1678828500000,1.49,1.5,0.99,1.09,27860.618108
1678827600000,2.08,2.2,1.1,1.49,1706.820472
1678826700000,0.9995,2.2,0.9995,2.08,13231.849358
1678825800000,0.99989,0.99989,0.9995,0.9995,3.954528
1678824900000,1.00999,1.00999,0.99989,0.99989,0.228268
1678824000000,0.99955,1.00999,0.99955,1.00999,307.54383
1678823100000,0.98277,0.99955,0.98277,0.99955,44.450935
1678822200000,0.98001,0.98382,0.98001,0.98277,2.432074
1678821300000,0.99955,0.99955,0.98,0.98001,1.186467
1678820400000,0.99955,0.99955,0.99954,0.99955,2.556663
1678819500000,0.96632,0.99955,0.96632,0.99955,0.991402
1678818600000,1.0349,1.04489,0.96632,0.96632,12862.429498
1678817700000,0.9995,1.04422,0.95102,1.0349,23532.857314
1678816800000,0.9995,0.9995,0.9995,0.9995,0.976493
1678815900000,1.00896,1.00896,0.9995,0.9995,26820.595972
1678815000000,1.00697,1.00896,1.00697,1.00896,0.637397
1678814100000,1.00897,1.00897,1.00697,1.00697,0.258092
1678813200000,1.00897,1.00897,1.00897,1.00897,0
1678812300000,1.00326,1.00897,1.00193,1.00897,1.454811
1678811400000,1.00898,1.00898,1.00104,1.00326,0.949261
1678810500000,1.009,1.009,1.00898,1.00898,606.162971
1678809600000,1.008,1.009,1.008,1.009,144.517081
1678808700000,1.008,1.008,1.008,1.008,488.239798
1678807800000,1.008,1.008,1.008,1.008,0.277152
1678806900000,1.008,1.008,1.008,1.008,0.52763
1678806000000,1.00841,1.00841,1.008,1.008,0.419653
1678805100000,1.00896,1.00896,1.00351,1.00841,2.529936
1678804200000,1.009,1.009,1.00896,1.00896,8.912457
1678803300000,1.009,1.009,1.009,1.009,361.1433
1678802400000,1.009,1.009,1.009,1.009,4.74574
1678801500000,1.00899,1.009,1.00899,1.009,1189.869569
1678800600000,1.00899,1.00899,1.00899,1.00899,4.427599
1678799700000,1.00899,1.00899,1.00101,1.00899,189.551549
1678798800000,1.00899,1.00899,1.00899,1.00899,0
1678797900000,1.00899,1.009,1.00899,1.00899,297.21934
1678797000000,1.00899,1.00899,1.00899,1.00899,0.197323
1678796100000,1.00899,1.00899,1.00899,1.00899,2.170701
1678795200000,1.00899,1.00899,1.00899,1.00899,1.966154
1678794300000,1.00899,1.00899,1.00899,1.00899,3.130962
1678793400000,1.00899,1.00899,1.00899,1.00899,0
1678792500000,1.00899,1.00899,1.00899,1.00899,1.005787
1678791600000,1.01914,1.01914,1.00899,1.00899,14.721055
1678790700000,1.02899,1.02899,1.00898,1.01914,2.448867
1678789800000,1.01924,1.02899,1.01924,1.02899,0.103218
1678788900000,1.00101,1.01924,1.00101,1.01924,11.34267
1678788000000,1.00101,1.00101,1.00101,1.00101,0
1678787100000,1.00101,1.00101,1.00101,1.00101,2.95483
1678786200000,1.01924,1.01924,1.00101,1.00101,0.354823
1678785300000,1.00236,1.01924,1.00236,1.01924,0.339943
1678784400000,1.00247,1.01953,1.00236,1.00236,412.523928
1678783500000,1.01953,1.01953,1.00236,1.00247,2.010607
1678782600000,1.00236,1.01953,1.00236,1.01953,1.600753
1678781700000,1.02899,1.02899,1.00236,1.00236,0.645033
1678780800000,1.0125,1.02899,1.0125,1.02899,2.091806
1678779900000,1.00216,1.0125,1.00216,1.0125,1.936402
1678779000000,1.00161,1.00216,1.00161,1.00216,0.423013
1678778100000,1.02899,1.02899,1.00161,1.00161,0.536354
1678777200000,1.02,1.02899,1.02,1.02899,288.51322
1678776300000,1.02,1.02,1.02,1.02,0.489974
1678775400000,1.02,1.02,1.01651,1.02,0.484411
1678774500000,1.02,1.02,1.02,1.02,0.168358
1678773600000,1.02,1.02,1.02,1.02,4.662959
1678772700000,1.01953,1.02,1.01923,1.02,1.690569
1678771800000,1.02,1.02,1.01953,1.01953,0.497043
1678770900000,1.02,1.02,1.02,1.02,19.245976
1678770000000,1.01999,1.02,1.00101,1.02,438.693395
1678769100000,1.01999,1.01999,1.01999,1.01999,1.516861
1678768200000,1.00118,1.01999,1.00118,1.01999,20.710576
1678767300000,1.04,1.04,1.00118,1.00118,0.18449
1678766400000,1.001,1.04,1.001,1.04,0.144711
1678765500000,1.02883,1.03764,1.001,1.001,2.206416
1678764600000,1.02982,1.02982,1.02883,1.02883,0.102286
1678763700000,1.0005,1.04,0.99978,1.02982,2321.208025
1678762800000,1.039,1.039,1.0005,1.0005,0.815196
1678761900000,1.02203,1.039,0.99975,1.039,32.485635
1678761000000,1.039,1.039,1.02203,1.02203,42.173945
1678760100000,1.039,1.039,1.039,1.039,2.898765
1678759200000,1.039,1.039,1.039,1.039,0
1678758300000,1.039,1.039,1.0003,1.039,632.615485
1678757400000,1.039,1.039,1.039,1.039,0
1678756500000,1.03,1.039,1.03,1.039,0.339989
1678755600000,1.00034,1.03,1.00034,1.03,120.774766
1678754700000,1.005,1.01932,1.00034,1.00034,92.203234
1678753800000,1.04423,1.04423,1.005,1.005,1.175691
1678752900000,1.04423,1.04423,1.04423,1.04423,0.395281
1678752000000,1.04423,1.04423,1.0442,1.04423,2.893306
1678751100000,1.00015,1.04423,1.00015,1.04423,1.220364
1678750200000,1.00011,1.00849,1.00011,1.00015,1.272812
1678749300000,1.0265,1.0265,1.00011,1.00011,1.252443
1678748400000,1.0265,1.0265,1.0265,1.0265,2.32788
1678747500000,1.0265,1.0265,1.0265,1.0265,1.960234
1678746600000,0.99975,1.02725,0.99975,1.0265,139.698869
1678745700000,1.05205,1.05205,0.9995,0.99975,160.766956
1678744800000,1.05209,1.05209,1.05205,1.05205,939.0409
1678743900000,1.01998,1.05209,1.01998,1.05209,3.366794
1678743000000,1.04082,1.04082,1.0176,1.01998,6.080535
1678742100000,1.05811,1.05811,1.04082,1.04082,0.692327
1678741200000,1.05811,1.05811,1.0525,1.05811,1.155417
1678740300000,1.0282,1.05811,1.0282,1.05811,6.253932
1678739400000,1.0388,1.0388,1.0282,1.0282,5.743768
1678738500000,1.0388,1.06,1.0388,1.0388,115.148886
1678737600000,1.0388,1.0388,1.0388,1.0388,0.652103
1678736700000,1.0494,1.05073,1.0388,1.0388,7.061529
1678735800000,1.06,1.06,1.0494,1.0494,15.19068
1678734900000,0.99953,1.06,0.99952,1.06,927.128298
1678734000000,1.0283,1.0283,0.99953,0.99953,2.163665
1678733100000,0.99953,1.0283,0.99953,1.0283,14.227508
1678732200000,0.99952,0.99953,0.99952,0.99953,0.408823
1678731300000,0.99951,1.02111,0.99951,0.99952,0.611946
1678730400000,0.99951,0.99951,0.99951,0.99951,0
1678729500000,1.0283,1.0283,0.99951,0.99951,7.473888
1678728600000,1.0283,1.0283,1.0283,1.0283,0
1678727700000,1.0283,1.0283,1.0283,1.0283,0.791236
1678726800000,1.0283,1.0283,1.0265,1.0283,5.879715
1678725900000,0.99952,1.0283,0.99952,1.0283,5.757654
1678725000000,0.9995,0.99952,0.9995,0.99952,4.420937
1678724100000,0.9995,1.00701,0.9995,0.9995,1.262124
1678723200000,0.9995,0.9995,0.9995,0.9995,0
1678722300000,1.05343,1.05343,0.9995,0.9995,6.533274
1678721400000,0.99975,1.05343,0.99975,1.05343,0.407381
1678720500000,0.99901,0.99975,0.99901,0.99975,141.275236
1678719600000,0.99975,0.99975,0.99901,0.99901,1510.621494
1678718700000,0.99975,0.99975,0.99975,0.99975,14.350084
1678717800000,0.99975,0.99975,0.99975,0.99975,0.184791
1678716900000,0.99901,0.99975,0.99901,0.99975,2.130084
1678716000000,1.02536,1.02536,0.99901,0.99901,404.045048
1678715100000,1.05999,1.05999,0.99951,1.02536,1.989087
1678714200000,1.05999,1.05999,1.05999,1.05999,0.191343
1678713300000,0.99951,1.05999,0.99951,1.05999,2.265546
1678712400000,0.99951,0.99951,0.99951,0.99951,0.144388
1678711500000,0.99951,0.99951,0.99951,0.99951,1.220759
1678710600000,0.99951,0.99952,0.99951,0.99951,4.867553
1678709700000,1.05999,1.05999,0.99951,0.99951,28.291781
1678708800000,0.99966,1.05999,0.99966,1.05999,7.736952
1678707900000,0.99974,0.99975,0.99966,0.99966,2.356226
1678707000000,0.99975,0.99975,0.99974,0.99974,0.100008
1678706100000,1.05999,1.05999,0.9995,0.99975,2.8298
1678705200000,0.99975,1.05999,0.99975,1.05999,0.606475
1678704300000,0.9995,0.99975,0.9995,0.99975,89.959256
1678703400000,0.9995,0.9995,0.9995,0.9995,87.957275
1678702500000,0.9995,1.06,0.9995,0.9995,94.693189
1678701600000,0.9995,0.9995,0.9995,0.9995,0
1678700700000,0.99901,0.99975,0.99901,0.9995,297.601555
1678699800000,0.99901,0.99901,0.99901,0.99901,95.972869
1678698900000,0.99915,0.99955,0.99901,0.99901,95.088904
1678698000000,0.99928,0.99928,0.99915,0.99915,0.634492
1678697100000,0.99901,0.99928,0.99901,0.99928,1.289406
1678696200000,0.99955,0.99955,0.99901,0.99901,2.471067
1678695300000,0.99954,0.99955,0.99954,0.99955,9.925651
1678694400000,0.99106,0.99954,0.9876,0.99954,47.793019
1678693500000,0.99106,0.99106,0.99106,0.99106,0
1678692600000,1.00064,1.00406,0.98381,0.99106,352.26472
1678691700000,1.001,1.001,1.00064,1.00064,0.264954
1678690800000,1.001,1.001,1.001,1.001,0
1678689900000,1.055,1.055,1.001,1.001,1002.81283
1678689000000,1.00121,1.055,1.00121,1.055,22.173388
1678688100000,1.06,1.06,1.00121,1.00121,21.569917
1678687200000,1.06,1.06,1.06,1.06,8.457711
1678686300000,1.06423,1.06423,1.06,1.06,230.221617
1678685400000,4.906,4.906,1.05,1.06423,12.803875
1678684500000,4.906,4.906,4.906,4.906,0
1678683600000,4.906,4.906,4.906,4.906,0
1678682700000,4.7405,5,1.001,4.906,1302.946715
1678681800000,4.99,4.99,4.7405,4.7405,7.834778
1678680900000,1.02443,4.99,1.001,4.99,5364.159774
1678680000000,1.02443,1.02443,1.02443,1.02443,0
1678679100000,1.02444,1.02444,1.02443,1.02443,4.74197
1678678200000,1.02999,1.02999,1.00102,1.02444,22.4568
1678677300000,1.02999,1.02999,1.02999,1.02999,0.123635
1678676400000,1.02999,1.02999,1.02999,1.02999,1.003796
1678675500000,1.02999,1.02999,1.02999,1.02999,1.035184
1678674600000,1.00826,1.02999,1.00408,1.02999,34.6277
1678673700000,1.02999,1.02999,1.00826,1.00826,0.647056
1678672800000,1.02999,1.02999,1.02999,1.02999,0.349622
1678671900000,1.00101,1.03075,1.00101,1.02999,9.872333
1678671000000,1.033,1.033,1.00101,1.00101,245.052189
1678670100000,1.033,1.033,1.033,1.033,17.765964
1678669200000,1.033,1.033,1.033,1.033,0
1678668300000,1.0074,1.033,1.0074,1.033,44.381085
1678667400000,1.033,1.033,1.0074,1.0074,42.283568
1678666500000,1.033,1.033,1.03299,1.033,1.89788
1678665600000,1.02267,1.033,1.02267,1.033,1.121382
1678664700000,1.02267,1.02267,1.02267,1.02267,0.629586
1678663800000,1.033,1.033,1.02267,1.02267,2.800019
1678662900000,1.033,1.033,1.033,1.033,0
1678662000000,1.033,1.033,1.033,1.033,1.992662
1678661100000,1.033,1.033,1.033,1.033,4.413901
1678660200000,1.033,1.033,1.033,1.033,0.976991
1678659300000,1.033,1.033,1.033,1.033,1.449056
1678658400000,1.033,1.033,1.033,1.033,7.032374
1678657500000,1.0141,1.033,1.0141,1.033,0.643851
1678656600000,1.0074,1.0141,1.0074,1.0141,0.51726
1678655700000,1.033,1.033,1.0074,1.0074,0.513546
1678654800000,1.024,1.033,1.024,1.033,548.835474
1678653900000,1.00502,1.024,1.00502,1.024,466.296107
1678653000000,1.01001,1.01282,1.00502,1.00502,11.523912
1678652100000,1.01701,1.025,1.01001,1.01001,127.337844
1678651200000,1.01701,1.01701,1.01701,1.01701,1.135531
1678650300000,1.01701,1.01701,1.01701,1.01701,7.893852
1678649400000,1.01701,1.01701,1.01701,1.01701,13.365727
1678648500000,1.03295,1.03295,1.00501,1.01701,155.0778
1678647600000,1.01733,1.03295,1.01733,1.03295,0.294893
1678646700000,1.03416,1.03416,1.01733,1.01733,3697
1678645800000,1.04664,1.04664,1.03416,1.03416,13.502217
1678644900000,1.01733,1.04664,1.01733,1.04664,2.725386
1678644000000,1.04664,1.04664,1.01733,1.01733,10.50223
1678643100000,1.01916,1.04664,1.01916,1.04664,0.597862
1678642200000,1.04664,1.04664,1.01916,1.01916,0.36649
1678641300000,1.04664,1.04664,1.04664,1.04664,0.171657
1678640400000,1.04664,1.04664,1.04664,1.04664,0
1678639500000,1.04664,1.04664,1.04664,1.04664,0.549741
1678638600000,1.03549,1.04664,1.01734,1.04664,21.573683
1678637700000,1.04664,1.04664,1.03549,1.03549,0.322364
1678636800000,1.04664,1.04664,1.04664,1.04664,0.553575
1678635900000,1.021,1.04664,1.021,1.04664,0.389778
1678635000000,1.021,1.021,1.021,1.021,3.295098
1678634100000,1.04664,1.04664,1.021,1.021,1.797971
1678633200000,1.01733,1.04664,1.01733,1.04664,0.108334
1678632300000,1.04693,1.04693,1.01733,1.01733,10
1678631400000,1.04693,1.04693,1.02104,1.04693,3.183475
1678630500000,1.04693,1.04693,1.02103,1.04693,1.471547
1678629600000,1.04693,1.04693,1.04693,1.04693,1.737867
1678628700000,1.01733,1.04693,1.01733,1.04693,5.126838
1678627800000,1.01733,1.01733,1.01733,1.01733,0
1678626900000,1.0488,1.0488,1.01733,1.01733,112.615491
1678626000000,1.0488,1.0488,1.0488,1.0488,0.296508
1678625100000,1.02599,1.0488,1.02599,1.0488,2.161988
1678624200000,1.0488,1.0488,1.02599,1.02599,0.509189
1678623300000,1.01733,1.0488,1.01733,1.0488,1.854385
1678622400000,1.01733,1.01733,1.01733,1.01733,0.154313
1678621500000,1.02782,1.02782,1.01733,1.01733,0.898269
1678620600000,1.02782,1.04356,1.02782,1.02782,1.820379
1678619700000,1.02782,1.02782,1.02782,1.02782,0
1678618800000,1.04749,1.04749,1.02782,1.02782,1.208246
1678617900000,1.0488,1.0488,1.04356,1.04749,1.082243
1678617000000,1.0488,1.0488,1.0488,1.0488,0
1678616100000,1.02782,1.0488,1.02782,1.0488,0.635827
1678615200000,1.02782,1.02782,1.02782,1.02782,0
1678614300000,1.03831,1.03831,1.02782,1.02782,1.912082
1678613400000,1.03831,1.0437,1.03831,1.03831,3.576612
1678612500000,1.0488,1.0488,1.03831,1.03831,5.264011
1678611600000,1.0488,1.0488,1.0488,1.0488,0
1678610700000,1.0488,1.0488,1.0488,1.0488,5.735945
1678609800000,1.0488,1.0488,1.04606,1.0488,0.690967
1678608900000,1.0488,1.0488,1.0488,1.0488,0.28347
1678608000000,1.0488,1.0488,1.0488,1.0488,0
1678607100000,1.0488,1.0488,1.0488,1.0488,0.651587
1678606200000,1.0488,1.0488,1.0488,1.0488,0.149881
1678605300000,1.0488,1.0488,1.0488,1.0488,0
1678604400000,1.0488,1.0488,1.005,1.0488,160.352094
1678603500000,1.005,1.0488,1.005,1.0488,47.562695
1678602600000,1.005,1.02416,1.005,1.005,13.369284
1678601700000,1.0488,1.0488,1.005,1.005,469.201547
1678600800000,1.0488,1.0488,1.0488,1.0488,0.976194
1678599900000,1.0488,1.0488,1.0488,1.0488,2.98324
1678599000000,1.0488,1.0488,1.0488,1.0488,0.626828
1678598100000,1.01253,1.0488,1.01253,1.0488,1.916888
1678597200000,1.01253,1.01253,1.01253,1.01253,0
1678596300000,1.0488,1.0488,1.01253,1.01253,4.879352
1678595400000,1.0488,1.0488,1.0488,1.0488,0
1678594500000,1.03803,1.0488,1.005,1.0488,3.401752
1678593600000,1.005,1.03803,1.005,1.03803,0.394408
1678592700000,1.005,1.03238,1.005,1.005,94.5
1678591800000,1.04333,1.04333,1.005,1.005,5.2035
1678590900000,1.005,1.0447,1.005,1.04333,1.533793
1678590000000,1.0488,1.0488,1.005,1.005,0.572309
1678589100000,1.0488,1.0488,1.04796,1.0488,2.87857
1678588200000,1.0488,1.0488,1.0488,1.0488,37.995697
1678587300000,1.001,1.0488,1.001,1.0488,0.97868
1678586400000,1.001,1.001,1.001,1.001,769
1678585500000,1.001,1.001,1.001,1.001,0
1678584600000,1.03331,1.03331,1.001,1.001,4.022921
1678583700000,1.0398,1.05,1.03331,1.03331,245.915556
1678582800000,1.0398,1.0398,1.0398,1.0398,1.139507
1678581900000,1.05,1.05,1.0398,1.0398,1.619202
1678581000000,1.05,1.05,1.05,1.05,0
1678580100000,1.00566,1.05,1.00566,1.05,0.834465
1678579200000,1.03892,1.03892,1.00566,1.00566,15.681464
1678578300000,1.05,1.05,1.02783,1.03892,2.132213
1678577400000,1.05,1.05,1.05,1.05,0
1678576500000,1.05,1.05,1.05,1.05,0
1678575600000,1.05,1.05,1.05,1.05,3.403523
1678574700000,1.00703,1.05,1.00703,1.05,22.27908
1678573800000,1.03016,1.03016,1.00208,1.00703,2.936316
1678572900000,1.05,1.05,1.02904,1.03016,0.54914
1678572000000,1.05,1.05,1.05,1.05,0
1678571100000,1.00208,1.05,1.00208,1.05,836.438092
1678570200000,1.05,1.05,1.00208,1.00208,3.250059
1678569300000,1.05,1.05,1.00208,1.05,92.661008
1678568400000,1.05,1.05,1.05,1.05,0
1678567500000,1.05,1.05,1.05,1.05,0
1678566600000,1.00208,1.05,1.00208,1.05,16.886993
1678565700000,1.00208,1.00208,1.00208,1.00208,11365.27763
1678564800000,1.04999,1.04999,1.00208,1.00208,277.1046
1678563900000,1.05,1.05,1.00208,1.04999,2000.962431
1678563000000,5.19666,5.19666,1.00208,1.05,1620.189137
1678562100000,5.19666,5.19666,5.19666,5.19666,0
1678561200000,5.19666,5.19666,5.19666,5.19666,0
1678560300000,5.19666,5.19666,5.19666,5.19666,0
1678559400000,5.19666,5.19666,5.19666,5.19666,0
1678558500000,1.0475,5.19666,1.0475,5.19666,2.776795
1678557600000,1.0475,1.0475,1.0475,1.0475,0
1678556700000,1.0475,1.0475,1.0475,1.0475,0
1678555800000,1.0475,1.0475,1.0475,1.0475,0
1678554900000,1.0475,1.0475,1.0475,1.0475,0
1678554000000,1.0475,1.0475,1.0475,1.0475,0
1678553100000,1.0475,1.0475,1.0475,1.0475,0
1678552200000,1.0475,1.0475,1.0475,1.0475,0
1678551300000,1.0475,1.0475,1.0475,1.0475,0
1678550400000,1.0475,1.0475,1.0475,1.0475,0
1678549500000,1.0475,1.0475,1.0475,1.0475,0
1678548600000,1.0475,1.0475,1.0475,1.0475,0
1678547700000,1.0475,1.0475,1.0475,1.0475,0
1678546800000,1.0475,1.0475,1.0475,1.0475,0
1678545900000,1.0475,1.0475,1.0475,1.0475,0
1678545000000,1.0475,1.0475,1.0475,1.0475,0
1678544100000,1.0475,1.0475,1.0475,1.0475,0
1678543200000,1.0475,1.0475,1.0475,1.0475,0
1678542300000,1.01138,1.0475,1.01138,1.0475,8.353568
1678541400000,1.00719,1.01138,1.00719,1.01138,0.363172
1678540500000,1.00719,1.00719,1.00719,1.00719,0
1678539600000,1.01448,1.01448,1.00208,1.00719,524.656869
1678538700000,1.00209,1.01448,1.00209,1.01448,0.177077
1678537800000,1.01124,1.01124,1.00209,1.00209,1.7089
1678536900000,1.00209,1.01124,1.00209,1.01124,1.287111
1678536000000,1.0021,1.0021,1.00209,1.00209,4.929289
1678535100000,1.0021,1.0021,1.0021,1.0021,0
1678534200000,1.00209,1.0021,1.00209,1.0021,6609.564688
1678533300000,1.00209,1.00209,1.00209,1.00209,1.363859
1678532400000,1.0122,1.0122,1.00209,1.00209,0.279928
1678531500000,1.0122,1.0122,1.0122,1.0122,0
1678530600000,1.00208,1.0122,1.00208,1.0122,2.232473
1678529700000,1.00208,1.00208,1.00208,1.00208,0
1678528800000,1.00208,1.00208,1.00208,1.00208,6000.393817
1678527900000,0.9995,1.00208,0.9995,1.00208,361.121891
1678527000000,1.00208,1.00208,0.9995,0.9995,1.838382
1678526100000,1.00208,1.00208,0.99956,1.00208,100
1678525200000,1.00208,1.00208,1.00144,1.00208,4154.053299
1678524300000,0.99999,1.00208,0.99999,1.00208,0.533881
1678523400000,1.0056,1.0056,0.9995,0.99999,4.545196
1678522500000,1.04488,1.04488,1.0056,1.0056,0.426577
1678521600000,1.04488,1.04488,1.04488,1.04488,0
1678520700000,1.0056,1.04488,1.0056,1.04488,33062.9125
1678519800000,1.03833,1.03833,1.0056,1.0056,12.871163
1678518900000,1.0128,1.0475,1.0128,1.03833,4.982302
1678518000000,1.0128,1.0128,1.0128,1.0128,0
1678517100000,0.99,1.0128,0.99,1.0128,12792.801873
1678516200000,0.99955,0.99955,0.99,0.99,12641.203971
1678515300000,0.9816,0.99955,0.9816,0.99955,0.768781
1678514400000,0.9816,0.9816,0.9816,0.9816,0
1678513500000,0.99013,1.01005,0.98155,0.9816,41078.092579
1678512600000,0.99013,0.99013,0.99013,0.99013,0.828814
1678511700000,0.99014,0.99014,0.99013,0.99013,0.311033
1678510800000,0.99014,0.99014,0.99014,0.99014,0
1678509900000,0.98158,0.99014,0.98158,0.99014,0.144736
1678509000000,0.98155,0.98158,0.98155,0.98158,0.877731
1678508100000,0.98155,0.98155,0.98155,0.98155,0
1678507200000,0.98155,0.98155,0.98155,0.98155,0
1678506300000,0.98155,0.98155,0.98155,0.98155,0
1678505400000,0.99017,0.99017,0.98155,0.98155,5.90732
1678504500000,0.99878,0.99878,0.99017,0.99017,0.806051
1678503600000,0.99878,0.99878,0.99878,0.99878,0.102993
1678502700000,0.99878,0.99878,0.99878,0.99878,9.377222
1678501800000,0.99878,0.99878,0.99878,0.99878,34.898922
1678500900000,0.99878,0.99878,0.99878,0.99878,1.828446
1678500000000,0.99878,0.99878,0.99878,0.99878,0
1678499100000,0.99877,0.99878,0.99877,0.99878,0.608017
1678498200000,0.9987,0.99877,0.99869,0.99877,3.762678
1678497300000,0.99876,0.99876,0.9987,0.9987,1.590194
1678496400000,0.995,0.99877,0.995,0.99876,9.102581
1678495500000,0.99204,0.995,0.99204,0.995,2.737338
1678494600000,0.995,0.995,0.99204,0.99204,7812.340471
1678493700000,0.99894,0.99894,0.995,0.995,14193.487891
1678492800000,0.99894,0.99894,0.99894,0.99894,0.463012
1678491900000,0.99894,0.99894,0.99894,0.99894,1.370824
1678491000000,0.99894,0.99894,0.99894,0.99894,0
1678490100000,0.99894,0.99894,0.99894,0.99894,0.240394
1678489200000,0.99894,0.99894,0.99894,0.99894,0
1678488300000,0.99894,0.99894,0.99505,0.99894,17134.37987
1678487400000,0.99601,0.99894,0.99601,0.99894,4.023803
1678486500000,0.99601,0.99601,0.99601,0.99601,0
1678485600000,0.99601,0.99601,0.99601,0.99601,0
1678484700000,0.99507,0.99601,0.99507,0.99601,14421
1678483800000,0.99532,0.99532,0.99507,0.99507,2.643495
1678482900000,0.9994,0.9994,0.99532,0.99532,0.284276
1678482000000,0.9994,0.9994,0.9994,0.9994,0.255365
1678481100000,0.9994,0.9994,0.9994,0.9994,0.852608
1678480200000,0.9994,0.9994,0.9994,0.9994,3.72632
1678479300000,0.99701,0.9994,0.99701,0.9994,0.470972
1678478400000,1,1.00012,0.99701,0.99701,825
1678477500000,1,1,1,1,0
1678476600000,1,1,1,1,0
1678475700000,1,1.00198,1,1,9629.789345
1678474800000,1,1,1,1,0
1678473900000,0.99999,1,0.99999,1,3363.155102
1678473000000,1,1,0.99999,0.99999,0.118903
1678472100000,0.99713,1,0.99713,1,477.847014
1678471200000,0.99713,0.99713,0.99713,0.99713,0
1678470300000,0.99701,0.99713,0.99701,0.99713,307.42
1678469400000,0.99707,0.99707,0.99701,0.99701,4.528869
1678468500000,0.99955,0.99955,0.99707,0.99707,1.250524
1678467600000,0.99955,0.99955,0.99955,0.99955,0
1678466700000,0.99955,0.99955,0.99955,0.99955,1.593592
1678465800000,0.99955,0.99955,0.99955,0.99955,6.349997
1678464900000,0.9966,0.99955,0.9966,0.99955,97.475605
1678464000000,0.99901,1,0.9966,0.9966,2940.603383
1678463100000,0.99659,0.99901,0.99659,0.99901,3.015075
1678462200000,0.9994,0.9994,0.99653,0.99659,3.352121
1678461300000,0.9994,0.9994,0.9994,0.9994,0
1678460400000,0.9994,0.9994,0.9994,0.9994,0.639518
1678459500000,0.9994,0.9994,0.9994,0.9994,4.627246
1678458600000,0.9994,0.9994,0.9994,0.9994,2.080252
1678457700000,0.9995,0.9995,0.9994,0.9994,108.95509
1678456800000,0.9995,0.9995,0.9995,0.9995,0
1678455900000,0.99531,0.9995,0.99531,0.9995,0.29991
1678455000000,0.99999,0.99999,0.99531,0.99531,1328.638863
1678454100000,0.99999,0.99999,0.99999,0.99999,0.179827
1678453200000,0.99999,0.99999,0.99999,0.99999,0
1678452300000,0.99999,0.99999,0.99999,0.99999,5.263811
1678451400000,0.99999,0.99999,0.99999,0.99999,0.115826
1678450500000,0.99901,0.99999,0.99901,0.99999,9508.598903
1678449600000,0.99901,0.99901,0.99901,0.99901,0
1678448700000,0.99901,0.99901,0.99901,0.99901,0
1678447800000,0.99901,0.99901,0.99901,0.99901,0.751352
1678446900000,0.99975,0.99975,0.99901,0.99901,0.968443
1678446000000,0.99711,0.99975,0.99711,0.99975,250.758079
1678445100000,0.99711,0.99711,0.99711,0.99711,13.462879
1678444200000,0.99722,0.99722,0.99602,0.99711,5.987066
1678443300000,0.99721,0.9994,0.99721,0.99722,3.892573
1678442400000,0.99583,0.99721,0.99583,0.99721,0.550395
1678441500000,0.99731,0.99731,0.99583,0.99583,0.369809
1678440600000,0.99731,0.99731,0.99682,0.99731,3.692806
1678439700000,0.99731,0.99731,0.99731,0.99731,0.349613
1678438800000,0.99731,0.99731,0.99731,0.99731,0.145651
1678437900000,0.9994,0.9994,0.99553,0.99731,0.501082
1678437000000,0.99942,0.99942,0.9994,0.9994,1.01794
1678436100000,0.9951,0.99942,0.9951,0.99942,0.142938
1678435200000,0.9995,0.9995,0.9951,0.9951,2113.334517
1678434300000,0.9995,0.9995,0.9995,0.9995,0
1678433400000,0.9995,0.9995,0.9995,0.9995,2.340459
1678432500000,0.9995,0.9995,0.9995,0.9995,0.735724
1678431600000,0.9995,0.9995,0.9995,0.9995,0.350795
1678430700000,0.9995,0.9995,0.9995,0.9995,0
1678429800000,1,1,0.9995,0.9995,1.365315
1678428900000,1,1,1,1,0
1678428000000,1,1,1,1,0
1678427100000,0.99731,1,0.99731,1,6311.21887
1678426200000,0.99731,0.99731,0.99731,0.99731,1.380024
1678425300000,0.9995,0.9995,0.99731,0.99731,1134.970218
1678424400000,1,1,0.9995,0.9995,147.279263
1678423500000,0.9995,1,0.9995,1,3746.528323
1678422600000,0.9995,0.9995,0.9995,0.9995,2.740765
1678421700000,0.99999,0.99999,0.9995,0.9995,0.266018
1678420800000,0.99999,0.99999,0.99999,0.99999,0.14985
1678419900000,0.99999,0.99999,0.99999,0.99999,0.36929
1678419000000,0.99999,0.99999,0.99999,0.99999,0.629993
1678418100000,0.99999,0.99999,0.99999,0.99999,0
1678417200000,0.99974,0.99999,0.99974,0.99999,3708.148668
1678416300000,0.99965,0.99974,0.99965,0.99974,3.490659
1678415400000,0.99967,0.99967,0.99965,0.99965,0.653107
1678414500000,0.99901,0.99967,0.99901,0.99967,0.346893
1678413600000,0.99901,0.99901,0.99901,0.99901,0
1678412700000,0.99901,0.99901,0.99901,0.99901,0.212847
1678411800000,0.99901,0.99901,0.99901,0.99901,2.775093
1678410900000,0.99901,0.99974,0.99901,0.99901,9.62502
1678410000000,0.99901,0.99901,0.99901,0.99901,2.015079
1678409100000,0.99901,0.99901,0.99901,0.99901,0
1678408200000,0.99901,0.99902,0.99901,0.99901,2.097947
1678407300000,0.99902,0.99955,0.99901,0.99901,0.58593
1678406400000,0.99901,0.99902,0.99901,0.99902,362.630634
1678405500000,0.99901,0.99901,0.99901,0.99901,0
1678404600000,0.99955,0.99955,0.99901,0.99901,0.701874
1678403700000,0.99732,0.99955,0.99732,0.99955,139.580369
1678402800000,0.99732,0.99732,0.99732,0.99732,0.107858
1678401900000,0.9951,0.99732,0.9951,0.99732,0.106988
1678401000000,0.99519,0.99522,0.9951,0.9951,1.630829
1678400100000,0.99519,0.99519,0.99519,0.99519,0
1678399200000,0.99652,0.99652,0.99519,0.99519,0.155899
1678398300000,0.99652,0.99955,0.99652,0.99652,194.284548
1678397400000,0.99984,0.99984,0.99652,0.99652,304.449929
1678396500000,0.99984,0.99984,0.99984,0.99984,0
1678395600000,0.99984,0.99984,0.99984,0.99984,0
1678394700000,0.9995,0.99984,0.9995,0.99984,56.971265
1678393800000,0.9995,0.99989,0.9995,0.9995,6.793896
1678392900000,0.9999,0.99998,0.9995,0.9995,116.557945
1678392000000,0.9999,0.9999,0.9999,0.9999,0
1678391100000,0.9999,0.9999,0.9999,0.9999,0
1678390200000,0.99651,0.9999,0.99651,0.9999,1254.014854
1678389300000,0.99651,0.99651,0.99651,0.99651,1.502664
1678388400000,0.99651,0.99651,0.99651,0.99651,0
1678387500000,0.99652,0.99652,0.99651,0.99651,0.739904
1678386600000,0.99731,0.99731,0.99651,0.99652,1.874414
1678385700000,0.99954,0.99954,0.99731,0.99731,0.439524
1678384800000,0.99731,0.99954,0.99731,0.99954,7.69039
1678383900000,0.99731,0.99731,0.99731,0.99731,0
1678383000000,0.99803,0.99803,0.99687,0.99731,2.844016
1678382100000,0.99954,0.99954,0.99803,0.99803,0.142757
1678381200000,0.99803,0.99954,0.9967,0.99954,18.069671
1678380300000,0.99954,0.99954,0.99803,0.99803,0.224786
1678379400000,0.99723,0.99954,0.99723,0.99954,0.170515
1678378500000,0.99723,0.99723,0.99723,0.99723,0
1678377600000,0.99723,0.99723,0.99723,0.99723,0
1678376700000,0.999,0.999,0.99723,0.99723,2341.564723
1678375800000,1.00198,1.00198,0.99731,0.999,2654.48758
1678374900000,1.00198,1.00198,1.00198,1.00198,0
1678374000000,1.00198,1.00198,1.00198,1.00198,724.155068
1678373100000,1.00184,1.00198,1.00184,1.00198,83.461694
1678372200000,1.00184,1.00184,1,1.00184,6.220297
1678371300000,1.00029,1.00184,1.00029,1.00184,1.115296
1678370400000,0.99977,1.00029,0.99977,1.00029,0.114399
1678369500000,0.99977,0.99977,0.99977,0.99977,0.107326
1678368600000,0.99977,0.99978,0.99977,0.99977,5.774697
1678367700000,0.99977,0.99977,0.99977,0.99977,0
1678366800000,1.00184,1.00184,0.99977,0.99977,0.179256
1678365900000,1.00198,1.00198,1.00184,1.00184,0.295273
1678365000000,1.00198,1.00198,1.00198,1.00198,0.655917
1678364100000,1.00198,1.00198,1.00198,1.00198,0
1678363200000,1.00198,1.00198,1.00198,1.00198,0.126147
1678362300000,1.00198,1.00198,1.00198,1.00198,1.067828
1678361400000,1.00197,1.00198,1.00197,1.00198,0.286467
1678360500000,1.00197,1.00197,1.00197,1.00197,0.427133
1678359600000,1.00197,1.00197,1.00197,1.00197,0
1678358700000,1.00197,1.00197,1.00197,1.00197,0.105814
1678357800000,0.99978,1.00197,0.99978,1.00197,0.118091
1678356900000,0.99978,0.99978,0.99978,0.99978,0
1678356000000,0.99978,0.99978,0.99978,0.99978,0
1678355100000,0.99978,0.99978,0.99978,0.99978,0
1678354200000,0.99978,0.99978,0.99978,0.99978,0.634469
1678353300000,1.00198,1.00198,0.99978,0.99978,0.123385
1678352400000,0.99977,1.00198,0.99977,1.00198,13.307604
1678351500000,0.99977,0.99977,0.99977,0.99977,0.142791
1678350600000,0.99978,0.99978,0.99977,0.99977,1.514185
1678349700000,0.99978,0.99978,0.99978,0.99978,0.491907
1678348800000,0.99978,0.99978,0.99978,0.99978,0
1678347900000,0.99977,0.99978,0.99977,0.99978,0.335739
1678347000000,0.99977,1.00038,0.99977,0.99977,0.282567
1678346100000,0.99977,0.99977,0.99977,0.99977,0
1678345200000,0.99977,0.99977,0.99977,0.99977,0
1678344300000,0.99977,0.99977,0.99977,0.99977,0
1678343400000,1.00198,1.00198,0.99977,0.99977,0.791233
1678342500000,1.00198,1.00198,0.99977,1.00198,0.445515
1678341600000,1.00198,1.00198,1.00198,1.00198,0
1678340700000,1.00198,1.00198,1.00198,1.00198,0.975167
1678339800000,1.00198,1.00198,1.00198,1.00198,0.182836
1678338900000,0.99977,1.00198,0.99977,1.00198,0.13663
1678338000000,0.99977,0.99977,0.99977,0.99977,0
1678337100000,0.99977,0.99977,0.99977,0.99977,0.121682
1678336200000,1.00198,1.00198,0.99977,0.99977,0.390866
1678335300000,1.00198,1.00198,1.00198,1.00198,0
1678334400000,1.00005,1.00198,1.00005,1.00198,0.147032
1678333500000,1.00198,1.00198,1.00005,1.00005,0.301354
1678332600000,1.00198,1.00198,1.00062,1.00198,0.448346
1678331700000,1.00198,1.00198,1.00198,1.00198,0
1678330800000,1.00198,1.00198,1.00198,1.00198,0.674553
1678329900000,1.00198,1.00198,1.00198,1.00198,0.412705
1678329000000,1.00197,1.00198,1.00197,1.00198,0.952342
1678328100000,1.00197,1.00197,1.00197,1.00197,0
1678327200000,0.99978,1.00197,0.99978,1.00197,76.300961
1678326300000,0.99977,0.99978,0.99977,0.99978,0.133498
1678325400000,0.99977,0.99977,0.99977,0.99977,0.803091
1678324500000,0.99977,0.99977,0.99977,0.99977,0.223279
1678323600000,0.99977,0.99977,0.99977,0.99977,0
1678322700000,0.99978,0.99978,0.99977,0.99977,1.15082
1678321800000,0.99978,0.99978,0.99978,0.99978,0.802861
1678320900000,0.99977,0.99978,0.99977,0.99978,0.337881
1678320000000,0.99977,0.99977,0.99977,0.99977,0
1678319100000,0.99977,0.99977,0.99977,0.99977,0
1678318200000,0.99977,0.99977,0.99977,0.99977,5.405633
1678317300000,0.99977,0.99977,0.99977,0.99977,0.575063
1678316400000,0.99977,0.99977,0.99977,0.99977,3274.6521
1678315500000,0.99977,0.99977,0.99977,0.99977,0.337452
1678314600000,0.99977,0.99978,0.99977,0.99977,25.973028
1678313700000,0.99978,0.99978,0.99977,0.99977,0.263279
1678312800000,0.99977,0.99978,0.99977,0.99978,0.302187
1678311900000,0.99978,0.99978,0.99977,0.99977,1.510369
1678311000000,0.99978,0.99978,0.99978,0.99978,2.301806
1678310100000,0.99954,0.99978,0.99954,0.99978,0.176413
1678309200000,0.99954,0.99954,0.99954,0.99954,0
1678308300000,0.99954,0.99954,0.99954,0.99954,0
1678307400000,0.99978,0.99978,0.99954,0.99954,0.103564
1678306500000,0.99954,0.99978,0.99954,0.99978,115.162839
1678305600000,0.99954,0.99954,0.99954,0.99954,0
1678304700000,0.99954,0.99954,0.99954,0.99954,0
1678303800000,0.99972,0.99972,0.99954,0.99954,0.38407
1678302900000,0.99954,0.99972,0.99954,0.99972,1.064829
1678302000000,0.99979,0.99979,0.99954,0.99954,0.365946
1678301100000,0.99979,0.99979,0.99979,0.99979,0
1678300200000,0.99954,0.99979,0.99954,0.99979,1004.471097
1678299300000,0.99954,0.99954,0.99953,0.99954,131.952964
1678298400000,0.99901,0.99954,0.99901,0.99954,7.631699
1678297500000,0.99901,0.99901,0.99901,0.99901,0
1678296600000,0.99901,0.99901,0.99901,0.99901,2.028645
1678295700000,0.99955,0.99955,0.99901,0.99901,0.170466
1678294800000,0.99955,0.99955,0.99686,0.99955,4920.307375
1678293900000,0.99655,0.99955,0.99655,0.99955,4413.302638
1678293000000,0.99947,0.99947,0.99612,0.99655,0.967892
1678292100000,0.99947,0.99947,0.99947,0.99947,0
1678291200000,0.99947,0.99947,0.99947,0.99947,0
1678290300000,0.99947,0.99947,0.99947,0.99947,0.242924
1678289400000,0.99948,0.99948,0.99947,0.99947,1.806605
1678288500000,0.99948,0.99948,0.99948,0.99948,0
1678287600000,0.99948,0.99948,0.99948,0.99948,0
1678286700000,0.99948,0.99948,0.99948,0.99948,0
1678285800000,0.99612,0.99948,0.99612,0.99948,494.708951
1678284900000,0.99612,0.99612,0.99612,0.99612,0.223342
1678284000000,0.99612,0.99612,0.99612,0.99612,0
1678283100000,0.99612,0.99612,0.99612,0.99612,0
1678282200000,0.99612,0.99612,0.99612,0.99612,2.9078
1678281300000,0.99612,0.99612,0.99612,0.99612,0.846548
1678280400000,0.99612,0.99612,0.99612,0.99612,0
1678279500000,0.99612,0.99612,0.99612,0.99612,0
1678278600000,0.99905,0.99905,0.99612,0.99612,0.141418
1678277700000,0.99905,0.99905,0.99905,0.99905,0
1678276800000,0.99905,0.99905,0.99905,0.99905,0
1678275900000,0.99833,0.99905,0.99833,0.99905,0.243744
1678275000000,0.99833,0.99833,0.99833,0.99833,0
1678274100000,0.99833,0.99833,0.99833,0.99833,0
1678273200000,0.99833,0.99833,0.99833,0.99833,0
1678272300000,0.99833,0.99833,0.99833,0.99833,0
1678271400000,0.99833,0.99833,0.99833,0.99833,0
1678270500000,0.99612,0.99833,0.99612,0.99833,0.117672
1678269600000,0.99612,0.99612,0.99612,0.99612,0
1678268700000,0.99612,0.99612,0.99612,0.99612,0
1678267800000,0.99918,0.99918,0.99612,0.99612,0.28938
1678266900000,0.99521,0.99918,0.99521,0.99918,12.187216
1678266000000,0.99521,0.99521,0.99521,0.99521,0
1678265100000,0.99521,0.99521,0.99521,0.99521,0
1678264200000,0.99544,0.9972,0.99521,0.99521,3.820819
1678263300000,0.9951,0.99544,0.9951,0.99544,0.194589
1678262400000,0.9951,0.9951,0.9951,0.9951,0
1678261500000,0.9951,0.9951,0.9951,0.9951,0
1678260600000,0.99556,0.99556,0.9951,0.9951,2.334938
1678259700000,0.99524,0.99556,0.99524,0.99556,0.34149
1678258800000,0.9951,0.99524,0.9951,0.99524,1.05023
1678257900000,0.9951,0.9951,0.9951,0.9951,0
1678257000000,0.9951,0.9951,0.9951,0.9951,2.266471
1678256100000,0.9951,0.9951,0.9951,0.9951,0.466071
1678255200000,0.9951,0.9951,0.9951,0.9951,0
1678254300000,0.9951,0.9951,0.9951,0.9951,0
1678253400000,0.9951,0.9951,0.9951,0.9951,1.452796
1678252500000,0.99949,0.99949,0.9951,0.9951,0.114214
1678251600000,0.99949,0.99949,0.99949,0.99949,0
1678250700000,0.99949,0.99949,0.99949,0.99949,0.114536
1678249800000,0.99827,0.99949,0.9951,0.99949,0.599207
1678248900000,0.99827,0.99827,0.99827,0.99827,0
1678248000000,0.99827,0.99827,0.99827,0.99827,0.14969
1678247100000,0.99827,0.99827,0.99827,0.99827,0.337167
1678246200000,0.99827,0.99827,0.99827,0.99827,1.410904
1678245300000,0.99827,0.99827,0.99827,0.99827,0
1678244400000,0.99827,0.99827,0.99827,0.99827,0
1678243500000,0.99827,0.99943,0.99827,0.99827,6552.683607
1678242600000,0.99943,0.99943,0.99827,0.99827,0.293945
1678241700000,0.99827,0.99943,0.99827,0.99943,0.362224
1678240800000,0.99827,0.99827,0.99827,0.99827,0
1678239900000,0.99827,0.99827,0.99827,0.99827,0
1678239000000,0.99943,0.99943,0.99827,0.99827,0.550011
1678238100000,0.99943,0.99943,0.99943,0.99943,0
1678237200000,0.99944,0.99944,0.99943,0.99943,1.740247
1678236300000,0.99944,0.99944,0.99944,0.99944,0.449735
1678235400000,0.99944,0.99944,0.99944,0.99944,2.862447
1678234500000,0.99827,0.99955,0.99827,0.99944,0.310147
1678233600000,0.99999,0.99999,0.99827,0.99827,519.24714
1678232700000,1.00198,1.00198,0.99999,0.99999,1009.487606
1678231800000,0.99975,1.00198,0.99975,1.00198,1.526722
1678230900000,0.99963,0.99975,0.99963,0.99975,0.152118
1678230000000,0.99963,0.99963,0.99963,0.99963,0
1678229100000,0.9995,0.99963,0.9995,0.99963,0.112745
1678228200000,0.99975,0.99975,0.9995,0.9995,0.123556
1678227300000,0.99975,0.99975,0.99975,0.99975,3.991042
1678226400000,0.9995,0.99975,0.9995,0.99975,5.314754
1678225500000,0.9995,0.9995,0.9995,0.9995,0.123592
1678224600000,0.9995,0.9995,0.9995,0.9995,0.274066
1678223700000,0.9995,0.9995,0.9995,0.9995,0
1678222800000,0.9995,0.9995,0.9995,0.9995,0
1678221900000,0.9995,0.9995,0.9995,0.9995,0.271898
1678221000000,0.9995,0.9995,0.9995,0.9995,4.346385
1678220100000,0.9995,0.9995,0.9995,0.9995,1.425792
1678219200000,1.00199,1.00199,0.9995,0.9995,0.231512
1678218300000,1.00199,1.00199,1.00199,1.00199,0
1678217400000,0.9995,1.00199,0.9995,1.00199,530.208986
1678216500000,0.9995,0.99983,0.9995,0.9995,0.405157
1678215600000,0.9995,0.9995,0.9995,0.9995,0
1678214700000,0.9995,0.9995,0.9995,0.9995,0
1678213800000,0.99991,0.99991,0.9995,0.9995,1.067248
1678212900000,0.99991,0.99991,0.99991,0.99991,0
1678212000000,0.99991,0.99991,0.99991,0.99991,0
1678211100000,0.99991,0.99991,0.99991,0.99991,0.387818
1678210200000,0.99975,0.99991,0.99975,0.99991,3.30689
1678209300000,0.9995,0.99975,0.9995,0.99975,0.445915
1678208400000,0.99975,0.99975,0.9995,0.9995,0.159309
1678207500000,0.99956,0.99975,0.99956,0.99975,1.295549
1678206600000,0.99951,0.99956,0.9995,0.99956,1.45807
1678205700000,1.00198,1.00198,0.99951,0.99951,77.222219
1678204800000,0.9995,1.00198,0.9995,1.00198,0.33557
1678203900000,0.9995,0.9995,0.9995,0.9995,0
1678203000000,0.9995,0.9995,0.9995,0.9995,4.138521
1678202100000,0.9995,0.9995,0.9995,0.9995,0
1678201200000,0.9995,0.9995,0.9995,0.9995,0.351353
1678200300000,1.00196,1.00196,0.9995,0.9995,0.195376
1678199400000,0.99999,1.00196,0.99999,1.00196,3344.310746
1678198500000,0.99954,0.99999,0.99697,0.99999,742.664964
1678197600000,0.99954,0.99954,0.99954,0.99954,0
1678196700000,0.99954,0.99954,0.99954,0.99954,0
1678195800000,0.9995,0.99974,0.99612,0.99954,473.198886
1678194900000,0.9995,0.9995,0.9995,0.9995,0
1678194000000,0.9995,0.9995,0.9995,0.9995,0
1678193100000,0.9995,0.9995,0.9995,0.9995,0.112376
1678192200000,0.9995,0.9995,0.9995,0.9995,0.368523
1678191300000,0.99901,0.99975,0.99901,0.9995,122.567318
1678190400000,0.99901,0.99901,0.99901,0.99901,0
1678189500000,0.99901,0.99901,0.99901,0.99901,0.250973
1678188600000,0.99901,0.99901,0.99901,0.99901,3.03051
1678187700000,0.99901,0.99901,0.99901,0.99901,0.381166
1678186800000,0.99901,0.99901,0.99901,0.99901,0.771115
1678185900000,0.99901,0.99901,0.99901,0.99901,0
1678185000000,0.99901,0.99901,0.99901,0.99901,3.189323
1678184100000,0.99901,0.99901,0.99901,0.99901,0.157286
1678183200000,0.99901,0.99901,0.99901,0.99901,0
1678182300000,0.99901,0.99901,0.99901,0.99901,0.234248
1678181400000,0.99901,0.99901,0.99901,0.99901,1.175491
1678180500000,0.99901,0.99901,0.99901,0.99901,0.140953
1678179600000,0.99901,0.99901,0.99901,0.99901,0
1678178700000,0.99901,0.99901,0.99901,0.99901,0.113248
1678177800000,0.99901,0.99901,0.99901,0.99901,0.115019
1678176900000,0.99901,0.99901,0.99901,0.99901,0
1678176000000,0.99901,0.99901,0.99901,0.99901,0
1678175100000,0.99901,0.99901,0.99901,0.99901,0.103543
1678174200000,0.99955,0.99955,0.99901,0.99901,0.428025
1678173300000,0.99955,0.99955,0.99955,0.99955,0
1678172400000,0.99901,0.99955,0.99901,0.99955,0.291781
1678171500000,0.99901,0.99901,0.99901,0.99901,0
1678170600000,0.99901,0.99901,0.99901,0.99901,0
1678169700000,0.99901,0.99901,0.99901,0.99901,0
1678168800000,0.99955,0.99955,0.99901,0.99901,0.146069
1678167900000,0.99955,0.99955,0.99955,0.99955,0
1678167000000,0.99955,0.99955,0.99955,0.99955,0.257437
1678166100000,0.99955,0.99955,0.99955,0.99955,0
1678165200000,0.99955,0.99955,0.99955,0.99955,0.217781
1678164300000,0.99955,0.99955,0.99955,0.99955,0.359493
1678163400000,0.99955,0.99955,0.99955,0.99955,0.216763
1678162500000,0.99901,0.99955,0.99901,0.99955,0.112877
1678161600000,0.99901,0.99901,0.99901,0.99901,0
1678160700000,0.99901,0.99901,0.99901,0.99901,0
1678159800000,0.99901,0.99901,0.99901,0.99901,1.058815
1678158900000,0.99955,0.99955,0.99901,0.99901,0.132354
1678158000000,0.99612,0.99955,0.99612,0.99955,189.535935
1678157100000,0.99612,0.99612,0.99612,0.99612,0
1678156200000,0.99612,0.99612,0.99612,0.99612,1.78914
1678155300000,0.99918,0.99918,0.99612,0.99612,34.496626
1678154400000,0.99917,0.99918,0.99917,0.99918,0.342429
1678153500000,0.99502,0.99917,0.99502,0.99917,7.476105
1678152600000,0.99502,0.99502,0.99502,0.99502,0
1678151700000,0.99501,0.99502,0.99501,0.99502,0.70197
1678150800000,0.99501,0.99501,0.99501,0.99501,0
1678149900000,0.99501,0.99501,0.99501,0.99501,0
1678149000000,0.99501,0.99501,0.99501,0.99501,0
1678148100000,0.99501,0.99501,0.99501,0.99501,0
1678147200000,0.99501,0.99501,0.99501,0.99501,0
1678146300000,0.99501,0.99501,0.99501,0.99501,0
1678145400000,0.99501,0.99501,0.99501,0.99501,0
1678144500000,0.99501,0.99501,0.99501,0.99501,0
1678143600000,0.99501,0.99501,0.99501,0.99501,0
1678142700000,0.99501,0.99501,0.99501,0.99501,0
1678141800000,0.99501,0.99501,0.99501,0.99501,0
1678140900000,0.995,0.99942,0.995,0.99501,94.113788
1678140000000,0.99952,0.99952,0.995,0.995,11617
1678139100000,0.9995,0.99952,0.99501,0.99952,2172.110896
1678138200000,0.9995,0.99999,0.9995,0.9995,130.259698
1678137300000,0.9995,0.9995,0.9995,0.9995,0
1678136400000,0.9995,0.9995,0.9995,0.9995,1.024579
1678135500000,0.9995,0.9995,0.9995,0.9995,0.543147
1678134600000,0.9995,0.9995,0.9995,0.9995,1.062744
1678133700000,0.9995,0.9995,0.9995,0.9995,0.259118
1678132800000,0.9995,0.9995,0.9995,0.9995,1.534795
1678131900000,0.9995,0.9995,0.9995,0.9995,1.741683
1678131000000,0.99993,0.99993,0.9995,0.9995,1.306319
1678130100000,0.99993,0.99993,0.99993,0.99993,0
1678129200000,0.99975,0.99993,0.99801,0.99993,11482.837549
1678128300000,0.99818,0.99975,0.99801,0.99975,1512.917879
1678127400000,0.99802,0.99818,0.99802,0.99818,0.100614
1678126500000,0.99802,0.99802,0.99802,0.99802,0
1678125600000,0.99932,0.99932,0.99802,0.99802,0.460133
1678124700000,0.99802,0.99932,0.99802,0.99932,42.669594
1678123800000,0.99802,0.99802,0.99802,0.99802,0
1678122900000,0.99802,0.99802,0.99802,0.99802,0
1678122000000,0.99932,0.99932,0.99802,0.99802,0.17565
1678121100000,0.99932,0.99932,0.99801,0.99932,12644.503357
1678120200000,0.99932,0.99932,0.99932,0.99932,0.423055
1678119300000,0.99932,0.99932,0.99932,0.99932,1.247651
1678118400000,0.99932,0.99932,0.99932,0.99932,0.665111
1678117500000,0.99932,0.99932,0.99932,0.99932,1.526819
1678116600000,0.99932,0.99932,0.99932,0.99932,0.238872
1678115700000,0.99932,0.99932,0.99932,0.99932,0.581901
1678114800000,0.99939,0.99939,0.99932,0.99932,0.647003
1678113900000,0.9994,0.99941,0.99939,0.99939,0.813064
1678113000000,0.9994,0.9994,0.9994,0.9994,0
1678112100000,0.99942,0.99942,0.9994,0.9994,0.875531
1678111200000,0.99947,0.99947,0.99942,0.99942,0.241943
1678110300000,0.99949,0.99949,0.99947,0.99947,1.274835
1678109400000,0.99949,0.99949,0.99801,0.99949,1847.179826
1678108500000,0.99949,0.99949,0.99949,0.99949,0.22186
1678107600000,0.9995,0.9995,0.99949,0.99949,0.183269
1678106700000,0.99801,0.9995,0.99801,0.9995,0.175499
1678105800000,0.99801,0.9995,0.99801,0.99801,422.270152
1678104900000,0.99801,0.99801,0.99801,0.99801,0
1678104000000,0.99802,0.99802,0.99801,0.99801,3313.424802
1678103100000,0.99802,0.99802,0.99802,0.99802,0.251011
1678102200000,0.99955,0.99955,0.99802,0.99802,0.216237
1678101300000,0.9995,0.99955,0.9995,0.99955,0.193816
1678100400000,0.9995,0.9995,0.9995,0.9995,0.33793
1678099500000,0.99918,0.9995,0.99918,0.9995,0.497345
1678098600000,0.99912,0.99918,0.99912,0.99918,0.101643
1678097700000,0.99912,0.99912,0.99912,0.99912,0
1678096800000,0.99932,0.99932,0.99912,0.99912,0.118478
1678095900000,0.99801,0.99932,0.99801,0.99932,0.129747
1678095000000,0.9995,0.9995,0.99801,0.99801,0.110955
1678094100000,0.9995,0.9995,0.9995,0.9995,0
1678093200000,0.9995,0.9995,0.9995,0.9995,0.61246
1678092300000,0.9995,0.9995,0.9995,0.9995,0.154245
1678091400000,0.9995,0.9995,0.99801,0.9995,0.524291
1678090500000,0.99801,0.9995,0.99801,0.9995,0.352931
1678089600000,1.00168,1.00168,0.99801,0.99801,5044
1678088700000,1.00184,1.00184,1.00168,1.00168,0.121074
1678087800000,1.00184,1.00184,1.00184,1.00184,0
1678086900000,1.00197,1.00197,1.00184,1.00184,0.112127
1678086000000,1.00183,1.00197,1.00148,1.00197,0.215246
1678085100000,0.99951,1.00193,0.99951,1.00183,0.81294
1678084200000,0.99951,0.99951,0.99951,0.99951,0
1678083300000,0.9995,0.99951,0.9995,0.99951,0.247686
1678082400000,0.9995,0.9995,0.9995,0.9995,0
1678081500000,0.9995,0.9995,0.9995,0.9995,0.120753
1678080600000,0.9995,0.9995,0.9995,0.9995,0.734643
1678079700000,0.9995,0.9995,0.9995,0.9995,0
1678078800000,0.99951,0.99951,0.9995,0.9995,0.513554
1678077900000,0.9995,0.99951,0.9995,0.99951,0.247686
1678077000000,1.00189,1.00189,0.9995,0.9995,0.132248
1678076100000,1.00189,1.00189,1.00189,1.00189,0
1678075200000,1.00189,1.00189,1.00189,1.00189,0
1678074300000,0.99997,1.00189,0.99997,1.00189,0.941082
1678073400000,1.00096,1.00096,0.99951,0.99997,0.29515
1678072500000,0.99901,1.00096,0.99901,1.00096,730.444584
1678071600000,0.99901,0.99901,0.99901,0.99901,0.341815
1678070700000,0.99901,0.99901,0.99901,0.99901,1.049308
1678069800000,0.99955,0.99955,0.99901,0.99901,3.448189
1678068900000,0.99821,0.99955,0.99821,0.99955,191.368476
1678068000000,0.99821,0.99821,0.9982,0.99821,2.142346
1678067100000,0.99821,0.99821,0.9982,0.99821,1.196723
1678066200000,0.99954,0.99954,0.99821,0.99821,1.17655
1678065300000,0.99954,0.99954,0.99954,0.99954,0
1678064400000,0.99821,0.99954,0.99821,0.99954,0.237853
1678063500000,0.99821,0.99821,0.99821,0.99821,0
1678062600000,0.99821,0.99821,0.99821,0.99821,0
1678061700000,0.99821,0.99821,0.99821,0.99821,0
1678060800000,0.99821,0.99821,0.99821,0.99821,0.495393
1678059900000,0.99821,0.99821,0.9982,0.99821,0.771068
1678059000000,0.99821,0.99821,0.99821,0.99821,0.654653
1678058100000,0.99821,0.99821,0.99821,0.99821,0.101583
1678057200000,0.99954,0.99954,0.99821,0.99821,1.17774
1678056300000,0.99747,0.99954,0.99747,0.99954,132.13019
1678055400000,0.99747,0.99747,0.99747,0.99747,0
1678054500000,0.99747,0.99747,0.99747,0.99747,0
1678053600000,0.99813,0.99813,0.99747,0.99747,0.55901
1678052700000,0.99954,0.99954,0.9975,0.99813,0.582125
1678051800000,0.99954,0.99954,0.99954,0.99954,0
1678050900000,0.99954,0.99954,0.99954,0.99954,0.698719
1678050000000,0.99954,0.99954,0.99954,0.99954,0
1678049100000,0.99772,0.99954,0.99772,0.99954,0.64764
1678048200000,0.99772,0.99772,0.99772,0.99772,0
1678047300000,0.99772,0.99772,0.99772,0.99772,0
1678046400000,0.99772,0.99772,0.99772,0.99772,0
1678045500000,0.99741,0.99781,0.99741,0.99772,0.284663
1678044600000,0.99954,0.99954,0.99741,0.99741,0.101455
1678043700000,0.99954,0.99954,0.99954,0.99954,0
1678042800000,0.99758,0.99954,0.99758,0.99954,0.623108
1678041900000,0.99793,0.99793,0.99758,0.99758,0.242296
1678041000000,0.99749,0.99793,0.99749,0.99793,0.506213
1678040100000,0.99744,0.99749,0.99744,0.99749,0.497679
1678039200000,0.9976,0.9976,0.99744,0.99744,0.408801
1678038300000,0.9976,0.9976,0.9976,0.9976,0
1678037400000,0.9976,0.9976,0.9976,0.9976,0
1678036500000,0.9976,0.9976,0.9976,0.9976,0
1678035600000,0.9976,0.9976,0.9976,0.9976,0
1678034700000,0.9976,0.9976,0.9976,0.9976,0
1678033800000,0.99954,0.99954,0.9976,0.9976,0.141916
1678032900000,0.99763,0.99954,0.99763,0.99954,0.487606
1678032000000,0.99763,0.99763,0.99763,0.99763,0
1678031100000,0.99763,0.99763,0.99763,0.99763,0
1678030200000,0.99763,0.99763,0.99763,0.99763,0
1678029300000,0.99702,0.99763,0.99702,0.99763,0.597812
1678028400000,0.99775,0.99824,0.99702,0.99702,1467.612084
1678027500000,0.99955,0.99955,0.99757,0.99775,0.216301
1678026600000,0.99955,0.99955,0.99955,0.99955,0
1678025700000,0.99955,0.99955,0.99955,0.99955,0.513655
1678024800000,0.99955,0.99955,0.99955,0.99955,0.131025
1678023900000,0.99955,0.99955,0.99955,0.99955,0.510962
1678023000000,0.99955,0.99955,0.99955,0.99955,0.557716
1678022100000,0.99955,0.99955,0.99955,0.99955,0.904655
1678021200000,0.99955,0.99955,0.99955,0.99955,0.372664
1678020300000,0.99824,0.99955,0.99824,0.99955,0.295193
1678019400000,0.99728,0.99955,0.99728,0.99824,5995.547053
1678018500000,1.00207,1.00208,0.99728,0.99728,4837.994878
1678017600000,1.00207,1.00207,1.00207,1.00207,0
1678016700000,1.00207,1.00207,1.00207,1.00207,0
1678015800000,1.00207,1.00207,1.00207,1.00207,0.103908
1678014900000,1.00207,1.00207,1.00207,1.00207,0.123089
1678014000000,1.00207,1.00207,1.00207,1.00207,0.732857
1678013100000,0.99955,1.00207,0.99955,1.00207,0.13743
1678012200000,1.00207,1.00207,0.99955,0.99955,0.456954
1678011300000,1.00207,1.00207,1.00207,1.00207,0.574393
1678010400000,1.00207,1.00207,1.00207,1.00207,0.237065
1678009500000,1.00207,1.00207,1.00207,1.00207,0.272974
1678008600000,0.99955,1.00207,0.99955,1.00207,0.127833
1678007700000,0.99955,0.99955,0.99955,0.99955,0
1678006800000,0.99955,0.99955,0.99955,0.99955,0.54122
1678005900000,0.99955,0.99955,0.99955,0.99955,0.693239
1678005000000,0.99954,1.00144,0.99954,0.99955,0.215502
1678004100000,0.99954,0.99954,0.99954,0.99954,0
1678003200000,0.99954,0.99954,0.99954,0.99954,0.109363
1678002300000,0.99954,0.99954,0.99954,0.99954,0
1678001400000,0.99954,0.99954,0.99954,0.99954,0.131496
1678000500000,0.99954,0.99954,0.99954,0.99954,0.339124
1677999600000,0.99954,0.99954,0.99954,0.99954,0.416985
1677998700000,0.99954,0.99954,0.99954,0.99954,0.313241
1677997800000,0.99954,0.99954,0.99954,0.99954,0.622363
1677996900000,0.99954,0.99954,0.99954,0.99954,0
1677996000000,0.99954,0.99954,0.99954,0.99954,0.384745
1677995100000,0.99954,0.99954,0.99954,0.99954,0.177452
1677994200000,1.00206,1.00206,0.99954,0.99954,0.485831
1677993300000,1.00206,1.00206,1.00206,1.00206,0
1677992400000,0.99954,1.00206,0.99954,1.00206,0.186382
1677991500000,0.99954,0.99954,0.99954,0.99954,0.848972
1677990600000,0.99954,1.00207,0.99954,0.99954,3699.045094
1677989700000,0.99954,0.99954,0.99954,0.99954,0
1677988800000,0.99954,0.99954,0.99954,0.99954,0.132681
1677987900000,0.99954,0.99954,0.9933,0.99954,0.715229
1677987000000,0.99954,0.99954,0.99577,0.99954,0.489259
1677986100000,0.992,0.99954,0.992,0.99954,0.30596
1677985200000,0.992,0.992,0.992,0.992,0.320943
1677984300000,0.99202,0.99202,0.992,0.992,287.517953
1677983400000,0.99954,0.99954,0.99202,0.99202,0.788936
1677982500000,0.99954,0.99954,0.99954,0.99954,0.828148
1677981600000,0.99954,0.99954,0.99954,0.99954,7.431601
1677980700000,0.99954,0.99954,0.99954,0.99954,1.818456
1677979800000,0.99899,0.99954,0.996,0.99954,9343.327756
1677978900000,0.99938,0.99948,0.99899,0.99899,10.037476
1677978000000,0.99939,0.99939,0.99937,0.99938,111.122679
1677977100000,0.99941,0.99941,0.9984,0.99939,2.00897
1677976200000,0.99942,0.99942,0.99941,0.99941,0.306033
1677975300000,0.99943,0.99943,0.99942,0.99942,0.654954
1677974400000,0.99944,0.99944,0.99943,0.99943,0.60135
1677973500000,0.99945,0.99945,0.99201,0.99944,0.450929
1677972600000,0.99946,0.99946,0.99737,0.99945,4.10747
1677971700000,0.99947,0.99947,0.99946,0.99946,0.114951
1677970800000,0.99949,0.99949,0.99947,0.99947,1.965269
1677969900000,0.992,0.99949,0.992,0.99949,0.305537
1677969000000,0.992,0.992,0.992,0.992,0.121553
1677968100000,0.992,0.992,0.992,0.992,1.010613
1677967200000,0.992,0.992,0.992,0.992,2.04534
1677966300000,0.992,0.99213,0.992,0.992,2.191727
1677965400000,0.99002,0.992,0.99002,0.992,1.602323
1677964500000,0.9905,0.9905,0.99002,0.99002,0.1534
1677963600000,0.9905,0.9905,0.9905,0.9905,0.803811
1677962700000,0.9905,0.9905,0.9905,0.9905,1.848297
1677961800000,0.99061,0.99061,0.9905,0.9905,1.146254
1677960900000,0.99061,0.99061,0.99061,0.99061,0
1677960000000,0.99062,0.99062,0.99,0.99061,1.073343
1677959100000,0.99002,0.99062,0.99002,0.99062,1.833667
1677958200000,0.99954,0.99954,0.99002,0.99002,0.270611
1677957300000,0.99709,0.99954,0.99709,0.99954,0.190393
1677956400000,0.99954,0.99954,0.99709,0.99709,0.205046
1677955500000,0.99,0.99954,0.99,0.99954,24.896967
1677954600000,0.99954,0.99954,0.99,0.99,0.124747
1677953700000,0.99625,0.99954,0.99625,0.99954,0.195284
1677952800000,0.99954,0.99954,0.99625,0.99625,0.248455
1677951900000,0.99954,0.99954,0.99954,0.99954,0.111077
1677951000000,0.99954,0.99954,0.99954,0.99954,0
1677950100000,0.99954,0.99954,0.99954,0.99954,0.315319
1677949200000,0.99,0.99954,0.99,0.99954,0.209662
1677948300000,0.9979,0.9979,0.99,0.99,0.342609
1677947400000,0.99954,0.99954,0.9979,0.9979,0.119989
1677946500000,0.99954,0.99954,0.99954,0.99954,0
1677945600000,0.99954,0.99954,0.9906,0.99954,1.098567
1677944700000,0.99954,0.99954,0.99954,0.99954,0.410194
1677943800000,0.99,0.99954,0.99,0.99954,0.215522
1677942900000,0.9995,0.9995,0.99,0.99,2185.141764
1677942000000,0.9995,0.9995,0.9995,0.9995,0.441339
1677941100000,0.9995,0.9995,0.9995,0.9995,0.580877
1677940200000,0.9995,0.9995,0.9995,0.9995,0.127676
1677939300000,0.9995,0.9995,0.9995,0.9995,0
1677938400000,1.00145,1.00145,0.9995,0.9995,0.113827
1677937500000,1.00145,1.00145,1.00145,1.00145,0
1677936600000,1.00145,1.00145,1.00145,1.00145,0
1677935700000,0.9995,1.00145,0.9995,1.00145,0.125181
1677934800000,0.9995,0.9995,0.9995,0.9995,0
1677933900000,0.9995,0.9995,0.9995,0.9995,0.637367
1677933000000,1.00197,1.00197,0.9995,0.9995,1.420356
1677932100000,1.00197,1.00197,1.00197,1.00197,0
1677931200000,1.00167,1.00197,1.00167,1.00197,0.361748
1677930300000,0.9995,1.00193,0.9995,1.00167,0.945541
1677929400000,0.9995,0.9995,0.9995,0.9995,0.340305
1677928500000,0.9995,0.9995,0.9995,0.9995,0
1677927600000,0.9995,0.9995,0.9995,0.9995,0.813849
1677926700000,0.9995,0.9995,0.9995,0.9995,1.116508
1677925800000,1.00138,1.00138,0.9995,0.9995,1.418277
1677924900000,1.002,1.002,1.00138,1.00138,0.11295
1677924000000,1.00171,1.002,1.00171,1.002,0.166426
1677923100000,0.99272,1.00171,0.99272,1.00171,3698.943242
1677922200000,0.99272,0.99272,0.99272,0.99272,0
1677921300000,0.99272,0.99272,0.99272,0.99272,0
1677920400000,0.99954,0.99954,0.99,0.99272,0.691001
1677919500000,0.99955,0.99955,0.99735,0.99954,1.100515
1677918600000,0.99954,0.99955,0.99954,0.99955,0.182195
1677917700000,0.99955,0.99955,0.99954,0.99954,0.469604
1677916800000,0.99955,0.99955,0.99239,0.99955,0.98019
1677915900000,0.99955,0.99955,0.99955,0.99955,0
1677915000000,0.99975,0.99975,0.99901,0.99955,1671.312003
1677914100000,0.99975,0.99975,0.99975,0.99975,0.502922
1677913200000,0.99974,0.99975,0.99974,0.99975,112.025862
1677912300000,0.99901,0.99974,0.99901,0.99974,0.17344
1677911400000,0.99901,0.99901,0.99901,0.99901,0
1677910500000,0.99901,0.99901,0.99901,0.99901,0
1677909600000,0.99901,0.99901,0.99901,0.99901,0.354195
1677908700000,0.9995,0.9995,0.99901,0.99901,0.535996
1677907800000,0.9995,0.9995,0.9995,0.9995,1.282844
1677906900000,0.9995,0.9995,0.9995,0.9995,0.20906
1677906000000,0.99974,0.99974,0.9995,0.9995,0.478997
1677905100000,0.9995,0.99974,0.9995,0.99974,0.431783
1677904200000,0.9995,0.9995,0.9995,0.9995,0
1677903300000,0.9995,0.9995,0.9995,0.9995,0
1677902400000,0.9995,0.9995,0.9995,0.9995,0.551119
1677901500000,0.9995,0.9995,0.9995,0.9995,0.568786
1677900600000,0.9995,0.99968,0.9995,0.9995,1.19471
1677899700000,0.9995,0.9995,0.9995,0.9995,0
1677898800000,0.9995,0.9995,0.9995,0.9995,0.32275
1677897900000,0.9995,0.9995,0.9995,0.9995,0.239045
1677897000000,0.99973,0.99973,0.9995,0.9995,0.87144