1679104800000,1.6,1.6,1.6,1.6,0
1679103000000,1.8209,1.8209,1.6,1.6,687.7
1679101200000,1.8209,1.8209,1.8209,1.8209,0
1679099400000,1.8209,1.8209,1.8209,1.8209,0
1679097600000,1.8209,1.8209,1.8209,1.8209,0
1679095800000,1.7786,1.9357,1.7786,1.8209,524.3795
1679094000000,1.7786,1.7786,1.7786,1.7786,0
1679092200000,1.6566,1.7786,1.6566,1.7786,6.957887
1679090400000,1.6566,1.6566,1.6566,1.6566,0
1679088600000,1.6566,1.6566,1.6566,1.6566,0
1679086800000,1.6566,1.6566,1.6566,1.6566,0
1679085000000,1.6566,1.6566,1.6566,1.6566,0
1679083200000,1.6566,1.6566,1.6566,1.6566,0
1679081400000,1.6566,1.6566,1.6566,1.6566,0
1679079600000,1.6566,1.6566,1.6566,1.6566,0
1679077800000,1.6566,1.6566,1.6566,1.6566,0
1679076000000,1.6566,1.6566,1.6566,1.6566,0
1679074200000,1.6566,1.6566,1.6566,1.6566,0
1679072400000,1.6566,1.6566,1.6566,1.6566,0
1679070600000,1.6566,1.6566,1.6566,1.6566,0
1679068800000,1.6566,1.6566,1.6566,1.6566,0
1679067000000,1.6566,1.6566,1.6566,1.6566,0
1679065200000,1.6566,1.6566,1.6566,1.6566,0
1679063400000,1.6566,1.6566,1.6566,1.6566,0
1679061600000,1.7066,1.7066,1.6566,1.6566,101.59527
1679059800000,1.75,1.75,1.7066,1.7066,3
1679058000000,1.7066,1.75,1.7066,1.75,34
1679056200000,1.7437,1.7437,1.7066,1.7066,1.377844
1679054400000,1.7437,1.7437,1.7437,1.7437,0
1679052600000,1.7437,1.7437,1.7437,1.7437,0
1679050800000,1.7437,1.7437,1.7437,1.7437,0
1679049000000,1.7437,1.7437,1.7437,1.7437,0
1679047200000,1.7437,1.7437,1.7437,1.7437,0
1679045400000,1.7437,1.7437,1.7437,1.7437,0
1679043600000,1.7437,1.7437,1.7437,1.7437,0
1679041800000,1.7437,1.7437,1.7437,1.7437,0
1679040000000,1.7437,1.7437,1.7437,1.7437,0
1679038200000,1.7437,1.7437,1.7437,1.7437,0
1679036400000,1.8141,1.8141,1.7437,1.7437,6.113177
1679034600000,1.8141,1.8141,1.8141,1.8141,0
1679032800000,1.8141,1.8141,1.8141,1.8141,0
1679031000000,1.8141,1.8141,1.8141,1.8141,0
1679029200000,1.8141,1.8141,1.8141,1.8141,0
1679027400000,1.8141,1.8141,1.8141,1.8141,0
1679025600000,1.8141,1.8141,1.8141,1.8141,0
1679023800000,1.8141,1.8141,1.8141,1.8141,0
1679022000000,1.8141,1.8141,1.8141,1.8141,0
1679020200000,1.7436,1.8141,1.7436,1.8141,11.663899
1679018400000,1.624,1.7436,1.624,1.7436,5.664982
1679016600000,1.624,1.624,1.624,1.624,0
1679014800000,1.624,1.624,1.624,1.624,0
1679013000000,1.624,1.624,1.624,1.624,0
1679011200000,1.7264,1.7264,1.624,1.624,2.93108
1679009400000,1.7264,1.7264,1.7264,1.7264,0
1679007600000,1.7264,1.7264,1.7264,1.7264,0
1679005800000,1.7264,1.7264,1.7264,1.7264,0
1679004000000,1.7264,1.7264,1.7264,1.7264,0
1679002200000,1.7264,1.7264,1.7264,1.7264,0
1679000400000,1.7264,1.7264,1.7264,1.7264,0
1678998600000,1.7264,1.7264,1.7264,1.7264,0
1678996800000,1.7264,1.7264,1.7264,1.7264,0
1678995000000,1.7093,1.7264,1.7093,1.7264,2.470505
1678993200000,1.6925,1.7093,1.6925,1.7093,5.244775
1678991400000,1.591,1.6925,1.591,1.6925,3.944738
1678989600000,1.591,1.591,1.591,1.591,0.757168
1678987800000,1.59,1.591,1.59,1.591,24.128886
1678986000000,1.59,1.59,1.59,1.59,0
1678984200000,1.59,1.59,1.59,1.59,0
1678982400000,1.59,1.59,1.59,1.59,0
1678980600000,1.75,1.75,1.59,1.59,286.060819
1678978800000,1.75,1.75,1.75,1.75,0
1678977000000,1.75,1.75,1.75,1.75,0
1678975200000,1.8939,1.8939,1.75,1.75,100
1678973400000,1.8939,1.8939,1.8939,1.8939,0
1678971600000,1.8939,1.8939,1.8939,1.8939,0
1678969800000,1.8939,1.8939,1.8939,1.8939,0
1678968000000,1.77,1.8939,1.77,1.8939,4.892981
1678966200000,1.77,1.77,1.77,1.77,0
1678964400000,1.77,1.77,1.77,1.77,0
1678962600000,1.77,1.77,1.77,1.77,0
1678960800000,1.77,1.77,1.77,1.77,0
1678959000000,1.77,1.77,1.77,1.77,0
1678957200000,1.77,1.77,1.77,1.77,0
1678955400000,1.77,1.77,1.77,1.77,0
1678953600000,1.77,1.77,1.77,1.77,0
1678951800000,1.77,1.77,1.77,1.77,0
1678950000000,1.77,1.77,1.77,1.77,0
1678948200000,1.77,1.77,1.77,1.77,0
1678946400000,1.77,1.77,1.77,1.77,0
1678944600000,1.8029,1.8029,1.77,1.77,6.642466
1678942800000,1.8029,1.8029,1.8029,1.8029,0
1678941000000,1.8029,1.8029,1.8029,1.8029,0
1678939200000,1.8029,1.8029,1.8029,1.8029,0
1678937400000,1.8029,1.8029,1.8029,1.8029,0
1678935600000,1.8029,1.8029,1.8029,1.8029,0
1678933800000,1.8029,1.8029,1.8029,1.8029,0
1678932000000,1.8116,1.8116,1.8029,1.8029,4.892981
1678930200000,1.8116,1.8116,1.8116,1.8116,0
1678928400000,1.8116,1.8116,1.8116,1.8116,0
1678926600000,1.8116,1.8116,1.8116,1.8116,0
1678924800000,1.8116,1.8116,1.8116,1.8116,0
1678923000000,1.8116,1.8116,1.8116,1.8116,0
1678921200000,1.9,1.9,1.8116,1.8116,0.730565
1678919400000,1.9,1.9,1.9,1.9,0
1678917600000,1.9,1.9,1.9,1.9,0
1678915800000,1.9,1.9,1.9,1.9,0
1678914000000,1.9,1.9,1.9,1.9,0
1678912200000,1.9,1.9,1.9,1.9,0
1678910400000,1.9,1.9,1.9,1.9,0
1678908600000,1.9,1.9,1.9,1.9,0
1678906800000,1.9,1.9,1.9,1.9,0
1678905000000,1.9,1.9,1.9,1.9,0
1678903200000,1.9,1.9,1.9,1.9,0
1678901400000,1.9,1.9,1.9,1.9,0
1678899600000,1.9,1.9,1.9,1.9,0
1678897800000,1.9,1.9,1.9,1.9,0
1678896000000,1.9,1.9,1.9,1.9,0
1678894200000,1.9,1.9,1.9,1.9,0
1678892400000,1.9,1.9,1.9,1.9,0
1678890600000,1.9,1.9,1.9,1.9,0
1678888800000,1.9,1.9,1.9,1.9,0
1678887000000,1.9,1.9,1.9,1.9,0
1678885200000,1.9,1.9,1.9,1.9,0
1678883400000,1.9,1.9,1.9,1.9,0
1678881600000,1.8116,1.9,1.8116,1.9,11.464304
1678879800000,1.8116,1.8116,1.8116,1.8116,0
1678878000000,1.8116,1.8116,1.8116,1.8116,0
1678876200000,1.8116,1.8116,1.8116,1.8116,0
1678874400000,1.8116,1.8116,1.8116,1.8116,0
1678872600000,1.8116,1.8116,1.8116,1.8116,0
1678870800000,1.8116,1.8116,1.8116,1.8116,0
1678869000000,1.8116,1.8116,1.8116,1.8116,0
1678867200000,1.9,1.9,1.8116,1.8116,5.964286
1678865400000,1.9,1.9,1.9,1.9,0
1678863600000,1.9,1.9,1.9,1.9,0
1678861800000,1.9,1.9,1.9,1.9,0
1678860000000,1.9,1.9,1.9,1.9,0
1678858200000,1.9,1.9,1.9,1.9,0
1678856400000,1.9,1.9,1.9,1.9,0
1678854600000,1.9,1.9,1.9,1.9,0
1678852800000,1.9,1.9,1.9,1.9,0
1678851000000,1.9,1.9,1.9,1.9,4.021994
1678849200000,1.9,1.9,1.9,1.9,0
1678847400000,1.9,1.9,1.9,1.9,0
1678845600000,1.9,1.9,1.9,1.9,0
1678843800000,1.9,1.9,1.9,1.9,0
1678842000000,1.9,1.9,1.9,1.9,459.554856
1678840200000,1.9,1.9,1.9,1.9,0
1678838400000,1.8324,1.9,1.8324,1.9,4.671379
1678836600000,1.8324,1.8324,1.8324,1.8324,0
1678834800000,1.8533,1.8533,1.8324,1.8324,3.890087
1678833000000,1.8533,1.8533,1.8533,1.8533,0
1678831200000,1.8533,1.8533,1.8533,1.8533,0
1678829400000,1.8533,1.8533,1.8533,1.8533,0
1678827600000,1.8533,1.8533,1.8533,1.8533,0
1678825800000,1.8533,1.8533,1.8533,1.8533,0
1678824000000,1.8533,1.8533,1.8533,1.8533,0
1678822200000,1.8533,1.8533,1.8533,1.8533,0
1678820400000,1.8533,1.8533,1.8533,1.8533,0
1678818600000,1.8533,1.8533,1.8533,1.8533,0
1678816800000,1.8533,1.8533,1.8533,1.8533,0
1678815000000,1.8533,1.8533,1.8533,1.8533,0
1678813200000,1.8533,1.8533,1.8533,1.8533,0
1678811400000,1.8533,1.8533,1.8533,1.8533,0
1678809600000,1.8533,1.8533,1.8533,1.8533,0
1678807800000,1.8533,1.8533,1.8533,1.8533,0
1678806000000,1.8533,1.8533,1.8533,1.8533,0
1678804200000,1.8533,1.8533,1.8533,1.8533,0
1678802400000,1.8533,1.8533,1.8533,1.8533,0
1678800600000,1.8533,1.8533,1.8533,1.8533,0
1678798800000,1.8533,1.8533,1.8533,1.8533,0
1678797000000,1.8533,1.8533,1.8533,1.8533,0
1678795200000,1.8533,1.8533,1.8533,1.8533,0
1678793400000,1.8533,1.8533,1.8533,1.8533,0
1678791600000,1.8533,1.8533,1.8533,1.8533,0
1678789800000,1.8533,1.8533,1.8533,1.8533,0
1678788000000,1.8533,1.8533,1.8533,1.8533,0
1678786200000,1.8533,1.8533,1.8533,1.8533,0
1678784400000,1.8533,1.8533,1.8533,1.8533,0
1678782600000,1.8533,1.8533,1.8533,1.8533,0
1678780800000,1.8533,1.8533,1.8533,1.8533,0
1678779000000,1.8533,1.8533,1.8533,1.8533,0
1678777200000,1.8533,1.8533,1.8533,1.8533,0
1678775400000,1.8533,1.8533,1.8533,1.8533,0
1678773600000,1.8574,1.8574,1.8533,1.8533,3.925264
1678771800000,1.8574,1.8574,1.8574,1.8574,0
1678770000000,1.8741,1.8741,1.8574,1.8574,2
1678768200000,1.8741,1.8741,1.8741,1.8741,0
1678766400000,1.8741,1.8741,1.8741,1.8741,0
1678764600000,1.8741,1.8741,1.8741,1.8741,0
1678762800000,1.8741,1.8741,1.8741,1.8741,0
1678761000000,1.8899,1.8899,1.8741,1.8741,6.589601
1678759200000,1.8899,1.8899,1.8899,1.8899,0
1678757400000,2.0493,2.0957,1.8899,1.8899,50.263245
1678755600000,2.0493,2.0493,2.0493,2.0493,0
1678753800000,2.0749,2.0749,2.0493,2.0493,1.568688
1678752000000,2.0749,2.0749,2.0749,2.0749,0
1678750200000,2.0749,2.0749,2.0749,2.0749,0
1678748400000,2.07,2.0749,2.07,2.0749,62.234324
1678746600000,2.07,2.07,2.07,2.07,0
1678744800000,2.07,2.07,2.07,2.07,0
1678743000000,2.07,2.07,2.07,2.07,23.077292
1678741200000,1.8899,2.07,1.8899,2.07,33.597254
1678739400000,1.8899,1.8899,1.8899,1.8899,0
1678737600000,1.8899,1.8899,1.8899,1.8899,0
1678735800000,2.04,2.04,1.8899,1.8899,20
1678734000000,2.04,2.04,2.04,2.04,4.394693
1678732200000,1.96,2.04,1.96,2.04,68.487691
1678730400000,1.8899,1.96,1.8899,1.96,382.23
1678728600000,1.8899,1.8899,1.8899,1.8899,0
1678726800000,1.8899,1.8899,1.8899,1.8899,0
1678725000000,1.8899,1.8899,1.8899,1.8899,0
1678723200000,1.8899,1.8899,1.8899,1.8899,17.650257
1678721400000,1.8899,1.8899,1.8899,1.8899,0
1678719600000,1.8899,1.8899,1.8899,1.8899,0
1678717800000,1.75,1.8899,1.75,1.8899,51.074023
1678716000000,1.75,1.75,1.75,1.75,0
1678714200000,1.75,1.75,1.75,1.75,0
1678712400000,1.7954,1.7954,1.75,1.75,14.966496
1678710600000,1.8899,1.8899,1.7954,1.7954,1523.81437
1678708800000,1.8899,1.8899,1.8899,1.8899,0
1678707000000,1.8899,1.8899,1.8899,1.8899,0
1678705200000,1.8899,1.8899,1.8899,1.8899,7.112772
1678703400000,1.8899,1.8899,1.8899,1.8899,0
1678701600000,1.8899,1.8899,1.8899,1.8899,0
1678699800000,1.8899,1.8899,1.8899,1.8899,0
1678698000000,1.8899,1.8899,1.8899,1.8899,0
1678696200000,1.8899,1.8899,1.8899,1.8899,0
1678694400000,1.8899,1.8899,1.8899,1.8899,0
1678692600000,1.8899,1.8899,1.8899,1.8899,0
1678690800000,1.8899,1.8899,1.8899,1.8899,0
1678689000000,1.8899,1.8899,1.8899,1.8899,0
1678687200000,1.8899,1.8899,1.8899,1.8899,0
1678685400000,1.8899,1.8899,1.8899,1.8899,0
1678683600000,1.8899,1.8899,1.8899,1.8899,0
1678681800000,1.8899,1.8899,1.8899,1.8899,0
1678680000000,1.8899,1.8899,1.8899,1.8899,3.254878
1678678200000,1.8899,1.8899,1.8899,1.8899,0
1678676400000,1.8899,1.8899,1.8899,1.8899,0
1678674600000,1.8,1.8899,1.8,1.8899,24.951801
1678672800000,1.8,1.8,1.8,1.8,0.055555
1678671000000,1.7987,1.8,1.7987,1.8,53.134603
1678669200000,1.8,1.8,1.7987,1.7987,26.849622
1678667400000,1.8,1.8,1.8,1.8,0
1678665600000,1.8,1.8,1.8,1.8,0
1678663800000,1.8,1.8,1.8,1.8,0
1678662000000,1.8,1.8,1.8,1.8,0
1678660200000,1.8,1.8,1.8,1.8,0
1678658400000,1.55,1.8,1.55,1.8,8.883362
1678656600000,1.55,1.55,1.55,1.55,0
1678654800000,1.55,1.55,1.55,1.55,0
1678653000000,1.55,1.55,1.55,1.55,0
1678651200000,1.55,1.55,1.55,1.55,0
1678649400000,1.55,1.55,1.55,1.55,0
1678647600000,1.55,1.55,1.55,1.55,0
1678645800000,1.55,1.55,1.55,1.55,0
1678644000000,1.55,1.55,1.55,1.55,0
1678642200000,1.55,1.55,1.55,1.55,0
1678640400000,1.55,1.55,1.55,1.55,0
1678638600000,1.55,1.55,1.55,1.55,0
1678636800000,1.55,1.55,1.55,1.55,0
1678635000000,1.55,1.55,1.5001,1.55,66.500904
1678633200000,1.65,1.65,1.55,1.55,98.545647
1678631400000,1.65,1.65,1.65,1.65,0
1678629600000,1.65,1.65,1.65,1.65,0
1678627800000,1.65,1.65,1.65,1.65,0
1678626000000,1.65,1.65,1.65,1.65,0
1678624200000,1.65,1.65,1.65,1.65,0
1678622400000,1.65,1.65,1.65,1.65,0
1678620600000,1.65,1.65,1.65,1.65,0
1678618800000,1.65,1.65,1.65,1.65,0
1678617000000,1.65,1.65,1.65,1.65,0
1678615200000,1.65,1.65,1.65,1.65,0
1678613400000,1.65,1.65,1.65,1.65,0
1678611600000,1.65,1.65,1.65,1.65,0
1678609800000,1.65,1.65,1.65,1.65,0
1678608000000,1.65,1.65,1.65,1.65,0
1678606200000,1.65,1.65,1.65,1.65,0
1678604400000,1.65,1.65,1.65,1.65,0
1678602600000,1.65,1.65,1.65,1.65,0
1678600800000,1.65,1.65,1.65,1.65,0
1678599000000,1.65,1.65,1.65,1.65,0
1678597200000,1.65,1.65,1.65,1.65,0
1678595400000,1.65,1.65,1.65,1.65,0
1678593600000,1.65,1.65,1.65,1.65,0
1678591800000,1.65,1.65,1.65,1.65,1214.789718
1678590000000,1.8,1.8,1.65,1.65,60.431028
1678588200000,1.8,1.8,1.8,1.8,0
1678586400000,1.8,1.8,1.8,1.8,0
1678584600000,1.8,1.8,1.8,1.8,0
1678582800000,1.8,1.8,1.65,1.8,1.318319
1678581000000,1.8,1.8,1.65,1.8,290.558319
1678579200000,1.8,1.8,1.8,1.8,0
1678577400000,1.8,1.8,1.8,1.8,0
1678575600000,1.8,1.8,1.8,1.8,0
1678573800000,1.8,1.8,1.8,1.8,0
1678572000000,1.8,1.8,1.8,1.8,0
1678570200000,1.8,1.8,1.8,1.8,0
1678568400000,1.8,1.8,1.8,1.8,0
1678566600000,1.8,1.8,1.8,1.8,0
1678564800000,1.8,1.8,1.8,1.8,0
1678563000000,1.8,1.8,1.8,1.8,0
1678561200000,1.8,1.8,1.8,1.8,0
1678559400000,1.8,1.8,1.8,1.8,0
1678557600000,1.8,1.8,1.8,1.8,0
1678555800000,1.8,1.8,1.8,1.8,0
1678554000000,1.8,1.8,1.8,1.8,0
1678552200000,1.8,1.8,1.8,1.8,0
1678550400000,1.8,1.8,1.8,1.8,0
1678548600000,1.8,1.8,1.8,1.8,0
1678546800000,1.8,1.8,1.8,1.8,0
1678545000000,1.8,1.8,1.8,1.8,0
1678543200000,1.8,1.8,1.65,1.8,101.558319
1678541400000,1.8,1.8,1.8,1.8,0
1678539600000,1.75,1.84,1.75,1.8,81.15971
1678537800000,1.75,1.75,1.75,1.75,0
1678536000000,1.8419,1.8419,1.75,1.75,0.114285
1678534200000,1.8419,1.8419,1.8419,1.8419,0
1678532400000,1.8419,1.8419,1.8419,1.8419,0
1678530600000,1.8419,1.8419,1.8419,1.8419,0
1678528800000,1.8419,1.8419,1.8419,1.8419,0
1678527000000,1.8419,1.8419,1.8419,1.8419,0
1678525200000,1.8419,1.8419,1.8419,1.8419,0
1678523400000,1.8419,1.8419,1.8419,1.8419,0
1678521600000,1.8419,1.8419,1.8419,1.8419,0
1678519800000,1.8419,1.8419,1.8419,1.8419,0
1678518000000,1.8419,1.8419,1.8419,1.8419,0
1678516200000,1.8419,1.8419,1.8419,1.8419,0
1678514400000,1.8419,1.8419,1.8419,1.8419,0
1678512600000,1.8419,1.8419,1.8419,1.8419,0
1678510800000,1.8419,1.8419,1.8419,1.8419,0
1678509000000,1.8419,1.8419,1.8419,1.8419,0
1678507200000,1.8419,1.8419,1.8419,1.8419,0
1678505400000,1.8419,1.8419,1.8419,1.8419,0
1678503600000,1.8419,1.8419,1.8419,1.8419,0
1678501800000,1.75,1.8419,1.75,1.8419,0.545592
1678500000000,1.75,1.75,1.75,1.75,0
1678498200000,1.75,1.75,1.75,1.75,0
1678496400000,1.75,1.75,1.75,1.75,0
1678494600000,1.8603,1.8603,1.75,1.75,0.000001
1678492800000,1.86,1.8603,1.86,1.8603,0.540193
1678491000000,1.86,1.86,1.86,1.86,0
1678489200000,1.86,1.86,1.86,1.86,0
1678487400000,1.8976,1.8976,1.75,1.86,1607.08654
1678485600000,1.75,1.8976,1.75,1.8976,11.312537
1678483800000,1.75,1.75,1.75,1.75,0
1678482000000,1.75,1.75,1.75,1.75,0
1678480200000,1.75,1.75,1.75,1.75,0
1678478400000,1.75,1.75,1.75,1.75,0
1678476600000,1.75,1.75,1.75,1.75,0
1678474800000,1.75,1.75,1.75,1.75,0
1678473000000,1.75,1.75,1.75,1.75,0
1678471200000,1.75,1.75,1.75,1.75,0
1678469400000,1.75,1.75,1.75,1.75,0
1678467600000,1.75,1.75,1.75,1.75,0
1678465800000,1.7675,1.8789,1.75,1.75,5.622686
1678464000000,1.8976,1.8976,1.7664,1.7675,66.276485
1678462200000,1.8419,1.8976,1.8419,1.8976,830.901084
1678460400000,1.8419,1.8419,1.8419,1.8419,0
1678458600000,1.8419,1.8419,1.8419,1.8419,0
1678456800000,1.8419,1.8419,1.8419,1.8419,0
1678455000000,1.8419,1.8419,1.8419,1.8419,0
1678453200000,1.8419,1.8419,1.8419,1.8419,0
1678451400000,1.8419,1.8419,1.8419,1.8419,0
1678449600000,1.75,1.8419,1.75,1.8419,2.07433
1678447800000,1.7675,1.7675,1.75,1.75,63.087
1678446000000,1.7675,1.7675,1.7675,1.7675,0
1678444200000,1.7675,1.7675,1.7675,1.7675,0
1678442400000,1.7675,1.7675,1.7675,1.7675,0
1678440600000,1.7675,1.7675,1.7675,1.7675,0
1678438800000,1.7675,1.7675,1.7675,1.7675,0
1678437000000,1.7675,1.7675,1.7675,1.7675,0
1678435200000,1.7675,1.7675,1.7675,1.7675,0
1678433400000,1.77,1.77,1.7675,1.7675,181.512
1678431600000,1.77,1.77,1.77,1.77,0
1678429800000,1.77,1.77,1.77,1.77,0
1678428000000,1.77,1.77,1.77,1.77,0
1678426200000,1.77,1.77,1.77,1.77,0
1678424400000,1.77,1.77,1.77,1.77,0
1678422600000,1.77,1.77,1.77,1.77,0
1678420800000,1.77,1.77,1.77,1.77,7.377518
1678419000000,1.77,1.77,1.77,1.77,0
1678417200000,1.77,1.77,1.77,1.77,0
1678415400000,1.77,1.77,1.77,1.77,0
1678413600000,1.77,1.77,1.77,1.77,0
1678411800000,1.77,1.77,1.77,1.77,0
1678410000000,1.85,1.85,1.77,1.77,389.03955
1678408200000,1.85,1.85,1.85,1.85,0
1678406400000,1.9744,1.9744,1.85,1.85,361.721
1678404600000,1.9744,1.9744,1.9744,1.9744,0
1678402800000,2.0311,2.0311,1.86,1.9744,137.318432
1678401000000,2.0719,2.0719,2.0311,2.0311,5.249343
1678399200000,2.0719,2.0719,2.0719,2.0719,0
1678397400000,2.0719,2.0719,2.0719,2.0719,0
1678395600000,2.2467,2.2467,2.0719,2.0719,229.021211
1678393800000,2.21,2.2467,2.21,2.2467,5.400259
1678392000000,1.8598,2.21,1.8598,2.21,1212.535121
1678390200000,1.8598,1.8598,1.8598,1.8598,1915.790301
1678388400000,1.8598,1.8598,1.8598,1.8598,0
1678386600000,1.8598,1.8598,1.8598,1.8598,184.465785
1678384800000,1.8598,1.8598,1.8598,1.8598,0
1678383000000,1.8598,1.8598,1.8598,1.8598,0
1678381200000,1.8598,1.8598,1.8598,1.8598,0
1678379400000,1.8598,1.8598,1.8598,1.8598,0
1678377600000,1.8598,1.8598,1.8598,1.8598,0
1678375800000,1.84,1.8598,1.84,1.8598,51.901984
1678374000000,1.84,1.84,1.84,1.84,0
1678372200000,1.75,1.84,1.75,1.84,64.600523
1678370400000,1.75,1.75,1.75,1.75,0
1678368600000,1.84,1.84,1.75,1.75,50.082354
1678366800000,1.84,1.84,1.84,1.84,0
1678365000000,1.84,1.84,1.84,1.84,0
1678363200000,1.84,1.84,1.84,1.84,0
1678361400000,1.84,1.84,1.84,1.84,0
1678359600000,1.84,1.84,1.84,1.84,0
1678357800000,1.84,1.84,1.84,1.84,0
1678356000000,1.84,1.84,1.84,1.84,0
1678354200000,1.84,1.84,1.84,1.84,0
1678352400000,1.84,1.84,1.84,1.84,0
1678350600000,1.84,1.84,1.84,1.84,0
1678348800000,1.84,1.84,1.84,1.84,0
1678347000000,1.84,1.84,1.84,1.84,0
1678345200000,1.84,1.84,1.84,1.84,0
1678343400000,1.84,1.84,1.84,1.84,0
1678341600000,1.84,1.84,1.84,1.84,0
1678339800000,1.84,1.84,1.84,1.84,0
1678338000000,1.84,1.84,1.84,1.84,0
1678336200000,1.84,1.84,1.84,1.84,0
1678334400000,1.84,1.84,1.84,1.84,0
1678332600000,1.84,1.84,1.84,1.84,0
1678330800000,1.84,1.84,1.84,1.84,0
1678329000000,1.84,1.84,1.84,1.84,0
1678327200000,1.84,1.84,1.84,1.84,0
1678325400000,1.84,1.84,1.84,1.84,0
1678323600000,1.84,1.84,1.84,1.84,0
1678321800000,1.8199,1.84,1.75,1.84,35.99332
1678320000000,1.8199,1.8199,1.8199,1.8199,0
1678318200000,1.82,1.82,1.8199,1.8199,309.494148
1678316400000,1.82,1.82,1.82,1.82,0
1678314600000,1.82,1.82,1.82,1.82,0
1678312800000,1.82,1.82,1.82,1.82,112
1678311000000,1.82,1.82,1.82,1.82,0
1678309200000,1.86,1.86,1.82,1.82,88.721234
1678307400000,1.86,1.86,1.86,1.86,0
1678305600000,1.86,1.86,1.86,1.86,0
1678303800000,1.86,1.86,1.86,1.86,28.212902
1678302000000,1.95,2.014,1.7675,1.86,1406.124127
1678300200000,1.95,1.95,1.95,1.95,0
1678298400000,1.95,1.95,1.95,1.95,0
1678296600000,1.95,1.95,1.95,1.95,0
1678294800000,1.95,1.95,1.95,1.95,0
1678293000000,1.95,1.95,1.95,1.95,0
1678291200000,1.95,1.95,1.95,1.95,0
1678289400000,1.95,1.95,1.95,1.95,0
1678287600000,1.95,1.95,1.95,1.95,0
1678285800000,1.95,1.95,1.95,1.95,0
1678284000000,1.95,1.95,1.95,1.95,0
1678282200000,1.95,1.95,1.95,1.95,0
1678280400000,1.95,1.95,1.95,1.95,0
1678278600000,1.95,1.95,1.95,1.95,0
1678276800000,1.95,1.95,1.95,1.95,0
1678275000000,1.95,1.95,1.95,1.95,0
1678273200000,1.95,1.95,1.95,1.95,0
1678271400000,1.95,1.95,1.95,1.95,0
1678269600000,1.95,1.95,1.95,1.95,0
1678267800000,1.95,1.95,1.95,1.95,0
1678266000000,1.95,1.95,1.95,1.95,0
1678264200000,1.95,1.95,1.95,1.95,0.594527
1678262400000,1.95,1.95,1.95,1.95,100
1678260600000,1.95,1.95,1.95,1.95,0
1678258800000,1.95,1.95,1.95,1.95,0
1678257000000,1.95,1.95,1.95,1.95,0
1678255200000,1.95,1.95,1.95,1.95,0
1678253400000,1.95,1.95,1.95,1.95,0
1678251600000,1.95,1.95,1.95,1.95,0
1678249800000,1.95,1.95,1.95,1.95,0
1678248000000,1.95,1.95,1.95,1.95,0
1678246200000,1.95,1.95,1.95,1.95,13.325745
1678244400000,1.95,1.95,1.95,1.95,0
1678242600000,1.95,1.95,1.95,1.95,209.215067
1678240800000,2.0544,2.0544,1.95,1.95,6.973165
1678239000000,1.97,2.0544,1.97,2.0544,4.36383
1678237200000,1.97,1.97,1.97,1.97,0
1678235400000,1.95,1.97,1.95,1.97,11.874337
1678233600000,1.95,1.95,1.95,1.95,0
1678231800000,1.95,1.95,1.95,1.95,0
1678230000000,2.1679,2.1679,1.95,1.95,544.839245
1678228200000,2.1679,2.1679,2.1679,2.1679,0
1678226400000,2.1679,2.1679,2.1679,2.1679,0
1678224600000,2.1679,2.1679,2.1679,2.1679,0
1678222800000,2.282,2.282,2.1679,2.1679,14.797505
1678221000000,2.282,2.282,2.282,2.282,2.668028
1678219200000,2.2899,2.2899,2.282,2.282,155.538007
1678217400000,2.3,2.3,2.2899,2.2899,1.733727
1678215600000,2.3,2.3,2.1774,2.3,137.196971
1678213800000,2.2025,2.3,2.2025,2.3,65.829276
1678212000000,1.97,2.2025,1.97,2.2025,45.211159
1678210200000,1.9519,1.97,1.9519,1.97,83.79338
1678208400000,1.9519,1.9519,1.9519,1.9519,0
1678206600000,1.9519,1.9519,1.9519,1.9519,0
1678204800000,1.9519,1.9519,1.9519,1.9519,0
1678203000000,2.0719,2.0719,1.9519,1.9519,16.395807
1678201200000,2.011,2.0719,2.011,2.0719,0.668927
1678199400000,2.011,2.011,2.011,2.011,0
1678197600000,2.011,2.011,2.011,2.011,0
1678195800000,2.011,2.011,2.011,2.011,0
1678194000000,2.011,2.011,2.011,2.011,0
1678192200000,2.011,2.011,2.011,2.011,0
1678190400000,2.0719,2.0719,2.011,2.011,55.077076
1678188600000,2.0719,2.0719,2.0719,2.0719,0
1678186800000,2.0719,2.0719,2.0719,2.0719,0
1678185000000,2.0719,2.0719,2.0719,2.0719,0.729138
1678183200000,2.0719,2.0719,2.0719,2.0719,0
1678181400000,2.0719,2.0719,2.0719,2.0719,0
1678179600000,2.0719,2.0719,2.0719,2.0719,0
1678177800000,2.0719,2.0719,2.0719,2.0719,0
1678176000000,2.0719,2.0719,2.0719,2.0719,0
1678174200000,2.0719,2.0719,2.0719,2.0719,0
1678172400000,2.0719,2.0719,2.0719,2.0719,0
1678170600000,2.0719,2.0719,2.0719,2.0719,0
1678168800000,2.0719,2.0719,2.0719,2.0719,0
1678167000000,2.1135,2.1135,2.0719,2.0719,8
1678165200000,2.1135,2.1135,2.1135,2.1135,0
1678163400000,2.1135,2.1135,2.1135,2.1135,0
1678161600000,2.3,2.3,2.1135,2.1135,9.727822
1678159800000,2.2918,2.3,2.2918,2.3,71.819165
1678158000000,2.3,2.3,2.011,2.2918,178.37866
1678156200000,2.3,2.3,2.1774,2.3,6.209493
1678154400000,2.28,2.3,1.9714,2.3,822.386903
1678152600000,1.9911,2.28,1.9911,2.28,120.919629
1678150800000,2.2749,2.2749,1.9911,1.9911,39.065
1678149000000,2.2749,2.2749,2.2749,2.2749,0
1678147200000,2.2749,2.2749,2.2749,2.2749,0
1678145400000,2.2749,2.2749,2.2749,2.2749,0
1678143600000,2.2749,2.2749,2.2749,2.2749,0
1678141800000,2.2749,2.2749,2.2749,2.2749,0
1678140000000,2.2749,2.2749,2.2749,2.2749,0
1678138200000,2.2245,2.2749,2.2245,2.2749,208.185556
1678136400000,2.2245,2.2245,2.2245,2.2245,0
1678134600000,2.0719,2.2245,2.0719,2.2245,45.850101
1678132800000,2.0719,2.0719,2.0719,2.0719,0
1678131000000,2.0719,2.0719,2.0719,2.0719,0
1678129200000,2.0719,2.0719,2.0719,2.0719,0
1678127400000,2.0719,2.0719,2.0719,2.0719,0
1678125600000,2.0719,2.0719,2.0719,2.0719,0
1678123800000,2.0719,2.0719,2.0719,2.0719,0
1678122000000,2.0719,2.0719,2.0719,2.0719,0
1678120200000,2.0719,2.0719,2.0719,2.0719,0
1678118400000,2.094,2.094,2.0719,2.0719,0.787306
1678116600000,2.094,2.094,2.094,2.094,0
1678114800000,2.0719,2.094,2.0719,2.094,0.167144
1678113000000,2.0926,2.0926,2.0719,2.0719,3.817197
1678111200000,2.0926,2.0926,2.0926,2.0926,0
1678109400000,2.0926,2.0926,2.0926,2.0926,0
1678107600000,2.0926,2.0926,2.0926,2.0926,0
1678105800000,2.0926,2.0926,2.0926,2.0926,0
1678104000000,2.0926,2.0926,2.0926,2.0926,0
1678102200000,2.0926,2.0926,2.0926,2.0926,0
1678100400000,2.0926,2.0926,2.0926,2.0926,0
1678098600000,2.2466,2.2466,2.0926,2.0926,3
1678096800000,2.2466,2.2466,2.2466,2.2466,0
1678095000000,2.2466,2.2466,2.2466,2.2466,0
1678093200000,2.2466,2.2466,2.2466,2.2466,0
1678091400000,2.2466,2.2466,2.2466,2.2466,0
1678089600000,2.2466,2.2466,2.2466,2.2466,0
1678087800000,2.2466,2.2466,2.2466,2.2466,0
1678086000000,2.2466,2.2466,2.2466,2.2466,0
1678084200000,2.2466,2.2466,2.2466,2.2466,0
1678082400000,2.2466,2.2466,2.2466,2.2466,0
1678080600000,2.2466,2.2466,2.2466,2.2466,0
1678078800000,2.2466,2.2466,2.2466,2.2466,0
1678077000000,2.1135,2.2466,2.1135,2.2466,3.990433
1678075200000,2.1135,2.1135,2.1135,2.1135,0
1678073400000,2.1135,2.1135,2.1135,2.1135,0
1678071600000,2.1135,2.1135,2.1135,2.1135,0
1678069800000,2.1135,2.1135,2.1135,2.1135,0
1678068000000,2.2749,2.2749,2.1135,2.1135,9.03007
1678066200000,2.2749,2.2749,2.2749,2.2749,0
1678064400000,2.2749,2.2749,2.2749,2.2749,46.923466
1678062600000,2.2749,2.2749,2.2747,2.2749,211.209927
1678060800000,2.2749,2.2749,2.2749,2.2749,0
1678059000000,2.26,2.2749,2.25,2.2749,80.881476
1678057200000,2.26,2.26,2.26,2.26,0
1678055400000,2.26,2.26,2.26,2.26,9.03007
1678053600000,1.8759,2.26,1.8759,2.26,1002.15249
1678051800000,1.8759,1.8759,1.8759,1.8759,0
1678050000000,1.8759,1.8759,1.8759,1.8759,0
1678048200000,1.8,1.98,1.8,1.8759,102.862314
1678046400000,1.8891,1.8891,1.8,1.8,80
1678044600000,1.8891,1.8891,1.8891,1.8891,0
1678042800000,1.8891,1.8891,1.8891,1.8891,0
1678041000000,1.8891,1.8891,1.8891,1.8891,0
1678039200000,1.8891,1.8891,1.8891,1.8891,0
1678037400000,1.8891,1.8891,1.8891,1.8891,0
1678035600000,1.8891,1.8891,1.8891,1.8891,0
1678033800000,1.8891,1.8891,1.8891,1.8891,0
1678032000000,1.8891,1.8891,1.8891,1.8891,0
1678030200000,1.8891,1.8891,1.8891,1.8891,0
1678028400000,1.97,1.97,1.8891,1.8891,37.855134
1678026600000,1.97,1.97,1.97,1.97,0
1678024800000,1.97,1.97,1.97,1.97,0
1678023000000,1.8,1.97,1.8,1.97,100
1678021200000,1.8,1.8,1.8,1.8,0
1678019400000,1.8,1.8,1.8,1.8,0
1678017600000,1.8,1.8,1.8,1.8,0
1678015800000,1.8,1.8,1.8,1.8,0
1678014000000,1.8,1.8,1.8,1.8,0
1678012200000,1.8,1.8,1.8,1.8,0
1678010400000,1.8,1.8,1.8,1.8,0
1678008600000,1.8,1.8,1.8,1.8,0
1678006800000,1.8,1.8,1.8,1.8,0
1678005000000,1.8,1.8,1.8,1.8,0
1678003200000,1.8,1.8,1.8,1.8,0
1678001400000,1.8,1.8,1.8,1.8,0
1677999600000,1.8,1.8,1.8,1.8,0
1677997800000,1.8,1.8,1.8,1.8,0
1677996000000,1.8,1.8,1.8,1.8,0
1677994200000,1.8,1.8,1.8,1.8,0
1677992400000,1.8,1.8,1.8,1.8,0
1677990600000,1.8,1.8,1.8,1.8,0
1677988800000,1.8,1.8,1.8,1.8,0
1677987000000,1.8,1.8,1.8,1.8,0
1677985200000,1.8,1.8,1.8,1.8,0
1677983400000,1.8789,1.88,1.8,1.8,100
1677981600000,1.8789,1.8789,1.8789,1.8789,0
1677979800000,1.8789,1.8789,1.8789,1.8789,0
1677978000000,1.8789,1.8789,1.8789,1.8789,0
1677976200000,1.8789,1.8789,1.8789,1.8789,0
1677974400000,1.8789,1.8789,1.8789,1.8789,0
1677972600000,1.7675,1.8789,1.7675,1.8789,2.925
1677970800000,1.7675,1.7675,1.7675,1.7675,0
1677969000000,1.7675,1.7675,1.7675,1.7675,0
1677967200000,1.7675,1.7675,1.7675,1.7675,0
1677965400000,1.8574,1.8574,1.7675,1.7675,25.37117
1677963600000,1.927,1.927,1.8574,1.8574,20.711779
1677961800000,1.927,1.927,1.927,1.927,0
1677960000000,1.927,1.927,1.927,1.927,0
1677958200000,1.927,1.927,1.927,1.927,0
1677956400000,1.927,1.927,1.927,1.927,0
1677954600000,1.927,1.927,1.927,1.927,0
1677952800000,1.927,1.927,1.927,1.927,0
1677951000000,1.927,1.927,1.927,1.927,0
1677949200000,1.927,1.927,1.927,1.927,0
1677947400000,1.927,1.927,1.927,1.927,0
1677945600000,1.927,1.927,1.927,1.927,0
1677943800000,1.927,1.927,1.927,1.927,0
1677942000000,1.927,1.927,1.927,1.927,0
1677940200000,1.927,1.927,1.927,1.927,0
1677938400000,1.927,1.927,1.927,1.927,0
1677936600000,1.927,1.927,1.927,1.927,0
1677934800000,1.927,1.927,1.927,1.927,0
1677933000000,1.927,1.927,1.927,1.927,0
1677931200000,1.927,1.927,1.927,1.927,0
1677929400000,1.927,1.927,1.927,1.927,0
1677927600000,1.927,1.927,1.927,1.927,0
1677925800000,1.927,1.927,1.927,1.927,0
1677924000000,2.05,2.05,1.927,1.927,10.414143
1677922200000,2.05,2.05,2.05,2.05,0
1677920400000,2.05,2.05,2.05,2.05,0
1677918600000,2.05,2.05,2.05,2.05,0
1677916800000,2.05,2.05,2.05,2.05,0
1677915000000,2.05,2.05,2.05,2.05,0
1677913200000,2.05,2.05,2.05,2.05,0
1677911400000,1.97,2.05,1.97,2.05,0.541203
1677909600000,1.97,1.97,1.97,1.97,0
1677907800000,1.97,1.97,1.97,1.97,0
1677906000000,1.97,1.97,1.97,1.97,0
1677904200000,1.97,1.97,1.97,1.97,0
1677902400000,1.97,1.97,1.97,1.97,0
1677900600000,1.97,1.97,1.97,1.97,0
1677898800000,1.97,1.97,1.97,1.97,0
1677897000000,1.97,1.97,1.97,1.97,0
1677895200000,1.97,1.97,1.97,1.97,0
1677893400000,2.05,2.05,1.97,1.97,8.874738
1677891600000,2.05,2.05,2.05,2.05,2.958627
1677889800000,2.05,2.05,2.05,2.05,0
1677888000000,2.05,2.05,2.05,2.05,0
1677886200000,2.05,2.05,2.05,2.05,161.083434
1677884400000,2.05,2.05,2.05,2.05,0
1677882600000,2.05,2.05,2.05,2.05,2.44271
1677880800000,2.05,2.05,2.05,2.05,45.391447
1677879000000,2.05,2.05,2.05,2.05,0
1677877200000,2.05,2.05,2.05,2.05,0
1677875400000,1.955,2.05,1.955,2.05,54.788137
1677873600000,1.8574,1.955,1.8574,1.955,2.925
1677871800000,1.8574,1.8574,1.8574,1.8574,0
1677870000000,1.8574,1.8574,1.8574,1.8574,0
1677868200000,1.8574,1.8574,1.8574,1.8574,0
1677866400000,1.8574,1.8574,1.8574,1.8574,0
1677864600000,1.8574,1.8574,1.8574,1.8574,0
1677862800000,1.8574,1.8574,1.8574,1.8574,0
1677861000000,1.8574,1.8574,1.8574,1.8574,0
1677859200000,1.8574,1.8574,1.8574,1.8574,0
1677857400000,1.8574,1.8574,1.8574,1.8574,0
1677855600000,1.8574,1.8574,1.8574,1.8574,0
1677853800000,1.8574,1.8574,1.8574,1.8574,0
1677852000000,1.8574,1.8574,1.8574,1.8574,0
1677850200000,1.8574,1.8574,1.8574,1.8574,0
1677848400000,1.8574,1.8574,1.8574,1.8574,0
1677846600000,1.8574,1.8574,1.8574,1.8574,0
1677844800000,1.8574,1.8574,1.8574,1.8574,0
1677843000000,1.8574,1.8574,1.8574,1.8574,0
1677841200000,1.8574,1.8574,1.8574,1.8574,0
1677839400000,1.8574,1.8574,1.8574,1.8574,0
1677837600000,1.8574,1.8574,1.8574,1.8574,0
1677835800000,1.8574,1.8574,1.8574,1.8574,0
1677834000000,1.8574,1.8574,1.8574,1.8574,0
1677832200000,1.8574,1.8574,1.8574,1.8574,0
1677830400000,1.8574,1.8574,1.8574,1.8574,0
1677828600000,1.8574,1.8574,1.8574,1.8574,0
1677826800000,1.8574,1.8574,1.8574,1.8574,0
1677825000000,1.8574,1.8574,1.8574,1.8574,0
1677823200000,1.8574,1.8574,1.8574,1.8574,0
1677821400000,1.8574,1.8574,1.8574,1.8574,0
1677819600000,1.8574,1.8574,1.8574,1.8574,0
1677817800000,1.8574,1.8574,1.8574,1.8574,0
1677816000000,1.8574,1.8574,1.8574,1.8574,2660.758011
1677814200000,1.8574,1.8574,1.8574,1.8574,1102.197099
1677812400000,1.8759,1.8759,1.8574,1.8574,2.798466
1677810600000,2.0341,2.0341,1.8759,1.8759,6.795798
1677808800000,2.0341,2.0341,2.0341,2.0341,0
1677807000000,2.0341,2.0341,2.0341,2.0341,0
1677805200000,2.0341,2.0341,2.0341,2.0341,0
1677803400000,2.0341,2.0341,2.0341,2.0341,0
1677801600000,2.0341,2.0341,2.0341,2.0341,0
1677799800000,2.0341,2.0341,2.0341,2.0341,0
1677798000000,2.0341,2.0341,2.0341,2.0341,0
1677796200000,1.8946,2.0341,1.8946,2.0341,4.407376
1677794400000,1.9941,1.9941,1.8946,1.8946,22.105563
1677792600000,1.9941,1.9941,1.9941,1.9941,0
1677790800000,1.9941,1.9941,1.9941,1.9941,0
1677789000000,1.9941,1.9941,1.9941,1.9941,0
1677787200000,1.9941,1.9941,1.9941,1.9941,0
1677785400000,1.8591,1.9941,1.8591,1.9941,5.85
1677783600000,1.8591,1.8591,1.8591,1.8591,0
1677781800000,1.8591,1.8591,1.8591,1.8591,0
1677780000000,1.8591,1.8591,1.8591,1.8591,0
1677778200000,1.8591,1.8591,1.8591,1.8591,0
1677776400000,1.8591,1.8591,1.8591,1.8591,0
1677774600000,1.8591,1.8591,1.8591,1.8591,0
1677772800000,1.8591,1.8591,1.8591,1.8591,0
1677771000000,1.9519,1.9519,1.8591,1.8591,1198.620096
1677769200000,1.9519,1.9519,1.9519,1.9519,0
1677767400000,1.9519,1.9519,1.9519,1.9519,0
1677765600000,1.9519,1.9519,1.9519,1.9519,0
1677763800000,1.9519,1.9519,1.9519,1.9519,0
1677762000000,1.9519,1.9519,1.9519,1.9519,0
1677760200000,1.9519,1.9519,1.9519,1.9519,0
1677758400000,2.0544,2.0544,1.9519,1.9519,55.801017
1677756600000,2.0544,2.0544,2.0544,2.0544,0
1677754800000,2.0544,2.0544,2.0544,2.0544,0
1677753000000,2.0544,2.0544,2.0544,2.0544,0
1677751200000,2.0544,2.0544,2.0544,2.0544,0
1677749400000,2.0544,2.0544,2.0544,2.0544,0
1677747600000,1.9519,2.0544,1.9519,2.0544,1.94217
1677745800000,1.9519,1.9519,1.9519,1.9519,0
1677744000000,1.9519,1.9519,1.9519,1.9519,0
1677742200000,1.9519,1.9519,1.9519,1.9519,0
1677740400000,1.9519,1.9519,1.9519,1.9519,0
1677738600000,1.9519,1.9519,1.9519,1.9519,0
1677736800000,1.9519,1.9519,1.9519,1.9519,0
1677735000000,1.9519,1.9519,1.9519,1.9519,0
1677733200000,1.9519,1.9519,1.9519,1.9519,0
1677731400000,1.9519,1.9519,1.9519,1.9519,0
1677729600000,1.9519,1.9519,1.9519,1.9519,0
1677727800000,1.9519,1.9519,1.9519,1.9519,0
1677726000000,1.9519,1.9519,1.9519,1.9519,0
1677724200000,1.9519,1.9519,1.9519,1.9519,0
1677722400000,1.9519,1.9519,1.9519,1.9519,105.023223
1677720600000,1.9519,2.0957,1.9519,1.9519,15.065028
1677718800000,1.9519,1.9519,1.9519,1.9519,0
1677717000000,1.9519,1.9519,1.9519,1.9519,0
1677715200000,1.9519,1.9519,1.9519,1.9519,0
1677713400000,1.9519,1.9519,1.9519,1.9519,0
1677711600000,1.9519,2.0957,1.9519,1.9519,18.220961
1677709800000,2.26,2.26,1.9519,1.9519,38.163
1677708000000,1.9,2.26,1.9,2.26,285.763519
1677706200000,1.9,1.9,1.9,1.9,0
1677704400000,1.9,1.9,1.9,1.9,0
1677702600000,1.9,1.9,1.9,1.9,0
1677700800000,2.0199,2.0199,1.9,1.9,469.526495
1677699000000,2.09,2.09,2.0199,2.0199,0.146855
1677697200000,2.0957,2.0957,2.09,2.09,0.047716
1677695400000,2.0957,2.0957,2.0957,2.0957,0
1677693600000,2.0957,2.0957,2.0957,2.0957,0
1677691800000,1.9714,2.0957,1.9714,2.0957,1.657012
1677690000000,1.9714,1.9714,1.9714,1.9714,0
1677688200000,2,2.2,1.9714,1.9714,135.885408
1677686400000,2,2,2,2,0
1677684600000,2,2,2,2,0
1677682800000,2,2,2,2,0.175
1677681000000,2,2,2,2,0
1677679200000,2,2,2,2,0
1677677400000,2.1711,2.1711,2,2,4.0665
1677675600000,2.0854,2.1711,2.0854,2.1711,1.566245
1677673800000,2.0854,2.0854,2.0854,2.0854,0
1677672000000,2.0854,2.0854,2.0854,2.0854,0
1677670200000,2.0854,2.0854,2.0854,2.0854,0
1677668400000,2.0854,2.0854,2.0854,2.0854,0
1677666600000,2.0854,2.0854,2.0854,2.0854,0
1677664800000,2.1401,2.1401,2.0854,2.0854,1
1677663000000,2.1401,2.1401,2.1401,2.1401,0
1677661200000,2.1401,2.1401,2.1401,2.1401,0
1677659400000,2.0854,2.1711,2.0269,2.1401,26.611529
1677657600000,2.1711,2.18,2.0854,2.0854,21.550018
1677655800000,2.2,2.2,2.1126,2.1711,2.364711
1677654000000,2.2,2.2,2.2,2.2,0
1677652200000,2.2,2.2,2.2,2.2,0
1677650400000,2.1432,2.2,2.1432,2.2,171.459068
1677648600000,2.1432,2.1432,2.1432,2.1432,0
1677646800000,1.9801,2.1432,1.9801,2.1432,1.586653
1677645000000,2.19,2.19,1.9801,1.9801,59.981826
1677643200000,2.1432,2.19,2.0854,2.19,11.586652
1677641400000,2.19,2.19,1.98,2.1432,101.586652
1677639600000,2.19,2.19,2.19,2.19,4.566211
1677637800000,2.19,2.19,2.19,2.19,0
1677636000000,2.19,2.19,2.19,2.19,0
1677634200000,2.19,2.19,2.19,2.19,0
1677632400000,2.19,2.19,2.19,2.19,0
1677630600000,1.9714,2.19,1.9714,2.19,508.84038
1677628800000,2.1401,2.1401,1.9714,1.9714,57.104
1677627000000,2.1401,2.1401,2.1401,2.1401,0
1677625200000,2.1401,2.1401,2.1401,2.1401,0
1677623400000,2.1401,2.1401,2.1401,2.1401,0.046726
1677621600000,2.1401,2.1401,2.1401,2.1401,0
1677619800000,2.2,2.2,2.1401,2.1401,1.015274
1677618000000,2.11,2.2,2.11,2.2,124.494993
1677616200000,2.11,2.11,2.11,2.11,0
1677614400000,2.0957,2.11,2.0957,2.11,17.325
1677612600000,2.0749,2.0957,2.0749,2.0957,2.925
1677610800000,2.06,2.0749,2.06,2.0749,8.531276
1677609000000,2.06,2.06,2.06,2.06,0
1677607200000,2.06,2.06,2.06,2.06,0
1677605400000,2.06,2.06,2.06,2.06,0
1677603600000,1.9519,2.06,1.9519,2.06,555.561697
1677601800000,2.164,2.164,1.9519,1.9519,566.578037
1677600000000,2.1156,2.164,2.072,2.164,638.518745
1677598200000,2.1156,2.1156,2.1156,2.1156,0
1677596400000,2.0719,2.1156,2.0719,2.1156,0.165438
1677594600000,2.0719,2.0719,2.0719,2.0719,0
1677592800000,2.0719,2.0719,2.0719,2.0719,0
1677591000000,2.0719,2.0719,2.0719,2.0719,0
1677589200000,2.0719,2.0719,2.0719,2.0719,0
1677587400000,2.0719,2.0719,2.0719,2.0719,0
1677585600000,2.0719,2.0719,2.0719,2.0719,0
1677583800000,2.0719,2.0719,2.0719,2.0719,0
1677582000000,2.0719,2.0719,2.0719,2.0719,0
1677580200000,2.0719,2.0719,2.0719,2.0719,0
1677578400000,2.0719,2.0719,2.0719,2.0719,0
1677576600000,2.0719,2.0719,2.0719,2.0719,0
1677574800000,2.0719,2.0719,2.0719,2.0719,0
1677573000000,2.0719,2.0719,2.0719,2.0719,0
1677571200000,2.0719,2.0719,2.0719,2.0719,0
1677569400000,2.0719,2.0719,2.0719,2.0719,0
1677567600000,2.0719,2.0719,2.0719,2.0719,0
1677565800000,2.08,2.08,2.0719,2.0719,886.102371
1677564000000,2.08,2.08,2.08,2.08,0
1677562200000,2.08,2.08,2.08,2.08,16.57795
1677560400000,2.08,2.08,2.08,2.08,0
1677558600000,2.08,2.08,2.08,2.08,0
1677556800000,2.08,2.08,2.08,2.08,0
1677555000000,2.08,2.08,2.08,2.08,0
1677553200000,2.08,2.08,2.08,2.08,0
1677551400000,2.08,2.08,2.08,2.08,0
1677549600000,2.08,2.08,2.08,2.08,0
1677547800000,2.08,2.08,2.08,2.08,0
1677546000000,2.08,2.08,2.08,2.08,0
1677544200000,2.08,2.08,2.08,2.08,0
1677542400000,2.08,2.08,2.08,2.08,0
1677540600000,2.08,2.08,2.08,2.08,0
1677538800000,2.08,2.08,2.08,2.08,0
1677537000000,2.08,2.08,2.08,2.08,0
1677535200000,2.0719,2.08,2.0719,2.08,2.691279
1677533400000,2.0719,2.0719,2.0719,2.0719,0
1677531600000,2.0719,2.0719,2.0719,2.0719,0
1677529800000,2.0719,2.0719,2.0719,2.0719,0
1677528000000,2.0719,2.0719,2.0719,2.0719,0
1677526200000,2.0719,2.0719,2.0719,2.0719,0
1677524400000,2.0746,2.0746,2.0719,2.0719,1028.452453
1677522600000,2.0746,2.0746,2.0746,2.0746,297.584643
1677520800000,2.072,2.0746,2.072,2.0746,34.53717
1677519000000,2.072,2.072,2.072,2.072,0
1677517200000,2.072,2.072,2.072,2.072,56
1677515400000,2.0772,2.0772,2.072,2.072,3.963157
1677513600000,2.125,2.125,2.0772,2.0772,396.793391
1677511800000,2.1711,2.1711,2.125,2.125,413.096726
1677510000000,2.125,2.1711,2.125,2.1711,0.161209
1677508200000,2.13,2.13,2.125,2.125,127.4
1677506400000,2.1401,2.257,2.13,2.13,22.057952
1677504600000,2.1401,2.1401,2.1401,2.1401,0
1677502800000,2.1401,2.1401,2.1401,2.1401,0
1677501000000,2.1401,2.1401,2.1401,2.1401,0
1677499200000,2.1401,2.1401,2.1401,2.1401,0
1677497400000,2.1401,2.1401,2.1401,2.1401,0
1677495600000,2.1401,2.1401,2.1401,2.1401,0
1677493800000,2.1401,2.1401,2.1401,2.1401,0
1677492000000,2.1401,2.1401,2.1401,2.1401,0
1677490200000,2.125,2.1711,2.125,2.1401,1.556116
1677488400000,2.125,2.125,2.125,2.125,0
1677486600000,2.125,2.125,2.125,2.125,0
1677484800000,2.125,2.125,2.125,2.125,0
1677483000000,2.125,2.125,2.125,2.125,0
1677481200000,2.125,2.125,2.125,2.125,0
1677479400000,2.125,2.125,2.125,2.125,0
1677477600000,2.125,2.125,2.125,2.125,0
1677475800000,2.125,2.125,2.125,2.125,0
1677474000000,2.125,2.125,2.125,2.125,0
1677472200000,2.125,2.125,2.125,2.125,0
1677470400000,2.125,2.125,2.125,2.125,0
1677468600000,2.125,2.125,2.125,2.125,0
1677466800000,2.125,2.125,2.125,2.125,0
1677465000000,2.3877,2.3877,2.125,2.125,51.309716
1677463200000,2.3877,2.3877,2.3877,2.3877,0
1677461400000,2.377,2.3877,2.3129,2.3877,240.440463
1677459600000,2.2245,2.377,2.2245,2.377,155.978315
1677457800000,2.2245,2.2245,2.2245,2.2245,0
1677456000000,2.2245,2.2245,2.2245,2.2245,0
1677454200000,2.072,2.2245,2.072,2.2245,6.520821
1677452400000,2.072,2.072,2.072,2.072,0
1677450600000,2.072,2.072,2.072,2.072,0
1677448800000,2.072,2.072,2.072,2.072,0
1677447000000,2.072,2.072,2.072,2.072,0
1677445200000,2.1156,2.12,2.072,2.072,49.131937
1677443400000,2.1156,2.1156,2.1156,2.1156,0
1677441600000,2.1155,2.1156,2.1155,2.1156,0.585761
1677439800000,2.1156,2.1156,2.1155,2.1155,5.83462
1677438000000,2.1156,2.1156,2.1156,2.1156,0.047267
1677436200000,2.1156,2.1156,2.1156,2.1156,0
1677434400000,2.1156,2.1156,2.1156,2.1156,0
1677432600000,2.1156,2.1156,2.1156,2.1156,0
1677430800000,2.1156,2.1156,2.1156,2.1156,0
1677429000000,2.1156,2.1156,2.1156,2.1156,0
1677427200000,2.1156,2.1156,2.1156,2.1156,0
1677425400000,2.1156,2.1156,2.1156,2.1156,0
1677423600000,2.072,2.1156,2.072,2.1156,0.165438
1677421800000,2.072,2.072,2.072,2.072,0
1677420000000,2.072,2.072,2.072,2.072,0
1677418200000,2.072,2.072,2.072,2.072,0
1677416400000,2.1,2.1,2.072,2.072,77.30529
1677414600000,2.1,2.1,2.1,2.1,0
1677412800000,2.1,2.1,2.1,2.1,0
1677411000000,2.1,2.1,2.1,2.1,0
1677409200000,2.1,2.1,2.1,2.1,0
1677407400000,2.1,2.1,2.1,2.1,0
1677405600000,2.1,2.1,2.1,2.1,0
1677403800000,2.1,2.1,2.1,2.1,0
1677402000000,2.1,2.1,2.1,2.1,40.388858
1677400200000,2.1,2.1,2.1,2.1,0
1677398400000,2.1,2.1,2.1,2.1,0
1677396600000,2.1,2.1,2.1,2.1,0
1677394800000,2.1,2.1,2.1,2.1,0
1677393000000,2.3464,2.3899,2.1,2.1,294.042611
1677391200000,2.3464,2.3464,2.3464,2.3464,0
1677389400000,2.3464,2.3464,2.3464,2.3464,0
1677387600000,2.3899,2.3899,2.2864,2.3464,2.188028
1677385800000,2.3539,2.3899,2.2465,2.3899,257.024195
1677384000000,2.3539,2.3539,2.3539,2.3539,0
1677382200000,2.3539,2.3539,2.3539,2.3539,0
1677380400000,2.1711,2.364,2.1711,2.3539,12.541492
1677378600000,2.0719,2.1711,2.0719,2.1711,1.851341
1677376800000,2.086,2.1994,2.0719,2.0719,676.298051
1677375000000,2.086,2.086,2.086,2.086,0
1677373200000,2.3899,2.3899,2.086,2.086,78.121
1677371400000,2.3899,2.3899,2.3899,2.3899,0
1677369600000,2.39,2.39,2.3899,2.3899,2.092138
1677367800000,2.2691,2.39,2.2691,2.39,222.660107
1677366000000,2.2691,2.2691,2.2691,2.2691,0
1677364200000,2.2691,2.2691,2.2691,2.2691,0
1677362400000,2.2691,2.2691,2.2691,2.2691,0
1677360600000,2.2691,2.2691,2.2691,2.2691,0
1677358800000,2.2691,2.2691,2.2691,2.2691,0
1677357000000,2.2691,2.2691,2.2691,2.2691,0
1677355200000,2.2691,2.2691,2.2691,2.2691,0
1677353400000,2.2691,2.2691,2.2691,2.2691,0
1677351600000,2.2674,2.2691,2.2674,2.2691,3.073887
1677349800000,2.2674,2.2674,2.2674,2.2674,0
1677348000000,2.2674,2.2674,2.2674,2.2674,0
1677346200000,2.1711,2.2674,2.1711,2.2674,193.961651
1677344400000,2.1711,2.1711,2.1711,2.1711,0.45937
1677342600000,2.1711,2.1711,2.1711,2.1711,0
1677340800000,2.1711,2.1711,2.1711,2.1711,0
1677339000000,2.1711,2.1711,2.1711,2.1711,0
1677337200000,2.1711,2.1711,2.1711,2.1711,0.161209
1677335400000,2.1711,2.1711,2.1711,2.1711,0
1677333600000,2.1711,2.1711,2.1711,2.1711,0
1677331800000,2.1711,2.1711,2.1711,2.1711,0
1677330000000,2.1711,2.1711,2.1711,2.1711,0
1677328200000,2.1711,2.1711,2.1711,2.1711,0
1677326400000,2.1711,2.1711,2.1711,2.1711,0
1677324600000,2.1711,2.1711,2.1711,2.1711,0
1677322800000,2.1711,2.1711,2.1711,2.1711,0
1677321000000,2.1711,2.1711,2.1711,2.1711,0
1677319200000,2.1711,2.1711,2.1711,2.1711,0
1677317400000,2.1711,2.1711,2.1711,2.1711,0
1677315600000,2.1711,2.1711,2.1711,2.1711,0
1677313800000,2.0719,2.1711,2.0719,2.1711,1.837763
1677312000000,2.0719,2.0719,2.0719,2.0719,0
1677310200000,2.0719,2.0719,2.0719,2.0719,0
1677308400000,2.0723,2.0723,2.0719,2.0719,7.00561
1677306600000,2.0723,2.0723,2.0723,2.0723,0
1677304800000,2.0723,2.0723,2.0723,2.0723,0
1677303000000,2.136,2.136,2.0723,2.0723,483.53839
1677301200000,2.1994,2.1994,2.136,2.136,7.723854
1677299400000,2.1,2.1994,2.1,2.1994,2.264493
1677297600000,2.1401,2.1401,2.1,2.1,129.353606
1677295800000,2.1401,2.1401,2.1401,2.1401,0
1677294000000,2.1401,2.1401,2.1401,2.1401,0
1677292200000,2.1135,2.19,2.1135,2.1401,71.796059
1677290400000,2.4,2.4,2.1135,2.1135,35.869
1677288600000,2.4,2.4,2.4,2.4,0
1677286800000,2.4,2.4,2.4,2.4,135.031467
1677285000000,2.39,2.4,2.221,2.4,162.006979
1677283200000,2.4,2.4,2.39,2.39,2.092051
1677281400000,2.4,2.4,2.4,2.4,0
1677279600000,2.4,2.4,2.4,2.4,0
1677277800000,2.4,2.4,2.4,2.4,0
1677276000000,2.361,2.4,2.361,2.4,110.272388
1677274200000,2.1,2.361,2.1,2.361,45.795111
1677272400000,2.1,2.1126,2.1,2.1,7.272589
1677270600000,2.1,2.1,2.1,2.1,0
1677268800000,2.1,2.1,2.1,2.1,0
1677267000000,2.1,2.1,2.1,2.1,0
1677265200000,2.15,2.15,2.1,2.1,28.360793
1677263400000,2.15,2.15,2.15,2.15,0
1677261600000,2.15,2.15,2.15,2.15,0
1677259800000,2.15,2.15,2.15,2.15,0
1677258000000,2.15,2.15,2.15,2.15,0
1677256200000,2.18,2.18,2.15,2.15,934.312896
1677254400000,2.18,2.18,2.18,2.18,0
1677252600000,2.178,2.18,2.178,2.18,256.693315
1677250800000,2.2864,2.2978,2.178,2.178,1169.504057
1677249000000,2.178,2.2864,2.178,2.2864,2.152154
1677247200000,2.178,2.178,2.178,2.178,0
1677245400000,2.178,2.178,2.178,2.178,0
1677243600000,2.178,2.178,2.178,2.178,0
1677241800000,2.178,2.178,2.178,2.178,0
1677240000000,2.178,2.178,2.178,2.178,0
1677238200000,2.178,2.178,2.178,2.178,0
1677236400000,2.178,2.178,2.178,2.178,0
1677234600000,2.178,2.178,2.178,2.178,0
1677232800000,2.178,2.178,2.178,2.178,0
1677231000000,2.178,2.178,2.178,2.178,0
1677229200000,2.178,2.178,2.178,2.178,0
1677227400000,2.178,2.178,2.178,2.178,0
1677225600000,2.1962,2.1962,2.178,2.178,92.270191
1677223800000,2.498,2.498,2.1962,2.1962,30.584944
1677222000000,2.498,2.498,2.498,2.498,0
1677220200000,2.498,2.498,2.498,2.498,0
1677218400000,2.498,2.498,2.498,2.498,0
1677216600000,2.498,2.498,2.498,2.498,0
1677214800000,2.498,2.498,2.498,2.498,0
1677213000000,2.498,2.498,2.498,2.498,0
1677211200000,2.178,2.498,2.178,2.498,138.827791
1677209400000,2.178,2.178,2.178,2.178,387.891419
1677207600000,2.178,2.178,2.178,2.178,1995.58275
1677205800000,2.178,2.178,2.178,2.178,0
1677204000000,2.178,2.178,2.178,2.178,0
1677202200000,2.178,2.178,2.178,2.178,0
1677200400000,2.1994,2.1994,2.178,2.178,871.55214
1677198600000,2.1994,2.1994,2.1994,2.1994,0
1677196800000,2.1994,2.1994,2.1994,2.1994,0
1677195000000,2.1994,2.1994,2.1994,2.1994,0
1677193200000,2.1781,2.1994,2.1781,2.1994,0.768046
1677191400000,2.1781,2.1781,2.1781,2.1781,0
1677189600000,2.1781,2.1781,2.1781,2.1781,0
1677187800000,2.178,2.1781,2.178,2.1781,13.110828
1677186000000,2.178,2.178,2.178,2.178,0
1677184200000,2.178,2.178,2.178,2.178,0
1677182400000,2.178,2.178,2.178,2.178,0
1677180600000,2.178,2.178,2.178,2.178,0
1677178800000,2.178,2.178,2.178,2.178,0
1677177000000,2.178,2.178,2.178,2.178,0
1677175200000,2.178,2.178,2.178,2.178,0
1677173400000,2.178,2.178,2.178,2.178,0
1677171600000,2.168,2.178,2.168,2.178,64.851359
1677169800000,2.3769,2.3769,2.168,2.168,2133.079294
1677168000000,2.3769,2.3769,2.3769,2.3769,0
1677166200000,2.3769,2.3769,2.3769,2.3769,0
1677164400000,2.3341,2.3769,2.3341,2.3769,0.147251
1677162600000,2.3341,2.3341,2.3341,2.3341,0
1677160800000,2.3341,2.3341,2.3341,2.3341,0
1677159000000,2.3341,2.3341,2.3341,2.3341,0
1677157200000,2.3341,2.3341,2.3341,2.3341,0
1677155400000,2.3341,2.3341,2.3341,2.3341,0
1677153600000,2.3341,2.3341,2.3341,2.3341,0
1677151800000,2.3341,2.3341,2.3341,2.3341,0
1677150000000,2.3341,2.3341,2.3341,2.3341,0
1677148200000,2.4703,2.5022,2.3341,2.3341,8.766648
1677146400000,2.4703,2.4703,2.4703,2.4703,0
1677144600000,2.4703,2.4703,2.4703,2.4703,0
1677142800000,2.4703,2.4703,2.4703,2.4703,0
1677141000000,2.4703,2.4703,2.4703,2.4703,0
1677139200000,2.4703,2.4703,2.4703,2.4703,0
1677137400000,2.4703,2.4703,2.4703,2.4703,0
1677135600000,2.4703,2.4703,2.4703,2.4703,0
1677133800000,2.4703,2.4703,2.4703,2.4703,0
1677132000000,2.4703,2.4703,2.4703,2.4703,0
1677130200000,2.4703,2.4703,2.4703,2.4703,0
1677128400000,2.4703,2.4703,2.4703,2.4703,0
1677126600000,2.4703,2.4703,2.4703,2.4703,0
1677124800000,2.4703,2.4703,2.4703,2.4703,0
1677123000000,2.168,2.4703,2.168,2.4703,35.85947
1677121200000,2.2864,2.3854,2.168,2.168,656.522768
1677119400000,2.1994,2.2864,2.1994,2.2864,11.153939
1677117600000,2.1994,2.1994,2.1994,2.1994,0
1677115800000,2.1994,2.1994,2.1994,2.1994,0
1677114000000,2.1994,2.1994,2.1994,2.1994,0
1677112200000,2.1994,2.1994,2.1994,2.1994,0
1677110400000,2.1994,2.1994,2.1994,2.1994,0
1677108600000,2.1994,2.1994,2.1994,2.1994,0
1677106800000,2.16,2.1994,2.16,2.1994,0.768045
1677105000000,2.15,2.2538,2.15,2.16,9
1677103200000,2.3,2.3,2.15,2.15,138.667412
1677101400000,2.3,2.3,2.3,2.3,0
1677099600000,2.3,2.3,2.3,2.3,0
1677097800000,2.3,2.3,2.3,2.3,0
1677096000000,2.3,2.3,2.3,2.3,0
1677094200000,2.3,2.3,2.3,2.3,0
1677092400000,2.3,2.3,2.3,2.3,0
1677090600000,2.3,2.3,2.3,2.3,0
1677088800000,2.3,2.3,2.3,2.3,0
1677087000000,2.3,2.3,2.3,2.3,0
1677085200000,2.3,2.3,2.3,2.3,0
1677083400000,2.3,2.3,2.3,2.3,0
1677081600000,2.3,2.3,2.3,2.3,0
1677079800000,2.3,2.3,2.3,2.3,3996.899554
1677078000000,2.3,2.3464,2.3,2.3,3995.483086
1677076200000,2.3,2.3,2.3,2.3,0
1677074400000,2.3,2.3,2.3,2.3,0
1677072600000,2.3,2.3,2.3,2.3,0
1677070800000,2.3,2.3,2.3,2.3,0
1677069000000,2.3,2.3,2.3,2.3,0
1677067200000,2.3,2.3,2.3,2.3,0
1677065400000,2.3,2.3,2.3,2.3,0
1677063600000,2.3,2.3,2.3,2.3,0
1677061800000,2.3,2.3,2.3,2.3,0
1677060000000,2.3,2.3,2.3,2.3,0
1677058200000,2.3,2.3,2.3,2.3,0
1677056400000,2.3,2.3,2.3,2.3,0
1677054600000,2.4324,2.4324,2.3,2.3,923.793953
1677052800000,2.4324,2.4324,2.4324,2.4324,0
1677051000000,2.4324,2.4324,2.4324,2.4324,0
1677049200000,2.4324,2.4324,2.4324,2.4324,0
1677047400000,2.4324,2.4324,2.4324,2.4324,0
1677045600000,2.4324,2.4324,2.4324,2.4324,0
1677043800000,2.4324,2.4324,2.4324,2.4324,0
1677042000000,2.4324,2.4324,2.4324,2.4324,0
1677040200000,2.4324,2.4324,2.4324,2.4324,0
1677038400000,2.4324,2.4324,2.4324,2.4324,0
1677036600000,2.4324,2.4324,2.4324,2.4324,0
1677034800000,2.4324,2.4324,2.4324,2.4324,0
1677033000000,2.4324,2.4324,2.4324,2.4324,0
1677031200000,2.4324,2.4324,2.4324,2.4324,0
1677029400000,2.4324,2.4324,2.4324,2.4324,0
1677027600000,2.4324,2.4324,2.4324,2.4324,0
1677025800000,2.3021,2.4324,2.3021,2.4324,3.546592
1677024000000,2.3021,2.3021,2.3021,2.3021,0
1677022200000,2.3769,2.38,2.3021,2.3021,443.987405
1677020400000,2.3769,2.3769,2.3769,2.3769,0
1677018600000,2.3464,2.3769,2.3464,2.3769,0.71068
1677016800000,2.3464,2.3464,2.3464,2.3464,0
1677015000000,2.3464,2.3464,2.3464,2.3464,0
1677013200000,2.3464,2.3464,2.3464,2.3464,0
1677011400000,2.3464,2.3464,2.3464,2.3464,0
1677009600000,2.3464,2.3464,2.3464,2.3464,0.51536
1677007800000,2.3464,2.3464,2.3464,2.3464,0
1677006000000,2.3464,2.3464,2.3464,2.3464,0
1677004200000,2.3464,2.3464,2.3464,2.3464,0
1677002400000,2.3464,2.3464,2.3464,2.3464,0
1677000600000,2.3464,2.3464,2.3464,2.3464,0
1676998800000,2.3464,2.3464,2.3464,2.3464,0.055404
1676997000000,2.3464,2.3464,2.3464,2.3464,0
1676995200000,2.3464,2.3464,2.3464,2.3464,0
1676993400000,2.3464,2.3464,2.3464,2.3464,0
1676991600000,2.3022,2.3464,2.3022,2.3464,0.149165
1676989800000,2.3022,2.3022,2.3022,2.3022,0
1676988000000,2.3022,2.3022,2.3022,2.3022,0
1676986200000,2.3022,2.3022,2.3022,2.3022,0
1676984400000,2.3022,2.3022,2.3022,2.3022,0
1676982600000,2.3022,2.3022,2.3022,2.3022,0
1676980800000,2.3022,2.3022,2.3022,2.3022,0
1676979000000,2.3022,2.3022,2.3022,2.3022,0
1676977200000,2.3022,2.3022,2.3022,2.3022,0
1676975400000,2.3022,2.3022,2.3022,2.3022,0
1676973600000,2.3809,2.3809,2.3022,2.3022,101.170444
1676971800000,2.3809,2.3809,2.3809,2.3809,0
1676970000000,2.3809,2.3809,2.3809,2.3809,0
1676968200000,2.3809,2.3809,2.3809,2.3809,0
1676966400000,2.3809,2.3809,2.3809,2.3809,0
1676964600000,2.3809,2.3809,2.3809,2.3809,0
1676962800000,2.3809,2.3809,2.3809,2.3809,0
1676961000000,2.3809,2.3809,2.3809,2.3809,0
1676959200000,2.3809,2.3809,2.3809,2.3809,0
1676957400000,2.3809,2.3809,2.3809,2.3809,0
1676955600000,2.3809,2.3809,2.3809,2.3809,0
1676953800000,2.3809,2.3809,2.3809,2.3809,0
1676952000000,2.3809,2.3809,2.3809,2.3809,0
1676950200000,2.4665,2.4665,2.3809,2.3809,2.959205
1676948400000,2.4665,2.4665,2.4665,2.4665,0
1676946600000,2.4665,2.4665,2.4665,2.4665,0
1676944800000,2.4665,2.4665,2.4665,2.4665,0
1676943000000,2.4665,2.4665,2.4665,2.4665,0
1676941200000,2.4665,2.4665,2.4665,2.4665,0
1676939400000,2.4665,2.4665,2.4665,2.4665,0
1676937600000,2.4665,2.4665,2.4665,2.4665,0.074153
1676935800000,2.5199,2.5199,2.4665,2.4665,4.048979
1676934000000,2.5199,2.5199,2.5199,2.5199,0
1676932200000,2.5199,2.5199,2.5199,2.5199,0
1676930400000,2.5199,2.5199,2.5199,2.5199,0
1676928600000,2.5199,2.5199,2.5199,2.5199,0
1676926800000,2.5199,2.5199,2.5199,2.5199,9.881502
1676925000000,2.5199,2.5199,2.5199,2.5199,0
1676923200000,2.5199,2.5199,2.5199,2.5199,0
1676921400000,2.5199,2.5199,2.5199,2.5199,0
1676919600000,2.5199,2.5199,2.5199,2.5199,0
1676917800000,2.5199,2.5199,2.5199,2.5199,53.381754
1676916000000,2.5199,2.5199,2.5199,2.5199,0
1676914200000,2.5199,2.5199,2.5199,2.5199,0
1676912400000,2.5,2.5199,2.5,2.5199,77.792694
1676910600000,2.5,2.5,2.5,2.5,0
1676908800000,2.5,2.5,2.5,2.5,0
1676907000000,2.4665,2.5,2.4665,2.5,200
1676905200000,2.4665,2.4665,2.4665,2.4665,0.066701
1676903400000,2.4665,2.4665,2.4665,2.4665,276
1676901600000,2.4665,2.4665,2.4665,2.4665,0
1676899800000,2.4665,2.4665,2.4665,2.4665,0
1676898000000,2.4665,2.4665,2.4665,2.4665,0
1676896200000,2.4665,2.4665,2.4665,2.4665,0
1676894400000,2.4665,2.4665,2.4665,2.4665,0
1676892600000,2.4665,2.4665,2.4665,2.4665,0
1676890800000,2.4665,2.4665,2.4665,2.4665,0
1676889000000,2.4665,2.4665,2.4665,2.4665,0
1676887200000,2.4665,2.4665,2.4665,2.4665,0
1676885400000,2.4665,2.4665,2.4665,2.4665,0
1676883600000,2.4665,2.4665,2.4665,2.4665,0
1676881800000,2.4665,2.4665,2.4665,2.4665,0.139353
1676880000000,2.4665,2.4665,2.4665,2.4665,0
1676878200000,2.4665,2.4665,2.4665,2.4665,0
1676876400000,2.4665,2.4665,2.4665,2.4665,0
1676874600000,2.4665,2.4665,2.4665,2.4665,0
1676872800000,2.4665,2.4665,2.4665,2.4665,0
1676871000000,2.4665,2.4665,2.4665,2.4665,0
1676869200000,2.4665,2.4665,2.4665,2.4665,0
1676867400000,2.5199,2.5199,2.4665,2.4665,0.675771
1676865600000,2.5199,2.5199,2.5199,2.5199,0
1676863800000,2.5199,2.5199,2.5199,2.5199,0
1676862000000,2.5199,2.5199,2.5199,2.5199,0
1676860200000,2.4392,2.5199,2.4392,2.5199,388.983218
1676858400000,2.4392,2.4392,2.4392,2.4392,0
1676856600000,2.4392,2.4392,2.4392,2.4392,0
1676854800000,2.4392,2.4392,2.4392,2.4392,0
1676853000000,2.4392,2.4392,2.4392,2.4392,0
1676851200000,2.3021,2.4392,2.3021,2.4392,5.811403
1676849400000,2.3021,2.3021,2.3021,2.3021,0
1676847600000,2.3021,2.3021,2.3021,2.3021,0
1676845800000,2.3021,2.3021,2.3021,2.3021,0
1676844000000,2.3021,2.3021,2.3021,2.3021,0
1676842200000,2.3021,2.3021,2.3021,2.3021,0
1676840400000,2.3021,2.3021,2.3021,2.3021,0
1676838600000,2.3021,2.3021,2.3021,2.3021,2.474896
1676836800000,2.4,2.4,2.3021,2.3021,30.609452
1676835000000,2.4,2.4,2.4,2.4,0
1676833200000,2.3021,2.4,2.3021,2.4,30.609452
1676831400000,2.302,2.3021,2.302,2.3021,3.809901
1676829600000,2.4,2.4,2.302,2.302,7.768056
1676827800000,2.3129,2.4,2.3129,2.4,31.513266
1676826000000,2.3129,2.3129,2.3129,2.3129,0
1676824200000,2.4,2.4,2.3129,2.3129,1.056582
1676822400000,2.4,2.4,2.4,2.4,0
1676820600000,2.4,2.4,2.4,2.4,0
1676818800000,2.4,2.4,2.4,2.4,0.145833
1676817000000,2.4,2.4,2.4,2.4,122.524875
1676815200000,2.4,2.4,2.4,2.4,0
1676813400000,2.4,2.4,2.4,2.4,0
1676811600000,2.4,2.4,2.4,2.4,0
1676809800000,2.4,2.4,2.4,2.4,0
1676808000000,2.4,2.4,2.4,2.4,0
1676806200000,2.4,2.4,2.4,2.4,0
1676804400000,2.4,2.4,2.4,2.4,0
1676802600000,2.4,2.4,2.4,2.4,0
1676800800000,2.4,2.4,2.4,2.4,0
1676799000000,2.4,2.4,2.4,2.4,0
1676797200000,2.4,2.4,2.4,2.4,0
1676795400000,2.4,2.4,2.4,2.4,0
1676793600000,2.4,2.4,2.4,2.4,0
1676791800000,2.4,2.4,2.4,2.4,0
1676790000000,2.4,2.4,2.4,2.4,0
1676788200000,2.4,2.4,2.4,2.4,0
1676786400000,2.4,2.4,2.4,2.4,0
1676784600000,2.4,2.4,2.4,2.4,0
1676782800000,2.4,2.4,2.4,2.4,0
1676781000000,2.4,2.4,2.4,2.4,0
1676779200000,2.4,2.4,2.4,2.4,0
1676777400000,2.4,2.4,2.4,2.4,0
1676775600000,2.4,2.4,2.4,2.4,0
1676773800000,2.4,2.4,2.4,2.4,0
1676772000000,2.4,2.4,2.4,2.4,0
1676770200000,2.4,2.4,2.4,2.4,0
1676768400000,2.4,2.4,2.4,2.4,0
1676766600000,2.4,2.4,2.4,2.4,0
1676764800000,2.4,2.4,2.4,2.4,0
1676763000000,2.4,2.4,2.4,2.4,0
1676761200000,2.4,2.4,2.4,2.4,0
1676759400000,2.4,2.4,2.4,2.4,0
1676757600000,2.4,2.4,2.4,2.4,0
1676755800000,2.4,2.4,2.4,2.4,0
1676754000000,2.4,2.4,2.4,2.4,0
1676752200000,2.4,2.4,2.4,2.4,0
1676750400000,2.4,2.4,2.4,2.4,0
1676748600000,2.3008,2.4,2.3008,2.4,1.66252
1676746800000,2.3008,2.3008,2.3008,2.3008,0
1676745000000,2.4,2.4,2.3008,2.3008,3.689345
1676743200000,2.4,2.4,2.4,2.4,0.429166
1676741400000,2.4,2.4,2.4,2.4,0
1676739600000,2.4,2.4,2.4,2.4,0
1676737800000,2.4,2.4,2.4,2.4,0
1676736000000,2.4,2.4,2.4,2.4,0
1676734200000,2.4,2.4,2.4,2.4,0
1676732400000,2.3005,2.4,2.3005,2.4,41.293568
1676730600000,2.3005,2.3005,2.3005,2.3005,0
1676728800000,2.3005,2.3005,2.3005,2.3005,0
1676727000000,2.3005,2.3005,2.3005,2.3005,0
1676725200000,2.3005,2.3005,2.3005,2.3005,0
1676723400000,2.3005,2.3005,2.3005,2.3005,0
1676721600000,2.3005,2.3005,2.3005,2.3005,0
1676719800000,2.3005,2.3005,2.3005,2.3005,0
1676718000000,2.3005,2.3005,2.3005,2.3005,0
1676716200000,2.3005,2.3005,2.3005,2.3005,0
1676714400000,2.3005,2.3005,2.3005,2.3005,0
1676712600000,2.3005,2.3005,2.3005,2.3005,0
1676710800000,2.3005,2.3005,2.3005,2.3005,0
1676709000000,2.3005,2.3005,2.3005,2.3005,0
1676707200000,2.3005,2.3005,2.3005,2.3005,0
1676705400000,2.3005,2.3005,2.3005,2.3005,0
1676703600000,2.3005,2.3005,2.3005,2.3005,0
1676701800000,2.3005,2.3005,2.3005,2.3005,0
1676700000000,2.3005,2.3005,2.3005,2.3005,0
1676698200000,2.3005,2.3005,2.3005,2.3005,0
1676696400000,2.3005,2.3005,2.3005,2.3005,0
1676694600000,2.3005,2.3005,2.3005,2.3005,0
1676692800000,2.3001,2.3005,2.3001,2.3005,1.5
1676691000000,2.3001,2.3001,2.3001,2.3001,0
1676689200000,2.5199,2.5199,2.3001,2.3001,104.818187
1676687400000,2.5199,2.5199,2.5199,2.5199,0
1676685600000,2.5199,2.5199,2.5199,2.5199,0
1676683800000,2.5199,2.5199,2.5199,2.5199,0
1676682000000,2.5199,2.5199,2.5199,2.5199,0
1676680200000,2.479,2.5199,2.479,2.5199,201.694231
1676678400000,2.479,2.479,2.47,2.479,403.388462
1676676600000,2.479,2.479,2.479,2.479,0
1676674800000,2.479,2.479,2.479,2.479,0
1676673000000,2.479,2.479,2.479,2.479,0
1676671200000,2.479,2.479,2.479,2.479,5.422653
1676669400000,2.4799,2.4799,2.479,2.479,50
1676667600000,2.4799,2.4799,2.4799,2.4799,0
1676665800000,2.4799,2.4799,2.4799,2.4799,0
1676664000000,2.4799,2.4799,2.4799,2.4799,0
1676662200000,2.48,2.48,2.4799,2.4799,0.080645
1676660400000,2.48,2.48,2.48,2.48,0
1676658600000,2.48,2.48,2.48,2.48,0
1676656800000,2.48,2.48,2.48,2.48,0
1676655000000,2.48,2.48,2.48,2.48,0
1676653200000,2.48,2.48,2.48,2.48,0
1676651400000,2.48,2.48,2.48,2.48,0
1676649600000,2.48,2.48,2.48,2.48,0
1676647800000,2.48,2.48,2.48,2.48,0
1676646000000,2.48,2.48,2.48,2.48,0.141129
1676644200000,2.4799,2.48,2.4799,2.48,135.623086
1676642400000,2.4799,2.4799,2.4799,2.4799,0
1676640600000,2.4799,2.4799,2.4799,2.4799,0
1676638800000,2.4799,2.4799,2.4799,2.4799,0
1676637000000,2.35,2.4799,2.35,2.4799,3.689345
1676635200000,2.35,2.35,2.35,2.35,0
1676633400000,2.35,2.35,2.35,2.35,0
1676631600000,2.35,2.35,2.35,2.35,0
1676629800000,2.35,2.35,2.35,2.35,0
1676628000000,2.35,2.35,2.35,2.35,0
1676626200000,2.35,2.35,2.35,2.35,0
1676624400000,2.35,2.35,2.35,2.35,0
1676622600000,2.35,2.35,2.35,2.35,0
1676620800000,2.35,2.35,2.35,2.35,0
1676619000000,2.35,2.35,2.35,2.35,4.344587
1676617200000,2.35,2.35,2.35,2.35,0
1676615400000,2.35,2.35,2.35,2.35,0
1676613600000,2.4705,2.4705,2.35,2.35,15.245261
1676611800000,2.4705,2.4705,2.4705,2.4705,0
1676610000000,2.4705,2.4705,2.4705,2.4705,0
1676608200000,2.3464,2.4705,2.3464,2.4705,8.223319
1676606400000,2.3464,2.3464,2.3464,2.3464,0
1676604600000,2.3464,2.3464,2.3464,2.3464,0
1676602800000,2.3464,2.3464,2.3464,2.3464,0
1676601000000,2.3464,2.3464,2.3464,2.3464,0
1676599200000,2.3464,2.3464,2.3464,2.3464,0
1676597400000,2.3464,2.3464,2.3464,2.3464,0
1676595600000,2.3464,2.3464,2.3464,2.3464,0
1676593800000,2.3464,2.3464,2.3464,2.3464,0
1676592000000,2.3464,2.3464,2.3464,2.3464,0
1676590200000,2.3464,2.3464,2.3464,2.3464,0
1676588400000,2.3464,2.3464,2.3464,2.3464,0
1676586600000,2.3464,2.3464,2.3464,2.3464,0
1676584800000,2.3574,2.3574,2.305,2.3464,467.66395
1676583000000,2.3574,2.3574,2.3574,2.3574,0
1676581200000,2.4529,2.4529,2.3574,2.3574,15.402741
1676579400000,2.5899,2.5899,2.4529,2.4529,443.430123
1676577600000,2.59,2.59,2.5899,2.5899,35.929155
1676575800000,2.59,2.59,2.59,2.59,0
1676574000000,2.59,2.59,2.59,2.59,0
1676572200000,2.59,2.59,2.59,2.59,0
1676570400000,2.59,2.59,2.59,2.59,0
1676568600000,2.59,2.59,2.59,2.59,0
1676566800000,2.59,2.59,2.59,2.59,0
1676565000000,2.59,2.59,2.59,2.59,0
1676563200000,2.59,2.59,2.59,2.59,0
1676561400000,2.59,2.59,2.59,2.59,0
1676559600000,2.306,2.59,2.306,2.59,307.60823
1676557800000,2.306,2.306,2.306,2.306,0
1676556000000,2.306,2.306,2.306,2.306,0
1676554200000,2.306,2.306,2.306,2.306,0
1676552400000,2.306,2.306,2.306,2.306,0
1676550600000,2.3341,2.3341,2.306,2.306,14.146499
1676548800000,2.3341,2.3341,2.3341,2.3341,0
1676547000000,2.3341,2.3341,2.3341,2.3341,0
1676545200000,2.39,2.39,2.3341,2.3341,5
1676543400000,2.39,2.39,2.39,2.39,0
1676541600000,2.39,2.39,2.39,2.39,0
1676539800000,2.39,2.39,2.39,2.39,0
1676538000000,2.39,2.39,2.39,2.39,0
1676536200000,2.39,2.39,2.39,2.39,0
1676534400000,2.39,2.39,2.39,2.39,0
1676532600000,2.39,2.39,2.39,2.39,0
1676530800000,2.39,2.39,2.39,2.39,0
1676529000000,2.39,2.39,2.39,2.39,0
1676527200000,2.39,2.39,2.39,2.39,0
1676525400000,2.39,2.39,2.39,2.39,0
1676523600000,2.39,2.39,2.39,2.39,0
1676521800000,2.39,2.39,2.39,2.39,0
1676520000000,2.39,2.5,2.39,2.39,458.878158
1676518200000,2.39,2.39,2.39,2.39,0.108712
1676516400000,2.39,2.39,2.39,2.39,0.000074
1676514600000,2.39,2.39,2.39,2.39,0