1679101200000,1.8209,1.8209,1.6,1.6,687.7
1679097600000,1.8209,1.8209,1.8209,1.8209,0
1679094000000,1.7786,1.9357,1.7786,1.8209,524.3795
1679090400000,1.6566,1.7786,1.6566,1.7786,6.957887
1679086800000,1.6566,1.6566,1.6566,1.6566,0
1679083200000,1.6566,1.6566,1.6566,1.6566,0
1679079600000,1.6566,1.6566,1.6566,1.6566,0
1679076000000,1.6566,1.6566,1.6566,1.6566,0
1679072400000,1.6566,1.6566,1.6566,1.6566,0
1679068800000,1.6566,1.6566,1.6566,1.6566,0
1679065200000,1.6566,1.6566,1.6566,1.6566,0
1679061600000,1.7066,1.7066,1.6566,1.6566,101.59527
1679058000000,1.7066,1.75,1.7066,1.7066,37
1679054400000,1.7437,1.7437,1.7066,1.7066,1.377844
1679050800000,1.7437,1.7437,1.7437,1.7437,0
1679047200000,1.7437,1.7437,1.7437,1.7437,0
1679043600000,1.7437,1.7437,1.7437,1.7437,0
1679040000000,1.7437,1.7437,1.7437,1.7437,0
1679036400000,1.8141,1.8141,1.7437,1.7437,6.113177
1679032800000,1.8141,1.8141,1.8141,1.8141,0
1679029200000,1.8141,1.8141,1.8141,1.8141,0
1679025600000,1.8141,1.8141,1.8141,1.8141,0
1679022000000,1.8141,1.8141,1.8141,1.8141,0
1679018400000,1.624,1.8141,1.624,1.8141,17.328881
1679014800000,1.624,1.624,1.624,1.624,0
1679011200000,1.7264,1.7264,1.624,1.624,2.93108
1679007600000,1.7264,1.7264,1.7264,1.7264,0
1679004000000,1.7264,1.7264,1.7264,1.7264,0
1679000400000,1.7264,1.7264,1.7264,1.7264,0
1678996800000,1.7264,1.7264,1.7264,1.7264,0
1678993200000,1.6925,1.7264,1.6925,1.7264,7.71528
1678989600000,1.591,1.6925,1.591,1.6925,4.701906
1678986000000,1.59,1.591,1.59,1.591,24.128886
1678982400000,1.59,1.59,1.59,1.59,0
1678978800000,1.75,1.75,1.59,1.59,286.060819
1678975200000,1.8939,1.8939,1.75,1.75,100
1678971600000,1.8939,1.8939,1.8939,1.8939,0
1678968000000,1.77,1.8939,1.77,1.8939,4.892981
1678964400000,1.77,1.77,1.77,1.77,0
1678960800000,1.77,1.77,1.77,1.77,0
1678957200000,1.77,1.77,1.77,1.77,0
1678953600000,1.77,1.77,1.77,1.77,0
1678950000000,1.77,1.77,1.77,1.77,0
1678946400000,1.77,1.77,1.77,1.77,0
1678942800000,1.8029,1.8029,1.77,1.77,6.642466
1678939200000,1.8029,1.8029,1.8029,1.8029,0
1678935600000,1.8029,1.8029,1.8029,1.8029,0
1678932000000,1.8116,1.8116,1.8029,1.8029,4.892981
1678928400000,1.8116,1.8116,1.8116,1.8116,0
1678924800000,1.8116,1.8116,1.8116,1.8116,0
1678921200000,1.9,1.9,1.8116,1.8116,0.730565
1678917600000,1.9,1.9,1.9,1.9,0
1678914000000,1.9,1.9,1.9,1.9,0
1678910400000,1.9,1.9,1.9,1.9,0
1678906800000,1.9,1.9,1.9,1.9,0
1678903200000,1.9,1.9,1.9,1.9,0
1678899600000,1.9,1.9,1.9,1.9,0
1678896000000,1.9,1.9,1.9,1.9,0
1678892400000,1.9,1.9,1.9,1.9,0
1678888800000,1.9,1.9,1.9,1.9,0
1678885200000,1.9,1.9,1.9,1.9,0
1678881600000,1.8116,1.9,1.8116,1.9,11.464304
1678878000000,1.8116,1.8116,1.8116,1.8116,0
1678874400000,1.8116,1.8116,1.8116,1.8116,0
1678870800000,1.8116,1.8116,1.8116,1.8116,0
1678867200000,1.9,1.9,1.8116,1.8116,5.964286
1678863600000,1.9,1.9,1.9,1.9,0
1678860000000,1.9,1.9,1.9,1.9,0
1678856400000,1.9,1.9,1.9,1.9,0
1678852800000,1.9,1.9,1.9,1.9,0
1678849200000,1.9,1.9,1.9,1.9,4.021994
1678845600000,1.9,1.9,1.9,1.9,0
1678842000000,1.9,1.9,1.9,1.9,459.554856
1678838400000,1.8324,1.9,1.8324,1.9,4.671379
1678834800000,1.8533,1.8533,1.8324,1.8324,3.890087
1678831200000,1.8533,1.8533,1.8533,1.8533,0
1678827600000,1.8533,1.8533,1.8533,1.8533,0
1678824000000,1.8533,1.8533,1.8533,1.8533,0
1678820400000,1.8533,1.8533,1.8533,1.8533,0
1678816800000,1.8533,1.8533,1.8533,1.8533,0
1678813200000,1.8533,1.8533,1.8533,1.8533,0
1678809600000,1.8533,1.8533,1.8533,1.8533,0
1678806000000,1.8533,1.8533,1.8533,1.8533,0
1678802400000,1.8533,1.8533,1.8533,1.8533,0
1678798800000,1.8533,1.8533,1.8533,1.8533,0
1678795200000,1.8533,1.8533,1.8533,1.8533,0
1678791600000,1.8533,1.8533,1.8533,1.8533,0
1678788000000,1.8533,1.8533,1.8533,1.8533,0
1678784400000,1.8533,1.8533,1.8533,1.8533,0
1678780800000,1.8533,1.8533,1.8533,1.8533,0
1678777200000,1.8533,1.8533,1.8533,1.8533,0
1678773600000,1.8574,1.8574,1.8533,1.8533,3.925264
1678770000000,1.8741,1.8741,1.8574,1.8574,2
1678766400000,1.8741,1.8741,1.8741,1.8741,0
1678762800000,1.8741,1.8741,1.8741,1.8741,0
1678759200000,1.8899,1.8899,1.8741,1.8741,6.589601
1678755600000,2.0493,2.0957,1.8899,1.8899,50.263245
1678752000000,2.0749,2.0749,2.0493,2.0493,1.568688
1678748400000,2.07,2.0749,2.07,2.0749,62.234324
1678744800000,2.07,2.07,2.07,2.07,0
1678741200000,1.8899,2.07,1.8899,2.07,56.674546
1678737600000,1.8899,1.8899,1.8899,1.8899,0
1678734000000,2.04,2.04,1.8899,1.8899,24.394693
1678730400000,1.8899,2.04,1.8899,2.04,450.717691
1678726800000,1.8899,1.8899,1.8899,1.8899,0
1678723200000,1.8899,1.8899,1.8899,1.8899,17.650257
1678719600000,1.8899,1.8899,1.8899,1.8899,0
1678716000000,1.75,1.8899,1.75,1.8899,51.074023
1678712400000,1.7954,1.7954,1.75,1.75,14.966496
1678708800000,1.8899,1.8899,1.7954,1.7954,1523.81437
1678705200000,1.8899,1.8899,1.8899,1.8899,7.112772
1678701600000,1.8899,1.8899,1.8899,1.8899,0
1678698000000,1.8899,1.8899,1.8899,1.8899,0
1678694400000,1.8899,1.8899,1.8899,1.8899,0
1678690800000,1.8899,1.8899,1.8899,1.8899,0
1678687200000,1.8899,1.8899,1.8899,1.8899,0
1678683600000,1.8899,1.8899,1.8899,1.8899,0
1678680000000,1.8899,1.8899,1.8899,1.8899,3.254878
1678676400000,1.8899,1.8899,1.8899,1.8899,0
1678672800000,1.8,1.8899,1.8,1.8899,25.007356
1678669200000,1.8,1.8,1.7987,1.8,79.984225
1678665600000,1.8,1.8,1.8,1.8,0
1678662000000,1.8,1.8,1.8,1.8,0
1678658400000,1.55,1.8,1.55,1.8,8.883362
1678654800000,1.55,1.55,1.55,1.55,0
1678651200000,1.55,1.55,1.55,1.55,0
1678647600000,1.55,1.55,1.55,1.55,0
1678644000000,1.55,1.55,1.55,1.55,0
1678640400000,1.55,1.55,1.55,1.55,0
1678636800000,1.55,1.55,1.55,1.55,0
1678633200000,1.65,1.65,1.5001,1.55,165.046551
1678629600000,1.65,1.65,1.65,1.65,0
1678626000000,1.65,1.65,1.65,1.65,0
1678622400000,1.65,1.65,1.65,1.65,0
1678618800000,1.65,1.65,1.65,1.65,0
1678615200000,1.65,1.65,1.65,1.65,0
1678611600000,1.65,1.65,1.65,1.65,0
1678608000000,1.65,1.65,1.65,1.65,0
1678604400000,1.65,1.65,1.65,1.65,0
1678600800000,1.65,1.65,1.65,1.65,0
1678597200000,1.65,1.65,1.65,1.65,0
1678593600000,1.65,1.65,1.65,1.65,0
1678590000000,1.8,1.8,1.65,1.65,1275.220746
1678586400000,1.8,1.8,1.8,1.8,0
1678582800000,1.8,1.8,1.65,1.8,1.318319
1678579200000,1.8,1.8,1.65,1.8,290.558319
1678575600000,1.8,1.8,1.8,1.8,0
1678572000000,1.8,1.8,1.8,1.8,0
1678568400000,1.8,1.8,1.8,1.8,0
1678564800000,1.8,1.8,1.8,1.8,0
1678561200000,1.8,1.8,1.8,1.8,0
1678557600000,1.8,1.8,1.8,1.8,0
1678554000000,1.8,1.8,1.8,1.8,0
1678550400000,1.8,1.8,1.8,1.8,0
1678546800000,1.8,1.8,1.8,1.8,0
1678543200000,1.8,1.8,1.65,1.8,101.558319
1678539600000,1.75,1.84,1.75,1.8,81.15971
1678536000000,1.8419,1.8419,1.75,1.75,0.114285
1678532400000,1.8419,1.8419,1.8419,1.8419,0
1678528800000,1.8419,1.8419,1.8419,1.8419,0
1678525200000,1.8419,1.8419,1.8419,1.8419,0
1678521600000,1.8419,1.8419,1.8419,1.8419,0
1678518000000,1.8419,1.8419,1.8419,1.8419,0
1678514400000,1.8419,1.8419,1.8419,1.8419,0
1678510800000,1.8419,1.8419,1.8419,1.8419,0
1678507200000,1.8419,1.8419,1.8419,1.8419,0
1678503600000,1.8419,1.8419,1.8419,1.8419,0
1678500000000,1.75,1.8419,1.75,1.8419,0.545592
1678496400000,1.75,1.75,1.75,1.75,0
1678492800000,1.86,1.8603,1.75,1.75,0.540194
1678489200000,1.86,1.86,1.86,1.86,0
1678485600000,1.75,1.8976,1.75,1.86,1618.399077
1678482000000,1.75,1.75,1.75,1.75,0
1678478400000,1.75,1.75,1.75,1.75,0
1678474800000,1.75,1.75,1.75,1.75,0
1678471200000,1.75,1.75,1.75,1.75,0
1678467600000,1.75,1.75,1.75,1.75,0
1678464000000,1.8976,1.8976,1.75,1.75,71.899171
1678460400000,1.8419,1.8976,1.8419,1.8976,830.901084
1678456800000,1.8419,1.8419,1.8419,1.8419,0
1678453200000,1.8419,1.8419,1.8419,1.8419,0
1678449600000,1.75,1.8419,1.75,1.8419,2.07433
1678446000000,1.7675,1.7675,1.75,1.75,63.087
1678442400000,1.7675,1.7675,1.7675,1.7675,0
1678438800000,1.7675,1.7675,1.7675,1.7675,0
1678435200000,1.7675,1.7675,1.7675,1.7675,0
1678431600000,1.77,1.77,1.7675,1.7675,181.512
1678428000000,1.77,1.77,1.77,1.77,0
1678424400000,1.77,1.77,1.77,1.77,0
1678420800000,1.77,1.77,1.77,1.77,7.377518
1678417200000,1.77,1.77,1.77,1.77,0
1678413600000,1.77,1.77,1.77,1.77,0
1678410000000,1.85,1.85,1.77,1.77,389.03955
1678406400000,1.9744,1.9744,1.85,1.85,361.721
1678402800000,2.0311,2.0311,1.86,1.9744,137.318432
1678399200000,2.0719,2.0719,2.0311,2.0311,5.249343
1678395600000,2.2467,2.2467,2.0719,2.0719,229.021211
1678392000000,1.8598,2.2467,1.8598,2.2467,1217.93538
1678388400000,1.8598,1.8598,1.8598,1.8598,1915.790301
1678384800000,1.8598,1.8598,1.8598,1.8598,184.465785
1678381200000,1.8598,1.8598,1.8598,1.8598,0
1678377600000,1.8598,1.8598,1.8598,1.8598,0
1678374000000,1.84,1.8598,1.84,1.8598,51.901984
1678370400000,1.75,1.84,1.75,1.84,64.600523
1678366800000,1.84,1.84,1.75,1.75,50.082354
1678363200000,1.84,1.84,1.84,1.84,0
1678359600000,1.84,1.84,1.84,1.84,0
1678356000000,1.84,1.84,1.84,1.84,0
1678352400000,1.84,1.84,1.84,1.84,0
1678348800000,1.84,1.84,1.84,1.84,0
1678345200000,1.84,1.84,1.84,1.84,0
1678341600000,1.84,1.84,1.84,1.84,0
1678338000000,1.84,1.84,1.84,1.84,0
1678334400000,1.84,1.84,1.84,1.84,0
1678330800000,1.84,1.84,1.84,1.84,0
1678327200000,1.84,1.84,1.84,1.84,0
1678323600000,1.84,1.84,1.84,1.84,0
1678320000000,1.8199,1.84,1.75,1.84,35.99332
1678316400000,1.82,1.82,1.8199,1.8199,309.494148
1678312800000,1.82,1.82,1.82,1.82,112
1678309200000,1.86,1.86,1.82,1.82,88.721234
1678305600000,1.86,1.86,1.86,1.86,0
1678302000000,1.95,2.014,1.7675,1.86,1434.337029
1678298400000,1.95,1.95,1.95,1.95,0
1678294800000,1.95,1.95,1.95,1.95,0
1678291200000,1.95,1.95,1.95,1.95,0
1678287600000,1.95,1.95,1.95,1.95,0
1678284000000,1.95,1.95,1.95,1.95,0
1678280400000,1.95,1.95,1.95,1.95,0
1678276800000,1.95,1.95,1.95,1.95,0
1678273200000,1.95,1.95,1.95,1.95,0
1678269600000,1.95,1.95,1.95,1.95,0
1678266000000,1.95,1.95,1.95,1.95,0
1678262400000,1.95,1.95,1.95,1.95,100.594527
1678258800000,1.95,1.95,1.95,1.95,0
1678255200000,1.95,1.95,1.95,1.95,0
1678251600000,1.95,1.95,1.95,1.95,0
1678248000000,1.95,1.95,1.95,1.95,0
1678244400000,1.95,1.95,1.95,1.95,13.325745
1678240800000,2.0544,2.0544,1.95,1.95,216.188232
1678237200000,1.97,2.0544,1.97,2.0544,4.36383
1678233600000,1.95,1.97,1.95,1.97,11.874337
1678230000000,2.1679,2.1679,1.95,1.95,544.839245
1678226400000,2.1679,2.1679,2.1679,2.1679,0
1678222800000,2.282,2.282,2.1679,2.1679,14.797505
1678219200000,2.2899,2.2899,2.282,2.282,158.206035
1678215600000,2.3,2.3,2.1774,2.2899,138.930698
1678212000000,1.97,2.3,1.97,2.3,111.040435
1678208400000,1.9519,1.97,1.9519,1.97,83.79338
1678204800000,1.9519,1.9519,1.9519,1.9519,0
1678201200000,2.011,2.0719,1.9519,1.9519,17.064734
1678197600000,2.011,2.011,2.011,2.011,0
1678194000000,2.011,2.011,2.011,2.011,0
1678190400000,2.0719,2.0719,2.011,2.011,55.077076
1678186800000,2.0719,2.0719,2.0719,2.0719,0
1678183200000,2.0719,2.0719,2.0719,2.0719,0.729138
1678179600000,2.0719,2.0719,2.0719,2.0719,0
1678176000000,2.0719,2.0719,2.0719,2.0719,0
1678172400000,2.0719,2.0719,2.0719,2.0719,0
1678168800000,2.0719,2.0719,2.0719,2.0719,0
1678165200000,2.1135,2.1135,2.0719,2.0719,8
1678161600000,2.3,2.3,2.1135,2.1135,9.727822
1678158000000,2.3,2.3,2.011,2.3,250.197825
1678154400000,2.28,2.3,1.9714,2.3,828.596396
1678150800000,2.2749,2.28,1.9911,2.28,159.984629
1678147200000,2.2749,2.2749,2.2749,2.2749,0
1678143600000,2.2749,2.2749,2.2749,2.2749,0
1678140000000,2.2749,2.2749,2.2749,2.2749,0
1678136400000,2.2245,2.2749,2.2245,2.2749,208.185556
1678132800000,2.0719,2.2245,2.0719,2.2245,45.850101
1678129200000,2.0719,2.0719,2.0719,2.0719,0
1678125600000,2.0719,2.0719,2.0719,2.0719,0
1678122000000,2.0719,2.0719,2.0719,2.0719,0
1678118400000,2.094,2.094,2.0719,2.0719,0.787306
1678114800000,2.0719,2.094,2.0719,2.094,0.167144
1678111200000,2.0926,2.0926,2.0719,2.0719,3.817197
1678107600000,2.0926,2.0926,2.0926,2.0926,0
1678104000000,2.0926,2.0926,2.0926,2.0926,0
1678100400000,2.0926,2.0926,2.0926,2.0926,0
1678096800000,2.2466,2.2466,2.0926,2.0926,3
1678093200000,2.2466,2.2466,2.2466,2.2466,0
1678089600000,2.2466,2.2466,2.2466,2.2466,0
1678086000000,2.2466,2.2466,2.2466,2.2466,0
1678082400000,2.2466,2.2466,2.2466,2.2466,0
1678078800000,2.2466,2.2466,2.2466,2.2466,0
1678075200000,2.1135,2.2466,2.1135,2.2466,3.990433
1678071600000,2.1135,2.1135,2.1135,2.1135,0
1678068000000,2.2749,2.2749,2.1135,2.1135,9.03007
1678064400000,2.2749,2.2749,2.2749,2.2749,46.923466
1678060800000,2.2749,2.2749,2.2747,2.2749,211.209927
1678057200000,2.26,2.2749,2.25,2.2749,80.881476
1678053600000,1.8759,2.26,1.8759,2.26,1011.18256
1678050000000,1.8759,1.8759,1.8759,1.8759,0
1678046400000,1.8891,1.98,1.8,1.8759,182.862314
1678042800000,1.8891,1.8891,1.8891,1.8891,0
1678039200000,1.8891,1.8891,1.8891,1.8891,0
1678035600000,1.8891,1.8891,1.8891,1.8891,0
1678032000000,1.8891,1.8891,1.8891,1.8891,0
1678028400000,1.97,1.97,1.8891,1.8891,37.855134
1678024800000,1.97,1.97,1.97,1.97,0
1678021200000,1.8,1.97,1.8,1.97,100
1678017600000,1.8,1.8,1.8,1.8,0
1678014000000,1.8,1.8,1.8,1.8,0
1678010400000,1.8,1.8,1.8,1.8,0
1678006800000,1.8,1.8,1.8,1.8,0
1678003200000,1.8,1.8,1.8,1.8,0
1677999600000,1.8,1.8,1.8,1.8,0
1677996000000,1.8,1.8,1.8,1.8,0
1677992400000,1.8,1.8,1.8,1.8,0
1677988800000,1.8,1.8,1.8,1.8,0
1677985200000,1.8,1.8,1.8,1.8,0
1677981600000,1.8789,1.88,1.8,1.8,100
1677978000000,1.8789,1.8789,1.8789,1.8789,0
1677974400000,1.8789,1.8789,1.8789,1.8789,0
1677970800000,1.7675,1.8789,1.7675,1.8789,2.925
1677967200000,1.7675,1.7675,1.7675,1.7675,0
1677963600000,1.927,1.927,1.7675,1.7675,46.082949
1677960000000,1.927,1.927,1.927,1.927,0
1677956400000,1.927,1.927,1.927,1.927,0
1677952800000,1.927,1.927,1.927,1.927,0
1677949200000,1.927,1.927,1.927,1.927,0
1677945600000,1.927,1.927,1.927,1.927,0
1677942000000,1.927,1.927,1.927,1.927,0
1677938400000,1.927,1.927,1.927,1.927,0
1677934800000,1.927,1.927,1.927,1.927,0
1677931200000,1.927,1.927,1.927,1.927,0
1677927600000,1.927,1.927,1.927,1.927,0
1677924000000,2.05,2.05,1.927,1.927,10.414143
1677920400000,2.05,2.05,2.05,2.05,0
1677916800000,2.05,2.05,2.05,2.05,0
1677913200000,2.05,2.05,2.05,2.05,0
1677909600000,1.97,2.05,1.97,2.05,0.541203
1677906000000,1.97,1.97,1.97,1.97,0
1677902400000,1.97,1.97,1.97,1.97,0
1677898800000,1.97,1.97,1.97,1.97,0
1677895200000,1.97,1.97,1.97,1.97,0
1677891600000,2.05,2.05,1.97,1.97,11.833365
1677888000000,2.05,2.05,2.05,2.05,0
1677884400000,2.05,2.05,2.05,2.05,161.083434
1677880800000,2.05,2.05,2.05,2.05,47.834157
1677877200000,2.05,2.05,2.05,2.05,0
1677873600000,1.8574,2.05,1.8574,2.05,57.713137
1677870000000,1.8574,1.8574,1.8574,1.8574,0
1677866400000,1.8574,1.8574,1.8574,1.8574,0
1677862800000,1.8574,1.8574,1.8574,1.8574,0
1677859200000,1.8574,1.8574,1.8574,1.8574,0
1677855600000,1.8574,1.8574,1.8574,1.8574,0
1677852000000,1.8574,1.8574,1.8574,1.8574,0
1677848400000,1.8574,1.8574,1.8574,1.8574,0
1677844800000,1.8574,1.8574,1.8574,1.8574,0
1677841200000,1.8574,1.8574,1.8574,1.8574,0
1677837600000,1.8574,1.8574,1.8574,1.8574,0
1677834000000,1.8574,1.8574,1.8574,1.8574,0
1677830400000,1.8574,1.8574,1.8574,1.8574,0
1677826800000,1.8574,1.8574,1.8574,1.8574,0
1677823200000,1.8574,1.8574,1.8574,1.8574,0
1677819600000,1.8574,1.8574,1.8574,1.8574,0
1677816000000,1.8574,1.8574,1.8574,1.8574,2660.758011
1677812400000,1.8759,1.8759,1.8574,1.8574,1104.995565
1677808800000,2.0341,2.0341,1.8759,1.8759,6.795798
1677805200000,2.0341,2.0341,2.0341,2.0341,0
1677801600000,2.0341,2.0341,2.0341,2.0341,0
1677798000000,2.0341,2.0341,2.0341,2.0341,0
1677794400000,1.9941,2.0341,1.8946,2.0341,26.512939
1677790800000,1.9941,1.9941,1.9941,1.9941,0
1677787200000,1.9941,1.9941,1.9941,1.9941,0
1677783600000,1.8591,1.9941,1.8591,1.9941,5.85
1677780000000,1.8591,1.8591,1.8591,1.8591,0
1677776400000,1.8591,1.8591,1.8591,1.8591,0
1677772800000,1.8591,1.8591,1.8591,1.8591,0
1677769200000,1.9519,1.9519,1.8591,1.8591,1198.620096
1677765600000,1.9519,1.9519,1.9519,1.9519,0
1677762000000,1.9519,1.9519,1.9519,1.9519,0
1677758400000,2.0544,2.0544,1.9519,1.9519,55.801017
1677754800000,2.0544,2.0544,2.0544,2.0544,0
1677751200000,2.0544,2.0544,2.0544,2.0544,0
1677747600000,1.9519,2.0544,1.9519,2.0544,1.94217
1677744000000,1.9519,1.9519,1.9519,1.9519,0
1677740400000,1.9519,1.9519,1.9519,1.9519,0
1677736800000,1.9519,1.9519,1.9519,1.9519,0
1677733200000,1.9519,1.9519,1.9519,1.9519,0
1677729600000,1.9519,1.9519,1.9519,1.9519,0
1677726000000,1.9519,1.9519,1.9519,1.9519,0
1677722400000,1.9519,1.9519,1.9519,1.9519,105.023223
1677718800000,1.9519,2.0957,1.9519,1.9519,15.065028
1677715200000,1.9519,1.9519,1.9519,1.9519,0
1677711600000,1.9519,2.0957,1.9519,1.9519,18.220961
1677708000000,1.9,2.26,1.9,1.9519,323.926519
1677704400000,1.9,1.9,1.9,1.9,0
1677700800000,2.0199,2.0199,1.9,1.9,469.526495
1677697200000,2.0957,2.0957,2.0199,2.0199,0.194571
1677693600000,2.0957,2.0957,2.0957,2.0957,0
1677690000000,1.9714,2.0957,1.9714,2.0957,1.657012
1677686400000,2,2.2,1.9714,1.9714,135.885408
1677682800000,2,2,2,2,0.175
1677679200000,2,2,2,2,0
1677675600000,2.0854,2.1711,2,2,5.632745
1677672000000,2.0854,2.0854,2.0854,2.0854,0
1677668400000,2.0854,2.0854,2.0854,2.0854,0
1677664800000,2.1401,2.1401,2.0854,2.0854,1
1677661200000,2.1401,2.1401,2.1401,2.1401,0
1677657600000,2.1711,2.18,2.0269,2.1401,48.161547
1677654000000,2.2,2.2,2.1126,2.1711,2.364711
1677650400000,2.1432,2.2,2.1432,2.2,171.459068
1677646800000,1.9801,2.1432,1.9801,2.1432,1.586653
1677643200000,2.1432,2.19,1.9801,1.9801,71.568478
1677639600000,2.19,2.19,1.98,2.1432,106.152863
1677636000000,2.19,2.19,2.19,2.19,0
1677632400000,2.19,2.19,2.19,2.19,0
1677628800000,2.1401,2.19,1.9714,2.19,565.94438
1677625200000,2.1401,2.1401,2.1401,2.1401,0
1677621600000,2.1401,2.1401,2.1401,2.1401,0.046726
1677618000000,2.11,2.2,2.11,2.1401,125.510267
1677614400000,2.0957,2.11,2.0957,2.11,17.325
1677610800000,2.06,2.0957,2.06,2.0957,11.456276
1677607200000,2.06,2.06,2.06,2.06,0
1677603600000,1.9519,2.06,1.9519,2.06,555.561697
1677600000000,2.1156,2.164,1.9519,1.9519,1205.096782
1677596400000,2.0719,2.1156,2.0719,2.1156,0.165438
1677592800000,2.0719,2.0719,2.0719,2.0719,0
1677589200000,2.0719,2.0719,2.0719,2.0719,0
1677585600000,2.0719,2.0719,2.0719,2.0719,0
1677582000000,2.0719,2.0719,2.0719,2.0719,0
1677578400000,2.0719,2.0719,2.0719,2.0719,0
1677574800000,2.0719,2.0719,2.0719,2.0719,0
1677571200000,2.0719,2.0719,2.0719,2.0719,0
1677567600000,2.0719,2.0719,2.0719,2.0719,0
1677564000000,2.08,2.08,2.0719,2.0719,886.102371
1677560400000,2.08,2.08,2.08,2.08,16.57795
1677556800000,2.08,2.08,2.08,2.08,0
1677553200000,2.08,2.08,2.08,2.08,0
1677549600000,2.08,2.08,2.08,2.08,0
1677546000000,2.08,2.08,2.08,2.08,0
1677542400000,2.08,2.08,2.08,2.08,0
1677538800000,2.08,2.08,2.08,2.08,0
1677535200000,2.0719,2.08,2.0719,2.08,2.691279
1677531600000,2.0719,2.0719,2.0719,2.0719,0
1677528000000,2.0719,2.0719,2.0719,2.0719,0
1677524400000,2.0746,2.0746,2.0719,2.0719,1028.452453
1677520800000,2.072,2.0746,2.072,2.0746,332.121813
1677517200000,2.072,2.072,2.072,2.072,56
1677513600000,2.125,2.125,2.072,2.072,400.756548
1677510000000,2.125,2.1711,2.125,2.125,413.257935
1677506400000,2.1401,2.257,2.125,2.125,149.457952
1677502800000,2.1401,2.1401,2.1401,2.1401,0
1677499200000,2.1401,2.1401,2.1401,2.1401,0
1677495600000,2.1401,2.1401,2.1401,2.1401,0
1677492000000,2.1401,2.1401,2.1401,2.1401,0
1677488400000,2.125,2.1711,2.125,2.1401,1.556116
1677484800000,2.125,2.125,2.125,2.125,0
1677481200000,2.125,2.125,2.125,2.125,0
1677477600000,2.125,2.125,2.125,2.125,0
1677474000000,2.125,2.125,2.125,2.125,0
1677470400000,2.125,2.125,2.125,2.125,0
1677466800000,2.125,2.125,2.125,2.125,0
1677463200000,2.3877,2.3877,2.125,2.125,51.309716
1677459600000,2.2245,2.3877,2.2245,2.3877,396.418778
1677456000000,2.2245,2.2245,2.2245,2.2245,0
1677452400000,2.072,2.2245,2.072,2.2245,6.520821
1677448800000,2.072,2.072,2.072,2.072,0
1677445200000,2.1156,2.12,2.072,2.072,49.131937
1677441600000,2.1155,2.1156,2.1155,2.1156,0.585761
1677438000000,2.1156,2.1156,2.1155,2.1155,5.881887
1677434400000,2.1156,2.1156,2.1156,2.1156,0
1677430800000,2.1156,2.1156,2.1156,2.1156,0
1677427200000,2.1156,2.1156,2.1156,2.1156,0
1677423600000,2.072,2.1156,2.072,2.1156,0.165438
1677420000000,2.072,2.072,2.072,2.072,0
1677416400000,2.1,2.1,2.072,2.072,77.30529
1677412800000,2.1,2.1,2.1,2.1,0
1677409200000,2.1,2.1,2.1,2.1,0
1677405600000,2.1,2.1,2.1,2.1,0
1677402000000,2.1,2.1,2.1,2.1,40.388858
1677398400000,2.1,2.1,2.1,2.1,0
1677394800000,2.1,2.1,2.1,2.1,0
1677391200000,2.3464,2.3899,2.1,2.1,294.042611
1677387600000,2.3899,2.3899,2.2864,2.3464,2.188028
1677384000000,2.3539,2.3899,2.2465,2.3899,257.024195
1677380400000,2.1711,2.364,2.1711,2.3539,12.541492
1677376800000,2.086,2.1994,2.0719,2.1711,678.149392
1677373200000,2.3899,2.3899,2.086,2.086,78.121
1677369600000,2.39,2.39,2.3899,2.3899,2.092138
1677366000000,2.2691,2.39,2.2691,2.39,222.660107
1677362400000,2.2691,2.2691,2.2691,2.2691,0
1677358800000,2.2691,2.2691,2.2691,2.2691,0
1677355200000,2.2691,2.2691,2.2691,2.2691,0
1677351600000,2.2674,2.2691,2.2674,2.2691,3.073887
1677348000000,2.2674,2.2674,2.2674,2.2674,0
1677344400000,2.1711,2.2674,2.1711,2.2674,194.421021
1677340800000,2.1711,2.1711,2.1711,2.1711,0
1677337200000,2.1711,2.1711,2.1711,2.1711,0.161209
1677333600000,2.1711,2.1711,2.1711,2.1711,0
1677330000000,2.1711,2.1711,2.1711,2.1711,0
1677326400000,2.1711,2.1711,2.1711,2.1711,0
1677322800000,2.1711,2.1711,2.1711,2.1711,0
1677319200000,2.1711,2.1711,2.1711,2.1711,0
1677315600000,2.1711,2.1711,2.1711,2.1711,0
1677312000000,2.0719,2.1711,2.0719,2.1711,1.837763
1677308400000,2.0723,2.0723,2.0719,2.0719,7.00561
1677304800000,2.0723,2.0723,2.0723,2.0723,0
1677301200000,2.1994,2.1994,2.0723,2.0723,491.262244
1677297600000,2.1401,2.1994,2.1,2.1994,131.618099
1677294000000,2.1401,2.1401,2.1401,2.1401,0
1677290400000,2.4,2.4,2.1135,2.1401,107.665059
1677286800000,2.4,2.4,2.4,2.4,135.031467
1677283200000,2.4,2.4,2.221,2.4,164.09903
1677279600000,2.4,2.4,2.4,2.4,0
1677276000000,2.361,2.4,2.361,2.4,110.272388
1677272400000,2.1,2.361,2.1,2.361,53.0677
1677268800000,2.1,2.1,2.1,2.1,0
1677265200000,2.15,2.15,2.1,2.1,28.360793
1677261600000,2.15,2.15,2.15,2.15,0
1677258000000,2.15,2.15,2.15,2.15,0
1677254400000,2.18,2.18,2.15,2.15,934.312896
1677250800000,2.2864,2.2978,2.178,2.18,1426.197372
1677247200000,2.178,2.2864,2.178,2.2864,2.152154
1677243600000,2.178,2.178,2.178,2.178,0
1677240000000,2.178,2.178,2.178,2.178,0
1677236400000,2.178,2.178,2.178,2.178,0
1677232800000,2.178,2.178,2.178,2.178,0
1677229200000,2.178,2.178,2.178,2.178,0
1677225600000,2.1962,2.1962,2.178,2.178,92.270191
1677222000000,2.498,2.498,2.1962,2.1962,30.584944
1677218400000,2.498,2.498,2.498,2.498,0
1677214800000,2.498,2.498,2.498,2.498,0
1677211200000,2.178,2.498,2.178,2.498,138.827791
1677207600000,2.178,2.178,2.178,2.178,2383.474169
1677204000000,2.178,2.178,2.178,2.178,0
1677200400000,2.1994,2.1994,2.178,2.178,871.55214
1677196800000,2.1994,2.1994,2.1994,2.1994,0
1677193200000,2.1781,2.1994,2.1781,2.1994,0.768046
1677189600000,2.1781,2.1781,2.1781,2.1781,0
1677186000000,2.178,2.1781,2.178,2.1781,13.110828
1677182400000,2.178,2.178,2.178,2.178,0
1677178800000,2.178,2.178,2.178,2.178,0
1677175200000,2.178,2.178,2.178,2.178,0
1677171600000,2.168,2.178,2.168,2.178,64.851359
1677168000000,2.3769,2.3769,2.168,2.168,2133.079294
1677164400000,2.3341,2.3769,2.3341,2.3769,0.147251
1677160800000,2.3341,2.3341,2.3341,2.3341,0
1677157200000,2.3341,2.3341,2.3341,2.3341,0
1677153600000,2.3341,2.3341,2.3341,2.3341,0
1677150000000,2.3341,2.3341,2.3341,2.3341,0
1677146400000,2.4703,2.5022,2.3341,2.3341,8.766648
1677142800000,2.4703,2.4703,2.4703,2.4703,0
1677139200000,2.4703,2.4703,2.4703,2.4703,0
1677135600000,2.4703,2.4703,2.4703,2.4703,0
1677132000000,2.4703,2.4703,2.4703,2.4703,0
1677128400000,2.4703,2.4703,2.4703,2.4703,0
1677124800000,2.4703,2.4703,2.4703,2.4703,0
1677121200000,2.2864,2.4703,2.168,2.4703,692.382238
1677117600000,2.1994,2.2864,2.1994,2.2864,11.153939
1677114000000,2.1994,2.1994,2.1994,2.1994,0
1677110400000,2.1994,2.1994,2.1994,2.1994,0
1677106800000,2.16,2.1994,2.16,2.1994,0.768045
1677103200000,2.3,2.3,2.15,2.16,147.667412
1677099600000,2.3,2.3,2.3,2.3,0
1677096000000,2.3,2.3,2.3,2.3,0
1677092400000,2.3,2.3,2.3,2.3,0
1677088800000,2.3,2.3,2.3,2.3,0
1677085200000,2.3,2.3,2.3,2.3,0
1677081600000,2.3,2.3,2.3,2.3,0
1677078000000,2.3,2.3464,2.3,2.3,7992.38264
1677074400000,2.3,2.3,2.3,2.3,0
1677070800000,2.3,2.3,2.3,2.3,0
1677067200000,2.3,2.3,2.3,2.3,0
1677063600000,2.3,2.3,2.3,2.3,0
1677060000000,2.3,2.3,2.3,2.3,0
1677056400000,2.3,2.3,2.3,2.3,0
1677052800000,2.4324,2.4324,2.3,2.3,923.793953
1677049200000,2.4324,2.4324,2.4324,2.4324,0
1677045600000,2.4324,2.4324,2.4324,2.4324,0
1677042000000,2.4324,2.4324,2.4324,2.4324,0
1677038400000,2.4324,2.4324,2.4324,2.4324,0
1677034800000,2.4324,2.4324,2.4324,2.4324,0
1677031200000,2.4324,2.4324,2.4324,2.4324,0
1677027600000,2.4324,2.4324,2.4324,2.4324,0
1677024000000,2.3021,2.4324,2.3021,2.4324,3.546592
1677020400000,2.3769,2.38,2.3021,2.3021,443.987405
1677016800000,2.3464,2.3769,2.3464,2.3769,0.71068
1677013200000,2.3464,2.3464,2.3464,2.3464,0
1677009600000,2.3464,2.3464,2.3464,2.3464,0.51536
1677006000000,2.3464,2.3464,2.3464,2.3464,0
1677002400000,2.3464,2.3464,2.3464,2.3464,0
1676998800000,2.3464,2.3464,2.3464,2.3464,0.055404
1676995200000,2.3464,2.3464,2.3464,2.3464,0
1676991600000,2.3022,2.3464,2.3022,2.3464,0.149165
1676988000000,2.3022,2.3022,2.3022,2.3022,0
1676984400000,2.3022,2.3022,2.3022,2.3022,0
1676980800000,2.3022,2.3022,2.3022,2.3022,0
1676977200000,2.3022,2.3022,2.3022,2.3022,0
1676973600000,2.3809,2.3809,2.3022,2.3022,101.170444
1676970000000,2.3809,2.3809,2.3809,2.3809,0
1676966400000,2.3809,2.3809,2.3809,2.3809,0
1676962800000,2.3809,2.3809,2.3809,2.3809,0
1676959200000,2.3809,2.3809,2.3809,2.3809,0
1676955600000,2.3809,2.3809,2.3809,2.3809,0
1676952000000,2.3809,2.3809,2.3809,2.3809,0
1676948400000,2.4665,2.4665,2.3809,2.3809,2.959205
1676944800000,2.4665,2.4665,2.4665,2.4665,0
1676941200000,2.4665,2.4665,2.4665,2.4665,0
1676937600000,2.4665,2.4665,2.4665,2.4665,0.074153
1676934000000,2.5199,2.5199,2.4665,2.4665,4.048979
1676930400000,2.5199,2.5199,2.5199,2.5199,0
1676926800000,2.5199,2.5199,2.5199,2.5199,9.881502
1676923200000,2.5199,2.5199,2.5199,2.5199,0
1676919600000,2.5199,2.5199,2.5199,2.5199,0
1676916000000,2.5199,2.5199,2.5199,2.5199,53.381754
1676912400000,2.5,2.5199,2.5,2.5199,77.792694
1676908800000,2.5,2.5,2.5,2.5,0
1676905200000,2.4665,2.5,2.4665,2.5,200.066701
1676901600000,2.4665,2.4665,2.4665,2.4665,276
1676898000000,2.4665,2.4665,2.4665,2.4665,0
1676894400000,2.4665,2.4665,2.4665,2.4665,0
1676890800000,2.4665,2.4665,2.4665,2.4665,0
1676887200000,2.4665,2.4665,2.4665,2.4665,0
1676883600000,2.4665,2.4665,2.4665,2.4665,0
1676880000000,2.4665,2.4665,2.4665,2.4665,0.139353
1676876400000,2.4665,2.4665,2.4665,2.4665,0
1676872800000,2.4665,2.4665,2.4665,2.4665,0
1676869200000,2.4665,2.4665,2.4665,2.4665,0
1676865600000,2.5199,2.5199,2.4665,2.4665,0.675771
1676862000000,2.5199,2.5199,2.5199,2.5199,0
1676858400000,2.4392,2.5199,2.4392,2.5199,388.983218
1676854800000,2.4392,2.4392,2.4392,2.4392,0
1676851200000,2.3021,2.4392,2.3021,2.4392,5.811403
1676847600000,2.3021,2.3021,2.3021,2.3021,0
1676844000000,2.3021,2.3021,2.3021,2.3021,0
1676840400000,2.3021,2.3021,2.3021,2.3021,0
1676836800000,2.4,2.4,2.3021,2.3021,33.084348
1676833200000,2.3021,2.4,2.3021,2.4,30.609452
1676829600000,2.4,2.4,2.302,2.3021,11.577957
1676826000000,2.3129,2.4,2.3129,2.4,31.513266
1676822400000,2.4,2.4,2.3129,2.3129,1.056582
1676818800000,2.4,2.4,2.4,2.4,0.145833
1676815200000,2.4,2.4,2.4,2.4,122.524875
1676811600000,2.4,2.4,2.4,2.4,0
1676808000000,2.4,2.4,2.4,2.4,0
1676804400000,2.4,2.4,2.4,2.4,0
1676800800000,2.4,2.4,2.4,2.4,0
1676797200000,2.4,2.4,2.4,2.4,0
1676793600000,2.4,2.4,2.4,2.4,0
1676790000000,2.4,2.4,2.4,2.4,0
1676786400000,2.4,2.4,2.4,2.4,0
1676782800000,2.4,2.4,2.4,2.4,0
1676779200000,2.4,2.4,2.4,2.4,0
1676775600000,2.4,2.4,2.4,2.4,0
1676772000000,2.4,2.4,2.4,2.4,0
1676768400000,2.4,2.4,2.4,2.4,0
1676764800000,2.4,2.4,2.4,2.4,0
1676761200000,2.4,2.4,2.4,2.4,0
1676757600000,2.4,2.4,2.4,2.4,0
1676754000000,2.4,2.4,2.4,2.4,0
1676750400000,2.4,2.4,2.4,2.4,0
1676746800000,2.3008,2.4,2.3008,2.4,1.66252
1676743200000,2.4,2.4,2.3008,2.3008,4.118511
1676739600000,2.4,2.4,2.4,2.4,0
1676736000000,2.4,2.4,2.4,2.4,0
1676732400000,2.3005,2.4,2.3005,2.4,41.293568
1676728800000,2.3005,2.3005,2.3005,2.3005,0
1676725200000,2.3005,2.3005,2.3005,2.3005,0
1676721600000,2.3005,2.3005,2.3005,2.3005,0
1676718000000,2.3005,2.3005,2.3005,2.3005,0
1676714400000,2.3005,2.3005,2.3005,2.3005,0
1676710800000,2.3005,2.3005,2.3005,2.3005,0
1676707200000,2.3005,2.3005,2.3005,2.3005,0
1676703600000,2.3005,2.3005,2.3005,2.3005,0
1676700000000,2.3005,2.3005,2.3005,2.3005,0
1676696400000,2.3005,2.3005,2.3005,2.3005,0
1676692800000,2.3001,2.3005,2.3001,2.3005,1.5
1676689200000,2.5199,2.5199,2.3001,2.3001,104.818187
1676685600000,2.5199,2.5199,2.5199,2.5199,0
1676682000000,2.5199,2.5199,2.5199,2.5199,0
1676678400000,2.479,2.5199,2.47,2.5199,605.082693
1676674800000,2.479,2.479,2.479,2.479,0
1676671200000,2.479,2.479,2.479,2.479,5.422653
1676667600000,2.4799,2.4799,2.479,2.479,50
1676664000000,2.4799,2.4799,2.4799,2.4799,0
1676660400000,2.48,2.48,2.4799,2.4799,0.080645
1676656800000,2.48,2.48,2.48,2.48,0
1676653200000,2.48,2.48,2.48,2.48,0
1676649600000,2.48,2.48,2.48,2.48,0
1676646000000,2.48,2.48,2.48,2.48,0.141129
1676642400000,2.4799,2.48,2.4799,2.48,135.623086
1676638800000,2.4799,2.4799,2.4799,2.4799,0
1676635200000,2.35,2.4799,2.35,2.4799,3.689345
1676631600000,2.35,2.35,2.35,2.35,0
1676628000000,2.35,2.35,2.35,2.35,0
1676624400000,2.35,2.35,2.35,2.35,0
1676620800000,2.35,2.35,2.35,2.35,0
1676617200000,2.35,2.35,2.35,2.35,4.344587
1676613600000,2.4705,2.4705,2.35,2.35,15.245261
1676610000000,2.4705,2.4705,2.4705,2.4705,0
1676606400000,2.3464,2.4705,2.3464,2.4705,8.223319
1676602800000,2.3464,2.3464,2.3464,2.3464,0
1676599200000,2.3464,2.3464,2.3464,2.3464,0
1676595600000,2.3464,2.3464,2.3464,2.3464,0
1676592000000,2.3464,2.3464,2.3464,2.3464,0
1676588400000,2.3464,2.3464,2.3464,2.3464,0
1676584800000,2.3574,2.3574,2.305,2.3464,467.66395
1676581200000,2.4529,2.4529,2.3574,2.3574,15.402741
1676577600000,2.59,2.59,2.4529,2.4529,479.359278
1676574000000,2.59,2.59,2.59,2.59,0
1676570400000,2.59,2.59,2.59,2.59,0
1676566800000,2.59,2.59,2.59,2.59,0
1676563200000,2.59,2.59,2.59,2.59,0
1676559600000,2.306,2.59,2.306,2.59,307.60823
1676556000000,2.306,2.306,2.306,2.306,0
1676552400000,2.306,2.306,2.306,2.306,0
1676548800000,2.3341,2.3341,2.306,2.306,14.146499
1676545200000,2.39,2.39,2.3341,2.3341,5
1676541600000,2.39,2.39,2.39,2.39,0
1676538000000,2.39,2.39,2.39,2.39,0
1676534400000,2.39,2.39,2.39,2.39,0
1676530800000,2.39,2.39,2.39,2.39,0
1676527200000,2.39,2.39,2.39,2.39,0
1676523600000,2.39,2.39,2.39,2.39,0
1676520000000,2.39,2.5,2.39,2.39,458.878158
1676516400000,2.39,2.39,2.39,2.39,0.108786
1676512800000,2.39,2.39,2.39,2.39,0
1676509200000,2.39,2.39,2.39,2.39,0
1676505600000,2.4079,2.4079,2.39,2.39,249.999926
1676502000000,2.3464,2.4079,2.3464,2.4079,0.830578
1676498400000,2.3,2.3464,2.3,2.3464,0.719929
1676494800000,2.315,2.315,2.3,2.3,610.793067
1676491200000,2.315,2.315,2.315,2.315,0
1676487600000,2.4391,2.4391,2.315,2.315,97.339617
1676484000000,2.4391,2.4391,2.4391,2.4391,0
1676480400000,2.3151,2.4391,2.3151,2.4391,3.6756
1676476800000,2.59,2.59,2.3151,2.3151,789.501561
1676473200000,2.4324,2.59,2.315,2.59,635.783165
1676469600000,2.4324,2.4324,2.4324,2.4324,0
1676466000000,2.4324,2.4324,2.4324,2.4324,0
1676462400000,2.4324,2.4324,2.4324,2.4324,0
1676458800000,2.4324,2.4324,2.4324,2.4324,0
1676455200000,2.4324,2.4324,2.4324,2.4324,0
1676451600000,2.3,2.4324,2.3,2.4324,4.344587
1676448000000,2.3,2.3,2.3,2.3,0
1676444400000,2.3,2.3,2.3,2.3,0
1676440800000,2.3,2.3,2.3,2.3,670.081625
1676437200000,2.3,2.3,2.3,2.3,0
1676433600000,2.3769,2.3892,2.3,2.3,677.449475
1676430000000,2.3769,2.3769,2.3769,2.3769,0
1676426400000,2.3769,2.3769,2.3769,2.3769,0
1676422800000,2.3001,2.3769,2.3001,2.3769,0.957796
1676419200000,2.3001,2.3001,2.3001,2.3001,0
1676415600000,2.3001,2.3001,2.3001,2.3001,0
1676412000000,2.3769,2.3769,2.3001,2.3001,4.80764
1676408400000,2.3769,2.3769,2.3769,2.3769,0
1676404800000,2.3001,2.3769,2.3001,2.3769,4.602974
1676401200000,2.3001,2.3001,2.3001,2.3001,0
1676397600000,2.3001,2.3001,2.3001,2.3001,0
1676394000000,2.3464,2.3464,2.3001,2.3001,118.772419
1676390400000,2.3464,2.3464,2.3464,2.3464,0
1676386800000,2.311,2.3464,2.311,2.3464,0.149165
1676383200000,2.311,2.311,2.311,2.311,0
1676379600000,2.311,2.311,2.311,2.311,0
1676376000000,2.311,2.311,2.311,2.311,0
1676372400000,2.311,2.311,2.311,2.311,0
1676368800000,2.311,2.311,2.311,2.311,0
1676365200000,2.311,2.311,2.311,2.311,0
1676361600000,2.311,2.311,2.311,2.311,0
1676358000000,2.311,2.311,2.311,2.311,0
1676354400000,2.311,2.311,2.311,2.311,0
1676350800000,2.311,2.311,2.311,2.311,0
1676347200000,2.311,2.311,2.311,2.311,0
1676343600000,2.311,2.311,2.311,2.311,0
1676340000000,2.311,2.311,2.311,2.311,0
1676336400000,2.311,2.311,2.311,2.311,0
1676332800000,2.311,2.311,2.311,2.311,0
1676329200000,2.4529,2.4529,2.311,2.311,20.785161
1676325600000,2.6,2.6,2.4529,2.4529,5.663839
1676322000000,2.6,2.6,2.6,2.6,29.854573
1676318400000,2.6,2.6,2.6,2.6,0
1676314800000,2.6,2.6,2.6,2.6,0
1676311200000,2.3,2.6,2.3,2.6,500
1676307600000,2.3,2.3001,2.3,2.3,133.708985
1676304000000,2.3,2.3,2.3,2.3,719.847554
1676300400000,2.311,2.311,2.3,2.3,566.443261
1676296800000,2.35,2.35,2.311,2.311,161.425
1676293200000,2.35,2.35,2.35,2.35,600.498498
1676289600000,2.35,2.35,2.35,2.35,0
1676286000000,2.35,2.35,2.35,2.35,0
1676282400000,2.35,2.35,2.35,2.35,0
1676278800000,2.35,2.35,2.35,2.35,2.734903
1676275200000,2.35,2.35,2.35,2.35,0
1676271600000,2.35,2.35,2.35,2.35,15.334754
1676268000000,2.35,2.35,2.35,2.35,0
1676264400000,2.5817,2.5817,2.35,2.35,317.614853
1676260800000,2.5817,2.5817,2.5817,2.5817,0
1676257200000,2.58,2.5817,2.58,2.5817,10.756542
1676253600000,2.58,2.58,2.58,2.58,0
1676250000000,2.5798,2.58,2.5798,2.58,150.335184
1676246400000,2.4665,2.5798,2.4665,2.5798,75.986423
1676242800000,2.4665,2.4665,2.4665,2.4665,0
1676239200000,2.4665,2.4665,2.4665,2.4665,0
1676235600000,2.4665,2.4665,2.4665,2.4665,0
1676232000000,2.4665,2.4665,2.4665,2.4665,0
1676228400000,2.58,2.58,2.4665,2.4665,1.705818
1676224800000,2.58,2.58,2.58,2.58,0
1676221200000,2.4047,2.58,2.4047,2.58,602.771858
1676217600000,2.58,2.58,2.4047,2.4047,10
1676214000000,2.58,2.58,2.58,2.58,0.135659
1676210400000,2.58,2.58,2.58,2.58,0
1676206800000,2.58,2.58,2.58,2.58,0
1676203200000,2.58,2.58,2.58,2.58,0
1676199600000,2.6,2.6,2.58,2.58,18.515947
1676196000000,2.6,2.6,2.6,2.6,0
1676192400000,2.6,2.6,2.6,2.6,0
1676188800000,2.6,2.6,2.6,2.6,0
1676185200000,2.6,2.6,2.6,2.6,0
1676181600000,2.6,2.6,2.6,2.6,0
1676178000000,2.6,2.6,2.6,2.6,0
1676174400000,2.6,2.6,2.6,2.6,0
1676170800000,2.5817,2.6,2.5817,2.6,58.983652
1676167200000,2.35,2.5817,2.35,2.5817,18.642937
1676163600000,2.35,2.35,2.35,2.35,0
1676160000000,2.35,2.35,2.35,2.35,0
1676156400000,2.35,2.35,2.35,2.35,0
1676152800000,2.35,2.35,2.35,2.35,0
1676149200000,2.35,2.35,2.35,2.35,0
1676145600000,2.35,2.35,2.35,2.35,100
1676142000000,2.35,2.35,2.35,2.35,0
1676138400000,2.35,2.35,2.35,2.35,0
1676134800000,2.4079,2.4079,2.35,2.35,8.124887
1676131200000,2.4079,2.4079,2.4079,2.4079,0
1676127600000,2.35,2.4079,2.35,2.4079,0.145355
1676124000000,2.35,2.35,2.35,2.35,0
1676120400000,2.35,2.35,2.35,2.35,0
1676116800000,2.3809,2.3809,2.35,2.35,84.938668
1676113200000,2.3809,2.3809,2.3809,2.3809,0
1676109600000,2.3809,2.3809,2.3809,2.3809,0
1676106000000,2.3809,2.3809,2.3809,2.3809,0.084001
1676102400000,2.3809,2.3809,2.3809,2.3809,0
1676098800000,2.3809,2.3809,2.3809,2.3809,284.324848
1676095200000,2.4981,2.4981,2.3809,2.3809,358.357812
1676091600000,2.7,2.7,2.4981,2.4981,11.871867
1676088000000,2.7,2.7,2.7,2.7,0
1676084400000,2.7,2.7,2.7,2.7,9.216878
1676080800000,2.659,2.7,2.35,2.7,796.54254
1676077200000,2.4287,2.659,2.4287,2.659,51.745454
1676073600000,2.4287,2.4287,2.4287,2.4287,0
1676070000000,2.4287,2.4287,2.4287,2.4287,0
1676066400000,2.4287,2.4287,2.4287,2.4287,0
1676062800000,2.4287,2.4287,2.4287,2.4287,0
1676059200000,2.4287,2.4287,2.4287,2.4287,0
1676055600000,2.4453,2.4453,2.4287,2.4287,178.693739
1676052000000,2.4453,2.4453,2.4453,2.4453,1.443048
1676048400000,2.4453,2.4453,2.4453,2.4453,0
1676044800000,2.4453,2.4453,2.4453,2.4453,0
1676041200000,2.4453,2.4453,2.4453,2.4453,0
1676037600000,2.4453,2.4453,2.4453,2.4453,0
1676034000000,2.4453,2.4453,2.4453,2.4453,0
1676030400000,2.4453,2.4453,2.4453,2.4453,0
1676026800000,2.4453,2.4453,2.4453,2.4453,0
1676023200000,2.4453,2.4453,2.4453,2.4453,0
1676019600000,2.4453,2.4453,2.4453,2.4453,0
1676016000000,2.5022,2.5022,2.4453,2.4453,222.905946
1676012400000,2.5022,2.5022,2.5022,2.5022,0.175096
1676008800000,2.5022,2.5022,2.5022,2.5022,0
1676005200000,2.5022,2.5022,2.5022,2.5022,0
1676001600000,2.4453,2.5022,2.4453,2.5022,0.5
1675998000000,2.4453,2.4453,2.4453,2.4453,0
1675994400000,2.4453,2.4453,2.4453,2.4453,0
1675990800000,2.4453,2.4453,2.4453,2.4453,0
1675987200000,2.4453,2.4453,2.4453,2.4453,0
1675983600000,2.4453,2.4453,2.4453,2.4453,0
1675980000000,2.4453,2.4453,2.4453,2.4453,0
1675976400000,2.4453,2.4453,2.4453,2.4453,0
1675972800000,2.4774,2.4774,2.4453,2.4453,233.961017
1675969200000,2.4452,2.66,2.4452,2.4774,168.479994
1675965600000,2.4452,2.4452,2.4452,2.4452,0
1675962000000,2.4452,2.4452,2.4452,2.4452,0
1675958400000,2.4452,2.4452,2.4452,2.4452,0
1675954800000,2.4452,2.4452,2.4452,2.4452,0
1675951200000,2.5084,2.5085,2.4452,2.4452,679.421046
1675947600000,2.5084,2.5084,2.5084,2.5084,0
1675944000000,2.5084,2.5084,2.5084,2.5084,0
1675940400000,2.5084,2.5084,2.5084,2.5084,0
1675936800000,2.5271,2.5271,2.5084,2.5084,3.383021
1675933200000,2.5271,2.5271,2.5271,2.5271,0
1675929600000,2.5271,2.5271,2.5271,2.5271,0
1675926000000,2.5271,2.5271,2.5271,2.5271,0
1675922400000,2.55,2.55,2.5271,2.5271,3.117941
1675918800000,2.55,2.55,2.55,2.55,0
1675915200000,2.66,2.66,2.55,2.55,598.882416
1675911600000,2.66,2.66,2.66,2.66,17.148467
1675908000000,2.66,2.66,2.66,2.66,0
1675904400000,2.66,2.66,2.66,2.66,8.188788
1675900800000,2.66,2.66,2.66,2.66,36.288482
1675897200000,2.66,2.66,2.66,2.66,0
1675893600000,2.6627,2.6627,2.66,2.66,3
1675890000000,2.743,2.743,2.6627,2.6627,1.244039
1675886400000,2.743,2.743,2.743,2.743,0
1675882800000,2.743,2.743,2.743,2.743,0
1675879200000,2.743,2.743,2.743,2.743,0
1675875600000,2.7132,2.743,2.7132,2.743,82.54429
1675872000000,2.565,2.7132,2.565,2.7132,3.681048
1675868400000,2.565,2.565,2.565,2.565,0
1675864800000,2.565,2.565,2.565,2.565,0
1675861200000,2.565,2.565,2.565,2.565,0
1675857600000,2.5655,2.5655,2.565,2.565,65
1675854000000,2.5655,2.5655,2.5655,2.5655,0
1675850400000,2.5655,2.5655,2.5655,2.5655,0
1675846800000,2.5655,2.5655,2.5655,2.5655,0
1675843200000,2.5655,2.5655,2.5655,2.5655,0
1675839600000,2.5655,2.5655,2.5655,2.5655,0
1675836000000,2.5655,2.5655,2.5655,2.5655,0
1675832400000,2.565,2.5655,2.565,2.5655,24
1675828800000,2.565,2.565,2.565,2.565,0
1675825200000,2.565,2.565,2.565,2.565,0
1675821600000,2.565,2.565,2.565,2.565,0
1675818000000,2.667,2.743,2.565,2.565,209.32435
1675814400000,2.6,2.667,2.565,2.667,208.796347
1675810800000,2.5523,2.6,2.5523,2.6,118.108474
1675807200000,2.5523,2.5523,2.5523,2.5523,0
1675803600000,2.5627,2.5627,2.5523,2.5523,0.784014
1675800000000,2.6509,2.6509,2.5627,2.5627,417.575941
1675796400000,2.7411,2.7411,2.6508,2.6509,67.240102
1675792800000,2.79,2.79,2.7411,2.7411,0.07
1675789200000,2.7001,2.79,2.7001,2.79,355.924871
1675785600000,2.7001,2.7001,2.7001,2.7001,6.1
1675782000000,2.667,2.7001,2.667,2.7001,2.342079
1675778400000,2.667,2.667,2.667,2.667,0
1675774800000,2.6503,2.667,2.6503,2.667,70.098503
1675771200000,2.667,2.667,2.6503,2.6503,2.1
1675767600000,2.5502,2.667,2.5502,2.667,1.579654
1675764000000,2.5502,2.5502,2.5502,2.5502,0
1675760400000,2.5502,2.5502,2.5502,2.5502,0
1675756800000,2.5502,2.5502,2.5502,2.5502,0
1675753200000,2.667,2.6961,2.5502,2.5502,14.651743
1675749600000,2.667,2.667,2.667,2.667,0
1675746000000,2.667,2.667,2.667,2.667,0
1675742400000,2.8,2.8,2.5956,2.667,16.461163
1675738800000,2.8,2.8,2.8,2.8,0
1675735200000,2.8067,2.8067,2.8,2.8,41.051883
1675731600000,2.7973,2.8067,2.7973,2.8067,1.781445
1675728000000,2.7973,2.7973,2.7973,2.7973,0
1675724400000,2.7973,2.7973,2.7973,2.7973,0
1675720800000,2.6289,2.7973,2.6289,2.7973,6.677438
1675717200000,2.6289,2.6289,2.6289,2.6289,0
1675713600000,2.6289,2.6289,2.6289,2.6289,0
1675710000000,2.6289,2.6289,2.6289,2.6289,0
1675706400000,2.6289,2.6289,2.6289,2.6289,0
1675702800000,2.6289,2.6289,2.6289,2.6289,0
1675699200000,2.6289,2.6289,2.6289,2.6289,0
1675695600000,2.6289,2.6289,2.6289,2.6289,0
1675692000000,2.6289,2.6289,2.6289,2.6289,0
1675688400000,2.6289,2.6289,2.6289,2.6289,0
1675684800000,2.6289,2.6289,2.6289,2.6289,0
1675681200000,2.7413,2.7413,2.6289,2.6289,1.414416
1675677600000,2.7413,2.7413,2.7413,2.7413,0
1675674000000,2.7413,2.7413,2.7413,2.7413,0
1675670400000,2.7413,2.7413,2.7413,2.7413,0
1675666800000,2.7413,2.7413,2.7413,2.7413,0
1675663200000,2.7413,2.7413,2.7413,2.7413,0
1675659600000,2.7413,2.7413,2.7413,2.7413,0
1675656000000,2.7413,2.7413,2.7413,2.7413,0
1675652400000,2.7413,2.7413,2.7413,2.7413,0
1675648800000,2.5788,2.7413,2.5788,2.7413,4.652394
1675645200000,2.667,2.7687,2.5788,2.5788,293.922812
1675641600000,2.667,2.667,2.667,2.667,0
1675638000000,2.6045,2.667,2.6045,2.667,0.633391
1675634400000,2.6045,2.6045,2.6045,2.6045,0
1675630800000,2.6045,2.6045,2.6045,2.6045,0
1675627200000,2.6045,2.6045,2.6045,2.6045,0
1675623600000,2.6045,2.6045,2.6045,2.6045,0
1675620000000,2.6833,2.6833,2.6045,2.6045,10.112429
1675616400000,2.6833,2.6833,2.6833,2.6833,0
1675612800000,2.6833,2.6833,2.6833,2.6833,0
1675609200000,2.6857,2.8747,2.6833,2.6833,253.046512
1675605600000,2.8358,2.8358,2.6857,2.6857,80.163073
1675602000000,2.8358,2.8358,2.8358,2.8358,1.763171
1675598400000,2.8358,2.8358,2.8358,2.8358,1.347368
1675594800000,2.8358,2.8358,2.8358,2.8358,0
1675591200000,2.6857,2.8358,2.6857,2.8358,69.126315
1675587600000,2.6857,2.6857,2.6857,2.6857,0
1675584000000,2.6857,2.6857,2.6857,2.6857,0
1675580400000,2.823,2.823,2.6857,2.6857,119.930211
1675576800000,2.823,2.823,2.823,2.823,6.28084
1675573200000,2.822,2.823,2.822,2.823,79.476224
1675569600000,2.7643,2.822,2.7643,2.822,100.601866
1675566000000,2.7643,2.7643,2.7643,2.7643,0
1675562400000,2.7643,2.7643,2.7643,2.7643,0
1675558800000,2.823,2.823,2.7643,2.7643,53.028825
1675555200000,2.823,2.823,2.8,2.823,207.633801
1675551600000,2.823,2.823,2.823,2.823,70.830537
1675548000000,2.823,2.823,2.823,2.823,0
1675544400000,2.823,2.823,2.823,2.823,0
1675540800000,2.823,2.823,2.823,2.823,0
1675537200000,2.55,2.823,2.55,2.823,211.811042
1675533600000,2.823,2.823,2.55,2.55,500
1675530000000,2.6045,2.823,2.6045,2.823,30.413365
1675526400000,2.6045,2.6045,2.6045,2.6045,0
1675522800000,2.823,2.823,2.6045,2.6045,10.198194
1675519200000,2.72,2.823,2.72,2.823,100.327143
1675515600000,2.7,2.72,2.7,2.72,2.67743
1675512000000,2.7,2.7,2.7,2.7,0
1675508400000,2.7,2.7,2.7,2.7,0
1675504800000,2.7,2.7,2.7,2.7,0
1675501200000,2.7,2.7,2.7,2.7,0
1675497600000,2.7,2.7,2.7,2.7,0
1675494000000,2.7,2.7,2.7,2.7,0
1675490400000,2.7,2.7,2.7,2.7,0
1675486800000,2.7,2.7,2.7,2.7,0
1675483200000,2.7,2.7,2.7,2.7,0
1675479600000,2.7,2.7,2.7,2.7,29.268979
1675476000000,2.7,2.7,2.7,2.7,0
1675472400000,2.6,2.7,2.6,2.7,35.750875
1675468800000,2.6,2.6,2.6,2.6,0
1675465200000,2.6,2.6,2.6,2.6,0
1675461600000,2.6,2.6,2.6,2.6,0
1675458000000,2.6,2.6,2.6,2.6,0
1675454400000,2.6,2.6,2.6,2.6,0
1675450800000,2.6,2.6,2.6,2.6,0
1675447200000,2.6,2.6,2.6,2.6,0
1675443600000,2.6554,2.6554,2.6,2.6,2.750636
1675440000000,2.6554,2.6554,2.6554,2.6554,0
1675436400000,2.7,2.7,2.6554,2.6554,2.945707
1675432800000,2.7,2.7,2.7,2.7,0
1675429200000,2.7,2.7,2.7,2.7,0
1675425600000,2.7,2.7,2.7,2.7,0
1675422000000,2.7,2.7,2.7,2.7,0
1675418400000,2.7,2.7,2.7,2.7,0
1675414800000,2.7,2.7,2.7,2.7,0
1675411200000,2.7,2.7,2.7,2.7,0
1675407600000,2.7,2.7,2.7,2.7,0
1675404000000,2.7,2.7,2.7,2.7,5.163073
1675400400000,2.667,2.7,2.667,2.7,181.192534
1675396800000,2.823,2.823,2.6,2.667,83.539376
1675393200000,2.823,2.823,2.823,2.823,1.413365
1675389600000,2.823,2.823,2.823,2.823,0
1675386000000,2.75,2.823,2.75,2.823,139.470675
1675382400000,2.75,2.75,2.75,2.75,177.010709
1675378800000,2.7159,2.75,2.7159,2.75,178.214776
1675375200000,2.7159,2.7159,2.7159,2.7159,1.087673
1675371600000,2.7159,2.7159,2.7159,2.7159,0
1675368000000,2.7159,2.7159,2.7159,2.7159,0
1675364400000,2.7159,2.7159,2.7159,2.7159,0
1675360800000,2.7159,2.7159,2.7159,2.7159,0
1675357200000,2.7159,2.7159,2.7159,2.7159,0
1675353600000,2.7687,2.7687,2.7159,2.7159,0.115965
1675350000000,2.7687,2.7687,2.7687,2.7687,0
1675346400000,2.7687,2.7687,2.7687,2.7687,0
1675342800000,2.7687,2.7687,2.7687,2.7687,0
1675339200000,2.7687,2.7687,2.7687,2.7687,0
1675335600000,2.7687,2.7687,2.7687,2.7687,0
1675332000000,2.7687,2.7687,2.7687,2.7687,0
1675328400000,2.7687,2.7687,2.7687,2.7687,0
1675324800000,2.7687,2.7687,2.7687,2.7687,0
1675321200000,2.7413,2.7687,2.7413,2.7687,1.808784
1675317600000,2.7413,2.7413,2.7413,2.7413,0
1675314000000,2.7,2.7413,2.7,2.7413,52.831883
1675310400000,2.7,2.7,2.7,2.7,0
1675306800000,2.7,2.7,2.7,2.7,0
1675303200000,2.6968,2.7,2.6968,2.7,71.54396
1675299600000,2.6968,2.6968,2.6,2.6968,231.41634
1675296000000,2.6968,2.6968,2.6968,2.6968,71.58617
1675292400000,2.6968,2.6968,2.6968,2.6968,0
1675288800000,2.5788,2.79,2.5713,2.6968,60.41297
1675285200000,2.5788,2.5788,2.5788,2.5788,0
1675281600000,2.5788,2.5788,2.5788,2.5788,0
1675278000000,2.5788,2.5788,2.5788,2.5788,0
1675274400000,2.5788,2.5788,2.5788,2.5788,0
1675270800000,2.5788,2.5788,2.5788,2.5788,0
1675267200000,2.79,2.79,2.5788,2.5788,6.875687
1675263600000,2.79,2.79,2.79,2.79,0
1675260000000,2.79,2.79,2.79,2.79,46.151925
1675256400000,2.79,2.79,2.79,2.79,0
1675252800000,2.6346,2.79,2.6346,2.79,90.649136
1675249200000,2.4452,2.6346,2.4452,2.6346,5.051789
1675245600000,2.4452,2.4452,2.4452,2.4452,0
1675242000000,2.4452,2.4452,2.4452,2.4452,0
1675238400000,2.4452,2.4452,2.4452,2.4452,0
1675234800000,2.4452,2.4452,2.4452,2.4452,0
1675231200000,2.4452,2.4452,2.4452,2.4452,0
1675227600000,2.6346,2.6346,2.4452,2.4452,30.147034
1675224000000,2.6346,2.6346,2.6346,2.6346,0
1675220400000,2.6346,2.6346,2.6346,2.6346,0
1675216800000,2.4452,2.6346,2.4452,2.6346,6.990709
1675213200000,2.4452,2.4452,2.4452,2.4452,0
1675209600000,2.4452,2.4452,2.4452,2.4452,0
1675206000000,2.6086,2.6086,2.4452,2.4452,74.590463
1675202400000,2.6086,2.6086,2.6086,2.6086,0
1675198800000,2.4452,2.6086,2.4452,2.6086,68.772699
1675195200000,2.4452,2.4452,2.4452,2.4452,12.886176
1675191600000,2.4452,2.4452,2.4452,2.4452,0
1675188000000,2.445,2.4452,2.445,2.4452,6.381644
1675184400000,2.445,2.445,2.445,2.445,0
1675180800000,2.445,2.445,2.445,2.445,0
1675177200000,2.445,2.445,2.445,2.445,0
1675173600000,2.445,2.445,2.445,2.445,0
1675170000000,2.445,2.445,2.445,2.445,0
1675166400000,2.445,2.445,2.445,2.445,0
1675162800000,2.445,2.445,2.445,2.445,0
1675159200000,2.445,2.445,2.445,2.445,0
1675155600000,2.445,2.445,2.445,2.445,0
1675152000000,2.445,2.445,2.445,2.445,0
1675148400000,2.445,2.445,2.445,2.445,0
1675144800000,2.445,2.445,2.445,2.445,0
1675141200000,2.44,2.445,2.44,2.445,65.923048
1675137600000,2.44,2.44,2.44,2.44,0
1675134000000,2.44,2.4539,2.44,2.44,20.63146
1675130400000,2.44,2.44,2.44,2.44,0
1675126800000,2.44,2.44,2.44,2.44,0
1675123200000,2.44,2.44,2.44,2.44,0
1675119600000,2.44,2.44,2.44,2.44,0
1675116000000,2.44,2.44,2.44,2.44,0
1675112400000,2.44,2.44,2.44,2.44,0
1675108800000,2.44,2.44,2.44,2.44,0
1675105200000,2.44,2.6086,2.44,2.44,31.438982
1675101600000,2.4334,2.44,2.4334,2.44,31.66
1675098000000,2.4334,2.4334,2.4334,2.4334,0
1675094400000,2.4334,2.4334,2.4334,2.4334,0
1675090800000,2.4334,2.4334,2.4334,2.4334,0
1675087200000,2.4334,2.4334,2.4334,2.4334,0
1675083600000,2.4334,2.4334,2.4334,2.4334,0
1675080000000,2.4334,2.4334,2.4334,2.4334,0
1675076400000,2.4334,2.4334,2.4334,2.4334,0
1675072800000,2.63,2.63,2.4334,2.4334,43.76187
1675069200000,2.63,2.63,2.63,2.63,0
1675065600000,2.63,2.63,2.63,2.63,0
1675062000000,2.63,2.63,2.63,2.63,0
1675058400000,2.63,2.63,2.63,2.63,0
1675054800000,2.63,2.63,2.63,2.63,0
1675051200000,2.63,2.63,2.63,2.63,0
1675047600000,2.6,2.63,2.6,2.63,81.276644
1675044000000,2.6,2.6,2.6,2.6,18.373517
1675040400000,2.532,2.6,2.532,2.6,74.251816
1675036800000,2.4823,2.532,2.4823,2.532,5.104727
1675033200000,2.4823,2.4823,2.4823,2.4823,0
1675029600000,2.4334,2.4823,2.4334,2.4823,4.040305
1675026000000,2.305,2.4334,2.305,2.4334,1.908975
1675022400000,2.3,2.305,2.3,2.305,281.534053
1675018800000,2.4334,2.4334,2.3,2.3,1.915052
1675015200000,2.3,2.4334,2.3,2.4334,0.40931
1675011600000,2.3,2.3,2.3,2.3,77.591502
1675008000000,2.3,2.3,2.3,2.3,0
1675004400000,2.63,2.63,2.3,2.3,844.77117
1675000800000,2.63,2.63,2.63,2.63,71.217517
1674997200000,2.63,2.63,2.63,2.63,0
1674993600000,2.63,2.63,2.63,2.63,0
1674990000000,2.63,2.63,2.63,2.63,17.505296
1674986400000,2.63,2.63,2.63,2.63,0
1674982800000,2.63,2.63,2.63,2.63,0
1674979200000,2.63,2.63,2.63,2.63,0
1674975600000,2.63,2.63,2.63,2.63,0
1674972000000,2.63,2.63,2.63,2.63,0
1674968400000,2.63,2.63,2.63,2.63,0
1674964800000,2.5573,2.63,2.5573,2.63,36.701725
1674961200000,2.4002,2.5828,2.4002,2.5573,10.001234
1674957600000,2.4002,2.4002,2.4002,2.4002,0
1674954000000,2.4002,2.4002,2.4002,2.4002,0
1674950400000,2.4002,2.4002,2.4002,2.4002,0
1674946800000,2.405,2.405,2.4002,2.4002,31.92728
1674943200000,2.4002,2.405,2.4002,2.405,17.60042
1674939600000,2.4002,2.4002,2.4002,2.4002,0
1674936000000,2.4,2.4002,2.4,2.4002,8.656192
1674932400000,2.4,2.4,2.4,2.4,0
1674928800000,2.6086,2.6086,2.4,2.4,807.615193
1674925200000,2.6086,2.6086,2.6086,2.6086,0
1674921600000,2.6086,2.6086,2.6086,2.6086,0
1674918000000,2.4539,2.6086,2.45,2.6086,121.651086
1674914400000,2.5281,2.5281,2.4539,2.4539,9.610567
1674910800000,2.5281,2.5281,2.5281,2.5281,0
1674907200000,2.5281,2.5281,2.5281,2.5281,1
1674903600000,2.5281,2.5281,2.5281,2.5281,0
1674900000000,2.5281,2.5281,2.5281,2.5281,0
1674896400000,2.6,2.6,2.5281,2.5281,1
1674892800000,2.6,2.6,2.6,2.6,0
1674889200000,2.6,2.6,2.6,2.6,0
1674885600000,2.6,2.6,2.6,2.6,13.673935
1674882000000,2.6,2.6,2.6,2.6,0
1674878400000,2.6,2.6,2.6,2.6,0
1674874800000,2.6874,2.6874,2.6,2.6,50
1674871200000,2.6874,2.6874,2.6874,2.6874,0
1674867600000,2.6874,2.6874,2.6874,2.6874,0
1674864000000,2.6874,2.6874,2.6874,2.6874,0
1674860400000,2.6874,2.6874,2.6874,2.6874,0
1674856800000,2.6,2.6874,2.6,2.6874,6.718449
1674853200000,2.6,2.6,2.6,2.6,0
1674849600000,2.7142,2.7142,2.4784,2.6,17.527048
1674846000000,2.6568,2.7142,2.6568,2.7142,8.124887
1674842400000,2.6568,2.6568,2.6568,2.6568,0
1674838800000,2.6568,2.6568,2.5281,2.6568,50.518464
1674835200000,2.6568,2.6568,2.6568,2.6568,0
1674831600000,2.6568,2.6568,2.6568,2.6568,0
1674828000000,2.6568,2.6568,2.6568,2.6568,0
1674824400000,2.6568,2.6568,2.6568,2.6568,0
1674820800000,2.6568,2.6568,2.6568,2.6568,0
1674817200000,2.6568,2.6568,2.6568,2.6568,0
1674813600000,2.6568,2.6568,2.6568,2.6568,0
1674810000000,2.6568,2.6568,2.6568,2.6568,0
1674806400000,2.6568,2.6568,2.6568,2.6568,0
1674802800000,2.6568,2.6568,2.6568,2.6568,0
1674799200000,2.6568,2.6568,2.6568,2.6568,17.95892
1674795600000,2.6568,2.6568,2.6568,2.6568,0.251242
1674792000000,2.6568,2.6568,2.6568,2.6568,0
1674788400000,2.6568,2.6568,2.6568,2.6568,0
1674784800000,2.6568,2.6568,2.6568,2.6568,0
1674781200000,2.6568,2.6568,2.6568,2.6568,0
1674777600000,2.6568,2.6568,2.6568,2.6568,0
1674774000000,2.6568,2.6568,2.6568,2.6568,0
1674770400000,2.6568,2.6568,2.6568,2.6568,0
1674766800000,2.6568,2.6568,2.6568,2.6568,0
1674763200000,2.8242,2.8242,2.6568,2.6568,2.8226
1674759600000,2.8242,2.8242,2.8242,2.8242,0
1674756000000,2.8242,2.8242,2.8242,2.8242,0
1674752400000,2.8242,2.8242,2.8242,2.8242,0
1674748800000,2.6354,2.8242,2.6354,2.8242,8.172427
1674745200000,2.6354,2.6354,2.6354,2.6354,0
1674741600000,2.6354,2.6354,2.6354,2.6354,0
1674738000000,2.6354,2.6354,2.6354,2.6354,0
1674734400000,2.6354,2.6354,2.6354,2.6354,0
1674730800000,2.6354,2.6354,2.6354,2.6354,0
1674727200000,2.6354,2.6354,2.6354,2.6354,0
1674723600000,2.6354,2.6354,2.6354,2.6354,0
1674720000000,2.6354,2.6354,2.6354,2.6354,0
1674716400000,2.6354,2.6354,2.6354,2.6354,0
1674712800000,2.6354,2.6354,2.6354,2.6354,0
1674709200000,2.6354,2.6354,2.6354,2.6354,0
1674705600000,2.6354,2.6354,2.6354,2.6354,0
1674702000000,2.6346,2.76,2.6346,2.6354,159.155231
1674698400000,2.6346,2.6346,2.6346,2.6346,0
1674694800000,2.4,2.6346,2.4,2.6346,10.345225
1674691200000,2.4,2.4,2.4,2.4,0
1674687600000,2.4,2.4,2.4,2.4,3.862631
1674684000000,2.4,2.4,2.4,2.4,0
1674680400000,2.4,2.4,2.4,2.4,0
1674676800000,2.4,2.4,2.4,2.4,0
1674673200000,2.4,2.4,2.4,2.4,0
1674669600000,2.4,2.4002,2.4,2.4,250.779629
1674666000000,2.4,2.4,2.4,2.4,0
1674662400000,2.4,2.4,2.4,2.4,81.389604
1674658800000,2.6568,2.6568,2.4,2.4,234.423937
1674655200000,2.6568,2.6568,2.6568,2.6568,0
1674651600000,2.6568,2.6568,2.6568,2.6568,0
1674648000000,2.6833,2.6833,2.6568,2.6568,5.34282
1674644400000,2.6833,2.6833,2.6833,2.6833,0
1674640800000,2.6833,2.6833,2.6833,2.6833,0
1674637200000,2.6833,2.6833,2.6833,2.6833,0
1674633600000,2.6833,2.6833,2.6833,2.6833,0
1674630000000,2.6833,2.6833,2.6833,2.6833,0
1674626400000,2.6833,2.6833,2.6833,2.6833,0
1674622800000,2.6833,2.6833,2.6833,2.6833,0
1674619200000,2.93,2.93,2.6833,2.6833,3.237978
1674615600000,2.93,2.93,2.93,2.93,1.633443
1674612000000,2.9,2.93,2.9,2.93,73.819002
1674608400000,2.7372,2.9,2.7372,2.9,96.314698
1674604800000,2.7372,2.7372,2.7372,2.7372,0
1674601200000,2.7372,2.7372,2.7372,2.7372,0
1674597600000,2.9,2.9,2.7372,2.7372,169.045179
1674594000000,2.8524,2.9,2.8524,2.9,15.78169
1674590400000,2.8524,2.8524,2.8524,2.8524,0
1674586800000,2.8524,2.8524,2.8524,2.8524,0
1674583200000,2.8524,2.8524,2.8524,2.8524,0
1674579600000,2.8524,2.8524,2.8524,2.8524,0
1674576000000,2.9,2.9,2.8524,2.8524,1030.827472
1674572400000,2.8524,2.9,2.8524,2.9,32.087836
1674568800000,2.8242,2.8524,2.8242,2.8524,3.172528
1674565200000,2.6305,2.8242,2.6305,2.8242,4.407412
1674561600000,2.6305,2.6305,2.6305,2.6305,0
1674558000000,2.6305,2.6305,2.6305,2.6305,0
1674554400000,2.6305,2.6305,2.6305,2.6305,0
1674550800000,2.6305,2.6305,2.6305,2.6305,0
1674547200000,2.6305,2.6305,2.6305,2.6305,0
1674543600000,2.6305,2.6305,2.6305,2.6305,0
1674540000000,2.6305,2.6305,2.6305,2.6305,0
1674536400000,2.6305,2.6305,2.6305,2.6305,521.802748
1674532800000,2.6305,2.6305,2.6305,2.6305,1.136199
1674529200000,2.6305,2.6305,2.6305,2.6305,0
1674525600000,2.6305,2.6305,2.6305,2.6305,0
1674522000000,2.6305,2.6305,2.6305,2.6305,0
1674518400000,2.6045,2.7963,2.6045,2.6305,4.268947
1674514800000,2.6045,2.6045,2.6045,2.6045,0
1674511200000,2.6045,2.6045,2.6045,2.6045,0
1674507600000,2.6045,2.6045,2.6045,2.6045,0
1674504000000,2.6045,2.6045,2.6045,2.6045,0
1674500400000,2.7687,2.7687,2.6045,2.6045,2.308287
1674496800000,2.7687,2.7687,2.7687,2.7687,0
1674493200000,2.7687,2.7687,2.7687,2.7687,0
1674489600000,2.7687,2.7687,2.7687,2.7687,0
1674486000000,2.7687,2.7687,2.7687,2.7687,0
1674482400000,2.7687,2.7687,2.7687,2.7687,0
1674478800000,2.7687,2.7687,2.7687,2.7687,0
1674475200000,2.7687,2.7687,2.7687,2.7687,0
1674471600000,2.599,2.7687,2.599,2.7687,3.237978
1674468000000,2.599,2.599,2.599,2.599,0
1674464400000,2.599,2.599,2.599,2.599,0
1674460800000,2.599,2.599,2.599,2.599,0
1674457200000,2.599,2.599,2.599,2.599,0
1674453600000,2.599,2.599,2.599,2.599,0
1674450000000,2.599,2.599,2.599,2.599,0
1674446400000,2.599,2.599,2.599,2.599,0
1674442800000,2.599,2.599,2.599,2.599,0
1674439200000,2.9,2.9,2.599,2.599,15.218836
1674435600000,2.9,2.9,2.9,2.9,18.534911
1674432000000,2.9,2.9,2.9,2.9,27.116142
1674428400000,2.9,2.9,2.9,2.9,99.180132
1674424800000,2.719,2.9,2.719,2.9,144.989741
1674421200000,2.719,2.719,2.719,2.719,0
1674417600000,2.7963,2.7963,2.719,2.719,0.45714
1674414000000,2.719,2.7963,2.719,2.7963,3.174323
1674410400000,2.719,2.719,2.719,2.719,0
1674406800000,2.7142,2.719,2.7142,2.719,358.562676
1674403200000,2.7142,2.7142,2.7142,2.7142,0.840924
1674399600000,2.7142,2.7142,2.7142,2.7142,0.428917
1674396000000,2.7142,2.7142,2.7142,2.7142,0
1674392400000,2.599,2.7142,2.599,2.7142,4.952709
1674388800000,2.599,2.599,2.599,2.599,57.9
1674385200000,2.599,2.599,2.599,2.599,0
1674381600000,2.599,2.599,2.599,2.599,0
1674378000000,2.599,2.599,2.599,2.599,0
1674374400000,2.599,2.599,2.599,2.599,0
1674370800000,2.599,2.599,2.599,2.599,0
1674367200000,2.599,2.599,2.599,2.599,0
1674363600000,2.599,2.599,2.599,2.599,0
1674360000000,2.5828,2.599,2.5828,2.599,3.109274
1674356400000,2.5828,2.5828,2.5828,2.5828,0
1674352800000,2.4,2.5828,2.4,2.5828,5.201418
1674349200000,2.4,2.4,2.4,2.4,0
1674345600000,2.4,2.4,2.4,2.4,0
1674342000000,2.4,2.4,2.4,2.4,0
1674338400000,2.4,2.4,2.4,2.4,0
1674334800000,2.4,2.4,2.4,2.4,0
1674331200000,2.4,2.4,2.4,2.4,0
1674327600000,2.4,2.4,2.4,2.4,0
1674324000000,2.4,2.4,2.4,2.4,0
1674320400000,2.4,2.4,2.4,2.4,47
1674316800000,2.4,2.4,2.4,2.4,7
1674313200000,2.4,2.4,2.4,2.4,0
1674309600000,2.4,2.4,2.4,2.4,0
1674306000000,2.4,2.4,2.4,2.4,31.806532
1674302400000,2.4,2.4,2.4,2.4,0
1674298800000,2.4,2.4,2.4,2.4,0
1674295200000,2.4,2.4,2.4,2.4,0
1674291600000,2.7102,2.7102,2.4,2.4,100
1674288000000,2.7102,2.7102,2.7102,2.7102,0
1674284400000,2.7102,2.7102,2.7102,2.7102,26.388745
1674280800000,2.7102,2.9,2.7102,2.7102,63.883155
1674277200000,2.7102,2.7102,2.7102,2.7102,0
1674273600000,2.7102,2.7102,2.7102,2.7102,0
1674270000000,2.9,2.9,2.7102,2.7102,191.65678
1674266400000,2.7102,2.9,2.7102,2.9,674.808708
1674262800000,2.7102,2.7102,2.7102,2.7102,0
1674259200000,2.7253,2.7963,2.7102,2.7102,32.390459
1674255600000,2.6495,2.7253,2.6495,2.7253,26.290617
1674252000000,2.4784,2.6495,2.4784,2.6495,17.316344
1674248400000,2.6086,2.6086,2.4784,2.4784,1.000346
1674244800000,2.532,2.6086,2.532,2.6086,2.964688
1674241200000,2.4,2.532,2.4,2.532,0.1
1674237600000,2.4,2.4,2.4,2.4,0
1674234000000,2.4,2.4,2.4,2.4,100.178073
1674230400000,2.4,2.4,2.4,2.4,0
1674226800000,2.4,2.4,2.4,2.4,0
1674223200000,2.4,2.4,2.4,2.4,5.413118
1674219600000,2.532,2.532,2.4,2.4,13.060905
1674216000000,2.532,2.532,2.532,2.532,0
1674212400000,2.532,2.532,2.532,2.532,0
1674208800000,2.532,2.532,2.532,2.532,0
1674205200000,2.532,2.532,2.532,2.532,0
1674201600000,2.4,2.532,2.4,2.532,4.212198
1674198000000,2.4,2.4,2.4,2.4,12.79691
1674194400000,2.4,2.4,2.4,2.4,2.646705
1674190800000,2.4,2.4,2.4,2.4,97.616104
1674187200000,2.4,2.4,2.4,2.4,0
1674183600000,2.4,2.4,2.4,2.4,0
1674180000000,2.4,2.4,2.4,2.4,15.31492
1674176400000,2.4,2.4,2.4,2.4,0
1674172800000,2.4,2.4,2.4,2.4,0
1674169200000,2.4,2.4,2.4,2.4,9.880844
1674165600000,2.4,2.4,2.4,2.4,10.063861
1674162000000,2.4,2.4,2.4,2.4,0
1674158400000,2.4,2.4,2.4,2.4,0
1674154800000,2.4,2.4,2.4,2.4,0
1674151200000,2.4,2.4,2.4,2.4,0
1674147600000,2.36,2.4,2.36,2.4,0.1
1674144000000,2.36,2.36,2.36,2.36,0
1674140400000,2.36,2.36,2.36,2.36,0
1674136800000,2.36,2.36,2.36,2.36,0
1674133200000,2.36,2.36,2.36,2.36,0
1674129600000,2.36,2.36,2.36,2.36,0
1674126000000,2.36,2.36,2.36,2.36,0
1674122400000,2.36,2.36,2.36,2.36,0
1674118800000,2.36,2.36,2.36,2.36,0
1674115200000,2.36,2.36,2.36,2.36,0
1674111600000,2.36,2.36,2.36,2.36,0
1674108000000,2.36,2.36,2.36,2.36,0
1674104400000,2.36,2.36,2.36,2.36,0
1674100800000,2.36,2.36,2.36,2.36,0
1674097200000,2.36,2.36,2.36,2.36,0
1674093600000,2.36,2.36,2.36,2.36,0
1674090000000,2.36,2.36,2.36,2.36,6.283095
1674086400000,2.36,2.36,2.36,2.36,0
1674082800000,2.36,2.36,2.36,2.36,0
1674079200000,2.36,2.36,2.36,2.36,0
1674075600000,2.4,2.4,2.36,2.36,131
1674072000000,2.4,2.4,2.4,2.4,0
1674068400000,2.4,2.4,2.4,2.4,0
1674064800000,2.4,2.4,2.4,2.4,0
1674061200000,2.36,2.4,2.36,2.4,100.449811
1674057600000,2.36,2.36,2.36,2.36,0
1674054000000,2.36,2.36,2.36,2.36,0
1674050400000,2.3594,2.36,2.3594,2.36,72.728859
1674046800000,2.3594,2.3594,2.3594,2.3594,14.729719
1674043200000,2.3594,2.3594,2.3594,2.3594,2.406141
1674039600000,2.3594,2.3594,2.3594,2.3594,0
1674036000000,2.36,2.36,2.3594,2.3594,91.948796
1674032400000,2.36,2.36,2.36,2.36,0
1674028800000,2.36,2.36,2.36,2.36,0
1674025200000,2.36,2.36,2.36,2.36,0
1674021600000,2.36,2.36,2.36,2.36,0
1674018000000,2.36,2.36,2.36,2.36,0
1674014400000,2.36,2.36,2.36,2.36,0
1674010800000,2.36,2.36,2.36,2.36,0
1674007200000,2.36,2.36,2.36,2.36,0