1679101200000,0.99951,0.99951,0.99901,0.99901,42.451976
1679097600000,0.99951,0.99951,0.99951,0.99951,0
1679094000000,0.9999,0.9999,0.99901,0.99951,178.495981
1679090400000,0.99916,0.9999,0.99916,0.9999,33354.873516
1679086800000,0.9987,0.99916,0.9987,0.99916,244.834523
1679083200000,0.999,0.999,0.99861,0.9987,1041.730264
1679079600000,0.99862,0.999,0.99861,0.999,142568.462194
1679076000000,0.99763,0.99862,0.99737,0.99862,224.360895
1679072400000,0.99951,0.99951,0.99723,0.99763,1304.38318
1679068800000,0.99822,0.99951,0.99822,0.99951,123.467375
1679065200000,0.99859,0.99951,0.99822,0.99822,2.145795
1679061600000,0.99755,0.99947,0.99755,0.99859,2003.17548
1679058000000,0.99899,0.99899,0.99755,0.99755,1.473211
1679054400000,0.99748,0.99899,0.99748,0.99899,1.107547
1679050800000,0.99953,0.99953,0.99748,0.99748,10097.560872
1679047200000,0.99822,0.99998,0.99822,0.99953,7043.250146
1679043600000,0.99916,0.99916,0.99822,0.99822,1.102453
1679040000000,0.99916,0.99916,0.99916,0.99916,0.200168
1679036400000,0.99822,0.99916,0.99822,0.99916,13.454031
1679032800000,0.99822,0.99822,0.99822,0.99822,0.57432
1679029200000,0.99916,0.99916,0.99822,0.99822,96
1679025600000,0.99574,0.99916,0.99574,0.99916,7062.899267
1679022000000,0.9969,0.9969,0.995,0.99574,53399.100886
1679018400000,0.99962,0.99962,0.99607,0.9969,41008.483395
1679014800000,0.99962,0.99962,0.99962,0.99962,0
1679011200000,0.99962,0.99962,0.99962,0.99962,0
1679007600000,0.99962,0.99962,0.99962,0.99962,0
1679004000000,0.99962,0.99962,0.99962,0.99962,1030.185501
1679000400000,0.99934,0.99962,0.99934,0.99962,2990
1678996800000,0.99923,0.99934,0.99923,0.99934,485.931611
1678993200000,1,1,0.99923,0.99923,26632.500385
1678989600000,0.99999,1,0.99998,1,7953.941227
1678986000000,0.99962,0.99999,0.99962,0.99999,1526.852102
1678982400000,1.00028,1.00028,0.99922,0.99962,3485.220499
1678978800000,1.00028,1.00028,1.00028,1.00028,0
1678975200000,1.00028,1.00028,1.00028,1.00028,0
1678971600000,1.00028,1.00028,1.00028,1.00028,0
1678968000000,1.00028,1.00028,1.00028,1.00028,1457
1678964400000,1.00028,1.00028,0.99963,1.00028,70.090706
1678960800000,0.99962,1.00028,0.99962,1.00028,0.138899
1678957200000,1.00026,1.00026,0.99962,0.99962,249.8475
1678953600000,0.99961,1.00026,0.99961,1.00026,695.367418
1678950000000,0.99958,1.00021,0.99947,0.99961,668.834178
1678946400000,0.99958,0.99958,0.99958,0.99958,0
1678942800000,0.99958,0.99958,0.99951,0.99958,4.096645
1678939200000,0.99958,0.99958,0.99958,0.99958,0
1678935600000,0.99915,0.99958,0.99914,0.99958,632.191434
1678932000000,0.99801,0.99915,0.99801,0.99915,1.216837
1678928400000,0.99801,0.99801,0.99801,0.99801,0.97961
1678924800000,0.99915,0.99915,0.99801,0.99801,6.097355
1678921200000,0.99721,0.99915,0.99721,0.99915,0.649033
1678917600000,0.99926,0.99926,0.99721,0.99721,500
1678914000000,0.99926,0.99926,0.99926,0.99926,0
1678910400000,0.99923,0.99926,0.99901,0.99926,1255.287993
1678906800000,0.99969,0.99977,0.99923,0.99923,38185
1678903200000,0.99818,0.99969,0.99818,0.99969,11613.547046
1678899600000,0.99639,0.99818,0.99637,0.99818,42080.598697
1678896000000,0.99637,0.99639,0.99637,0.99639,9080.687392
1678892400000,0.99861,0.99951,0.99637,0.99637,10740.3586
1678888800000,0.99915,0.99915,0.99861,0.99861,2.196336
1678885200000,0.99915,0.99915,0.99915,0.99915,32.385599
1678881600000,0.99653,0.99915,0.99653,0.99915,23.412836
1678878000000,0.99702,0.99702,0.99653,0.99653,1.357116
1678874400000,0.99649,0.9987,0.99649,0.99702,297.846656
1678870800000,0.99694,0.99694,0.99649,0.99649,0.569673
1678867200000,0.99694,0.99694,0.99694,0.99694,0
1678863600000,0.99744,0.99744,0.99694,0.99694,6.2731
1678860000000,0.99792,0.99792,0.99744,0.99744,1.361232
1678856400000,0.99792,0.99792,0.99792,0.99792,0
1678852800000,0.99641,0.99842,0.99641,0.99792,18.851621
1678849200000,0.9994,0.9994,0.99641,0.99641,30107.026113
1678845600000,1.00029,1.00029,0.9994,0.9994,56.74998
1678842000000,0.99635,1.00029,0.99635,1.00029,20956.627158
1678838400000,0.99629,0.99999,0.99629,0.99635,9977.008499
1678834800000,0.99915,0.99915,0.99629,0.99629,4748
1678831200000,0.99866,0.99915,0.99866,0.99915,9.410944
1678827600000,1.00422,1.00422,0.99665,0.99866,18520.083742
1678824000000,0.99904,1.00422,0.99902,1.00422,33766.22076
1678820400000,0.99995,0.99995,0.99904,0.99904,4.708748
1678816800000,0.99998,0.99998,0.99995,0.99995,0.141033
1678813200000,1,1,0.99998,0.99998,1.908905
1678809600000,0.99999,1,0.99904,1,2937.427969
1678806000000,0.9998,1.00033,0.9998,0.99999,2021.940593
1678802400000,1.00033,1.00033,0.9998,0.9998,121.249189
1678798800000,1.00022,1.00085,1.00022,1.00033,6553.316621
1678795200000,1.00031,1.00031,1.00022,1.00022,584.100498
1678791600000,1.00031,1.00031,1.00031,1.00031,0
1678788000000,0.99904,1.00031,0.99904,1.00031,7.5636
1678784400000,0.99914,0.99935,0.99904,0.99904,1542.425045
1678780800000,0.99938,0.99944,0.99914,0.99914,991.910224
1678777200000,1.00079,1.00079,0.99938,0.99938,0.549386
1678773600000,1.00079,1.00079,1.00079,1.00079,0
1678770000000,1,1.00079,1,1.00079,18.403261
1678766400000,1.00092,1.00092,0.9998,1,7407.16685
1678762800000,0.99945,1.00092,0.99945,1.00092,979.273323
1678759200000,1.00079,1.00079,0.99904,0.99945,23883.80153
1678755600000,0.99946,1.00079,0.99946,1.00079,0.103389
1678752000000,1,1,0.99946,0.99946,0.231368
1678748400000,1.00001,1.00001,0.9998,1,130176.68478
1678744800000,1.00118,1.00118,1.00001,1.00001,184.00955
1678741200000,1,1.00118,1,1.00118,130.95945
1678737600000,1,1.00117,1,1,7797.55102
1678734000000,1.00117,1.00118,1,1,27359.496913
1678730400000,0.99921,1.00117,0.99921,1.00117,10592.881525
1678726800000,0.99903,1.00118,0.99903,0.99921,11977.938084
1678723200000,1.00001,1.00029,0.99903,0.99903,10085.11219
1678719600000,1.00083,1.00422,0.99621,1.00001,35808.226152
1678716000000,1.00048,1.00083,0.99009,1.00083,55456.177414
1678712400000,0.99914,1.00337,0.99914,1.00048,5420.14469
1678708800000,0.99884,0.99916,0.99884,0.99914,28.950127
1678705200000,0.99822,0.99885,0.99822,0.99884,34787
1678701600000,0.99951,1.00096,0.99822,0.99822,364.358674
1678698000000,0.99901,0.99951,0.99901,0.99951,156.728484
1678694400000,0.99701,1,0.99701,0.99901,5252.599239
1678690800000,0.99552,0.99701,0.99552,0.99701,72.353172
1678687200000,0.99507,0.99552,0.99506,0.99552,17.914721
1678683600000,0.99681,0.99681,0.99507,0.99507,1422.334821
1678680000000,0.99901,0.99901,0.99681,0.99681,667.257085
1678676400000,0.99901,0.99901,0.99901,0.99901,130.592906
1678672800000,0.9991,0.99985,0.99901,0.99901,21598.368534
1678669200000,0.99985,0.99985,0.99505,0.9991,28128.452805
1678665600000,0.99931,0.99985,0.99931,0.99985,3449.406796
1678662000000,0.99624,0.99931,0.99624,0.99931,568.113424
1678658400000,0.9993,1.0001,0.98345,0.99624,188907.947198
1678654800000,1.04398,1.04398,0.9993,0.9993,2.740128
1678651200000,0.99864,1.04398,0.99,1.04398,636437.343685
1678647600000,0.99897,0.99951,0.99101,0.99864,45111.63643
1678644000000,0.99749,0.99901,0.99596,0.99897,1506.255026
1678640400000,0.99901,0.99901,0.98501,0.99749,456.923736
1678636800000,0.99959,0.99959,0.99901,0.99901,3829.656155
1678633200000,0.99596,0.99959,0.97003,0.99959,21467.755973
1678629600000,0.9926,0.9985,0.97001,0.99596,9901.557095
1678626000000,0.99265,0.99292,0.9926,0.9926,561.646719
1678622400000,0.99265,0.99265,0.99265,0.99265,4.029578
1678618800000,0.99269,0.99269,0.97,0.99265,10649.333717
1678615200000,0.99273,0.99273,0.99269,0.99269,0.71223
1678611600000,0.99438,0.99438,0.982,0.99273,303.144414
1678608000000,0.9942,0.99438,0.982,0.99438,7117.53913
1678604400000,0.9942,0.9942,0.99069,0.9942,6150.310819
1678600800000,0.99298,0.9942,0.98845,0.9942,10866.131888
1678597200000,0.99068,0.99298,0.9875,0.99298,16213.530688
1678593600000,0.99851,0.99851,0.9875,0.99068,1615.855677
1678590000000,0.99152,0.99915,0.962,0.99851,145067.879709
1678586400000,0.97199,0.994,0.97199,0.99152,201.535367
1678582800000,0.99695,0.99695,0.97199,0.97199,41402.581368
1678579200000,0.985,0.99695,0.985,0.99695,34316.03422
1678575600000,0.98127,0.985,0.98012,0.985,25614.234392
1678572000000,0.997,0.99914,0.97002,0.98127,2843.318485
1678568400000,0.99108,0.99915,0.97698,0.997,31542.164003
1678564800000,0.97093,0.99889,0.97093,0.99108,33420.559523
1678561200000,0.99108,0.99108,0.97093,0.97093,56.602482
1678557600000,0.98888,0.99108,0.956,0.99108,46232.913571
1678554000000,0.947,0.98889,0.92,0.98888,20000.098932
1678550400000,0.95,0.99108,0.94508,0.947,25594.44215
1678546800000,0.99108,0.99108,0.95,0.95,111.073166
1678543200000,0.91719,0.99108,0.91719,0.99108,15459.124677
1678539600000,0.9866,0.9866,0.917,0.91719,1071.2
1678536000000,0.9,0.9866,0.9,0.9866,1263.40107
1678532400000,0.97411,0.97411,0.9,0.9,11233.865162
1678528800000,0.995,0.995,0.97411,0.97411,4012.195334
1678525200000,0.978,0.999,0.97799,0.995,13431.304715
1678521600000,0.95998,0.978,0.90001,0.978,57404.947915
1678518000000,0.91,0.96627,0.89166,0.95998,4629.696036
1678514400000,0.98521,0.98521,0.91,0.91,24692.412374
1678510800000,0.96,0.98521,0.93,0.98521,101755.672117
1678507200000,0.97186,0.97186,0.93002,0.96,55586.403546
1678503600000,0.99842,0.99842,0.97125,0.97186,11302.355423
1678500000000,0.98955,0.99842,0.98324,0.99842,5088.435126
1678496400000,0.99241,0.99241,0.95003,0.98955,207082.780613
1678492800000,0.99748,0.99748,0.95002,0.99241,116075.0803
1678489200000,0.9961,0.99748,0.9961,0.99748,1340.794092
1678485600000,0.9998,0.9998,0.9961,0.9961,64079.167498
1678482000000,1.00999,1.00999,0.9998,0.9998,32152.11077
1678478400000,1.00999,1.00999,1.00999,1.00999,0
1678474800000,1.00999,1.00999,1.00999,1.00999,0
1678471200000,1.00113,1.00999,1.00113,1.00999,9266.226525
1678467600000,0.99997,1.00323,0.99997,1.00113,7.066236
1678464000000,0.99997,0.99997,0.99997,0.99997,0
1678460400000,1.00102,1.00223,0.99997,0.99997,1.578812
1678456800000,0.9999,1.00102,0.9999,1.00102,1.5031
1678453200000,1.00194,1.00206,0.9999,0.9999,53.051402
1678449600000,0.99938,1.00194,0.99938,1.00194,96.340433
1678446000000,0.9998,1.00067,0.99936,0.99938,505.870355
1678442400000,0.99983,0.99983,0.9998,0.9998,25.902234
1678438800000,0.9998,0.99983,0.9998,0.99983,8.212718
1678435200000,1.00011,1.00011,0.9998,0.9998,9.376878
1678431600000,1.00173,1.00217,1.00011,1.00011,13.798317
1678428000000,1.00267,1.00267,1.00166,1.00173,1082.9083
1678424400000,1.00267,1.00267,1.00267,1.00267,0
1678420800000,1.00147,1.00267,1.00027,1.00267,1160.783012
1678417200000,1.00147,1.00147,1.00147,1.00147,0
1678413600000,1.00242,1.00242,1.00127,1.00147,985.237985
1678410000000,1.00443,1.00443,1.00156,1.00242,14.906163
1678406400000,0.99901,1.00443,0.99901,1.00443,7026.889269
1678402800000,1.00018,1.00018,0.99901,0.99901,64.24973
1678399200000,0.9993,1.00018,0.99834,1.00018,1960.364318
1678395600000,1.00049,1.00049,0.9993,0.9993,1495.352007
1678392000000,0.99951,1.00072,0.99949,1.00049,40692.370051
1678388400000,0.99907,0.99951,0.99876,0.99951,1390.202449
1678384800000,0.99947,0.99948,0.99907,0.99907,99727.306076
1678381200000,0.99945,0.99947,0.99945,0.99947,49.88636
1678377600000,0.99947,0.99947,0.99945,0.99945,0.310371
1678374000000,0.99947,0.99947,0.99947,0.99947,0.540472
1678370400000,0.99948,0.99948,0.99947,0.99947,100
1678366800000,0.99948,0.99948,0.99948,0.99948,0
1678363200000,0.99948,0.99948,0.99948,0.99948,0
1678359600000,0.99948,0.99948,0.99948,0.99948,1471.560225
1678356000000,0.99948,0.99948,0.99948,0.99948,0.336599
1678352400000,1,1,0.99948,0.99948,0.245013
1678348800000,0.99949,1,0.99948,1,500.23786
1678345200000,0.99947,0.99949,0.99947,0.99949,1.135644
1678341600000,0.99945,0.99947,0.99945,0.99947,4.282641
1678338000000,0.99945,0.99945,0.99945,0.99945,0.109403
1678334400000,1,1,0.99945,0.99945,6.130689
1678330800000,0.99945,1,0.99945,1,245.049751
1678327200000,0.99945,0.99945,0.99945,0.99945,0
1678323600000,0.99945,0.99945,0.99944,0.99945,238.160556
1678320000000,0.99942,1.00056,0.99942,0.99945,587.999968
1678316400000,0.99936,1.00077,0.99936,0.99942,365.768166
1678312800000,0.99938,1.00078,0.99934,0.99936,7101.059444
1678309200000,0.99938,0.99938,0.99938,0.99938,0
1678305600000,0.99908,1.00065,0.99908,0.99938,303.883114
1678302000000,0.99921,0.99921,0.99908,0.99908,4.742194
1678298400000,0.99932,0.99932,0.99921,0.99921,254.523017
1678294800000,0.9994,0.9997,0.99932,0.99932,4013.288972
1678291200000,1.00099,1.00099,0.9994,0.9994,307.547836
1678287600000,0.99944,1.00099,0.99944,1.00099,4406.510933
1678284000000,0.99963,0.99963,0.99944,0.99944,61.535111
1678280400000,0.99996,1.001,0.99963,0.99963,1290.810988
1678276800000,1.00192,1.00192,0.99996,0.99996,0.358276
1678273200000,0.99907,1.00192,0.99907,1.00192,5309.7063
1678269600000,0.99945,0.99945,0.99907,0.99907,1002
1678266000000,0.99945,0.99945,0.99945,0.99945,0
1678262400000,0.99945,0.99945,0.99945,0.99945,0
1678258800000,0.99947,0.99947,0.99945,0.99945,0.430665
1678255200000,0.99945,0.99947,0.99945,0.99947,1.249914
1678251600000,0.99945,0.99945,0.99945,0.99945,0
1678248000000,0.99945,0.99945,0.99945,0.99945,0
1678244400000,0.99945,0.99945,0.99945,0.99945,0
1678240800000,0.99921,0.99945,0.99921,0.99945,1.199899
1678237200000,0.99963,0.99964,0.99921,0.99921,501.2645
1678233600000,0.99963,0.99963,0.99963,0.99963,6755.707074
1678230000000,0.99963,0.99963,0.99963,0.99963,8000
1678226400000,0.9998,0.9998,0.99963,0.99963,0.14111
1678222800000,1.00195,1.00195,0.9998,0.9998,97.191344
1678219200000,0.9998,1.00195,0.99962,1.00195,1006.359631
1678215600000,1.00198,1.00198,0.9998,0.9998,17.461617
1678212000000,0.99997,1.00198,0.99822,1.00198,66361.506914
1678208400000,0.99916,0.99997,0.99916,0.99997,7841.826124
1678204800000,0.99963,0.99963,0.99916,0.99916,3800
1678201200000,0.99963,0.99963,0.99963,0.99963,0
1678197600000,0.99989,0.99989,0.99963,0.99963,1.223188
1678194000000,0.99903,0.99989,0.99903,0.99989,294.09189
1678190400000,0.99902,0.99925,0.99902,0.99903,46508.773904
1678186800000,0.99903,0.99903,0.99902,0.99902,0.717393
1678183200000,0.99902,0.99903,0.99902,0.99903,12.052289
1678179600000,0.99902,0.99902,0.99902,0.99902,0.578897
1678176000000,0.99902,0.99902,0.99902,0.99902,0
1678172400000,0.99902,0.99902,0.99902,0.99902,0.513809
1678168800000,0.99932,0.99932,0.99902,0.99902,9964.895653
1678165200000,0.99935,0.99935,0.99902,0.99932,10499.755799
1678161600000,0.99935,0.99935,0.99935,0.99935,0
1678158000000,0.99935,0.99935,0.99935,0.99935,0
1678154400000,0.99901,0.99935,0.99901,0.99935,6166.436625
1678150800000,0.9995,0.9998,0.9985,0.99901,242860.672083
1678147200000,0.9995,0.9995,0.9987,0.9995,13173.671329
1678143600000,0.9995,0.9995,0.9995,0.9995,0
1678140000000,0.99951,0.99951,0.9984,0.9995,100.049024
1678136400000,0.99829,0.99951,0.99829,0.99951,8.969547
1678132800000,0.99998,1,0.99825,0.99829,55534.709135
1678129200000,0.99784,0.99999,0.99784,0.99998,45248.261275
1678125600000,0.99784,0.99972,0.99784,0.99784,3118.119609
1678122000000,0.99914,0.99914,0.99693,0.99784,1476.317537
1678118400000,0.99914,0.99914,0.99914,0.99914,100.066056
1678114800000,0.99914,0.99914,0.99914,0.99914,0
1678111200000,0.99689,0.99914,0.99689,0.99914,96.610034
1678107600000,0.99926,0.99926,0.99689,0.99689,4711.360429
1678104000000,0.9969,0.9998,0.9969,0.99926,1961.499128
1678100400000,0.99689,0.9969,0.99689,0.9969,0.698277
1678096800000,0.99689,0.99689,0.99689,0.99689,0
1678093200000,0.9969,0.9969,0.99689,0.99689,5000
1678089600000,0.9969,0.9969,0.9969,0.9969,0
1678086000000,0.9969,0.9969,0.9969,0.9969,0
1678082400000,0.99812,0.99812,0.9969,0.9969,0.173099
1678078800000,0.9969,0.99812,0.9969,0.99812,23.436876
1678075200000,0.99689,0.9969,0.99689,0.9969,0.110207
1678071600000,0.99688,0.9969,0.99688,0.99689,14579.6
1678068000000,0.99881,0.99881,0.99688,0.99688,33840.5
1678064400000,0.99877,0.99881,0.99877,0.99881,1.002921
1678060800000,0.99882,0.99882,0.99877,0.99877,0.196614
1678057200000,0.99882,0.99882,0.99882,0.99882,0
1678053600000,0.99916,0.99916,0.99882,0.99882,14.801214
1678050000000,0.99916,0.99916,0.99916,0.99916,0
1678046400000,0.99879,0.99916,0.99879,0.99916,77.827595
1678042800000,0.99916,0.99916,0.99879,0.99879,19.016
1678039200000,0.99822,0.99916,0.99822,0.99916,80.42543
1678035600000,0.9976,0.99822,0.9976,0.99822,1.056874
1678032000000,0.9976,0.9976,0.9976,0.9976,0
1678028400000,0.99885,0.99885,0.9976,0.9976,4505
1678024800000,0.99881,0.99885,0.99881,0.99885,0.526871
1678021200000,0.99881,0.99881,0.99881,0.99881,0
1678017600000,0.99881,0.99881,0.99881,0.99881,0
1678014000000,0.99881,0.99881,0.99881,0.99881,0
1678010400000,0.99888,0.99888,0.99881,0.99881,0.46133
1678006800000,0.99918,0.99918,0.99888,0.99888,0.968529
1678003200000,0.99918,0.99918,0.99918,0.99918,0
1677999600000,0.99883,0.99918,0.99883,0.99918,0.813904
1677996000000,0.99883,0.99883,0.99883,0.99883,0
1677992400000,0.99884,0.99884,0.99883,0.99883,0.801592
1677988800000,0.9998,0.9998,0.99884,0.99884,9881.6739
1677985200000,1.00193,1.00193,0.9998,0.9998,2210.860301
1677981600000,1.00168,1.00193,1.00168,1.00193,0.127599
1677978000000,1.00168,1.00168,1.00168,1.00168,0
1677974400000,1.00266,1.00445,1.00168,1.00168,4522.6687
1677970800000,1.00067,1.00266,1.00067,1.00266,3.979437
1677967200000,1.00067,1.00067,1.00067,1.00067,0.136381
1677963600000,1.00067,1.00067,1.00067,1.00067,2.183694
1677960000000,1.00067,1.00067,1.00067,1.00067,0
1677956400000,1.00065,1.00067,1.00065,1.00067,0.794792
1677952800000,1.00065,1.00065,1.00065,1.00065,0
1677949200000,1.00296,1.00296,1.00065,1.00065,1.405018
1677945600000,1.00296,1.00296,1.00296,1.00296,0
1677942000000,1,1.00296,1,1.00296,997.300347
1677938400000,1,1,1,1,0.189977
1677934800000,1,1,1,1,0.7135
1677931200000,1.00001,1.00001,1,1,13200
1677927600000,1.00001,1.00001,1.00001,1.00001,10060.453198
1677924000000,1.00001,1.00001,1.00001,1.00001,0.470771
1677920400000,1.00001,1.00001,1.00001,1.00001,0
1677916800000,1.00197,1.00197,1.00001,1.00001,1.007407
1677913200000,1.00001,1.00197,1.00001,1.00197,1.007913
1677909600000,1.00001,1.00001,1.00001,1.00001,0
1677906000000,1.00001,1.00001,1.00001,1.00001,1.209589
1677902400000,1.00001,1.00093,1.00001,1.00001,644.992949
1677898800000,1.00001,1.00001,1.00001,1.00001,0
1677895200000,1.00001,1.00001,1.00001,1.00001,0
1677891600000,1.00001,1.00001,1.00001,1.00001,0
1677888000000,1.0044,1.03178,1.00001,1.00001,2000.974019
1677884400000,1.0249,1.03478,1.0044,1.0044,7919.727554
1677880800000,0.999,1.0249,0.9975,1.0249,26484.118137
1677877200000,0.99995,1.00078,0.999,0.999,5053.410842
1677873600000,0.99901,1.00078,0.99901,0.99995,37878.000027
1677870000000,0.99951,0.99997,0.99669,0.99901,13698.770053
1677866400000,0.99951,0.99951,0.99951,0.99951,0
1677862800000,1.00057,1.00057,0.99757,0.99951,7532.123493
1677859200000,0.99997,1.00057,0.99997,1.00057,12.65936
1677855600000,0.99997,1.00057,0.99997,0.99997,2622.323037
1677852000000,0.99997,0.99997,0.99997,0.99997,0.143347
1677848400000,0.99997,0.99997,0.99997,0.99997,0
1677844800000,0.99997,0.99997,0.99997,0.99997,1.123983
1677841200000,0.99997,0.99997,0.99997,0.99997,0
1677837600000,0.99997,0.99997,0.99997,0.99997,0.273391
1677834000000,0.99997,0.99997,0.99997,0.99997,859.735863
1677830400000,0.99997,0.99997,0.99997,0.99997,0
1677826800000,0.99997,0.99999,0.99997,0.99997,5926.023048
1677823200000,0.99997,0.99997,0.99997,0.99997,0.6485
1677819600000,0.99997,0.99997,0.99997,0.99997,700
1677816000000,0.99997,0.99997,0.99997,0.99997,7558.946545
1677812400000,0.99997,0.99997,0.99997,0.99997,7097.8937
1677808800000,0.99997,1,0.99997,0.99997,645.08035
1677805200000,0.99997,0.99998,0.99997,0.99997,23331.277192
1677801600000,0.99901,0.99997,0.99868,0.99997,26633.994094
1677798000000,0.99901,0.99901,0.99901,0.99901,0
1677794400000,0.99901,0.99901,0.99901,0.99901,0
1677790800000,0.99951,0.99951,0.99901,0.99901,7500
1677787200000,0.99951,0.99951,0.99951,0.99951,101.552
1677783600000,0.99951,0.99951,0.99951,0.99951,0
1677780000000,0.99829,0.99951,0.99829,0.99951,23553.176247
1677776400000,0.99829,0.99829,0.99816,0.99829,15007.87689
1677772800000,0.99829,0.99829,0.99829,0.99829,2765.28
1677769200000,0.99829,0.99829,0.99829,0.99829,0
1677765600000,0.99829,0.99829,0.99829,0.99829,0
1677762000000,0.99829,0.99829,0.99829,0.99829,0.922183
1677758400000,0.99829,0.99829,0.99829,0.99829,980.442896
1677754800000,0.99829,0.99829,0.99829,0.99829,1500
1677751200000,0.99829,0.99829,0.99829,0.99829,0
1677747600000,0.99726,0.99829,0.99726,0.99829,0.95398
1677744000000,0.99726,0.99726,0.99726,0.99726,0
1677740400000,0.99726,0.99726,0.99726,0.99726,0
1677736800000,0.9986,0.9986,0.99726,0.99726,4960.5421
1677733200000,0.99876,0.99876,0.9986,0.9986,1.053987
1677729600000,0.99861,0.99876,0.99861,0.99876,3.994978
1677726000000,0.99861,0.99861,0.99861,0.99861,0
1677722400000,0.9986,0.99861,0.9986,0.99861,6.970464
1677718800000,0.99876,0.99876,0.9986,0.9986,1942.663723
1677715200000,0.9986,0.99876,0.9986,0.99876,14.4736
1677711600000,0.999,0.999,0.9986,0.9986,5999.9813
1677708000000,0.999,0.999,0.999,0.999,0
1677704400000,0.999,0.999,0.999,0.999,0
1677700800000,0.999,0.999,0.999,0.999,0
1677697200000,0.99767,0.99999,0.99646,0.999,42384.153664
1677693600000,0.99645,0.99871,0.99645,0.99767,6747.163204
1677690000000,0.99916,0.99916,0.99645,0.99645,3424.823874
1677686400000,0.99916,0.99916,0.99916,0.99916,0
1677682800000,0.99973,0.99999,0.998,0.99916,11906.745339
1677679200000,0.99954,0.99973,0.99942,0.99973,261.6468
1677675600000,0.99916,0.99965,0.99802,0.99954,10561.716552
1677672000000,0.99958,0.99959,0.99916,0.99916,70
1677668400000,0.99901,0.99958,0.99901,0.99958,0.146052
1677664800000,0.99901,0.99901,0.99901,0.99901,0
1677661200000,0.99849,0.99998,0.99849,0.99901,2090.27933
1677657600000,0.99849,0.99849,0.99849,0.99849,0
1677654000000,0.99915,0.99915,0.99849,0.99849,0.83215
1677650400000,0.99915,0.99915,0.99915,0.99915,0
1677646800000,0.9974,0.99915,0.9974,0.99915,500.43536
1677643200000,0.99668,0.9974,0.99668,0.9974,4.837746
1677639600000,0.99668,0.99668,0.99668,0.99668,0
1677636000000,0.99668,0.99668,0.99668,0.99668,0
1677632400000,0.99832,0.99832,0.99668,0.99668,2000
1677628800000,0.99832,0.99832,0.99832,0.99832,0
1677625200000,0.9988,0.9988,0.99832,0.99832,12824.296553
1677621600000,0.9988,0.9988,0.9988,0.9988,0
1677618000000,0.99942,1.00077,0.99823,0.9988,43523.489749
1677614400000,0.99831,0.99942,0.99655,0.99942,5320.288041
1677610800000,0.99901,0.99901,0.99665,0.99831,1653.639922
1677607200000,0.99901,0.99901,0.99901,0.99901,0.250301
1677603600000,0.99795,0.99961,0.99741,0.99901,12294.596952
1677600000000,0.99886,0.99893,0.99754,0.99795,6246.017366
1677596400000,0.99757,0.99886,0.99757,0.99886,1.009846
1677592800000,0.99904,0.99904,0.99757,0.99757,10803.462121
1677589200000,0.99838,0.99904,0.99838,0.99904,150.177658
1677585600000,0.99881,0.99881,0.99838,0.99838,6.282148
1677582000000,0.99881,0.99881,0.99881,0.99881,0
1677578400000,0.99881,0.99881,0.99881,0.99881,0
1677574800000,0.99881,0.99881,0.99881,0.99881,0
1677571200000,0.999,0.999,0.99881,0.99881,0.453332
1677567600000,0.999,0.999,0.999,0.999,0.322572
1677564000000,0.99943,0.99943,0.999,0.999,330
1677560400000,0.999,0.99943,0.999,0.99943,0.408191
1677556800000,0.999,0.999,0.999,0.999,0
1677553200000,0.999,0.999,0.999,0.999,0
1677549600000,0.999,0.999,0.999,0.999,0
1677546000000,0.9995,0.9995,0.999,0.999,15955.5
1677542400000,0.99951,0.99951,0.9995,0.9995,846.635665
1677538800000,0.99951,0.99951,0.99951,0.99951,0
1677535200000,0.99951,0.99951,0.99951,0.99951,0
1677531600000,0.99902,0.99951,0.99901,0.99951,3583.252354
1677528000000,0.99984,0.99984,0.99901,0.99902,130.408349
1677524400000,0.99752,0.99984,0.99752,0.99984,44126.747834
1677520800000,0.99847,0.99847,0.99648,0.99752,20001.948125
1677517200000,0.99846,0.99933,0.99846,0.99847,4502.81353
1677513600000,0.99848,0.99848,0.99843,0.99846,4737.8
1677510000000,0.99943,0.99949,0.99823,0.99848,12420.898187
1677506400000,0.99945,0.99945,0.9994,0.99943,100.734141
1677502800000,0.99947,0.99947,0.99945,0.99945,47.797302
1677499200000,0.99915,0.99947,0.99915,0.99947,517.8741
1677495600000,0.99915,0.99915,0.99915,0.99915,0
1677492000000,0.99915,0.99915,0.99915,0.99915,0
1677488400000,0.99911,0.99915,0.99911,0.99915,5.004254
1677484800000,0.99911,0.99911,0.99911,0.99911,0.496976
1677481200000,0.99911,0.99911,0.99911,0.99911,3.21481
1677477600000,0.99896,0.99911,0.99896,0.99911,620.070286
1677474000000,0.99898,0.99898,0.99817,0.99896,347.756714
1677470400000,0.99898,0.99898,0.99898,0.99898,0
1677466800000,0.99857,0.99898,0.99857,0.99898,107.851
1677463200000,0.99856,0.99857,0.99856,0.99857,0.40248
1677459600000,0.99856,0.99856,0.99856,0.99856,7570.936203
1677456000000,0.9986,0.9986,0.99856,0.99856,6770.60595
1677452400000,0.99857,0.9986,0.99857,0.9986,19993.252873
1677448800000,0.99857,0.99857,0.99857,0.99857,60.246376
1677445200000,0.99883,0.99883,0.998,0.99857,1.691128
1677441600000,0.99842,0.99883,0.99842,0.99883,113.141155
1677438000000,0.9985,0.9985,0.99842,0.99842,0.100158
1677434400000,0.9985,0.9985,0.9985,0.9985,0
1677430800000,0.99842,0.9985,0.99842,0.9985,39134
1677427200000,0.99842,0.99842,0.99842,0.99842,0.265339
1677423600000,0.99641,0.99842,0.99641,0.99842,97.686877
1677420000000,0.99683,0.99683,0.99641,0.99641,0.273929
1677416400000,0.99683,0.99683,0.99683,0.99683,0
1677412800000,0.99708,0.99708,0.99683,0.99683,1.237311
1677409200000,0.99708,0.99708,0.99708,0.99708,120
1677405600000,0.99708,0.99708,0.99708,0.99708,0.23377
1677402000000,0.99708,0.99708,0.99708,0.99708,0
1677398400000,0.99641,0.99708,0.99641,0.99708,135.08
1677394800000,0.99641,0.99641,0.99641,0.99641,0
1677391200000,0.99641,0.99641,0.99641,0.99641,0
1677387600000,0.9964,0.99641,0.9964,0.99641,0.121294
1677384000000,0.99641,0.99641,0.9964,0.9964,0.462467
1677380400000,0.99642,0.99642,0.99641,0.99641,79.823851
1677376800000,0.99642,0.99642,0.99642,0.99642,0
1677373200000,0.99642,0.99642,0.99642,0.99642,0
1677369600000,0.99642,0.99642,0.99642,0.99642,0
1677366000000,0.99642,0.99642,0.99642,0.99642,0
1677362400000,0.99642,0.99642,0.99642,0.99642,0
1677358800000,0.99641,0.99652,0.99641,0.99642,80.639578
1677355200000,0.99701,0.99848,0.99641,0.99641,131.046003
1677351600000,0.99749,0.99869,0.99643,0.99701,251.516111
1677348000000,0.99796,0.99841,0.99749,0.99749,14.538729
1677344400000,0.99896,0.99896,0.99613,0.99796,7237
1677340800000,0.99788,0.99919,0.99788,0.99896,1030.441616
1677337200000,0.99787,0.99788,0.99787,0.99788,50.538669
1677333600000,0.99763,0.99787,0.99761,0.99787,10000.711632
1677330000000,0.99761,0.99763,0.99761,0.99763,248.455648
1677326400000,0.99643,0.99761,0.99643,0.99761,37.21274
1677322800000,0.99643,0.99643,0.99643,0.99643,0
1677319200000,0.99666,0.99666,0.99643,0.99643,1.216187
1677315600000,0.99665,0.99666,0.99665,0.99666,0.212747
1677312000000,0.99675,0.99836,0.99629,0.99665,532.126579
1677308400000,0.99675,0.99675,0.99675,0.99675,0
1677304800000,0.99675,0.99675,0.99675,0.99675,0
1677301200000,0.99705,0.99705,0.99675,0.99675,1.284572
1677297600000,0.99705,0.99705,0.99705,0.99705,0.100295
1677294000000,0.99804,0.99892,0.99705,0.99705,27.069991
1677290400000,0.99901,0.99901,0.99665,0.99804,1801.104305
1677286800000,0.99949,0.99949,0.99901,0.99901,48.152418
1677283200000,0.99976,0.99976,0.99949,0.99949,5.510272
1677279600000,0.99798,0.99976,0.99615,0.99976,50011.781997
1677276000000,0.99798,0.99798,0.99798,0.99798,0
1677272400000,0.99975,0.99975,0.997,0.99798,7445.083766
1677268800000,0.99902,0.99975,0.99901,0.99975,5001.882539
1677265200000,0.99711,0.99989,0.99711,0.99902,20098.307817
1677261600000,0.99711,0.99711,0.99711,0.99711,0.314615
1677258000000,0.99611,0.99711,0.99611,0.99711,1.389995
1677254400000,0.99703,0.99703,0.99611,0.99611,2.078632
1677250800000,0.99712,0.99712,0.99703,0.99703,2.846
1677247200000,0.99614,0.99712,0.99614,0.99712,34.459637
1677243600000,0.99614,0.99614,0.99614,0.99614,1.835976
1677240000000,0.99711,0.99711,0.99614,0.99614,0.158405
1677236400000,0.99614,0.99715,0.99614,0.99711,1.578606
1677232800000,0.99614,0.99614,0.99614,0.99614,1500
1677229200000,0.99614,0.99614,0.99614,0.99614,1.237936
1677225600000,0.99732,0.99732,0.99614,0.99614,2865.0377
1677222000000,0.99733,0.99733,0.99615,0.99732,5013.478863
1677218400000,0.99633,0.99733,0.99615,0.99733,5977.772781
1677214800000,0.99773,0.99773,0.99633,0.99633,1.101036
1677211200000,0.9963,0.99773,0.9963,0.99773,0.572945
1677207600000,0.99678,0.99678,0.9963,0.9963,0.170418
1677204000000,0.99815,0.99815,0.99678,0.99678,40.561818
1677200400000,0.99626,0.99815,0.99626,0.99815,0.144049
1677196800000,0.99723,0.99724,0.99626,0.99626,2433.680333
1677193200000,0.99723,0.99723,0.99723,0.99723,0
1677189600000,0.99901,0.99915,0.99614,0.99723,8014.919338
1677186000000,0.99816,0.99984,0.99816,0.99901,5004.317424
1677182400000,0.99626,0.99816,0.99622,0.99816,9137.332905
1677178800000,0.99626,0.99626,0.99626,0.99626,0
1677175200000,0.99951,0.99951,0.99626,0.99626,3484.593717
1677171600000,0.99626,0.99951,0.99626,0.99951,2043.0796
1677168000000,0.99694,0.99887,0.99626,0.99626,4166.85704
1677164400000,0.99886,0.99886,0.99624,0.99694,7060.319684
1677160800000,0.99886,0.99886,0.99886,0.99886,0
1677157200000,0.99886,0.99886,0.99886,0.99886,0
1677153600000,0.99838,0.99886,0.99788,0.99886,1.564769
1677150000000,0.99915,0.99915,0.99838,0.99838,4.917436
1677146400000,0.99915,0.99915,0.99915,0.99915,0
1677142800000,0.99915,0.99915,0.99915,0.99915,0
1677139200000,0.99915,0.99915,0.99915,0.99915,0
1677135600000,0.99915,0.99915,0.99915,0.99915,0
1677132000000,0.99915,0.99915,0.99915,0.99915,0
1677128400000,0.99915,0.99915,0.99915,0.99915,0
1677124800000,0.99914,0.99915,0.99914,0.99915,78.8691
1677121200000,0.99914,0.99914,0.99914,0.99914,0
1677117600000,0.99916,0.99916,0.9968,0.99914,8638.594583
1677114000000,0.99916,0.99916,0.99916,0.99916,0.206123
1677110400000,0.99916,0.99916,0.99916,0.99916,0.547793
1677106800000,0.99916,0.99916,0.99916,0.99916,0
1677103200000,0.99916,0.99916,0.99916,0.99916,1.315635
1677099600000,0.99901,0.99986,0.9978,0.99916,16820.935373
1677096000000,0.99901,0.99901,0.99901,0.99901,0.709823
1677092400000,0.99951,0.9999,0.99901,0.99901,497.658988
1677088800000,0.9999,0.9999,0.99901,0.99951,20.611303
1677085200000,0.99903,0.9999,0.99903,0.9999,0.667456
1677081600000,0.99901,0.9999,0.99901,0.99903,1819.737198
1677078000000,0.99901,0.99951,0.99901,0.99901,67.371503
1677074400000,0.99949,0.99949,0.99901,0.99901,412.917397
1677070800000,0.99973,0.9999,0.99949,0.99949,10000.100091
1677067200000,0.99973,0.99973,0.99973,0.99973,67.465715
1677063600000,0.99974,0.99974,0.99973,0.99973,1.5032
1677060000000,0.99974,0.99974,0.99974,0.99974,0
1677056400000,0.99911,0.99974,0.99907,0.99974,980.800383
1677052800000,0.99911,0.99911,0.99911,0.99911,0
1677049200000,0.99885,0.99911,0.99885,0.99911,127.976607
1677045600000,0.99868,0.99885,0.99868,0.99885,0.31144
1677042000000,0.99883,0.99883,0.99868,0.99868,0.1427
1677038400000,0.99859,0.99883,0.99859,0.99883,1.611127
1677034800000,0.99825,0.99859,0.99825,0.99859,0.1759
1677031200000,0.99823,0.99825,0.99823,0.99825,70.373731
1677027600000,0.99757,0.99823,0.99757,0.99823,1669.276195
1677024000000,0.99757,0.99757,0.99757,0.99757,2655.547581
1677020400000,0.99757,0.99757,0.99757,0.99757,4263.200446
1677016800000,0.99757,0.99757,0.99757,0.99757,0
1677013200000,0.99757,0.99757,0.99757,0.99757,1202.248597
1677009600000,0.99757,0.99757,0.99757,0.99757,1.46192
1677006000000,0.99757,0.99757,0.99757,0.99757,9693.266555
1677002400000,0.99757,0.99757,0.99757,0.99757,0
1676998800000,0.999,0.999,0.99757,0.99757,1622.71
1676995200000,0.99806,0.999,0.99806,0.999,11118.053852
1676991600000,0.99899,0.99899,0.99806,0.99806,0.175904
1676988000000,0.99823,0.99899,0.99611,0.99899,18981.7382
1676984400000,0.99822,0.99823,0.99822,0.99823,3.425821
1676980800000,0.99822,0.99822,0.99822,0.99822,0
1676977200000,0.99822,0.99822,0.99822,0.99822,1.184961
1676973600000,0.99916,0.99916,0.99822,0.99822,1.887301
1676970000000,0.99916,0.99916,0.99916,0.99916,0
1676966400000,0.99771,0.99916,0.99771,0.99916,191.004008
1676962800000,0.99771,0.99771,0.99771,0.99771,0
1676959200000,0.99911,0.99911,0.99771,0.99771,13554.410928
1676955600000,0.99911,0.99911,0.99911,0.99911,0
1676952000000,0.99989,0.99989,0.99911,0.99911,0.251631
1676948400000,0.99901,0.99989,0.99901,0.99989,416.53259
1676944800000,0.99901,0.99901,0.99901,0.99901,0
1676941200000,0.99822,0.99987,0.99822,0.99901,10002.834527
1676937600000,0.99921,0.99921,0.99822,0.99822,3550
1676934000000,0.99921,0.99921,0.99921,0.99921,0
1676930400000,0.99922,0.99922,0.99921,0.99921,0.243447
1676926800000,1,1,0.99922,0.99922,9.276622
1676923200000,0.99921,1,0.99921,1,4215.853973
1676919600000,0.99921,0.99921,0.99921,0.99921,0
1676916000000,0.99921,0.99998,0.99921,0.99921,1721.185747
1676912400000,0.99921,0.99921,0.99921,0.99921,0
1676908800000,0.99997,0.99997,0.99921,0.99921,70.6916
1676905200000,0.99997,0.99997,0.99997,0.99997,4.955371
1676901600000,0.99997,0.99997,0.99997,0.99997,96.530244
1676898000000,0.99921,0.99997,0.99921,0.99997,523.271319
1676894400000,0.99998,0.99998,0.99921,0.99921,236.069637
1676890800000,0.99998,0.99998,0.99998,0.99998,0
1676887200000,0.99998,0.99998,0.99998,0.99998,0
1676883600000,0.99998,0.99998,0.99998,0.99998,0
1676880000000,0.99928,0.99998,0.99928,0.99998,209.7553
1676876400000,0.99925,0.99928,0.99925,0.99928,0.624692
1676872800000,0.99925,0.99925,0.99925,0.99925,0
1676869200000,0.99922,0.99998,0.99922,0.99925,105.167925
1676865600000,0.99903,0.99922,0.99903,0.99922,802.37082
1676862000000,0.99903,0.99903,0.99903,0.99903,0
1676858400000,0.99903,0.99903,0.99903,0.99903,0
1676854800000,0.99911,0.99911,0.99903,0.99903,64.171334
1676851200000,0.99911,0.99911,0.99911,0.99911,0
1676847600000,0.99906,0.99911,0.99906,0.99911,1.026571
1676844000000,0.99906,0.99906,0.99906,0.99906,0
1676840400000,0.99906,0.99906,0.99906,0.99906,1
1676836800000,0.99902,0.99998,0.99902,0.99906,1364.706785
1676833200000,0.99902,0.9995,0.99902,0.99902,17.939272
1676829600000,0.99902,0.99902,0.99902,0.99902,561.708482
1676826000000,0.99902,0.99902,0.99902,0.99902,16.627347
1676822400000,0.99902,0.99902,0.99902,0.99902,2.226544
1676818800000,0.99902,0.99902,0.99902,0.99902,48.45781
1676815200000,0.99902,0.99902,0.99902,0.99902,0
1676811600000,0.99902,0.99902,0.99902,0.99902,0
1676808000000,0.99902,0.99902,0.99902,0.99902,0
1676804400000,0.99903,0.99903,0.99902,0.99902,694
1676800800000,0.99903,0.99903,0.99903,0.99903,0
1676797200000,0.99903,0.99903,0.99903,0.99903,0
1676793600000,0.99903,0.99903,0.99903,0.99903,0.28207
1676790000000,0.99911,0.99911,0.99903,0.99903,0.853927
1676786400000,0.99951,0.99951,0.99911,0.99911,1.464978
1676782800000,0.99951,0.99951,0.99951,0.99951,0
1676779200000,0.99951,0.99951,0.99951,0.99951,0
1676775600000,0.99951,0.99951,0.99951,0.99951,0
1676772000000,0.99951,0.99951,0.99946,0.99951,89.626024
1676768400000,0.99951,0.99951,0.9995,0.99951,73.939272
1676764800000,0.99901,0.99951,0.99901,0.99951,2.005706
1676761200000,0.99901,0.99901,0.99901,0.99901,256.775026
1676757600000,0.99901,0.99901,0.99901,0.99901,0
1676754000000,0.99901,0.99901,0.99901,0.99901,5.862417
1676750400000,0.99901,0.99901,0.99901,0.99901,0
1676746800000,0.99869,0.99963,0.99864,0.99901,51910.10626
1676743200000,0.99873,0.99873,0.99869,0.99869,1.809981
1676739600000,0.99765,0.99873,0.99765,0.99873,748.29145
1676736000000,0.99804,0.99804,0.99642,0.99765,4004.54877
1676732400000,0.99663,0.99804,0.99663,0.99804,1.443411
1676728800000,0.99663,0.99663,0.99663,0.99663,0
1676725200000,0.99757,0.99757,0.99663,0.99663,4.079838
1676721600000,0.99757,0.99757,0.99757,0.99757,0
1676718000000,0.99757,0.99757,0.99757,0.99757,0
1676714400000,0.99757,0.99757,0.99757,0.99757,0
1676710800000,0.99907,0.99907,0.99642,0.99757,10044.582603
1676707200000,0.99906,0.99907,0.99906,0.99907,0.130288
1676703600000,0.99904,0.99906,0.99904,0.99906,1.273921
1676700000000,0.99902,0.99904,0.99902,0.99904,0.918641
1676696400000,0.99901,0.99902,0.99901,0.99902,0.231245
1676692800000,0.99901,0.99901,0.99901,0.99901,0
1676689200000,0.99901,0.99901,0.99901,0.99901,0
1676685600000,0.99901,0.99901,0.99901,0.99901,0
1676682000000,0.99901,0.99901,0.99901,0.99901,0
1676678400000,0.99901,0.99901,0.99901,0.99901,0
1676674800000,0.99901,0.99901,0.99901,0.99901,3.006572
1676671200000,0.99901,0.99995,0.99901,0.99901,486.153242
1676667600000,0.99991,0.99991,0.99901,0.99901,0.895489
1676664000000,0.99991,0.99991,0.99991,0.99991,0.590592
1676660400000,0.9993,0.99991,0.9993,0.99991,8.965977
1676656800000,0.99785,1.00012,0.99602,0.9993,23214.271533
1676653200000,0.99785,0.99785,0.99785,0.99785,0
1676649600000,0.99785,0.99785,0.99785,0.99785,0
1676646000000,0.99558,0.9979,0.99558,0.99785,2.585109
1676642400000,0.99558,0.99558,0.99558,0.99558,0
1676638800000,0.99798,0.99798,0.99558,0.99558,3028.885777
1676635200000,0.99793,0.99798,0.99793,0.99798,45.407549
1676631600000,0.99793,0.99793,0.99793,0.99793,1.638686
1676628000000,0.9973,0.99793,0.99523,0.99793,13159.033579
1676624400000,0.99993,0.99993,0.9973,0.9973,15500
1676620800000,0.99997,0.99997,0.99993,0.99993,0.79764
1676617200000,0.99901,1.00002,0.99901,0.99997,19.471876
1676613600000,0.99901,0.99901,0.99901,0.99901,0
1676610000000,0.99901,0.99901,0.99901,0.99901,1.653259
1676606400000,1.00012,1.00012,0.99901,0.99901,0.921386
1676602800000,1.00015,1.00015,1.00012,1.00012,1.099747
1676599200000,1.00015,1.00015,1.00015,1.00015,0
1676595600000,1.00015,1.00015,1.00015,1.00015,0
1676592000000,0.99902,1.00015,0.99902,1.00015,5392.197217
1676588400000,0.99901,0.99998,0.99901,0.99902,100.61171
1676584800000,0.99707,1,0.99707,0.99901,50031.721596
1676581200000,0.99681,0.99874,0.99681,0.99707,3341.811255
1676577600000,0.99342,0.99681,0.99342,0.99681,1030.008931
1676574000000,0.99913,0.99914,0.98604,0.99342,63058.172158
1676570400000,0.99914,0.99914,0.996,0.99913,3663.219832
1676566800000,0.99824,0.99914,0.9975,0.99914,4103.14985
1676563200000,0.9969,0.99824,0.9969,0.99824,15495.288738
1676559600000,0.9969,0.9969,0.9969,0.9969,0
1676556000000,0.99747,0.99837,0.99657,0.9969,1641.87179
1676552400000,0.99906,0.99906,0.99747,0.99747,1036.089058
1676548800000,0.99784,0.99906,0.99784,0.99906,0.53083
1676545200000,0.99782,0.99895,0.99782,0.99784,47.450448
1676541600000,0.99827,0.99827,0.99782,0.99782,0.289698
1676538000000,0.99827,0.99827,0.99827,0.99827,0
1676534400000,0.99827,0.99827,0.99827,0.99827,0
1676530800000,0.99748,0.99874,0.99748,0.99827,1105.254223
1676527200000,0.99748,0.99748,0.99748,0.99748,0
1676523600000,0.99747,0.99748,0.99747,0.99748,101.412692
1676520000000,0.99747,0.99747,0.99747,0.99747,0.660475
1676516400000,0.99747,0.99747,0.99747,0.99747,7.969276
1676512800000,0.99747,0.99747,0.99747,0.99747,0
1676509200000,0.99747,0.99747,0.99747,0.99747,0.731203
1676505600000,0.99747,0.99747,0.99747,0.99747,0
1676502000000,0.99587,0.99747,0.99587,0.99747,2335
1676498400000,0.9978,0.9978,0.99587,0.99587,196
1676494800000,0.99507,0.99805,0.99507,0.9978,668.884805
1676491200000,0.99507,0.99507,0.99507,0.99507,0
1676487600000,0.99748,0.99748,0.99507,0.99507,1835.314112
1676484000000,0.99658,0.99748,0.99658,0.99748,20
1676480400000,0.99883,0.99914,0.99634,0.99658,1121.063147
1676476800000,0.99883,0.99883,0.99883,0.99883,0
1676473200000,0.99883,0.99883,0.99883,0.99883,0
1676469600000,0.99832,0.99883,0.99832,0.99883,498.521462
1676466000000,0.99805,0.99832,0.99801,0.99832,32.413375
1676462400000,0.99633,0.99805,0.99633,0.99805,8.982603
1676458800000,0.99633,0.99633,0.99633,0.99633,0
1676455200000,0.99501,0.99633,0.99501,0.99633,0.412214
1676451600000,0.99721,0.99818,0.99501,0.99501,13205.1424
1676448000000,0.99721,0.99721,0.99721,0.99721,0
1676444400000,0.99721,0.99721,0.99721,0.99721,0
1676440800000,0.99729,0.99729,0.99721,0.99721,110
1676437200000,0.99729,0.99729,0.99729,0.99729,0
1676433600000,0.99738,0.99738,0.99729,0.99729,9936.0363
1676430000000,0.99738,0.99738,0.99738,0.99738,0
1676426400000,0.99729,0.99738,0.99729,0.99738,0.78967
1676422800000,0.99766,0.99766,0.99729,0.99729,15.724733
1676419200000,0.99815,0.99815,0.99766,0.99766,2.506716
1676415600000,0.99901,0.99901,0.99721,0.99815,2002.824616
1676412000000,0.99951,1.0001,0.99901,0.99901,3871.310967
1676408400000,0.99901,1.00009,0.99901,0.99951,2050.231593
1676404800000,0.9972,1.00003,0.9972,0.99901,981.357404
1676401200000,0.99717,0.9972,0.99717,0.9972,0.464494
1676397600000,0.99717,0.99717,0.99717,0.99717,0
1676394000000,0.99678,0.99717,0.99678,0.99717,2.368277
1676390400000,0.99678,0.99678,0.99678,0.99678,0
1676386800000,1.0001,1.0001,0.99675,0.99678,9831.0759
1676383200000,0.99629,1.0001,0.99629,1.0001,1589.8729
1676379600000,0.99913,0.99913,0.99629,0.99629,10.6038
1676376000000,0.99961,0.99961,0.99913,0.99913,0.123231
1676372400000,0.99961,0.99961,0.99961,0.99961,0
1676368800000,0.99961,0.99961,0.99961,0.99961,0
1676365200000,1.0001,1.0001,0.99961,0.99961,0.205511
1676361600000,1.0001,1.0001,1.0001,1.0001,0
1676358000000,1.0001,1.0001,1.0001,1.0001,0
1676354400000,0.99797,1.0001,0.99797,1.0001,751.0863
1676350800000,0.99797,0.99797,0.99797,0.99797,0
1676347200000,0.99889,1.0001,0.99797,0.99797,1001.208072
1676343600000,0.9979,0.99889,0.9979,0.99889,10013.429703
1676340000000,0.9979,0.9979,0.9979,0.9979,0
1676336400000,0.999,0.999,0.9979,0.9979,12.747473
1676332800000,0.99628,0.999,0.99628,0.999,400048
1676329200000,0.99628,0.99628,0.99628,0.99628,0
1676325600000,0.99751,0.99751,0.99628,0.99628,813.849654
1676322000000,0.9982,0.99919,0.99751,0.99751,4391.722751
1676318400000,0.99823,0.9985,0.9982,0.9982,735.807716
1676314800000,0.99823,0.99823,0.99823,0.99823,0
1676311200000,0.999,0.999,0.99821,0.99823,2159.387371
1676307600000,0.999,1.00007,0.999,0.999,620.507382
1676304000000,0.999,1.00006,0.999,0.999,1836.079024
1676300400000,0.9998,1.00003,0.999,0.999,11211.763114
1676296800000,0.9998,1,0.9998,0.9998,10664.828323
1676293200000,1.00002,1.00002,0.9997,0.9998,3.366591
1676289600000,1.00013,1.00013,1.00002,1.00002,0.2996
1676286000000,0.9997,1.00013,0.9997,1.00013,7597.51352
1676282400000,0.9997,0.99999,0.9997,0.9997,5.227797
1676278800000,0.9997,0.9997,0.9997,0.9997,1.392944
1676275200000,0.99974,0.99974,0.9997,0.9997,110.17377
1676271600000,0.99974,0.99974,0.99974,0.99974,0
1676268000000,1.00033,1.00033,0.99974,0.99974,0.709389
1676264400000,1.00033,1.00033,1.00033,1.00033,0
1676260800000,1.00035,1.00035,1.00033,1.00033,735.6928
1676257200000,1.00035,1.00035,1.00035,1.00035,0
1676253600000,0.99966,1.00035,0.99966,1.00035,121.156375
1676250000000,0.99924,1.0002,0.99924,0.99966,101.284708
1676246400000,0.99924,0.99924,0.99924,0.99924,0
1676242800000,0.99924,0.99924,0.99924,0.99924,15.157825
1676239200000,0.9999,0.9999,0.99924,0.99924,5013.268225
1676235600000,0.99925,0.9999,0.99925,0.9999,2.419749
1676232000000,0.99924,0.99925,0.99924,0.99925,0.693459
1676228400000,0.99924,0.99924,0.99924,0.99924,0
1676224800000,0.99928,0.99928,0.99924,0.99924,0.37626
1676221200000,1.00041,1.00047,0.99928,0.99928,8644.889549
1676217600000,1.00041,1.00041,1.00041,1.00041,0
1676214000000,1.00041,1.00041,1.00041,1.00041,0
1676210400000,1.00041,1.00041,1.00041,1.00041,0
1676206800000,0.99924,1.00041,0.99924,1.00041,294.605
1676203200000,0.99924,0.99924,0.99924,0.99924,0.918448
1676199600000,0.99924,0.99924,0.99924,0.99924,0.189474
1676196000000,0.99924,0.99924,0.99924,0.99924,0
1676192400000,0.99924,0.99924,0.99924,0.99924,0
1676188800000,0.99924,0.99924,0.99924,0.99924,0.564432
1676185200000,1.0001,1.0001,0.99924,0.99924,0.62038
1676181600000,1.0001,1.0001,1.0001,1.0001,2.994697
1676178000000,0.99924,1.0001,0.99924,1.0001,7.969276
1676174400000,0.99924,0.99924,0.99924,0.99924,18.721588
1676170800000,1.00031,1.00031,0.99924,0.99924,0.512203
1676167200000,1.00031,1.00031,1.00031,1.00031,0
1676163600000,0.99924,1.00031,0.99924,1.00031,2.189101
1676160000000,0.99924,0.99924,0.99924,0.99924,0.339748
1676156400000,1.00047,1.00047,0.99924,0.99924,1323.033684
1676152800000,1.00047,1.00047,1.00047,1.00047,5.46743
1676149200000,0.99927,1.00047,0.99927,1.00047,245.873314
1676145600000,0.99927,0.99927,0.99927,0.99927,0
1676142000000,0.99927,0.99927,0.99927,0.99927,0
1676138400000,0.99976,0.99976,0.99927,0.99927,0.602528
1676134800000,0.99927,1.00047,0.99927,0.99976,1946.526951
1676131200000,0.99924,0.99968,0.99924,0.99927,2.910458
1676127600000,0.99924,0.99924,0.99924,0.99924,0
1676124000000,0.99924,0.99924,0.99924,0.99924,0.639699
1676120400000,0.99924,0.99924,0.99924,0.99924,0
1676116800000,0.99924,0.99924,0.99924,0.99924,0
1676113200000,0.99924,0.99924,0.99924,0.99924,27.041612
1676109600000,0.99924,0.99924,0.99924,0.99924,0.287218
1676106000000,0.99924,0.99924,0.99924,0.99924,0
1676102400000,0.99924,0.99924,0.99924,0.99924,0
1676098800000,0.99924,0.99924,0.99924,0.99924,0.221532
1676095200000,0.99924,0.99924,0.99924,0.99924,0.472596
1676091600000,1.00027,1.00027,0.99924,0.99924,292.530116
1676088000000,1.00027,1.00027,1.00027,1.00027,0
1676084400000,0.99924,1.00027,0.99924,1.00027,8.962677
1676080800000,0.99924,0.99924,0.99924,0.99924,3125
1676077200000,0.99924,0.99924,0.99924,0.99924,1.644395
1676073600000,0.99951,0.99951,0.99924,0.99924,1768.6324
1676070000000,0.99951,0.99951,0.99951,0.99951,0
1676066400000,0.99951,0.99951,0.99951,0.99951,0
1676062800000,0.9998,0.9998,0.99951,0.99951,1.126571
1676059200000,1.00051,1.00051,0.9998,0.9998,0.333873
1676055600000,1.00051,1.00051,1.00051,1.00051,0
1676052000000,1.00016,1.00051,0.99924,1.00051,2577.547047
1676048400000,0.99923,1.00016,0.99923,1.00016,2.149436
1676044800000,0.99912,0.99923,0.99912,0.99923,0.478085
1676041200000,0.99912,1.00025,0.99912,0.99912,5075.26457
1676037600000,0.99912,0.99912,0.99912,0.99912,0
1676034000000,0.99912,0.99912,0.99912,0.99912,96.489919
1676030400000,0.99912,0.99934,0.99912,0.99912,195.689641
1676026800000,0.9998,1.00058,0.99912,0.99912,964.365333
1676023200000,0.9998,0.9998,0.9998,0.9998,0
1676019600000,1.0006,1.0006,0.9998,0.9998,206.471825
1676016000000,0.99912,1.0006,0.99912,1.0006,2184.4678
1676012400000,0.99949,1.00046,0.99912,0.99912,5629.776748
1676008800000,0.99949,0.99949,0.99949,0.99949,0
1676005200000,0.99949,0.99949,0.99949,0.99949,2984.622219
1676001600000,0.99948,0.99949,0.99948,0.99949,0.413303
1675998000000,1.00047,1.00047,0.99946,0.99948,48.754297
1675994400000,1.00047,1.00047,1.00047,1.00047,0
1675990800000,1.00047,1.00047,1.00047,1.00047,999.53022
1675987200000,0.99996,1.00047,0.99944,1.00047,997.495723
1675983600000,0.99952,0.99996,0.99952,0.99996,3.990208
1675980000000,0.99942,1.00004,0.99942,0.99952,2523.106796
1675976400000,0.99961,0.99961,0.99942,0.99942,4642.336241
1675972800000,0.99931,1.00071,0.99931,0.99961,23251.385417
1675969200000,0.99931,0.99931,0.99931,0.99931,48.549151
1675965600000,0.99931,0.99931,0.99931,0.99931,1.371772
1675962000000,0.99931,0.99931,0.99931,0.99931,0
1675958400000,0.99941,0.99941,0.99931,0.99931,1945.975662
1675954800000,0.99951,0.99951,0.99921,0.99941,501.018327
1675951200000,1.00029,1.00029,0.99951,0.99951,7.481172
1675947600000,0.99921,1.00029,0.99921,1.00029,9608.441809
1675944000000,0.99902,0.99921,0.99902,0.99921,1.556302
1675940400000,0.9994,0.9994,0.99902,0.99902,4921.284435
1675936800000,0.9994,0.9994,0.9994,0.9994,0
1675933200000,0.9994,0.9994,0.9994,0.9994,0
1675929600000,0.99944,0.99944,0.9994,0.9994,1.945329
1675926000000,0.99944,1.00029,0.99944,0.99944,1067.277797
1675922400000,0.99945,0.99945,0.99944,0.99944,4000
1675918800000,0.99945,0.99945,0.99945,0.99945,0
1675915200000,0.99935,0.99945,0.99911,0.99945,1480.15
1675911600000,0.99982,1.00072,0.99918,0.99935,6092.703443
1675908000000,0.99982,1.00075,0.99982,0.99982,5706.568714
1675904400000,1.0002,1.0002,0.99982,0.99982,1.775476
1675900800000,0.9993,1.0002,0.9993,1.0002,4899.97115
1675897200000,0.9993,0.9993,0.9993,0.9993,0
1675893600000,1.00074,1.00074,0.99895,0.9993,1211.579125
1675890000000,0.9994,1.00074,0.9994,1.00074,43894.781568
1675886400000,1.00018,1.00018,0.9994,0.9994,1.444855
1675882800000,0.99892,1.00018,0.99892,1.00018,1510.744953
1675879200000,1.00018,1.00018,0.99892,0.99892,2.999636
1675875600000,1.00018,1.00018,1.00018,1.00018,0
1675872000000,0.99891,1.00018,0.99891,1.00018,7.481172
1675868400000,0.9998,0.9998,0.9989,0.99891,294.129617
1675864800000,0.99968,1.0002,0.99968,0.9998,3877.279927
1675861200000,0.99987,0.99987,0.99881,0.99968,3625.056355
1675857600000,0.99881,0.99987,0.99881,0.99987,3.7962
1675854000000,0.99901,0.99901,0.99881,0.99881,0.841373
1675850400000,0.99901,0.99901,0.99901,0.99901,0
1675846800000,0.99881,1,0.99881,0.99901,557.438249
1675843200000,0.99881,0.99881,0.99881,0.99881,700
1675839600000,0.99881,0.99881,0.99881,0.99881,13.590067
1675836000000,0.99881,0.99881,0.99881,0.99881,1.072872
1675832400000,0.99881,0.99881,0.99881,0.99881,14.348929
1675828800000,0.9988,0.99881,0.9988,0.99881,490.235305
1675825200000,0.99855,0.9988,0.99855,0.9988,7684.133543
1675821600000,0.99867,0.99983,0.99855,0.99855,1.486418
1675818000000,1.0007,1.0007,0.99867,0.99867,252.323498
1675814400000,0.99855,1.0007,0.99855,1.0007,40.9106
1675810800000,0.9998,1.00078,0.99855,0.99855,4038.785432
1675807200000,1.00078,1.00078,0.9998,0.9998,1.034174
1675803600000,0.99963,1.00078,0.99962,1.00078,6892.751071
1675800000000,0.99963,0.99963,0.99963,0.99963,0
1675796400000,0.9998,0.9998,0.99963,0.99963,8.951635
1675792800000,0.99962,1.00079,0.99962,0.9998,981.959914
1675789200000,0.99962,0.99962,0.99962,0.99962,0
1675785600000,0.99962,0.99962,0.99962,0.99962,47.867006
1675782000000,0.99963,0.99963,0.99962,0.99962,529.737401
1675778400000,0.99963,0.99963,0.99963,0.99963,0.602904
1675774800000,0.99963,0.99963,0.99963,0.99963,0.389329
1675771200000,0.99963,0.99963,0.99963,0.99963,0
1675767600000,0.99963,0.99963,0.99963,0.99963,1.018924
1675764000000,0.99963,0.99963,0.99963,0.99963,3.44217
1675760400000,0.99963,0.99963,0.99963,0.99963,0
1675756800000,0.99963,0.99963,0.99963,0.99963,0
1675753200000,0.99962,0.99963,0.99962,0.99963,0.305281
1675749600000,0.99962,0.99962,0.99962,0.99962,0
1675746000000,0.99962,0.99962,0.99962,0.99962,0
1675742400000,1,1,0.99962,0.99962,0.177322
1675738800000,0.99963,1,0.99963,1,12092.719772
1675735200000,0.99964,1.0003,0.99963,0.99963,123437.087618
1675731600000,1.00423,1.00423,0.99962,0.99964,54462.368546
1675728000000,1.00147,1.00423,1.00147,1.00423,439.432641
1675724400000,1.00042,1.00147,1.00042,1.00147,0.139082
1675720800000,1.00302,1.00302,1.00042,1.00042,6608.130751
1675717200000,1.00194,1.04978,1.00194,1.00302,77388.671576
1675713600000,0.9999,1.00976,0.9999,1.00194,29178.700056
1675710000000,1.00048,1.00048,0.9999,0.9999,10.196647
1675706400000,0.99991,1.00048,0.99991,1.00048,1959.442659
1675702800000,0.99991,0.99991,0.99991,0.99991,0
1675699200000,0.99991,0.99991,0.99991,0.99991,2000
1675695600000,1.0007,1.0007,0.99991,0.99991,15
1675692000000,0.99991,1.00122,0.99991,1.0007,250.863669
1675688400000,0.99991,1.00122,0.99991,0.99991,2.58304
1675684800000,0.99991,0.99991,0.99991,0.99991,0
1675681200000,0.99991,0.99991,0.99991,0.99991,0
1675677600000,0.99991,0.99991,0.99991,0.99991,0
1675674000000,0.99991,1.00122,0.99991,0.99991,3916.358412
1675670400000,0.99991,0.99991,0.99991,0.99991,0
1675666800000,0.99991,0.99991,0.99991,0.99991,0
1675663200000,0.99991,0.99991,0.99991,0.99991,0.16815
1675659600000,0.99991,1.00122,0.99991,0.99991,109.838627
1675656000000,0.99991,1.00122,0.99991,0.99991,4.327167
1675652400000,0.99991,0.99991,0.99991,0.99991,0
1675648800000,0.9999,0.99991,0.9999,0.99991,1.161037
1675645200000,0.9999,1.00122,0.9999,0.9999,82.301332
1675641600000,0.9999,1.00122,0.9999,0.9999,1056.828295
1675638000000,1.0003,1.0003,0.9999,0.9999,3905.002978
1675634400000,1.0003,1.0003,1.0003,1.0003,0
1675630800000,1.0003,1.0003,1.0003,1.0003,0
1675627200000,1.0003,1.0003,1.0003,1.0003,0.1
1675623600000,0.9999,1.0003,0.9999,1.0003,2126.1661
1675620000000,0.9999,1.00029,0.9999,0.9999,156.591469
1675616400000,0.9999,1.00028,0.9999,0.9999,12.778637
1675612800000,0.9999,0.99991,0.9999,0.9999,304.128111
1675609200000,0.9999,0.9999,0.9999,0.9999,0.656323
1675605600000,1.0003,1.0003,0.9999,0.9999,56.872749
1675602000000,0.9999,1.0003,0.9999,1.0003,250.173076
1675598400000,0.99988,0.9999,0.99988,0.9999,16.714987
1675594800000,1.00122,1.00122,0.99988,0.99988,0.620484
1675591200000,1.00122,1.00122,1.00122,1.00122,0
1675587600000,1.00122,1.00122,1.00122,1.00122,0
1675584000000,1.00122,1.00122,1.00122,1.00122,0
1675580400000,1.00122,1.00122,1.00122,1.00122,0
1675576800000,1.00122,1.00122,1.00122,1.00122,0
1675573200000,0.99987,1.00122,0.99987,1.00122,271.265506
1675569600000,0.99987,0.99987,0.99987,0.99987,194.606523
1675566000000,0.99987,0.99987,0.99987,0.99987,0
1675562400000,0.99987,0.99987,0.99987,0.99987,0.501639
1675558800000,0.99987,0.99987,0.99987,0.99987,0
1675555200000,0.99987,0.99987,0.99987,0.99987,0.312636
1675551600000,0.99987,0.99987,0.99987,0.99987,1.555898
1675548000000,1.0004,1.0004,0.99987,0.99987,3461.326084
1675544400000,1.0004,1.00125,1.0004,1.0004,6446.616558
1675540800000,1.0004,1.0004,1.0004,1.0004,0
1675537200000,1.00126,1.00126,1.0004,1.0004,11372.997878
1675533600000,1.0004,1.00126,1.0004,1.00126,489.480954
1675530000000,1.0004,1.0004,1.0004,1.0004,0
1675526400000,1.0004,1.0004,1.0004,1.0004,0
1675522800000,1.00979,1.00979,1.0004,1.0004,3620
1675519200000,1.0015,1.00979,1.0015,1.00979,15966.000711
1675515600000,1.00099,1.02842,1.00035,1.0015,50240.436583
1675512000000,1.00099,1.00099,1.00099,1.00099,0
1675508400000,1.00099,1.00099,1.00099,1.00099,0
1675504800000,1.00025,1.00199,1.00025,1.00099,869
1675501200000,1.02843,1.03875,1.00025,1.00025,3500
1675497600000,1.02843,1.02843,1.02843,1.02843,0.591743
1675494000000,1.02843,1.02843,1.02843,1.02843,0.496328
1675490400000,1.00002,1.04943,1.00002,1.02843,28477.387891
1675486800000,1.00001,1.00064,1.00001,1.00002,0.883199
1675483200000,1.00001,1.00001,1.00001,1.00001,0
1675479600000,0.99999,1.00001,0.99999,1.00001,1.504328
1675476000000,0.99999,0.99999,0.99999,0.99999,0
1675472400000,1,1,0.99999,0.99999,0.774659
1675468800000,1.00016,1.00016,1,1,20
1675465200000,1.00016,1.00016,1.00016,1.00016,0
1675461600000,1.0003,1.00031,1.00016,1.00016,3215
1675458000000,0.99983,1.0003,0.99983,1.0003,10.850921
1675454400000,1.00254,1.00254,0.99983,0.99983,6474.682697
1675450800000,0.99999,1.02909,0.99905,1.00254,84465.520983
1675447200000,0.99999,0.99999,0.99999,0.99999,86.329217
1675443600000,0.99986,0.99999,0.99986,0.99999,499.958727
1675440000000,0.99946,0.99986,0.99706,0.99986,6491.387218
1675436400000,0.99784,0.99946,0.99784,0.99946,1.005515
1675432800000,0.99859,0.99947,0.99784,0.99784,4029.698942
1675429200000,0.99834,1,0.99834,0.99859,5520.018485
1675425600000,0.99834,0.99834,0.99834,0.99834,0
1675422000000,0.99834,0.99834,0.99834,0.99834,0
1675418400000,0.99834,0.99834,0.99834,0.99834,0
1675414800000,0.99834,0.99834,0.99834,0.99834,0
1675411200000,0.99833,0.99834,0.99833,0.99834,0.145464
1675407600000,0.9988,0.999,0.99833,0.99833,14.460209
1675404000000,0.9988,0.9988,0.9988,0.9988,0.10012
1675400400000,1.00001,1.00027,0.99792,0.9988,15627.09063
1675396800000,1.00261,1.00261,1.00001,1.00001,5499.781714
1675393200000,0.9995,1.00595,0.9995,1.00261,7906.013777
1675389600000,0.9998,0.9998,0.9995,0.9995,156.881932
1675386000000,0.9998,0.9998,0.9998,0.9998,0
1675382400000,1.00095,1.00095,0.9998,0.9998,0.137329
1675378800000,1.00095,1.00095,1.00095,1.00095,0
1675375200000,0.99863,1.00095,0.99863,1.00095,37700.746649
1675371600000,0.99999,0.99999,0.99863,0.99863,30852.441735
1675368000000,0.99951,0.99999,0.99951,0.99999,1043.250828
1675364400000,0.99951,0.99951,0.99951,0.99951,0
1675360800000,0.99951,0.99951,0.99951,0.99951,8.032633
1675357200000,0.99874,0.99951,0.99874,0.99951,0.641643
1675353600000,0.99993,0.99993,0.99874,0.99874,12839.63932
1675350000000,0.9995,0.99993,0.9995,0.99993,65.844734
1675346400000,0.99951,0.99951,0.9995,0.9995,1.31368
1675342800000,0.99951,0.99951,0.9995,0.99951,5.94828
1675339200000,0.99891,0.99951,0.99891,0.99951,0.70939
1675335600000,0.99891,0.99891,0.99891,0.99891,0
1675332000000,0.99982,0.99982,0.99891,0.99891,4975.3267
1675328400000,0.99887,0.99982,0.99887,0.99982,0.102796
1675324800000,0.99887,0.99887,0.99887,0.99887,0
1675321200000,0.99951,0.99951,0.99887,0.99887,7655
1675317600000,0.99891,0.99951,0.99891,0.99951,14.856777
1675314000000,0.99891,0.99891,0.99891,0.99891,0
1675310400000,0.99982,0.99993,0.99891,0.99891,3003.990327
1675306800000,0.99982,0.99982,0.99982,0.99982,0
1675303200000,0.99982,0.99982,0.99982,0.99982,0.439268
1675299600000,0.99993,0.99993,0.99982,0.99982,8.73531
1675296000000,1.00039,1.00039,0.99982,0.99993,1067.896082
1675292400000,0.99982,1.00039,0.99982,1.00039,274
1675288800000,1.009,1.009,0.99982,0.99982,5034.966113
1675285200000,0.99916,1.009,0.99915,1.009,111987.970715
1675281600000,0.9977,0.99916,0.99509,0.99916,52907
1675278000000,0.9977,0.9977,0.9977,0.9977,0
1675274400000,0.9977,0.9988,0.9977,0.9977,9523.402116
1675270800000,0.9998,1.00138,0.9977,0.9977,11984.434992
1675267200000,1.00118,1.0021,0.9977,0.9998,15713.633859
1675263600000,0.9988,1.00118,0.9986,1.00118,1327.538861
1675260000000,0.9998,0.9998,0.99871,0.9988,293.018061
1675256400000,1.00119,1.00119,0.9998,0.9998,27.669569
1675252800000,1.00119,1.00119,1.00119,1.00119,0
1675249200000,0.99821,1.00119,0.99821,1.00119,1004.455188
1675245600000,0.99821,0.99821,0.99821,0.99821,0
1675242000000,0.99821,0.99842,0.99821,0.99821,0.34698
1675238400000,0.99821,0.99951,0.99821,0.99821,108.782529
1675234800000,0.99884,0.99884,0.99821,0.99821,2.986001
1675231200000,0.99884,0.99884,0.99884,0.99884,0
1675227600000,0.99884,0.99884,0.99884,0.99884,0
1675224000000,0.99845,0.99934,0.9982,0.99884,426.867288
1675220400000,0.9993,1.00055,0.9983,0.99845,2552.41864
1675216800000,1.00024,1.00024,0.99894,0.9993,3148.316974
1675213200000,1.00024,1.00024,1.00024,1.00024,249.91502
1675209600000,1.00024,1.00024,1.00024,1.00024,0
1675206000000,1.0021,1.00525,1.00024,1.00024,7649.937199
1675202400000,1.00035,1.0021,0.99944,1.0021,11593.094236
1675198800000,0.99845,1.00745,0.99789,1.00035,63018.168739
1675195200000,0.99952,0.99952,0.99845,0.99845,1.578658
1675191600000,0.99879,0.99952,0.99879,0.99952,2.030764
1675188000000,0.99891,0.99891,0.99879,0.99879,398.833492
1675184400000,0.99952,0.99952,0.99879,0.99891,800.501096
1675180800000,0.99995,0.99995,0.99952,0.99952,596.465144
1675177200000,0.99993,0.99995,0.99952,0.99995,1171.039376
1675173600000,0.99993,0.99993,0.99952,0.99993,1010.014995
1675170000000,0.99993,0.99993,0.99993,0.99993,0
1675166400000,0.99993,0.99993,0.99993,0.99993,0
1675162800000,0.99952,0.99993,0.99952,0.99993,260.5199
1675159200000,0.99952,0.99952,0.99952,0.99952,0.569801
1675155600000,0.99952,0.99952,0.99952,0.99952,0
1675152000000,0.99952,0.99952,0.99952,0.99952,1.135225
1675148400000,0.99952,0.99952,0.99952,0.99952,0
1675144800000,0.99968,0.99968,0.99952,0.99952,0.37966
1675141200000,0.99993,0.99993,0.99968,0.99968,2.116272
1675137600000,0.99952,0.99993,0.99952,0.99993,1931.5449
1675134000000,0.99952,0.99952,0.99952,0.99952,1.503418
1675130400000,0.99993,0.99993,0.99951,0.99952,22511.119077
1675126800000,0.99993,0.99993,0.99989,0.99993,249.993639
1675123200000,0.99993,0.99993,0.99993,0.99993,0
1675119600000,0.9988,0.99993,0.99751,0.99993,6315.696671
1675116000000,0.9988,0.9988,0.9988,0.9988,68745.670861
1675112400000,0.99944,0.99995,0.9988,0.9988,8325.571304
1675108800000,0.99944,0.99995,0.99944,0.99944,181.456992
1675105200000,0.99944,0.99995,0.99944,0.99944,32814.035765
1675101600000,0.99941,0.99944,0.99941,0.99944,9864.34072
1675098000000,0.99941,0.99941,0.99941,0.99941,0
1675094400000,0.99888,0.99994,0.99888,0.99941,4133.33356
1675090800000,0.99994,0.99994,0.99888,0.99888,1178.314599
1675087200000,0.99746,0.99994,0.99746,0.99994,18966.525393
1675083600000,0.99746,0.99746,0.99746,0.99746,1.27587
1675080000000,0.99746,0.99746,0.99746,0.99746,23.525256
1675076400000,0.99746,0.99746,0.99746,0.99746,0.224687
1675072800000,0.99746,0.99746,0.99746,0.99746,0
1675069200000,0.99823,0.99823,0.99746,0.99746,11051.532512
1675065600000,0.99873,0.99873,0.99823,0.99823,1.011799
1675062000000,0.99921,0.9995,0.99873,0.99873,25.229706
1675058400000,0.99746,0.99921,0.99746,0.99921,0.135668
1675054800000,0.99859,0.99992,0.99746,0.99746,7399.998087
1675051200000,0.99859,0.99859,0.99859,0.99859,0
1675047600000,0.99859,0.99859,0.99859,0.99859,0
1675044000000,0.99901,0.9999,0.99859,0.99859,30.383482
1675040400000,0.99992,0.99992,0.99901,0.99901,1.658768
1675036800000,0.99744,0.99992,0.99744,0.99992,1015.081808
1675033200000,0.99744,0.99744,0.99744,0.99744,7.446593
1675029600000,0.99842,0.99842,0.99743,0.99744,20779.995352
1675026000000,0.99905,0.99951,0.99795,0.99842,25010.264438
1675022400000,0.99905,0.99905,0.99905,0.99905,18.699605
1675018800000,0.99905,0.99905,0.99905,0.99905,0
1675015200000,0.99936,0.99995,0.99905,0.99905,554.492589
1675011600000,0.99949,0.99949,0.99936,0.99936,0.333083
1675008000000,0.9995,0.99996,0.99949,0.99949,11846.2766
1675004400000,0.9995,0.9995,0.9995,0.9995,0
1675000800000,0.99958,0.99958,0.9995,0.9995,0.958878
1674997200000,0.99958,0.99958,0.99958,0.99958,0
1674993600000,0.99949,0.99958,0.99949,0.99958,693.515577
1674990000000,0.99951,0.99951,0.99949,0.99949,50031
1674986400000,0.99951,0.99951,0.99951,0.99951,0
1674982800000,0.99951,0.99951,0.99951,0.99951,0
1674979200000,0.99951,0.99951,0.99951,0.99951,0.378441
1674975600000,0.99951,0.99952,0.99951,0.99951,1400
1674972000000,0.99951,0.99951,0.99951,0.99951,0
1674968400000,0.99951,0.99951,0.99951,0.99951,0
1674964800000,0.99951,0.99951,0.99951,0.99951,0
1674961200000,0.99951,0.99951,0.99951,0.99951,0
1674957600000,0.9995,0.99951,0.9995,0.99951,169.322614
1674954000000,0.9995,0.9995,0.9995,0.9995,0
1674950400000,0.9995,0.9995,0.9995,0.9995,0
1674946800000,0.9995,0.9995,0.9995,0.9995,1.051596
1674943200000,0.9995,0.9995,0.9995,0.9995,0
1674939600000,0.9995,0.9995,0.9995,0.9995,44.576745
1674936000000,0.9995,0.9995,0.9995,0.9995,0
1674932400000,0.9995,0.9995,0.9995,0.9995,1.602216
1674928800000,0.99921,0.9995,0.99908,0.9995,1000.376722
1674925200000,0.99921,0.99921,0.99921,0.99921,0
1674921600000,0.99905,0.99999,0.99905,0.99921,2438.114126
1674918000000,0.99905,0.99905,0.99905,0.99905,0.131768
1674914400000,0.99905,0.99905,0.99905,0.99905,0
1674910800000,0.999,0.99905,0.999,0.99905,30.657642
1674907200000,0.999,0.999,0.999,0.999,16.321081
1674903600000,0.999,0.999,0.999,0.999,0
1674900000000,0.999,0.999,0.999,0.999,0.729936
1674896400000,0.999,0.999,0.999,0.999,0.46165
1674892800000,0.999,0.999,0.999,0.999,0.215328
1674889200000,0.999,0.999,0.999,0.999,1.567627
1674885600000,0.9988,0.999,0.9988,0.999,1.56211
1674882000000,0.99881,0.99881,0.9988,0.9988,656.04692
1674878400000,0.9988,0.9998,0.9988,0.99881,189.73052
1674874800000,0.9988,0.9988,0.9988,0.9988,0
1674871200000,0.9988,0.9988,0.9988,0.9988,1.291162
1674867600000,0.9988,0.9988,0.9988,0.9988,0
1674864000000,0.9988,0.9988,0.9988,0.9988,0
1674860400000,0.99999,0.99999,0.9988,0.9988,2597.365415
1674856800000,0.99999,0.99999,0.99999,0.99999,0
1674853200000,0.99845,0.99999,0.99845,0.99999,1532.993286
1674849600000,0.9998,0.9998,0.99845,0.99845,3000
1674846000000,0.9998,0.9998,0.9998,0.9998,0
1674842400000,0.99991,1,0.9998,0.9998,42084.933792
1674838800000,0.99825,0.99991,0.99825,0.99991,1939.0558
1674835200000,0.99985,0.9999,0.99825,0.99825,85288
1674831600000,0.99985,0.99986,0.99985,0.99985,102.280176
1674828000000,0.9996,0.99986,0.9996,0.99985,19116.274908
1674824400000,0.99951,0.9996,0.99936,0.9996,1714
1674820800000,0.99611,0.99951,0.99611,0.99951,14744.715448
1674817200000,0.99628,0.99629,0.99611,0.99611,1216.4594
1674813600000,0.99725,0.99727,0.99628,0.99628,2000.423067
1674810000000,0.99774,0.99774,0.99725,0.99725,0.222833
1674806400000,0.99943,0.99943,0.99722,0.99774,18244.655591
1674802800000,0.99938,0.99943,0.99938,0.99943,13.450414
1674799200000,0.99946,0.99946,0.99938,0.99938,0.324077
1674795600000,0.99946,0.99946,0.99946,0.99946,0
1674792000000,0.99938,0.99946,0.99938,0.99946,258.889883
1674788400000,0.9996,0.9996,0.99501,0.99938,35754.7557
1674784800000,0.99888,0.9996,0.99888,0.9996,187
1674781200000,0.99861,0.99888,0.99861,0.99888,164.978477
1674777600000,0.9986,0.99861,0.9986,0.99861,1.651306
1674774000000,0.99861,0.99861,0.9986,0.9986,1800.223561
1674770400000,0.99861,0.99861,0.99861,0.99861,0
1674766800000,0.99858,0.99861,0.99858,0.99861,0.814493
1674763200000,0.99951,0.99951,0.99858,0.99858,2626.361387
1674759600000,0.9996,0.9996,0.99939,0.99951,32055.290521
1674756000000,0.99888,0.99988,0.99787,0.9996,19532.379832
1674752400000,0.99888,0.99888,0.99888,0.99888,0
1674748800000,0.99786,0.99888,0.99786,0.99888,12.502753
1674745200000,0.99839,0.99839,0.99786,0.99786,463.868411
1674741600000,0.99786,0.99951,0.99786,0.99839,1017.430052
1674738000000,0.99835,0.99835,0.99786,0.99786,1354.628334
1674734400000,0.9946,0.99916,0.9946,0.99835,35647.869554
1674730800000,0.99458,0.9946,0.99458,0.9946,0.568809
1674727200000,0.99457,0.99473,0.99457,0.99458,2010.982642
1674723600000,0.99774,0.99774,0.99457,0.99457,80000
1674720000000,0.99774,0.99774,0.99774,0.99774,0
1674716400000,0.99721,0.99774,0.99721,0.99774,0.523049
1674712800000,0.9988,0.9988,0.99721,0.99721,15945.38
1674709200000,0.9988,0.9988,0.9988,0.9988,46.020676
1674705600000,0.9988,0.9988,0.9988,0.9988,67829.935073
1674702000000,0.99916,0.9997,0.9988,0.9988,396.183368
1674698400000,0.9988,0.99992,0.9988,0.99916,49890.391699
1674694800000,0.99838,0.9988,0.99838,0.9988,304.973243
1674691200000,0.99916,0.99916,0.99802,0.99838,9.120934
1674687600000,0.99781,0.99916,0.9978,0.99916,2144.435566
1674684000000,0.99645,0.99792,0.99645,0.99781,50.706764
1674680400000,0.99921,0.99921,0.99645,0.99645,14244.25157
1674676800000,0.99779,0.99921,0.99779,0.99921,2002.748429
1674673200000,0.9974,0.99779,0.9974,0.99779,0.331817
1674669600000,0.9996,0.9996,0.9974,0.9974,6418.03
1674666000000,0.99924,0.99989,0.99733,0.9996,13634.18056
1674662400000,0.9985,0.99951,0.99733,0.99924,20053.42814
1674658800000,0.99724,0.99926,0.99722,0.9985,18236.099516
1674655200000,0.99874,0.99874,0.99724,0.99724,8111.708596
1674651600000,0.999,0.999,0.99776,0.99874,11.191283
1674648000000,0.99774,0.999,0.99766,0.999,5323.656696
1674644400000,0.99847,0.99847,0.99732,0.99774,2000.474298
1674640800000,0.99847,0.99847,0.99847,0.99847,0
1674637200000,0.99847,0.99847,0.99847,0.99847,0.629695
1674633600000,0.99847,0.99847,0.99847,0.99847,0.194929
1674630000000,0.99847,0.9994,0.99847,0.99847,52.509101
1674626400000,0.99946,0.99946,0.99847,0.99847,1505
1674622800000,0.99847,0.99989,0.99847,0.99946,913.536708
1674619200000,0.99855,0.99951,0.99735,0.99847,7514.381942
1674615600000,0.99869,0.99887,0.9975,0.99855,11799.545265
1674612000000,0.99722,0.99869,0.99722,0.99869,10.886443
1674608400000,0.99751,0.99751,0.99721,0.99722,75.33244
1674604800000,0.99801,0.99899,0.99751,0.99751,4.194647
1674601200000,0.99701,0.99916,0.99581,0.99801,6951.17267
1674597600000,0.99629,0.99916,0.99629,0.99701,1636.13344
1674594000000,0.9996,0.9996,0.99454,0.99629,51948.33796
1674590400000,0.9998,0.9998,0.9996,0.9996,0.16093
1674586800000,0.9997,0.9998,0.9996,0.9998,95.074834
1674583200000,0.99829,0.9997,0.99829,0.9997,196.699339
1674579600000,0.99787,0.99996,0.99787,0.99829,41892.71175
1674576000000,0.99932,0.99932,0.99787,0.99787,0.841221
1674572400000,0.99882,0.99932,0.9939,0.99932,11257.331227
1674568800000,0.99882,0.99882,0.99882,0.99882,0
1674565200000,0.9997,0.9997,0.9962,0.99882,15977.278253
1674561600000,0.9997,0.9997,0.9997,0.9997,0
1674558000000,0.9997,0.9997,0.9997,0.9997,0
1674554400000,0.9997,0.9997,0.9997,0.9997,0.130125
1674550800000,0.99996,0.99996,0.9997,0.9997,194.358323
1674547200000,0.99825,0.99996,0.99825,0.99996,5166.8222
1674543600000,0.99881,0.99881,0.99825,0.99825,478.436837
1674540000000,0.99881,0.99881,0.99881,0.99881,445.708575
1674536400000,0.99881,0.99881,0.99881,0.99881,92.121284
1674532800000,0.9996,0.9996,0.99881,0.99881,299.506381
1674529200000,0.9998,0.9998,0.9996,0.9996,100
1674525600000,0.9996,0.9998,0.99881,0.9998,419.941518
1674522000000,0.99881,0.99977,0.99881,0.9996,125.388315
1674518400000,0.99881,0.99881,0.99881,0.99881,41.827386
1674514800000,0.99881,0.99881,0.99881,0.99881,0
1674511200000,0.9997,0.9997,0.99881,0.99881,5162.032487
1674507600000,0.9988,0.9997,0.9988,0.9997,8.967851
1674504000000,0.9998,0.9998,0.9988,0.9988,357.341308
1674500400000,0.99862,0.99997,0.99862,0.9998,19000.806098
1674496800000,0.99862,0.99903,0.99862,0.99862,1530.35
1674493200000,0.9998,0.9998,0.99862,0.99862,6105.2
1674489600000,0.99996,0.99996,0.9998,0.9998,0.143311
1674486000000,0.9997,0.99996,0.9986,0.99996,12885.096397
1674482400000,0.9986,0.9997,0.9986,0.9997,96.699034
1674478800000,0.99821,0.9986,0.99821,0.9986,16.239982
1674475200000,0.9991,0.9991,0.99821,0.99821,0.571895
1674471600000,0.9996,0.9996,0.9991,0.9991,21.925411
1674468000000,0.9996,0.9996,0.9996,0.9996,97.985264
1674464400000,0.9996,0.9996,0.9996,0.9996,0
1674460800000,0.9996,0.9996,0.9996,0.9996,0
1674457200000,0.9996,0.9996,0.9996,0.9996,0.551284
1674453600000,0.9996,0.9996,0.9996,0.9996,0
1674450000000,0.9996,0.9996,0.9996,0.9996,0.183921
1674446400000,0.9996,0.9996,0.9996,0.9996,0
1674442800000,0.9997,0.9997,0.9996,0.9996,1.279531
1674439200000,0.9997,0.9997,0.9997,0.9997,0
1674435600000,0.9994,0.99997,0.9979,0.9997,1414.986587
1674432000000,0.9979,0.9994,0.9979,0.9994,11378
1674428400000,0.9979,0.9994,0.9979,0.9979,7440.701318
1674424800000,0.99791,0.99791,0.9979,0.9979,449.895905
1674421200000,0.99791,0.99791,0.99791,0.99791,0
1674417600000,0.9979,0.99791,0.9979,0.99791,830.301342
1674414000000,0.99875,0.99875,0.9979,0.9979,10.18305
1674410400000,0.9979,0.99875,0.9979,0.99875,0.870911
1674406800000,0.9979,0.9979,0.9979,0.9979,0
1674403200000,0.9979,0.99879,0.9979,0.9979,1.28277
1674399600000,0.9979,0.9979,0.9979,0.9979,44.648217
1674396000000,0.9979,0.9979,0.9979,0.9979,26.965263
1674392400000,0.9979,0.9979,0.9979,0.9979,0.478131
1674388800000,0.9979,0.9979,0.9979,0.9979,0
1674385200000,0.99637,0.9979,0.99637,0.9979,0.4618
1674381600000,0.99637,0.99637,0.99637,0.99637,0
1674378000000,0.99909,0.99909,0.99636,0.99637,277.885616
1674374400000,0.99627,0.99909,0.99627,0.99909,274.142431
1674370800000,0.99627,0.99627,0.99627,0.99627,0
1674367200000,0.9986,0.9986,0.99627,0.99627,13042.461107
1674363600000,0.9986,0.9986,0.9986,0.9986,0
1674360000000,0.9986,0.9986,0.9986,0.9986,0
1674356400000,0.9986,0.99951,0.9986,0.9986,204.788661
1674352800000,0.9986,0.9986,0.9986,0.9986,1.19691
1674349200000,0.9986,0.9986,0.9986,0.9986,0.31645
1674345600000,0.99937,0.99937,0.9986,0.9986,1.323501
1674342000000,0.99937,0.99937,0.99937,0.99937,0
1674338400000,0.99838,0.99937,0.99838,0.99937,0.199092
1674334800000,0.9982,0.99838,0.9982,0.99838,3.285914
1674331200000,0.99916,0.99938,0.9982,0.9982,2567.986969
1674327600000,0.99916,0.99916,0.99916,0.99916,0
1674324000000,0.99916,0.99996,0.99916,0.99916,3691.312706
1674320400000,0.99823,0.99916,0.99823,0.99916,1237.300084
1674316800000,0.99822,0.99823,0.99772,0.99823,765.190776
1674313200000,0.99721,0.99826,0.99721,0.99822,3.174659
1674309600000,0.99916,0.99916,0.99721,0.99721,83.767201
1674306000000,0.99691,0.99916,0.9969,0.99916,4317.94665
1674302400000,0.99809,0.99809,0.9961,0.99691,67.784514
1674298800000,0.9999,0.9999,0.97675,0.99809,21803.024268
1674295200000,0.9999,0.9999,0.9999,0.9999,0
1674291600000,0.9999,0.9999,0.9999,0.9999,1.884835
1674288000000,0.9997,0.9999,0.9997,0.9999,0.247887
1674284400000,0.9997,0.9997,0.9997,0.9997,0
1674280800000,0.9999,0.9999,0.9997,0.9997,2.095856
1674277200000,0.9997,0.9999,0.9997,0.9999,5.640611
1674273600000,0.9997,0.9997,0.9997,0.9997,5.318956
1674270000000,1,1,0.9997,0.9997,112.081331
1674266400000,1,1,1,1,0.110862
1674262800000,0.99931,1,0.99931,1,21431.685497
1674259200000,0.9997,0.9997,0.99931,0.99931,2289.45003
1674255600000,0.9997,0.9997,0.99931,0.9997,736.577984
1674252000000,0.9997,0.9997,0.9997,0.9997,0.490904
1674248400000,0.9998,0.9998,0.99932,0.9997,2902.029357
1674244800000,0.9997,0.9998,0.9996,0.9998,104.895514
1674241200000,0.9998,0.99999,0.9997,0.9997,10890.731646
1674237600000,0.9998,0.99999,0.9998,0.9998,86.476105
1674234000000,0.99999,0.99999,0.9998,0.9998,14.964467
1674230400000,0.99931,0.99999,0.99931,0.99999,9131.563036
1674226800000,0.99932,0.99958,0.99931,0.99931,23944.005395
1674223200000,0.99932,0.99932,0.99932,0.99932,0
1674219600000,0.99932,0.99932,0.99932,0.99932,160
1674216000000,0.99932,0.99934,0.99932,0.99932,101.716808
1674212400000,0.99932,0.99932,0.99932,0.99932,11896.0304
1674208800000,0.99932,0.99932,0.99932,0.99932,415
1674205200000,0.99932,0.99932,0.99932,0.99932,0
1674201600000,0.99932,0.99932,0.99932,0.99932,900
1674198000000,0.99932,0.9997,0.99932,0.99932,45.906097
1674194400000,0.99932,0.99932,0.99932,0.99932,0.19927
1674190800000,0.99932,0.99932,0.99932,0.99932,0
1674187200000,0.99932,0.99932,0.99932,0.99932,1.228024
1674183600000,0.99932,0.9997,0.99932,0.99932,46.461601
1674180000000,0.99932,0.99932,0.99932,0.99932,0
1674176400000,0.99932,0.99932,0.99932,0.99932,0
1674172800000,0.99932,0.99932,0.99932,0.99932,0.139496
1674169200000,0.99932,0.99932,0.99932,0.99932,0
1674165600000,0.99931,0.99932,0.99931,0.99932,0.679279
1674162000000,0.99999,0.99999,0.99931,0.99931,6207.833333
1674158400000,0.99999,0.99999,0.99999,0.99999,0.306223
1674154800000,0.9997,1,0.9997,0.99999,5004.096336
1674151200000,0.99932,0.9997,0.99931,0.9997,425.060791
1674147600000,0.99932,0.99932,0.99932,0.99932,10.896766
1674144000000,0.9998,0.9999,0.99932,0.99932,5047.343125
1674140400000,0.9982,0.9998,0.9982,0.9998,221.02584
1674136800000,0.9982,0.9982,0.9982,0.9982,0
1674133200000,0.99821,0.99836,0.9982,0.9982,23.390707
1674129600000,0.99821,0.99821,0.99821,0.99821,0
1674126000000,0.99821,0.99821,0.99821,0.99821,0
1674122400000,0.99999,0.99999,0.99821,0.99821,3698
1674118800000,0.99999,0.99999,0.99999,0.99999,0
1674115200000,0.99999,0.99999,0.99999,0.99999,0
1674111600000,0.99999,0.99999,0.99999,0.99999,0
1674108000000,0.99999,0.99999,0.99999,0.99999,0
1674104400000,0.99999,0.99999,0.99999,0.99999,0
1674100800000,0.99999,0.99999,0.99999,0.99999,507.89349
1674097200000,0.99999,0.99999,0.99999,0.99999,37.821271
1674093600000,0.99999,0.99999,0.99999,0.99999,29.321623
1674090000000,0.99998,0.99999,0.99998,0.99999,60.812026
1674086400000,1,1,0.99998,0.99998,3087.393987
1674082800000,1,1,1,1,0
1674079200000,1,1,1,1,60000
1674075600000,1,1,1,1,1050
1674072000000,1,1,1,1,0
1674068400000,0.99998,1,0.99998,1,1014.427552
1674064800000,1,1,0.99998,0.99998,12884.564043
1674061200000,1,1,0.99998,1,1047.968977
1674057600000,0.99998,1,0.99997,1,41146.196598
1674054000000,0.9998,0.99998,0.99923,0.99998,15291.860979
1674050400000,0.99998,0.99998,0.9998,0.9998,101.399887
1674046800000,0.99923,0.99998,0.99923,0.99998,2317.458893
1674043200000,0.9997,0.9997,0.99923,0.99923,9322
1674039600000,0.99998,0.99998,0.99923,0.9997,463.549947
1674036000000,0.9996,0.99998,0.9996,0.99998,2095
1674032400000,0.99998,0.99998,0.9996,0.9996,201.131448
1674028800000,0.99998,0.99998,0.99998,0.99998,0
1674025200000,0.99998,0.99998,0.99998,0.99998,0
1674021600000,0.99998,0.99998,0.99998,0.99998,0
1674018000000,0.99998,0.99998,0.99998,0.99998,0.100002
1674014400000,0.99998,0.99998,0.99998,0.99998,0
1674010800000,0.99998,0.99998,0.99997,0.99998,921.616272
1674007200000,0.99922,0.99998,0.99922,0.99998,659.713626