1679101200000,80.3,80.3,80.3,80.3,0
1679097600000,80.3,80.3,80.3,80.3,0
1679094000000,80.3,80.3,80.3,80.3,0
1679090400000,80.3,80.3,80.3,80.3,0
1679086800000,80.3,80.3,80.3,80.3,0
1679083200000,80.3,80.3,80.3,80.3,0
1679079600000,80.3,80.3,80.3,80.3,0
1679076000000,80.3,80.3,80.3,80.3,0
1679072400000,80.3,80.3,80.3,80.3,0
1679068800000,80.3,80.3,80.3,80.3,0
1679065200000,80.3,80.3,80.3,80.3,0
1679061600000,80.3,80.3,80.3,80.3,0
1679058000000,80.3,80.3,80.3,80.3,0
1679054400000,80.3,80.3,80.3,80.3,0
1679050800000,80.3,80.3,80.3,80.3,0
1679047200000,80.3,80.3,80.3,80.3,0
1679043600000,80.3,80.3,80.3,80.3,0
1679040000000,80.3,80.3,80.3,80.3,0
1679036400000,80.3,80.3,80.3,80.3,0
1679032800000,80.3,80.3,80.3,80.3,0
1679029200000,80.3,80.3,80.3,80.3,0
1679025600000,80.3,80.3,80.3,80.3,0
1679022000000,80.3,80.3,80.3,80.3,0
1679018400000,80.3,80.3,80.3,80.3,0
1679014800000,80.3,80.3,80.3,80.3,0
1679011200000,80.3,80.3,80.3,80.3,0
1679007600000,80.3,80.3,80.3,80.3,0
1679004000000,80.3,80.3,80.3,80.3,0
1679000400000,80.3,80.3,80.3,80.3,0
1678996800000,80.3,80.3,80.3,80.3,0
1678993200000,80.3,80.3,80.3,80.3,0
1678989600000,80.3,80.3,80.3,80.3,0
1678986000000,80.3,80.3,80.3,80.3,0
1678982400000,80.3,80.3,80.3,80.3,0
1678978800000,80.3,80.3,80.3,80.3,0
1678975200000,80.3,80.3,80.3,80.3,0
1678971600000,80.3,80.3,80.3,80.3,0
1678968000000,80.3,80.3,80.3,80.3,0
1678964400000,80.3,80.3,80.3,80.3,0
1678960800000,80.3,80.3,80.3,80.3,0
1678957200000,80.3,80.3,80.3,80.3,0
1678953600000,80.3,80.3,80.3,80.3,0
1678950000000,80.3,80.3,80.3,80.3,0
1678946400000,80.3,80.3,80.3,80.3,0
1678942800000,80.3,80.3,80.3,80.3,0
1678939200000,80.3,80.3,80.3,80.3,0
1678935600000,80.3,80.3,80.3,80.3,0
1678932000000,80.3,80.3,80.3,80.3,0
1678928400000,80.3,80.3,80.3,80.3,0
1678924800000,80.3,80.3,80.3,80.3,0
1678921200000,80.3,80.3,80.3,80.3,0
1678917600000,80.3,80.3,80.3,80.3,0
1678914000000,80.3,80.3,80.3,80.3,0
1678910400000,80.3,80.3,80.3,80.3,0
1678906800000,80.3,80.3,80.3,80.3,0
1678903200000,80.3,80.3,80.3,80.3,0
1678899600000,80.3,80.3,80.3,80.3,0
1678896000000,80.3,80.3,80.3,80.3,0
1678892400000,80.3,80.3,80.3,80.3,0
1678888800000,80.3,80.3,80.3,80.3,0
1678885200000,80.3,80.3,80.3,80.3,0
1678881600000,80.3,80.3,80.3,80.3,0
1678878000000,80.3,80.3,80.3,80.3,0
1678874400000,80.3,80.3,80.3,80.3,0
1678870800000,80.3,80.3,80.3,80.3,0
1678867200000,80.3,80.3,80.3,80.3,0
1678863600000,80.3,80.3,80.3,80.3,0
1678860000000,80.3,80.3,80.3,80.3,0
1678856400000,80.3,80.3,80.3,80.3,0
1678852800000,80.3,80.3,80.3,80.3,0
1678849200000,80.3,80.3,80.3,80.3,0
1678845600000,80.3,80.3,80.3,80.3,0
1678842000000,80.3,80.3,80.3,80.3,0
1678838400000,80.3,80.3,80.3,80.3,0
1678834800000,80.3,80.3,80.3,80.3,0
1678831200000,80.3,80.3,80.3,80.3,0
1678827600000,80.3,80.3,80.3,80.3,0
1678824000000,80.3,80.3,80.3,80.3,0
1678820400000,80.3,80.3,80.3,80.3,0
1678816800000,80.3,80.3,80.3,80.3,0
1678813200000,80.3,80.3,80.3,80.3,0
1678809600000,80.3,80.3,80.3,80.3,0
1678806000000,80.3,80.3,80.3,80.3,0
1678802400000,80.3,80.3,80.3,80.3,0
1678798800000,80.3,80.3,80.3,80.3,0
1678795200000,80.3,80.3,80.3,80.3,0
1678791600000,80.3,80.3,80.3,80.3,0
1678788000000,80.3,80.3,80.3,80.3,0
1678784400000,80.3,80.3,80.3,80.3,0
1678780800000,80.3,80.3,80.3,80.3,0
1678777200000,80.3,80.3,80.3,80.3,0
1678773600000,80.3,80.3,80.3,80.3,0
1678770000000,80.3,80.3,80.3,80.3,0
1678766400000,80.3,80.3,80.3,80.3,0
1678762800000,80.3,80.3,80.3,80.3,0
1678759200000,80.3,80.3,80.3,80.3,0
1678755600000,80.3,80.3,80.3,80.3,0
1678752000000,80.3,80.3,80.3,80.3,0
1678748400000,80.3,80.3,80.3,80.3,0
1678744800000,80.3,80.3,80.3,80.3,0
1678741200000,80.3,80.3,80.3,80.3,0
1678737600000,80.3,80.3,80.3,80.3,0
1678734000000,80.3,80.3,80.3,80.3,0
1678730400000,80.3,80.3,80.3,80.3,0
1678726800000,80.3,80.3,80.3,80.3,0
1678723200000,80.3,80.3,80.3,80.3,0
1678719600000,80.3,80.3,80.3,80.3,0
1678716000000,80.3,80.3,80.3,80.3,0
1678712400000,80.3,80.3,80.3,80.3,0
1678708800000,80.3,80.3,80.3,80.3,0
1678705200000,80.3,80.3,80.3,80.3,0
1678701600000,80.3,80.3,80.3,80.3,0
1678698000000,80.3,80.3,80.3,80.3,0
1678694400000,80.3,80.3,80.3,80.3,0
1678690800000,80.3,80.3,80.3,80.3,0
1678687200000,80.3,80.3,80.3,80.3,0
1678683600000,80.3,80.3,80.3,80.3,0
1678680000000,80.3,80.3,80.3,80.3,0
1678676400000,80.3,80.3,80.3,80.3,0
1678672800000,80.3,80.3,80.3,80.3,0
1678669200000,80.3,80.3,80.3,80.3,0
1678665600000,80.3,80.3,80.3,80.3,0
1678662000000,80.3,80.3,80.3,80.3,0
1678658400000,80.3,80.3,80.3,80.3,0
1678654800000,80.3,80.3,80.3,80.3,0
1678651200000,80.3,80.3,80.3,80.3,0
1678647600000,80.3,80.3,80.3,80.3,0
1678644000000,80.3,80.3,80.3,80.3,0
1678640400000,80.3,80.3,80.3,80.3,0
1678636800000,80.3,80.3,80.3,80.3,0
1678633200000,80.3,80.3,80.3,80.3,0
1678629600000,80.3,80.3,80.3,80.3,0
1678626000000,80.3,80.3,80.3,80.3,0
1678622400000,80.3,80.3,80.3,80.3,0
1678618800000,80.3,80.3,80.3,80.3,0
1678615200000,80.3,80.3,80.3,80.3,0
1678611600000,80.3,80.3,80.3,80.3,0
1678608000000,80.3,80.3,80.3,80.3,0
1678604400000,80.3,80.3,80.3,80.3,0
1678600800000,80.3,80.3,80.3,80.3,0
1678597200000,80.3,80.3,80.3,80.3,0
1678593600000,80.3,80.3,80.3,80.3,0
1678590000000,80.3,80.3,80.3,80.3,0
1678586400000,80.3,80.3,80.3,80.3,0
1678582800000,80.3,80.3,80.3,80.3,0
1678579200000,80.3,80.3,80.3,80.3,0
1678575600000,80.3,80.3,80.3,80.3,0
1678572000000,80.3,80.3,80.3,80.3,0
1678568400000,80.3,80.3,80.3,80.3,0
1678564800000,80.3,80.3,80.3,80.3,0
1678561200000,80.3,80.3,80.3,80.3,0
1678557600000,80.3,80.3,80.3,80.3,0
1678554000000,80.3,80.3,80.3,80.3,0
1678550400000,80.3,80.3,80.3,80.3,0
1678546800000,80.3,80.3,80.3,80.3,0
1678543200000,80.3,80.3,80.3,80.3,0
1678539600000,80.3,80.3,80.3,80.3,0
1678536000000,80.3,80.3,80.3,80.3,0
1678532400000,80.3,80.3,80.3,80.3,0
1678528800000,80.3,80.3,80.3,80.3,0
1678525200000,80.3,80.3,80.3,80.3,0
1678521600000,80.3,80.3,80.3,80.3,0
1678518000000,80.3,80.3,80.3,80.3,0
1678514400000,80.3,80.3,80.3,80.3,0
1678510800000,80.3,80.3,80.3,80.3,0
1678507200000,80.3,80.3,80.3,80.3,0
1678503600000,80.3,80.3,80.3,80.3,0
1678500000000,80.3,80.3,80.3,80.3,0
1678496400000,80.3,80.3,80.3,80.3,0
1678492800000,80.3,80.3,80.3,80.3,0
1678489200000,80.3,80.3,80.3,80.3,0
1678485600000,80.3,80.3,80.3,80.3,0
1678482000000,80.3,80.3,80.3,80.3,0
1678478400000,80.3,80.3,80.3,80.3,0
1678474800000,80.3,80.3,80.3,80.3,0
1678471200000,80.3,80.3,80.3,80.3,0
1678467600000,80.3,80.3,80.3,80.3,0
1678464000000,80.3,80.3,80.3,80.3,0
1678460400000,80.3,80.3,80.3,80.3,0
1678456800000,80.3,80.3,80.3,80.3,0
1678453200000,80.3,80.3,80.3,80.3,0
1678449600000,80.3,80.3,80.3,80.3,0
1678446000000,80.3,80.3,80.3,80.3,0
1678442400000,80.3,80.3,80.3,80.3,0
1678438800000,80.3,80.3,80.3,80.3,0
1678435200000,80.3,80.3,80.3,80.3,0
1678431600000,80.3,80.3,80.3,80.3,0
1678428000000,80.3,80.3,80.3,80.3,0
1678424400000,80.3,80.3,80.3,80.3,0
1678420800000,80.3,80.3,80.3,80.3,0
1678417200000,80.3,80.3,80.3,80.3,0
1678413600000,80.3,80.3,80.3,80.3,0
1678410000000,80.3,80.3,80.3,80.3,0
1678406400000,80.3,80.3,80.3,80.3,0
1678402800000,80.3,80.3,80.3,80.3,0
1678399200000,80.3,80.3,80.3,80.3,0
1678395600000,80.3,80.3,80.3,80.3,0
1678392000000,80.3,80.3,80.3,80.3,0
1678388400000,80.3,80.3,80.3,80.3,0
1678384800000,80.3,80.3,80.3,80.3,0
1678381200000,80.3,80.3,80.3,80.3,0
1678377600000,80.3,80.3,80.3,80.3,0
1678374000000,80.3,80.3,80.3,80.3,0
1678370400000,80.3,80.3,80.3,80.3,0
1678366800000,80.3,80.3,80.3,80.3,0
1678363200000,80.3,80.3,80.3,80.3,0
1678359600000,80.3,80.3,80.3,80.3,0
1678356000000,80.3,80.3,80.3,80.3,0
1678352400000,80.3,80.3,80.3,80.3,0
1678348800000,80.3,80.3,80.3,80.3,0
1678345200000,80.3,80.3,80.3,80.3,0
1678341600000,80.3,80.3,80.3,80.3,0
1678338000000,80.3,80.3,80.3,80.3,0
1678334400000,80.3,80.3,80.3,80.3,0
1678330800000,80.3,80.3,80.3,80.3,0
1678327200000,80.3,80.3,80.3,80.3,0
1678323600000,80.3,80.3,80.3,80.3,0
1678320000000,80.3,80.3,80.3,80.3,0
1678316400000,80.3,80.3,80.3,80.3,0
1678312800000,80.3,80.3,80.3,80.3,0
1678309200000,80.3,80.3,80.3,80.3,0
1678305600000,80.3,80.3,80.3,80.3,0
1678302000000,80.3,80.3,80.3,80.3,0
1678298400000,80.3,80.3,80.3,80.3,0
1678294800000,80.3,80.3,80.3,80.3,0
1678291200000,80.3,80.3,80.3,80.3,0
1678287600000,80.3,80.3,80.3,80.3,0
1678284000000,80.3,80.3,80.3,80.3,0
1678280400000,80.3,80.3,80.3,80.3,0
1678276800000,80.3,80.3,80.3,80.3,0
1678273200000,80.3,80.3,80.3,80.3,0
1678269600000,80.3,80.3,80.3,80.3,0
1678266000000,80.3,80.3,80.3,80.3,0
1678262400000,80.3,80.3,80.3,80.3,0
1678258800000,80.3,80.3,80.3,80.3,0
1678255200000,80.3,80.3,80.3,80.3,0
1678251600000,80.3,80.3,80.3,80.3,0
1678248000000,80.3,80.3,80.3,80.3,0
1678244400000,80.3,80.3,80.3,80.3,0
1678240800000,80.3,80.3,80.3,80.3,0
1678237200000,80.3,80.3,80.3,80.3,0
1678233600000,80.3,80.3,80.3,80.3,0
1678230000000,80.3,80.3,80.3,80.3,0
1678226400000,80.3,80.3,80.3,80.3,0
1678222800000,80.3,80.3,80.3,80.3,0
1678219200000,80.3,80.3,80.3,80.3,0
1678215600000,80.3,80.3,80.3,80.3,0
1678212000000,80.3,80.3,80.3,80.3,0
1678208400000,80.3,80.3,80.3,80.3,0
1678204800000,80.3,80.3,80.3,80.3,0
1678201200000,80.3,80.3,80.3,80.3,0
1678197600000,80.3,80.3,80.3,80.3,0
1678194000000,80.3,80.3,80.3,80.3,0
1678190400000,80.3,80.3,80.3,80.3,0
1678186800000,80.3,80.3,80.3,80.3,0
1678183200000,80.3,80.3,80.3,80.3,0
1678179600000,80.3,80.3,80.3,80.3,0
1678176000000,80.3,80.3,80.3,80.3,0
1678172400000,80.3,80.3,80.3,80.3,0
1678168800000,80.3,80.3,80.3,80.3,0
1678165200000,80.3,80.3,80.3,80.3,0
1678161600000,80.3,80.3,80.3,80.3,0
1678158000000,80.3,80.3,80.3,80.3,0
1678154400000,80.3,80.3,80.3,80.3,0
1678150800000,80.3,80.3,80.3,80.3,0
1678147200000,80.3,80.3,80.3,80.3,0
1678143600000,80.3,80.3,80.3,80.3,0
1678140000000,80.3,80.3,80.3,80.3,0
1678136400000,80.3,80.3,80.3,80.3,0
1678132800000,80.3,80.3,80.3,80.3,0
1678129200000,80.3,80.3,80.3,80.3,0
1678125600000,80.3,80.3,80.3,80.3,0
1678122000000,80.3,80.3,80.3,80.3,0
1678118400000,80.3,80.3,80.3,80.3,0
1678114800000,80.3,80.3,80.3,80.3,0
1678111200000,80.3,80.3,80.3,80.3,0
1678107600000,80.3,80.3,80.3,80.3,0
1678104000000,80.3,80.3,80.3,80.3,0
1678100400000,80.3,80.3,80.3,80.3,0
1678096800000,80.3,80.3,80.3,80.3,0
1678093200000,80.3,80.3,80.3,80.3,0
1678089600000,80.3,80.3,80.3,80.3,0
1678086000000,80.3,80.3,80.3,80.3,0
1678082400000,80.3,80.3,80.3,80.3,0
1678078800000,80.3,80.3,80.3,80.3,0
1678075200000,80.3,80.3,80.3,80.3,0
1678071600000,80.3,80.3,80.3,80.3,0
1678068000000,80.3,80.3,80.3,80.3,0
1678064400000,80.3,80.3,80.3,80.3,0
1678060800000,80.3,80.3,80.3,80.3,0
1678057200000,80.3,80.3,80.3,80.3,0
1678053600000,80.3,80.3,80.3,80.3,0
1678050000000,80.3,80.3,80.3,80.3,0
1678046400000,80.3,80.3,80.3,80.3,0
1678042800000,80.3,80.3,80.3,80.3,0
1678039200000,80.3,80.3,80.3,80.3,0
1678035600000,80.3,80.3,80.3,80.3,0
1678032000000,80.3,80.3,80.3,80.3,0
1678028400000,80.3,80.3,80.3,80.3,0
1678024800000,80.3,80.3,80.3,80.3,0
1678021200000,80.3,80.3,80.3,80.3,0
1678017600000,80.3,80.3,80.3,80.3,0
1678014000000,80.3,80.3,80.3,80.3,0
1678010400000,80.3,80.3,80.3,80.3,0
1678006800000,80.3,80.3,80.3,80.3,0
1678003200000,80.3,80.3,80.3,80.3,0
1677999600000,80.3,80.3,80.3,80.3,0
1677996000000,80.3,80.3,80.3,80.3,0
1677992400000,80.3,80.3,80.3,80.3,0
1677988800000,80.3,80.3,80.3,80.3,0
1677985200000,80.3,80.3,80.3,80.3,0
1677981600000,80.3,80.3,80.3,80.3,0
1677978000000,80.3,80.3,80.3,80.3,0
1677974400000,80.3,80.3,80.3,80.3,0
1677970800000,80.3,80.3,80.3,80.3,0
1677967200000,80.3,80.3,80.3,80.3,0
1677963600000,80.3,80.3,80.3,80.3,0
1677960000000,80.3,80.3,80.3,80.3,0
1677956400000,80.3,80.3,80.3,80.3,0
1677952800000,80.3,80.3,80.3,80.3,0
1677949200000,80.3,80.3,80.3,80.3,0
1677945600000,80.3,80.3,80.3,80.3,0
1677942000000,80.3,80.3,80.3,80.3,0
1677938400000,80.3,80.3,80.3,80.3,0
1677934800000,80.3,80.3,80.3,80.3,0
1677931200000,80.3,80.3,80.3,80.3,0
1677927600000,80.3,80.3,80.3,80.3,0
1677924000000,80.3,80.3,80.3,80.3,0
1677920400000,80.3,80.3,80.3,80.3,0
1677916800000,80.3,80.3,80.3,80.3,0
1677913200000,80.3,80.3,80.3,80.3,0
1677909600000,80.3,80.3,80.3,80.3,0
1677906000000,80.3,80.3,80.3,80.3,0
1677902400000,80.3,80.3,80.3,80.3,0
1677898800000,80.3,80.3,80.3,80.3,0
1677895200000,80.3,80.3,80.3,80.3,0
1677891600000,80.3,80.3,80.3,80.3,0
1677888000000,80.3,80.3,80.3,80.3,0
1677884400000,80.3,80.3,80.3,80.3,0
1677880800000,80.3,80.3,80.3,80.3,0
1677877200000,80.3,80.3,80.3,80.3,0
1677873600000,80.3,80.3,80.3,80.3,0
1677870000000,80.3,80.3,80.3,80.3,0
1677866400000,80.3,80.3,80.3,80.3,0
1677862800000,80.3,80.3,80.3,80.3,0
1677859200000,80.3,80.3,80.3,80.3,0
1677855600000,80.3,80.3,80.3,80.3,0
1677852000000,80.3,80.3,80.3,80.3,0
1677848400000,80.3,80.3,80.3,80.3,0
1677844800000,80.3,80.3,80.3,80.3,0
1677841200000,80.3,80.3,80.3,80.3,0
1677837600000,80.3,80.3,80.3,80.3,0
1677834000000,80.3,80.3,80.3,80.3,0
1677830400000,80.3,80.3,80.3,80.3,0
1677826800000,80.3,80.3,80.3,80.3,0
1677823200000,80.3,80.3,80.3,80.3,0
1677819600000,80.3,80.3,80.3,80.3,0
1677816000000,80.3,80.3,80.3,80.3,0
1677812400000,80.3,80.3,80.3,80.3,0
1677808800000,80.3,80.3,80.3,80.3,0
1677805200000,80.3,80.3,80.3,80.3,0
1677801600000,80.3,80.3,80.3,80.3,0
1677798000000,80.3,80.3,80.3,80.3,0
1677794400000,80.3,80.3,80.3,80.3,0
1677790800000,80.3,80.3,80.3,80.3,0
1677787200000,80.3,80.3,80.3,80.3,0
1677783600000,80.3,80.3,80.3,80.3,0
1677780000000,80.3,80.3,80.3,80.3,0
1677776400000,80.3,80.3,80.3,80.3,0
1677772800000,80.3,80.3,80.3,80.3,0
1677769200000,80.3,80.3,80.3,80.3,0
1677765600000,80.3,80.3,80.3,80.3,0
1677762000000,80.3,80.3,80.3,80.3,0
1677758400000,80.3,80.3,80.3,80.3,0
1677754800000,80.3,80.3,80.3,80.3,0
1677751200000,80.3,80.3,80.3,80.3,0
1677747600000,80.3,80.3,80.3,80.3,0
1677744000000,80.3,80.3,80.3,80.3,0
1677740400000,80.3,80.3,80.3,80.3,0
1677736800000,80.3,80.3,80.3,80.3,0
1677733200000,80.3,80.3,80.3,80.3,0
1677729600000,80.3,80.3,80.3,80.3,0
1677726000000,80.3,80.3,80.3,80.3,0
1677722400000,80.3,80.3,80.3,80.3,0
1677718800000,80.3,80.3,80.3,80.3,0
1677715200000,80.3,80.3,80.3,80.3,0
1677711600000,80.3,80.3,80.3,80.3,0
1677708000000,80.3,80.3,80.3,80.3,0
1677704400000,80.3,80.3,80.3,80.3,0
1677700800000,80.3,80.3,80.3,80.3,0
1677697200000,80.3,80.3,80.3,80.3,0
1677693600000,80.3,80.3,80.3,80.3,0
1677690000000,80.3,80.3,80.3,80.3,0
1677686400000,80.3,80.3,80.3,80.3,0
1677682800000,80.3,80.3,80.3,80.3,0
1677679200000,80.3,80.3,80.3,80.3,0
1677675600000,80.3,80.3,80.3,80.3,0
1677672000000,80.3,80.3,80.3,80.3,0
1677668400000,80.3,80.3,80.3,80.3,0
1677664800000,80.3,80.3,80.3,80.3,0
1677661200000,80.3,80.3,80.3,80.3,0
1677657600000,80.3,80.3,80.3,80.3,0
1677654000000,80.3,80.3,80.3,80.3,0
1677650400000,80.3,80.3,80.3,80.3,0
1677646800000,80.3,80.3,80.3,80.3,0
1677643200000,80.3,80.3,80.3,80.3,0
1677639600000,80.3,80.3,80.3,80.3,0
1677636000000,80.3,80.3,80.3,80.3,0
1677632400000,80.3,80.3,80.3,80.3,0
1677628800000,80.3,80.3,80.3,80.3,0
1677625200000,80.3,80.3,80.3,80.3,0
1677621600000,80.3,80.3,80.3,80.3,0
1677618000000,80.3,80.3,80.3,80.3,0
1677614400000,80.3,80.3,80.3,80.3,0
1677610800000,80.3,80.3,80.3,80.3,0
1677607200000,80.3,80.3,80.3,80.3,0
1677603600000,80.3,80.3,80.3,80.3,0
1677600000000,80.3,80.3,80.3,80.3,0
1677596400000,80.3,80.3,80.3,80.3,0
1677592800000,80.3,80.3,80.3,80.3,0
1677589200000,80.3,80.3,80.3,80.3,0
1677585600000,80.3,80.3,80.3,80.3,0
1677582000000,80.3,80.3,80.3,80.3,0
1677578400000,80.3,80.3,80.3,80.3,0
1677574800000,80.3,80.3,80.3,80.3,0
1677571200000,80.3,80.3,80.3,80.3,0
1677567600000,80.3,80.3,80.3,80.3,0
1677564000000,80.3,80.3,80.3,80.3,0
1677560400000,80.3,80.3,80.3,80.3,0
1677556800000,80.3,80.3,80.3,80.3,0
1677553200000,80.3,80.3,80.3,80.3,0
1677549600000,80.3,80.3,80.3,80.3,0
1677546000000,80.3,80.3,80.3,80.3,0
1677542400000,80.3,80.3,80.3,80.3,0
1677538800000,80.3,80.3,80.3,80.3,0
1677535200000,80.3,80.3,80.3,80.3,0
1677531600000,80.3,80.3,80.3,80.3,0
1677528000000,80.3,80.3,80.3,80.3,0
1677524400000,80.3,80.3,80.3,80.3,0
1677520800000,80.3,80.3,80.3,80.3,0
1677517200000,80.3,80.3,80.3,80.3,0
1677513600000,80.3,80.3,80.3,80.3,0
1677510000000,80.3,80.3,80.3,80.3,0
1677506400000,80.3,80.3,80.3,80.3,0
1677502800000,80.3,80.3,80.3,80.3,0
1677499200000,80.3,80.3,80.3,80.3,0
1677495600000,80.3,80.3,80.3,80.3,0
1677492000000,80.3,80.3,80.3,80.3,0
1677488400000,80.3,80.3,80.3,80.3,0
1677484800000,80.3,80.3,80.3,80.3,0
1677481200000,80.3,80.3,80.3,80.3,0
1677477600000,80.3,80.3,80.3,80.3,0
1677474000000,80.3,80.3,80.3,80.3,0
1677470400000,80.3,80.3,80.3,80.3,0
1677466800000,80.3,80.3,80.3,80.3,0
1677463200000,80.3,80.3,80.3,80.3,0
1677459600000,80.3,80.3,80.3,80.3,0
1677456000000,80.3,80.3,80.3,80.3,0
1677452400000,80.3,80.3,80.3,80.3,0
1677448800000,80.3,80.3,80.3,80.3,0
1677445200000,80.3,80.3,80.3,80.3,0
1677441600000,80.3,80.3,80.3,80.3,0
1677438000000,80.3,80.3,80.3,80.3,0
1677434400000,80.3,80.3,80.3,80.3,0
1677430800000,80.3,80.3,80.3,80.3,0
1677427200000,80.3,80.3,80.3,80.3,0
1677423600000,80.3,80.3,80.3,80.3,0
1677420000000,80.3,80.3,80.3,80.3,0
1677416400000,80.3,80.3,80.3,80.3,0
1677412800000,80.3,80.3,80.3,80.3,0
1677409200000,80.3,80.3,80.3,80.3,0
1677405600000,80.3,80.3,80.3,80.3,0
1677402000000,80.3,80.3,80.3,80.3,0
1677398400000,80.3,80.3,80.3,80.3,0
1677394800000,80.3,80.3,80.3,80.3,0
1677391200000,80.3,80.3,80.3,80.3,0
1677387600000,80.3,80.3,80.3,80.3,0
1677384000000,80.3,80.3,80.3,80.3,0
1677380400000,80.3,80.3,80.3,80.3,0
1677376800000,80.3,80.3,80.3,80.3,0
1677373200000,80.3,80.3,80.3,80.3,0
1677369600000,80.3,80.3,80.3,80.3,0
1677366000000,80.3,80.3,80.3,80.3,0
1677362400000,80.3,80.3,80.3,80.3,0
1677358800000,80.3,80.3,80.3,80.3,0
1677355200000,80.3,80.3,80.3,80.3,0
1677351600000,80.3,80.3,80.3,80.3,0
1677348000000,80.3,80.3,80.3,80.3,0
1677344400000,80.3,80.3,80.3,80.3,0
1677340800000,80.3,80.3,80.3,80.3,0
1677337200000,80.3,80.3,80.3,80.3,0
1677333600000,80.3,80.3,80.3,80.3,0
1677330000000,80.3,80.3,80.3,80.3,0
1677326400000,80.3,80.3,80.3,80.3,0
1677322800000,80.3,80.3,80.3,80.3,0
1677319200000,80.3,80.3,80.3,80.3,0
1677315600000,80.3,80.3,80.3,80.3,0
1677312000000,80.3,80.3,80.3,80.3,0
1677308400000,80.3,80.3,80.3,80.3,0
1677304800000,80.3,80.3,80.3,80.3,0
1677301200000,80.3,80.3,80.3,80.3,0
1677297600000,80.3,80.3,80.3,80.3,0
1677294000000,80.3,80.3,80.3,80.3,0
1677290400000,80.3,80.3,80.3,80.3,0
1677286800000,80.3,80.3,80.3,80.3,0
1677283200000,80.3,80.3,80.3,80.3,0
1677279600000,80.3,80.3,80.3,80.3,0
1677276000000,80.3,80.3,80.3,80.3,0
1677272400000,80.3,80.3,80.3,80.3,0
1677268800000,80.3,80.3,80.3,80.3,0
1677265200000,80.3,80.3,80.3,80.3,0
1677261600000,80.3,80.3,80.3,80.3,0
1677258000000,80.3,80.3,80.3,80.3,0
1677254400000,80.3,80.3,80.3,80.3,0
1677250800000,80.3,80.3,80.3,80.3,0
1677247200000,80.3,80.3,80.3,80.3,0
1677243600000,80.3,80.3,80.3,80.3,0
1677240000000,80.3,80.3,80.3,80.3,0
1677236400000,80.3,80.3,80.3,80.3,0
1677232800000,80.3,80.3,80.3,80.3,0
1677229200000,80.3,80.3,80.3,80.3,0
1677225600000,80.3,80.3,80.3,80.3,0
1677222000000,80.3,80.3,80.3,80.3,0
1677218400000,80.3,80.3,80.3,80.3,0
1677214800000,80.3,80.3,80.3,80.3,0.23
1677211200000,80.3,80.3,80.3,80.3,0
1677207600000,80.3,80.3,80.3,80.3,0
1677204000000,87,87,80.3,80.3,0.5
1677200400000,87,87,87,87,0
1677196800000,87,87,87,87,0
1677193200000,87,87,87,87,0
1677189600000,87,87,87,87,0
1677186000000,87,87,87,87,0
1677182400000,87,87,87,87,0
1677178800000,87,87,87,87,0
1677175200000,87,87,87,87,0
1677171600000,87,87,87,87,0
1677168000000,87,87,87,87,0
1677164400000,82,87,80.5,87,49.166434
1677160800000,82,82,82,82,0
1677157200000,82,82,82,82,0
1677153600000,82,82,82,82,0
1677150000000,82,82,82,82,0
1677146400000,82,82,82,82,0
1677142800000,82,82,82,82,0
1677139200000,82,82,82,82,0
1677135600000,82,82,82,82,0
1677132000000,82,82,82,82,0
1677128400000,82,82,82,82,0
1677124800000,82,82,82,82,0
1677121200000,82,82,82,82,0
1677117600000,82,82,82,82,0
1677114000000,82,82,82,82,0
1677110400000,82,82,82,82,0
1677106800000,82,82,82,82,0
1677103200000,82,82,82,82,0
1677099600000,82,82,82,82,0
1677096000000,82,82,82,82,0
1677092400000,82,82,82,82,0
1677088800000,82,82,82,82,0
1677085200000,82,82,82,82,0
1677081600000,82,82,82,82,0
1677078000000,82,82,82,82,0
1677074400000,82,82,82,82,0.002073
1677070800000,82,82,82,82,0
1677067200000,82,82,82,82,0
1677063600000,82,82,82,82,0
1677060000000,82,82,82,82,0
1677056400000,82,82,82,82,0
1677052800000,82,82,82,82,0
1677049200000,82,82,82,82,0
1677045600000,82,82,82,82,0
1677042000000,82,82,82,82,0
1677038400000,82,82,82,82,0
1677034800000,82,82,82,82,13.315359
1677031200000,82,82,82,82,0
1677027600000,82,82,82,82,0
1677024000000,82,82,82,82,0
1677020400000,82,82,82,82,0
1677016800000,82,82,82,82,0
1677013200000,82,82,82,82,0
1677009600000,82,82,82,82,0
1677006000000,82,82,82,82,0
1677002400000,82,82,82,82,0
1676998800000,82,82,82,82,0
1676995200000,82,82,82,82,0
1676991600000,82,82,82,82,0
1676988000000,82,82,82,82,0
1676984400000,82,82,82,82,0
1676980800000,82,82,82,82,0
1676977200000,82,82,82,82,0
1676973600000,82,82,82,82,0
1676970000000,82,82,82,82,0
1676966400000,82,82,82,82,0
1676962800000,82,82,82,82,3.15
1676959200000,82,82,82,82,0
1676955600000,82,82,82,82,0
1676952000000,82,82,82,82,0
1676948400000,82,82,82,82,0
1676944800000,80.21,82,80.21,82,1
1676941200000,80.21,80.21,80.21,80.21,0
1676937600000,80.21,80.21,80.21,80.21,0
1676934000000,80.21,80.21,80.21,80.21,0
1676930400000,80.21,80.21,80.21,80.21,0
1676926800000,80.21,80.21,80.21,80.21,0
1676923200000,80.21,80.21,80.21,80.21,0
1676919600000,80.21,80.21,80.21,80.21,0
1676916000000,80.21,80.21,80.21,80.21,0
1676912400000,80.21,80.21,80.21,80.21,0
1676908800000,80.21,80.21,80.21,80.21,0
1676905200000,80.21,80.21,80.21,80.21,0
1676901600000,80.21,80.21,80.21,80.21,0
1676898000000,80.21,80.21,80.21,80.21,0
1676894400000,80.21,80.21,80.21,80.21,0
1676890800000,80.21,80.21,80.21,80.21,0
1676887200000,80.21,80.21,80.21,80.21,0
1676883600000,80.21,80.21,80.21,80.21,0
1676880000000,80.21,80.21,80.21,80.21,0
1676876400000,80.21,80.21,80.21,80.21,0
1676872800000,80.21,80.21,80.21,80.21,0
1676869200000,80.21,80.21,80.21,80.21,0
1676865600000,80.21,80.21,80.21,80.21,0
1676862000000,80.21,80.21,80.21,80.21,0
1676858400000,80.21,80.21,80.21,80.21,0
1676854800000,80.21,80.21,80.21,80.21,0
1676851200000,80.21,80.21,80.21,80.21,0
1676847600000,80.21,80.21,80.21,80.21,0
1676844000000,80.21,80.21,80.21,80.21,0
1676840400000,80.21,80.21,80.21,80.21,0
1676836800000,80.21,80.21,80.21,80.21,0
1676833200000,80.21,80.21,80.21,80.21,0
1676829600000,80.21,80.21,80.21,80.21,0
1676826000000,80.21,80.21,80.21,80.21,0
1676822400000,80.21,80.21,80.21,80.21,0
1676818800000,80.21,80.21,80.21,80.21,0
1676815200000,80.2,80.21,80.2,80.21,0.345825
1676811600000,80.2,80.2,80.2,80.2,0
1676808000000,80.2,80.2,80.2,80.2,6.617082
1676804400000,80.2,80.2,80.2,80.2,0
1676800800000,80.2,80.2,80.2,80.2,0
1676797200000,80.2,80.2,80.2,80.2,0
1676793600000,80.2,80.2,80.2,80.2,0
1676790000000,80.2,80.2,80.2,80.2,0
1676786400000,80.2,80.2,80.2,80.2,0
1676782800000,80.2,80.2,80.2,80.2,0.747128
1676779200000,79.25,80.2,79.25,80.2,0.43055
1676775600000,79.25,79.25,79.25,79.25,0
1676772000000,79.25,79.25,79.25,79.25,0
1676768400000,79.25,79.25,79.25,79.25,0
1676764800000,79.25,79.25,79.25,79.25,0
1676761200000,79.25,79.25,79.25,79.25,0
1676757600000,80.2,80.2,79.25,79.25,100.001934
1676754000000,80.2,80.2,80.2,80.2,0
1676750400000,80.2,80.2,80.2,80.2,0
1676746800000,80.2,80.2,80.2,80.2,0
1676743200000,80.21,80.21,80.2,80.2,1.602342
1676739600000,80.21,80.21,80.21,80.21,0
1676736000000,80.21,80.21,80.21,80.21,0
1676732400000,80.21,80.21,80.21,80.21,0.004364
1676728800000,80.21,80.21,80.21,80.21,0
1676725200000,80.21,80.21,80.21,80.21,0
1676721600000,80.2,80.21,80.2,80.21,0.001246
1676718000000,80.2,80.2,80.2,80.2,0
1676714400000,80.2,80.2,80.2,80.2,0
1676710800000,80.2,80.2,80.2,80.2,0
1676707200000,80.2,80.2,80.2,80.2,0
1676703600000,80.2,80.2,80.2,80.2,0
1676700000000,80.2,80.2,80.2,80.2,0
1676696400000,80.2,80.2,80.2,80.2,0
1676692800000,80.2,80.2,80.2,80.2,10.006128
1676689200000,80.21,80.21,80.2,80.2,0.782262
1676685600000,80.21,80.21,80.21,80.21,0
1676682000000,80.2,80.21,80.2,80.21,1.843252
1676678400000,80.2,80.2,80.2,80.2,0
1676674800000,80.2,80.2,80.2,80.2,0
1676671200000,80.2,80.2,80.2,80.2,0
1676667600000,80.2,80.2,80.2,80.2,0
1676664000000,83,83,80.2,80.2,2.688737
1676660400000,80,83,80,83,4.202108
1676656800000,80,80,80,80,0
1676653200000,80,80,80,80,0
1676649600000,80,80,80,80,0
1676646000000,80,80,80,80,0
1676642400000,80,80,80,80,0
1676638800000,80,80,80,80,0
1676635200000,80,80,80,80,0
1676631600000,80,80,80,80,0
1676628000000,80,80,80,80,0
1676624400000,80,80,80,80,0
1676620800000,80,80,80,80,0
1676617200000,80,80,80,80,0.248411
1676613600000,80,80,80,80,0
1676610000000,80,80,80,80,0
1676606400000,80,80,80,80,0
1676602800000,80,80,80,80,0
1676599200000,80,80,80,80,0
1676595600000,80,80,80,80,0
1676592000000,80,80,80,80,0
1676588400000,80,80,80,80,0
1676584800000,80,80,80,80,0
1676581200000,80,80,80,80,0
1676577600000,80,80,80,80,0.004356
1676574000000,80,80,80,80,0
1676570400000,80,80,80,80,1.501728
1676566800000,80,80,80,80,0.900082
1676563200000,80,80,80,80,0.009542
1676559600000,80,80,80,80,0
1676556000000,85,85,80,80,0.003064
1676552400000,85,85,85,85,0
1676548800000,80,85,80,85,0.001176
1676545200000,85,85,80,80,0.008381
1676541600000,85,85,85,85,0
1676538000000,80,85,80,85,0.004075
1676534400000,83.84,87.75,80,80,0.014426
1676530800000,80,83.84,80,83.84,0.004569
1676527200000,80,87.75,80,80,0.011583
1676523600000,87.75,87.75,80,80,0.001368
1676520000000,80,87.75,80,87.75,0.002192
1676516400000,85.19,85.19,80,80,28.888911
1676512800000,79,90,79,85.19,0.005435
1676509200000,90,90,79,79,0.004631
1676505600000,78.5,90,78.5,90,0.001713
1676502000000,78.5,78.5,78.5,78.5,0.009878
1676498400000,77.05,78.5,77.05,78.5,0.337772
1676494800000,77.05,77.05,77.05,77.05,0
1676491200000,83.89,85,77,77.05,66.897116
1676487600000,75.07,83.89,75.07,83.89,27.808557
1676484000000,76.96,83.41,75.07,75.07,0.048823
1676480400000,80,82.84,71,76.96,48.19077
1676476800000,90,90,80,80,5.511028
1676473200000,90,90,90,90,0.001419
1676469600000,90,90,90,90,0.006397
1676466000000,83.25,90,83.25,90,0.006684
1676462400000,90,90,83.25,83.25,0.010357
1676458800000,83.25,90,83.25,90,0.016253
1676455200000,85.5,89.05,83.25,83.25,0.004129
1676451600000,85.5,85.5,85.5,85.5,0
1676448000000,90,90,85.5,85.5,0.005085
1676444400000,90,90,90,90,0
1676440800000,90,90,90,90,0.005167
1676437200000,88.88,90,88.88,90,0.006886
1676433600000,83.25,88.88,83.25,88.88,0.00435
1676430000000,81.71,85.5,81.71,83.25,0.014073
1676426400000,81.43,81.71,81.43,81.71,0.005029
1676422800000,90,90,81.43,81.43,0.019279
1676419200000,90,90,90,90,0.004153
1676415600000,83.25,90,83.25,90,0.001641
1676412000000,83.25,83.25,83.25,83.25,0
1676408400000,83.25,83.25,83.25,83.25,0
1676404800000,90,90,83.25,83.25,0.018559
1676401200000,89.92,90,89.92,90,0.003322
1676397600000,90,90,89.92,89.92,0.001827
1676394000000,90,90,90,90,0
1676390400000,85.5,90,85.5,90,0.00913
1676386800000,88.19,88.19,85.5,85.5,0.010307
1676383200000,88.19,88.19,88.19,88.19,0
1676379600000,84.38,88.19,84.38,88.19,0.0234
1676376000000,87.47,87.47,84.38,84.38,0.006942
1676372400000,87.47,87.47,87.47,87.47,0
1676368800000,75.51,87.47,75.51,87.47,0.015469
1676365200000,81,82.69,75.51,75.51,0.0449
1676361600000,83.25,83.25,81,81,0.009801
1676358000000,83.25,83.25,83.25,83.25,0
1676354400000,85.5,90,83.25,83.25,0.011977
1676350800000,85.5,88.6,85.5,85.5,0.018782
1676347200000,85.5,85.5,81,85.5,0.026553
1676343600000,85.5,85.5,85.5,85.5,0.001125
1676340000000,81,85.5,81,85.5,0.011207
1676336400000,81.56,81.56,81,81,0.014388
1676332800000,81.56,81.56,81.56,81.56,0
1676329200000,81.56,81.56,81.56,81.56,0
1676325600000,81.56,81.56,81.56,81.56,0
1676322000000,81.56,81.56,81.56,81.56,0
1676318400000,81.56,81.56,81.56,81.56,0
1676314800000,81.56,81.56,81.56,81.56,0
1676311200000,81.56,81.56,81.56,81.56,0
1676307600000,81.56,81.56,81.56,81.56,0
1676304000000,81.56,81.56,81.56,81.56,0
1676300400000,81.56,81.56,81.56,81.56,0
1676296800000,81.56,81.56,81.56,81.56,0
1676293200000,81.56,81.56,81.56,81.56,0
1676289600000,81.56,81.56,81.56,81.56,0
1676286000000,81.56,81.56,81.56,81.56,0
1676282400000,81.56,81.56,81.56,81.56,0
1676278800000,81.56,81.56,81.56,81.56,0
1676275200000,81.56,81.56,81.56,81.56,0
1676271600000,81.56,81.56,81.56,81.56,0
1676268000000,81.56,81.56,81.56,81.56,0
1676264400000,81.56,81.56,81.56,81.56,0
1676260800000,81.56,81.56,81.56,81.56,0
1676257200000,81.56,81.56,81.56,81.56,0
1676253600000,81.56,81.56,81.56,81.56,0
1676250000000,81.56,81.56,81.56,81.56,0.001226
1676246400000,81.56,81.56,81.56,81.56,0
1676242800000,81.56,81.56,81.56,81.56,0
1676239200000,81.56,81.56,81.56,81.56,0
1676235600000,81.56,81.56,81.56,81.56,0
1676232000000,81.56,81.56,81.56,81.56,0
1676228400000,81.56,81.56,81.56,81.56,0
1676224800000,81.56,81.56,81.56,81.56,0.001226
1676221200000,81.56,81.56,81.56,81.56,0
1676217600000,81.56,81.56,81.56,81.56,0
1676214000000,81.56,81.56,81.56,81.56,0
1676210400000,81.56,81.56,81.56,81.56,0
1676206800000,81.56,81.56,81.56,81.56,0
1676203200000,81.56,81.56,81.56,81.56,0
1676199600000,81.56,81.56,81.56,81.56,0
1676196000000,81.56,81.56,81.56,81.56,0
1676192400000,81.56,81.56,81.56,81.56,0
1676188800000,81.56,81.56,81.56,81.56,0
1676185200000,81.56,81.56,81.56,81.56,0
1676181600000,81.56,81.56,81.56,81.56,0
1676178000000,81.56,81.56,81.56,81.56,0
1676174400000,81.56,81.56,81.56,81.56,0
1676170800000,81.56,81.56,81.56,81.56,0
1676167200000,81.56,81.56,81.56,81.56,0
1676163600000,81.56,81.56,81.56,81.56,0
1676160000000,81.56,81.56,81.56,81.56,0
1676156400000,81.56,81.56,81.56,81.56,0
1676152800000,81.56,81.56,81.56,81.56,0
1676149200000,81.56,81.56,81.56,81.56,0.001226
1676145600000,81.56,81.56,81.56,81.56,0
1676142000000,83.36,83.36,81.56,81.56,0.001161
1676138400000,83.36,83.36,83.36,83.36,0
1676134800000,81.56,83.36,81.56,83.36,0.003288
1676131200000,81.56,82.91,81.56,81.56,0.005566
1676127600000,82.38,83.36,81.56,81.56,0.029976
1676124000000,82.38,82.38,82.38,82.38,0.00338
1676120400000,82.38,82.38,82.38,82.38,0.005242
1676116800000,82.38,82.38,82.18,82.38,0.00371
1676113200000,81.56,82.38,81.56,82.38,0.001015
1676109600000,82.38,82.38,81.56,81.56,0.001532
1676106000000,82.38,82.38,82.38,82.38,0
1676102400000,82.38,82.38,82.38,82.38,0.002537
1676098800000,81.56,82.38,81.56,82.38,0.000744
1676095200000,81.56,81.56,81.56,81.56,0.002836
1676091600000,82.38,82.38,81.56,81.56,0.002556
1676088000000,82.38,82.38,82.38,82.38,0
1676084400000,82.38,82.38,82.38,82.38,0.002579
1676080800000,81.56,82.38,81.56,82.38,0.004096
1676077200000,81.56,82.38,81.56,81.56,0.004734
1676073600000,81.56,81.56,81.56,81.56,0.001297
1676070000000,81.56,81.56,81.56,81.56,0.000794
1676066400000,81.56,81.56,81.56,81.56,0.00349
1676062800000,81.56,81.56,81.56,81.56,0.00737
1676059200000,82.38,82.38,81.56,81.56,0.004482
1676055600000,82.38,82.38,82.38,82.38,0.004562
1676052000000,82.38,82.38,82.38,82.38,0.00664
1676048400000,82.38,82.38,81.56,82.38,0.003002
1676044800000,81.56,82.38,81.56,82.38,0.008182
1676041200000,82.38,82.38,81.56,81.56,0.010787
1676037600000,82.38,82.38,82.38,82.38,0.0029
1676034000000,81.56,82.38,81.56,82.38,0.003654
1676030400000,81.56,82.38,81.56,81.56,0.00557
1676026800000,82.38,82.38,81.56,81.56,0.006858
1676023200000,82.18,82.38,81.56,82.38,0.004456
1676019600000,81.97,82.38,81.56,82.18,0.017981
1676016000000,82.38,82.38,81.97,81.97,0.001987
1676012400000,82.38,82.38,82.38,82.38,0.005263
1676008800000,82,82.38,82,82.38,0.004384
1676005200000,82.38,82.38,82,82,0.003305
1676001600000,82.38,82.38,82.38,82.38,0.986042
1675998000000,84.21,84.21,82.38,82.38,0.004732
1675994400000,87.67,87.67,83.22,84.21,3.208299
1675990800000,87.67,87.67,87.67,87.67,0.003242
1675987200000,87.67,87.67,87.67,87.67,0.007629
1675983600000,85.77,87.67,85.77,87.67,0.007298
1675980000000,88.4,88.4,85.77,85.77,4.116969
1675976400000,88.4,90,88.4,88.4,0.010426
1675972800000,88.4,88.4,88.4,88.4,0.005291
1675969200000,88.4,88.4,88.4,88.4,0.027554
1675965600000,90,90,88.4,88.4,0.002635
1675962000000,88.4,90,88.4,90,0.003828
1675958400000,88.4,88.4,88.4,88.4,0.01468
1675954800000,90,90,88.4,88.4,0.010973
1675951200000,90,90,90,90,0.009515
1675947600000,88.4,90,88.4,90,0.000646
1675944000000,88.4,90,88.4,88.4,0.005173
1675940400000,88.4,88.4,88.4,88.4,0.003319
1675936800000,88.4,88.4,88.4,88.4,0
1675933200000,90,90,88.4,88.4,0.008605
1675929600000,90,90,90,90,0.004739
1675926000000,90,90,90,90,0.002287
1675922400000,90,90,90,90,0.006244
1675918800000,90,90,88.4,90,0.004949
1675915200000,88.4,90,88.4,90,0.006695
1675911600000,88.4,88.4,88.4,88.4,0.028743
1675908000000,88.4,90,88.4,88.4,0.007064
1675904400000,90,90,88.4,88.4,0.00487
1675900800000,90,90,90,90,0.006657
1675897200000,90,90,90,90,0.001897
1675893600000,90,90,90,90,0.003603
1675890000000,88.4,90,88.4,90,0.003743
1675886400000,88.4,90,88.4,88.4,0.042255
1675882800000,88.4,88.4,88.4,88.4,0.001899
1675879200000,90,90,88.4,88.4,0.004197
1675875600000,88.4,90,88.4,90,0.009465
1675872000000,88.4,88.4,88.4,88.4,0.016212
1675868400000,88.4,88.4,88.4,88.4,0.011243
1675864800000,90,90,88.4,88.4,0.003153
1675861200000,90,90,88.4,90,0.004173
1675857600000,88.4,90,88.4,90,0.002943
1675854000000,88.4,90,88.4,88.4,0.003271
1675850400000,88.4,88.4,88.4,88.4,0.004881
1675846800000,88.4,88.4,88.4,88.4,0.001822
1675843200000,90,90,88.4,88.4,0.006822
1675839600000,88.4,90,88.4,90,0.000781
1675836000000,88.4,88.4,88.4,88.4,0.005934
1675832400000,89.2,89.2,88.4,88.4,0.002254
1675828800000,90,90,89.2,89.2,0.001159
1675825200000,88.4,90,88.4,90,0.001757
1675821600000,90,90,88.4,88.4,0.001095
1675818000000,90,90,90,90,0.008744
1675814400000,90,90,90,90,0
1675810800000,90,90,90,90,0.004437
1675807200000,88.4,90,88.4,90,0.002039
1675803600000,90,90,88.4,88.4,0.011202
1675800000000,88.4,90,88.4,90,0.013759
1675796400000,88.4,88.4,88.4,88.4,0.001508
1675792800000,90,90,88.4,88.4,0.007812
1675789200000,88.4,90,88.4,90,0.006396
1675785600000,88.4,88.4,88.4,88.4,0.000645
1675782000000,90,90,88.4,88.4,0.004371
1675778400000,88.4,90,88.4,90,0.004466
1675774800000,90,90,88.4,88.4,0.001991
1675771200000,90,90,88.4,90,0.002591
1675767600000,90,90,90,90,0.000637
1675764000000,90,90,90,90,0.007087
1675760400000,90,90,90,90,0.006582
1675756800000,90,90,90,90,0.001147
1675753200000,90,90,90,90,0.004321
1675749600000,90,90,90,90,0.004544
1675746000000,90,90,90,90,0.004316
1675742400000,90,90,90,90,0.003959
1675738800000,90,90,90,90,0.003672
1675735200000,90,90,90,90,0.004891
1675731600000,90,90,90,90,0.00336
1675728000000,88.4,90,88.4,90,0.001982
1675724400000,88.4,88.4,88.4,88.4,0.012088
1675720800000,88.4,88.4,88.4,88.4,0.003472
1675717200000,88.4,88.4,88.4,88.4,0.003314
1675713600000,90,90,88.4,88.4,0.00187
1675710000000,88.4,90,88.4,90,0.002089
1675706400000,90,90,88.4,88.4,0.002499
1675702800000,90,90,88.4,90,0.013208
1675699200000,90,90,90,90,0.002204
1675695600000,88.4,90,88.4,90,0.006965
1675692000000,90,90,88.4,88.4,0.005439
1675688400000,90,90,90,90,0.003148
1675684800000,90,90,90,90,0.006049
1675681200000,88.4,90,88.4,90,0.004751
1675677600000,88.4,88.4,88.4,88.4,0
1675674000000,88.4,88.4,88.4,88.4,0.000792
1675670400000,90,90,88.4,88.4,0.004595
1675666800000,90,90,90,90,0.010102
1675663200000,88.4,90,88.4,90,0.004432
1675659600000,88.4,88.4,88.4,88.4,0.006902
1675656000000,88.4,88.4,88.4,88.4,0.001169
1675652400000,88.4,88.4,88.4,88.4,0.003073
1675648800000,90,90,88.4,88.4,0.00414
1675645200000,90.37,90.37,88.4,90,0.004061
1675641600000,90.37,90.37,90.37,90.37,0.007859
1675638000000,90.37,90.37,90.37,90.37,0.004781
1675634400000,90.37,90.37,90.37,90.37,0.005606
1675630800000,89.39,90.37,88.4,90.37,0.003448
1675627200000,88.4,89.39,88.4,89.39,0.001132
1675623600000,88.4,88.4,88.4,88.4,0.002021
1675620000000,88.4,88.4,88.4,88.4,0.001846
1675616400000,88.4,88.4,88.4,88.4,0.006987
1675612800000,90.37,90.37,88.4,88.4,0.004874
1675609200000,88.4,90.37,88.4,90.37,0.000818
1675605600000,90.37,90.37,88.4,88.4,0.003603
1675602000000,88.4,90.37,88.4,90.37,0.01967
1675598400000,88.4,90.37,88.4,88.4,0.012994
1675594800000,90.37,90.37,88.4,88.4,0.000994
1675591200000,90.37,90.37,90.37,90.37,0
1675587600000,88.4,90.37,88.4,90.37,0.003225
1675584000000,90.37,90.37,88.4,88.4,0.003625
1675580400000,90.37,90.37,90.37,90.37,0.000676
1675576800000,90.37,90.37,90.37,90.37,0
1675573200000,90.37,90.37,90.37,90.37,0
1675569600000,90.37,90.37,90.37,90.37,0.001172
1675566000000,90.37,90.37,90.37,90.37,0.001054
1675562400000,90.37,90.37,90.37,90.37,0.000813
1675558800000,88.4,90.37,88.4,90.37,0.002929
1675555200000,88.4,88.4,88.4,88.4,0.013662
1675551600000,90.37,90.37,88.4,88.4,0.001621
1675548000000,90.37,90.37,90.37,90.37,0.003199
1675544400000,88.4,90.37,88.4,90.37,0.004206
1675540800000,90.37,90.37,88.4,88.4,0.003559
1675537200000,88.4,90.37,88.4,90.37,0.003106
1675533600000,90.37,90.37,88.4,88.4,0.005096
1675530000000,88.4,90.37,88.4,90.37,0.001959
1675526400000,88.4,90.37,88.4,88.4,0.004725
1675522800000,90.37,90.37,88.4,88.4,0.001999
1675519200000,89.39,90.37,89.39,90.37,0.002311
1675515600000,90.37,90.37,89.39,89.39,0.005085
1675512000000,90.37,90.37,90.37,90.37,0.005347
1675508400000,90.37,90.37,88.4,90.37,0.004029
1675504800000,90.37,90.37,90.37,90.37,0.002871
1675501200000,90.37,90.37,88.4,90.37,0.004263
1675497600000,90.37,90.37,90.37,90.37,0.007187
1675494000000,88.4,90.37,88.4,90.37,0.00623
1675490400000,87.52,90.37,87.52,88.4,0.930983
1675486800000,87.52,87.52,87.52,87.52,0.001413
1675483200000,87.52,87.52,87.52,87.52,0.005534
1675479600000,89.46,89.46,87.52,87.52,0.0018
1675476000000,87.52,89.46,87.52,89.46,0.003176
1675472400000,87.52,89.3,87.52,87.52,0.002954
1675468800000,89.46,89.46,87.52,87.52,0.000732
1675465200000,89.46,89.46,89.46,89.46,0.005952
1675461600000,87.52,89.46,87.52,89.46,0.001367
1675458000000,89.46,89.46,87.52,87.52,0.005464
1675454400000,87.52,89.46,87.52,89.46,0.005381
1675450800000,87.52,89.46,87.52,87.52,0.003655
1675447200000,89.46,89.46,87.52,87.52,0.005152
1675443600000,89.46,89.46,89.46,89.46,0.006683
1675440000000,89.46,89.46,88.98,89.46,0.011689
1675436400000,87.52,89.46,87.52,89.46,0.013859
1675432800000,87.52,87.52,87.52,87.52,0.005012
1675429200000,89.46,89.46,87.52,87.52,0.005859
1675425600000,89.46,89.46,89.46,89.46,0.006453
1675422000000,89.46,89.46,89.46,89.46,0.005808
1675418400000,89.46,89.46,89.46,89.46,0
1675414800000,87.52,89.46,87.52,89.46,0.005228
1675411200000,87.52,87.52,87.52,87.52,0.004556
1675407600000,89.46,89.46,87.52,87.52,0.005777
1675404000000,89.46,89.46,89.46,89.46,0.001131
1675400400000,89.46,89.46,89.46,89.46,0.005319
1675396800000,89.46,89.46,89.46,89.46,0.003777
1675393200000,87.52,89.46,87.52,89.46,0.0099
1675389600000,87.52,87.52,87.52,87.52,0.003306
1675386000000,89.46,89.46,87.52,87.52,0.002205
1675382400000,87.52,89.46,87.52,89.46,0.004167
1675378800000,87.52,89.46,87.52,87.52,0.005001
1675375200000,87.52,87.52,87.52,87.52,0.014011
1675371600000,87.52,87.52,87.52,87.52,0.006961
1675368000000,87.52,87.52,87.52,87.52,0.01295
1675364400000,89.46,89.46,87.52,87.52,0.011773
1675360800000,89.46,89.46,89.46,89.46,0.005558
1675357200000,89.46,89.46,89.46,89.46,0.002345
1675353600000,89.46,89.46,89.46,89.46,0.005798
1675350000000,87.52,89.46,87.52,89.46,0.00394
1675346400000,87.52,87.52,87.52,87.52,0.001405
1675342800000,89.46,89.46,87.52,87.52,0.001293
1675339200000,89.46,89.46,89.46,89.46,0.003028
1675335600000,89.46,89.46,89.46,89.46,0.001051
1675332000000,89.46,89.46,89.46,89.46,0.001665
1675328400000,89.46,89.46,89.46,89.46,0
1675324800000,87.52,89.46,87.52,89.46,0.001893
1675321200000,87.52,87.52,87.52,87.52,0.003414
1675317600000,89.46,89.46,87.52,87.52,0.002235
1675314000000,89.46,89.46,89.46,89.46,0.001199
1675310400000,89.46,89.46,89.46,89.46,0.001305
1675306800000,87.52,89.46,87.52,89.46,0.003052
1675303200000,87.52,87.52,87.52,87.52,0.025815
1675299600000,82.53,88.57,82.53,87.52,7.726521
1675296000000,80.74,82.53,80.74,82.53,0.005191
1675292400000,82.53,82.53,80.74,80.74,0.001193
1675288800000,82.53,82.53,82.53,82.53,0.007349
1675285200000,82.53,82.53,82.53,82.53,0.013046
1675281600000,82.53,82.53,82.53,82.53,0.022375
1675278000000,82.53,82.53,82.53,82.53,0.017963
1675274400000,80.74,82.53,80.74,82.53,0.003405
1675270800000,80.74,80.74,80.74,80.74,0.002094
1675267200000,80.74,80.74,80.74,80.74,0.00572
1675263600000,80.74,80.74,80.74,80.74,0.005783
1675260000000,80.74,80.74,80.74,80.74,0
1675256400000,80.74,80.74,80.74,80.74,0
1675252800000,82.53,82.53,80.74,80.74,0.005168
1675249200000,82.53,82.53,82.53,82.53,0.002334
1675245600000,82.53,82.53,80.74,82.53,0.002904
1675242000000,80.74,82.53,80.74,82.53,0.004158
1675238400000,80.74,82.53,80.74,80.74,0.00605
1675234800000,80.74,80.74,80.74,80.74,0.003452
1675231200000,80.74,80.74,80.74,80.74,0.005453
1675227600000,82.53,82.53,80.74,80.74,0.000688
1675224000000,82.53,82.53,82.53,82.53,0
1675220400000,82.53,82.53,82.53,82.53,0.003186
1675216800000,82.53,82.53,82.53,82.53,0.001829
1675213200000,82.53,82.53,82.53,82.53,0.000677
1675209600000,82.53,82.53,82.53,82.53,0.002069
1675206000000,82.53,82.53,82.53,82.53,0.001635
1675202400000,80.74,82.53,80.74,82.53,0.008569
1675198800000,80.74,82.53,80.74,80.74,0.00536
1675195200000,82.53,82.53,80.74,80.74,0.003222
1675191600000,82.53,82.53,82.53,82.53,0.003523
1675188000000,82.53,82.53,81.9,82.53,0.001875
1675184400000,80.74,82.53,80.74,82.53,0.021884
1675180800000,76.91,82.53,76.91,80.74,6.66106
1675177200000,80.74,81.7,75.51,76.91,10.074566
1675173600000,84,84,80.74,80.74,3.64298
1675170000000,84.02,84.02,84,84,0.003534
1675166400000,83.22,84.06,83.22,84.02,0.019889
1675162800000,83,89.46,83,83.22,13.529379
1675159200000,80.74,83,80.74,83,0.921857
1675155600000,82.53,82.53,80.74,80.74,0.003094
1675152000000,82.53,82.53,82.53,82.53,0.004995
1675148400000,80.74,82.53,80.74,82.53,0.008401
1675144800000,80.74,80.74,80.74,80.74,0.010168
1675141200000,80.74,82.53,80.74,80.74,0.005244
1675137600000,80.74,80.74,80.74,80.74,0.002679
1675134000000,82.53,82.53,80.74,80.74,0.004597
1675130400000,82.53,82.53,82.53,82.53,0.011673
1675126800000,82.53,82.53,82.53,82.53,0.004831
1675123200000,82.53,82.53,82.53,82.53,0.005038
1675119600000,82.53,82.53,82.53,82.53,0.002837
1675116000000,80.74,82.53,80.74,82.53,0.008837
1675112400000,80.74,80.74,80.74,80.74,0.001734
1675108800000,80.74,82.53,80.74,80.74,0.015704
1675105200000,80.74,80.74,80.74,80.74,0.030199
1675101600000,80.74,80.74,80.74,80.74,0.003992
1675098000000,82.53,82.53,80.74,80.74,0.032123
1675094400000,80.74,82.53,80.74,82.53,0.003657
1675090800000,83.36,83.36,80.74,80.74,1.413024
1675087200000,83.36,83.36,81.56,83.36,0.004755
1675083600000,83.36,83.36,81.56,83.36,0.003314
1675080000000,83.36,83.36,83.36,83.36,0.039033
1675076400000,90.37,90.37,81.56,83.36,7.699247
1675072800000,88.4,90.37,88.4,90.37,0.009952
1675069200000,88.4,88.4,88.4,88.4,0.013777
1675065600000,88.4,88.4,88.4,88.4,0.002006
1675062000000,88.4,88.4,88.4,88.4,0.000846
1675058400000,88.4,88.4,88.4,88.4,0.002366
1675054800000,90.37,90.37,88.4,88.4,0.000735
1675051200000,90.37,90.37,90.37,90.37,0.00317
1675047600000,88.4,90.37,88.4,90.37,0.001805
1675044000000,88.4,88.4,88.4,88.4,0.008669
1675040400000,90.37,90.37,88.4,88.4,0.003792
1675036800000,90.37,90.37,90.37,90.37,0
1675033200000,90.37,90.37,90.37,90.37,0.002949
1675029600000,90.37,90.37,90.37,90.37,0.002771
1675026000000,88.4,90.37,88.4,90.37,0.068428
1675022400000,94.87,94.87,88.4,88.4,7.901844
1675018800000,82.5,94.87,82.5,94.87,0.258251
1675015200000,82.5,82.5,82.5,82.5,0
1675011600000,82.4,82.5,82.4,82.5,0.000669
1675008000000,82.4,82.4,82.4,82.4,0
1675004400000,82.4,82.4,82.4,82.4,0.000702
1675000800000,82.4,82.4,82.4,82.4,0
1674997200000,82.4,82.4,82.4,82.4,0
1674993600000,76.1,82.5,76.1,82.4,0.003604
1674990000000,82.5,82.5,76.1,76.1,0.002225
1674986400000,82.5,82.5,82.5,82.5,0.005046
1674982800000,76.1,82.5,76.1,82.5,0.002531
1674979200000,82.5,82.5,76.1,76.1,0.002556
1674975600000,82.5,82.5,82.5,82.5,0.00187
1674972000000,82.5,82.5,82.5,82.5,0
1674968400000,82.5,82.5,82.5,82.5,0.002822
1674964800000,82.5,82.5,82.5,82.5,0.001137
1674961200000,76.06,82.5,76.06,82.5,0.003629
1674957600000,82.5,82.5,76.06,76.06,0.006631
1674954000000,82.5,82.5,76.06,82.5,0.005986
1674950400000,76.06,82.5,76.06,82.5,0.003148
1674946800000,76.06,76.06,76.06,76.06,0.000821
1674943200000,82.5,82.5,76.06,76.06,0.007022
1674939600000,76.06,82.5,76.06,82.5,0.007747
1674936000000,82.5,82.5,76.06,76.06,0.005306
1674932400000,76.06,82.5,76.06,82.5,0.00267
1674928800000,80.03,80.03,76.06,76.06,0.002181
1674925200000,76.06,80.03,76.06,80.03,0.000649
1674921600000,82.5,82.5,76.06,76.06,0.006243
1674918000000,82.5,82.5,76.06,82.5,0.006017
1674914400000,76.06,82.5,76.06,82.5,0.007929
1674910800000,76.06,76.06,76.06,76.06,0.007606
1674907200000,76.06,82.5,76.06,76.06,0.011125
1674903600000,76.06,82.5,76.06,76.06,0.005237
1674900000000,76.06,76.06,76.06,76.06,0.010889
1674896400000,79,82.5,76.06,76.06,0.013232
1674892800000,76.06,79,76.06,79,0.013073
1674889200000,76.06,76.06,76.06,76.06,0.005236
1674885600000,76.07,76.07,76.06,76.06,0.001158
1674882000000,82.39,82.39,76.07,76.07,0.001461
1674878400000,82.4,82.4,76.04,82.39,0.008077
1674874800000,76.04,82.4,76.04,82.4,0.004331
1674871200000,82.4,82.4,76.03,76.04,0.00721
1674867600000,76.02,82.4,76.02,82.4,0.004873
1674864000000,82.4,82.4,76.02,76.02,0.004752
1674860400000,76,82.4,76,82.4,0.007312
1674856800000,82.4,82.4,76,76,0.002422
1674853200000,82.4,82.4,79.2,82.4,0.030771
1674849600000,81.99,82.4,81.99,82.4,0.002376
1674846000000,82.5,82.5,81.99,81.99,0.004357
1674842400000,82.5,82.5,82.5,82.5,0.010712
1674838800000,77.63,82.5,77.63,82.5,0.004694
1674835200000,82.5,82.5,76,77.63,0.01147
1674831600000,76,82.5,76,82.5,0.001814
1674828000000,75.53,76,75.53,76,0.004207
1674824400000,82.5,82.5,75.53,75.53,0.001531
1674820800000,82.5,82.5,82.5,82.5,0.002315
1674817200000,75.52,82.5,75.52,82.5,0.002929
1674813600000,75.52,75.52,75.52,75.52,0
1674810000000,82.5,82.5,75.52,75.52,0.002241
1674806400000,82.5,82.5,82.5,82.5,0.001428
1674802800000,82.5,82.5,75.52,82.5,0.002581
1674799200000,82.5,82.5,82.5,82.5,0.004049
1674795600000,82.5,82.5,75.53,82.5,0.003241
1674792000000,82.5,82.5,82.5,82.5,0.000662
1674788400000,82.5,82.5,82.5,82.5,0
1674784800000,75.52,82.5,75.52,82.5,0.010363
1674781200000,75.52,79.01,75.52,75.52,0.011542
1674777600000,82.5,82.5,75.52,75.52,0.009571
1674774000000,82.5,82.5,82.5,82.5,0.009673
1674770400000,75.52,82.5,75.52,82.5,0.00074
1674766800000,82.5,82.5,75.52,75.52,0.00834
1674763200000,75.52,82.5,75.52,82.5,0.00382
1674759600000,82.5,82.5,75.52,75.52,0.000825
1674756000000,82.5,82.5,82.5,82.5,0.005533
1674752400000,82.5,82.5,81.3,82.5,0.002661
1674748800000,75.52,82.5,75.52,82.5,0.010678
1674745200000,82.5,82.5,75.52,75.52,0.003075
1674741600000,75.51,82.5,75.51,82.5,0.009499
1674738000000,82.5,82.5,75.51,75.51,0.007962
1674734400000,82.5,82.5,75.51,82.5,0.021788
1674730800000,75.51,82.5,75.51,82.5,0.002115
1674727200000,82.5,82.5,75.51,75.51,0.009323
1674723600000,75.51,82.5,75.51,82.5,0.00522
1674720000000,75.51,75.51,75.51,75.51,0.00299
1674716400000,75.51,76.39,75.51,75.51,0.005522
1674712800000,82.06,82.5,75.51,75.51,1.614262
1674709200000,82.06,82.06,82,82.06,0.088335
1674705600000,75.52,82.06,75.52,82.06,0.032632
1674702000000,75.51,75.52,75.51,75.52,0.00138
1674698400000,82.06,82.06,75.51,75.51,0.021422
1674694800000,82.06,82.06,82.06,82.06,0.003312
1674691200000,82.06,82.06,75.51,82.06,0.02283
1674687600000,75.51,82.06,75.51,82.06,0.013379
1674684000000,82.06,82.06,75.51,75.51,0.015501
1674680400000,75.51,82.06,75.51,82.06,0.027652
1674676800000,82.06,82.06,75.51,75.51,0.014559
1674673200000,78.79,82.06,75.51,82.06,0.01367
1674669600000,75.51,82.5,75.51,78.79,0.013895
1674666000000,82.5,82.5,75.51,75.51,0.00704
1674662400000,82.5,82.5,75.51,82.5,0.01182
1674658800000,75.51,82.5,75.51,82.5,0.001622
1674655200000,75.51,75.51,75.51,75.51,0.007881
1674651600000,82.49,82.5,75.51,75.51,0.021403
1674648000000,75.51,82.49,75.51,82.49,0.014747
1674644400000,75.51,75.51,75.51,75.51,0.00338
1674640800000,75.51,75.51,75.51,75.51,0.006282
1674637200000,75.6,75.6,75.51,75.51,0.009992
1674633600000,82.5,82.5,75.6,75.6,0.004303
1674630000000,82.5,82.5,82.5,82.5,0.016212
1674626400000,82.5,82.5,75.51,82.5,3.121734
1674622800000,82.5,82.5,75.51,82.5,0.005642
1674619200000,77.26,82.5,77.26,82.5,0.021301
1674615600000,82.5,82.5,75.51,77.26,0.006391
1674612000000,75.51,82.5,75.51,82.5,0.008796
1674608400000,75.51,82.5,75.51,75.51,0.010157
1674604800000,82.5,82.5,75.51,75.51,0.012369
1674601200000,76.2,82.5,76.2,82.5,0.026541
1674597600000,76.2,76.2,76.2,76.2,0.029227
1674594000000,76.2,82.5,76.2,76.2,0.007547
1674590400000,82.5,82.5,76.2,76.2,0.011425
1674586800000,82.5,82.5,82.5,82.5,0.005841
1674583200000,76.2,82.5,76.2,82.5,0.011041
1674579600000,76.2,76.2,76.2,76.2,0.003957
1674576000000,82.5,82.5,76.2,76.2,0.015835
1674572400000,76.2,82.5,76.2,82.5,0.035151
1674568800000,76.2,76.2,76.2,76.2,0
1674565200000,82.5,82.5,76.2,76.2,0.003161
1674561600000,76.2,82.5,76.2,82.5,0.002575
1674558000000,82.5,82.5,76.2,76.2,0.001074
1674554400000,77.78,82.5,76.2,82.5,0.004719
1674550800000,82.5,82.5,77.78,77.78,0.012995
1674547200000,82.5,82.5,79.35,82.5,4.237312
1674543600000,82.5,82.5,82.5,82.5,0.009777
1674540000000,82.5,82.5,76.2,82.5,0.01507
1674536400000,82.5,82.5,82.5,82.5,0
1674532800000,82.5,82.5,82.5,82.5,0
1674529200000,77.78,82.5,77.78,82.5,0.012135
1674525600000,82.5,82.5,77.78,77.78,0.036953
1674522000000,79.73,82.5,77.78,82.5,0.017004
1674518400000,79.73,79.73,79.73,79.73,0
1674514800000,79.73,79.73,79.73,79.73,0
1674511200000,79.73,79.73,79.73,79.73,0
1674507600000,79.73,79.73,79.73,79.73,0
1674504000000,79.73,79.73,79.73,79.73,0
1674500400000,79.73,79.73,79.73,79.73,0
1674496800000,79.73,79.73,79.73,79.73,0
1674493200000,79.73,79.73,79.73,79.73,0
1674489600000,79.73,79.73,79.73,79.73,0
1674486000000,78.22,80.87,78.22,79.73,0.00154
1674482400000,80.24,80.24,78.22,78.22,0.00141
1674478800000,79.73,83,79.73,80.24,0.00328
1674475200000,84.27,84.27,79.73,79.73,0.000833
1674471600000,78.22,84.27,78.22,84.27,0.002006
1674468000000,84.27,84.27,78.22,78.22,0.003182
1674464400000,84.27,84.27,84.27,84.27,0
1674460800000,80.24,84.27,80.24,84.27,0.007756
1674457200000,80.24,80.24,80.24,80.24,0
1674453600000,80.24,80.24,80.24,80.24,0
1674450000000,80.24,80.24,80.24,80.24,0
1674446400000,78.22,82.25,78.22,80.24,0.0104
1674442800000,83.9,83.9,78.22,78.22,0.000955
1674439200000,83.9,83.9,83.9,83.9,0
1674435600000,84.27,84.27,83.9,83.9,0.013853
1674432000000,79.56,84.27,79.56,84.27,0.011205
1674428400000,79.56,79.56,79.56,79.56,0
1674424800000,84.27,84.27,79.56,79.56,0.000656
1674421200000,77.85,84.27,77.85,84.27,0.009799
1674417600000,84.27,84.27,77.85,77.85,0.015531
1674414000000,81.06,84.27,77.85,84.27,0.007526
1674410400000,77.85,81.06,77.85,81.06,0.001223
1674406800000,77.85,84.27,77.85,77.85,0.008022
1674403200000,77.85,77.85,77.85,77.85,0
1674399600000,84.27,84.27,77.85,77.85,0.005619
1674396000000,79.46,84.27,79.46,84.27,0.008872
1674392400000,84.27,84.27,79.46,79.46,0.003147
1674388800000,84.27,84.27,84.27,84.27,0.005757
1674385200000,79.46,84.27,79.46,84.27,0.000759
1674381600000,84.27,84.27,79.46,79.46,0.000727
1674378000000,77.85,84.27,77.85,84.27,0.005284
1674374400000,84.27,84.27,77.85,77.85,0.003807
1674370800000,84.27,84.27,84.27,84.27,0.001736
1674367200000,84.27,84.27,84.27,84.27,0.004722
1674363600000,77.85,84.27,77.85,84.27,0.009204
1674360000000,84.27,84.27,77.85,77.85,0.010508
1674356400000,77.83,84.27,77.83,84.27,0.012506
1674352800000,84.27,84.27,77.83,77.83,0.009322
1674349200000,84.27,84.27,84.27,84.27,0
1674345600000,77.83,84.27,77.83,84.27,0.006608
1674342000000,77.83,77.83,77.83,77.83,0
1674338400000,77.83,77.83,77.83,77.83,0
1674334800000,77.83,77.83,77.83,77.83,0
1674331200000,77.83,77.83,77.83,77.83,0
1674327600000,77.83,77.83,77.83,77.83,0
1674324000000,86.42,86.42,77.83,77.83,0.038626
1674320400000,82.64,86.42,82.64,86.42,0.001357
1674316800000,77.83,82.64,77.83,82.64,0.002811
1674313200000,77.83,77.83,77.83,77.83,0.004558
1674309600000,77.83,77.83,77.83,77.83,0.003862
1674306000000,77.83,82.64,77.83,77.83,0.005952
1674302400000,82.64,82.64,76.6,77.83,0.008566
1674298800000,76.2,82.64,76.2,82.64,0.005385
1674295200000,82.64,82.64,76.2,76.2,0.016434
1674291600000,76.2,82.64,76.2,82.64,0.03237
1674288000000,82.64,82.64,76.2,76.2,0.009792
1674284400000,82.64,82.64,76.18,82.64,0.019787
1674280800000,82.64,82.64,75.75,82.64,0.025051
1674277200000,82.63,82.64,82.63,82.64,0.031845
1674273600000,85,85,82.63,82.63,0.002388
1674270000000,85,85,85,85,0.001903
1674266400000,85,85,85,85,0.000997
1674262800000,85,85,85,85,0
1674259200000,80.26,85,80.26,85,0.026629
1674255600000,77.88,80.26,77.7,80.26,0.004716
1674252000000,75.5,77.88,75.5,77.88,0.013408
1674248400000,75.5,75.5,75.5,75.5,0.006569
1674244800000,75.5,75.5,75.5,75.5,0.015601
1674241200000,76.25,80.25,75.5,75.5,0.014092
1674237600000,77,77,76.25,76.25,0.00297
1674234000000,77,77,77,77,0.011362
1674230400000,77,77,77,77,0.006573
1674226800000,77,77,77,77,0.004302
1674223200000,75,77,75,77,0.004145
1674219600000,77,77,75,75,0.008192
1674216000000,77,77,75,77,0.015708
1674212400000,77,77,77,77,0.000952
1674208800000,77,77,75.5,77,0.033723
1674205200000,77,77,76.71,77,0.014238
1674201600000,77,77,77,77,0.033886
1674198000000,77,77,77,77,0.580573
1674194400000,77,85,77,77,0.007183
1674190800000,85,85,77,77,0.011053
1674187200000,80.19,85,77,85,0.034089
1674183600000,77,85,77,80.19,0.02794
1674180000000,85,85,77,77,0.003873
1674176400000,77,85,77,85,0.004848
1674172800000,85,85,77,77,0.003592
1674169200000,85,85,85,85,0.007385
1674165600000,85,85,77,85,0.0109
1674162000000,85,85,77,85,0.020171
1674158400000,77,85,77,85,0.009327
1674154800000,85,85,77,77,0.013205
1674151200000,77,85,77,85,0.019088
1674147600000,77,85,77,77,0.029468
1674144000000,85,85,77,77,0.001665
1674140400000,77,85,77,85,0.021915
1674136800000,79,79,77,77,9.817104
1674133200000,78,85,77,79,13.107362
1674129600000,78,85,78,78,0.01214
1674126000000,78,78,78,78,0.01219
1674122400000,85,85,78,78,51.799223
1674118800000,84,85,78.1,85,0.022793
1674115200000,84,84,84,84,0
1674111600000,84,84,84,84,0
1674108000000,78.1,84,78.1,84,0.001149
1674104400000,84,84,78.1,78.1,0.003035
1674100800000,84,84,84,84,0.003291
1674097200000,78,84,78,84,12.951961
1674093600000,84,84,78,78,0.00441
1674090000000,78,84,78,84,0.020695
1674086400000,78,81,78,78,0.005941
1674082800000,78,78,78,78,0.003435
1674079200000,84,84,78,78,0.004321
1674075600000,86,86,84,84,0.019565
1674072000000,86,86,86,86,0
1674068400000,86,86,86,86,0
1674064800000,86,86,86,86,0
1674061200000,78,86,78,86,0.004721
1674057600000,78,86,78,78,0.097013
1674054000000,86,86,78,78,0.017116
1674050400000,86,86,86,86,0.029056
1674046800000,78,86,78,86,0.03086
1674043200000,86,86,78,78,0.012523
1674039600000,86,86,86,86,0
1674036000000,86,86,86,86,0
1674032400000,86,86,86,86,0
1674028800000,86,86,86,86,0
1674025200000,86,86,86,86,0
1674021600000,78,86,78,86,0.01
1674018000000,94.5,94.5,78,78,0.008707
1674014400000,100.06,100.06,94.5,94.5,0.02995
1674010800000,147,147,100.06,100.06,0.085759
1674007200000,147,147,147,147,0