1679101200000,1700,1712.56,1700,1712.56,0.023825
1679097600000,1679.33,1700,1658.27,1700,5.24729
1679094000000,1670,1679.33,1670,1679.33,0.080873
1679090400000,1660,1670,1646.7,1670,2.620723
1679086800000,1633.45,1660,1631.87,1660,0.103665
1679083200000,1633.45,1636,1632.4,1633.45,1.900767
1679079600000,1612.27,1633.45,1612.27,1633.45,0.00778
1679076000000,1613.69,1613.69,1612.27,1612.27,0.004486
1679072400000,1602.89,1619.23,1602.89,1613.69,0.054961
1679068800000,1607.95,1607.95,1602.89,1602.89,0.004494
1679065200000,1610.88,1617.43,1607.95,1607.95,0.241487
1679061600000,1633.24,1635,1606.73,1610.88,0.161041
1679058000000,1635.16,1636.09,1633.24,1633.24,0.93492
1679054400000,1650.68,1650.68,1635.16,1635.16,1.026322
1679050800000,1636.52,1650.68,1636.52,1650.68,0.289452
1679047200000,1625.36,1636.52,1620.87,1636.52,1.088138
1679043600000,1611.55,1625.36,1611.55,1625.36,0.001844
1679040000000,1607.03,1611.55,1607.03,1611.55,0.412604
1679036400000,1623.32,1627.32,1607.03,1607.03,0.985971
1679032800000,1596.62,1623.32,1596.62,1623.32,0.262032
1679029200000,1604.01,1604.01,1596.62,1596.62,0.013618
1679025600000,1604.51,1604.51,1602.22,1604.01,0.008934
1679022000000,1605.78,1605.78,1604.51,1604.51,0.009098
1679018400000,1593.6,1617.7,1593.6,1605.78,0.13381
1679014800000,1572.21,1593.6,1572.21,1593.6,0.050965
1679011200000,1527,1574.97,1527,1572.21,0.002001
1679007600000,1527,1527,1527,1527,0
1679004000000,1527,1527,1527,1527,0
1679000400000,1566.66,1566.66,1527,1527,0.238017
1678996800000,1581.83,1581.83,1566.66,1566.66,0.105548
1678993200000,1560.51,1581.83,1560.51,1581.83,0.160554
1678989600000,1560.85,1560.85,1560.51,1560.51,0.001
1678986000000,1559.44,1560.85,1559.44,1560.85,0.131923
1678982400000,1561.91,1562.24,1559.44,1559.44,0.008915
1678978800000,1570.77,1570.77,1559.78,1561.91,0.01213
1678975200000,1558.06,1570.77,1553.88,1570.77,1.122327
1678971600000,1556.23,1558.73,1549.76,1558.06,2.607799
1678968000000,1561.32,1566.12,1556.23,1556.23,25.467462
1678964400000,1561.32,1561.32,1561.32,1561.32,0
1678960800000,1558.58,1561.32,1556.75,1561.32,11.910298
1678957200000,1549.66,1558.58,1539.28,1558.58,0.022951
1678953600000,1554.7,1554.7,1547.16,1549.66,0.120707
1678950000000,1544.76,1554.7,1544.76,1554.7,0.013387
1678946400000,1541.64,1548.09,1541.64,1544.76,0.00892
1678942800000,1542.42,1542.42,1541.64,1541.64,0.004455
1678939200000,1544.25,1544.25,1542.42,1542.42,0.004584
1678935600000,1552.49,1552.49,1544.25,1544.25,0.013756
1678932000000,1538.62,1552.49,1538.62,1552.49,0.10458
1678928400000,1550.06,1550.06,1538.22,1538.62,0.377333
1678924800000,1550.06,1550.06,1550.06,1550.06,0
1678921200000,1551.22,1551.22,1549.43,1550.06,0.153287
1678917600000,1560,1560,1551.22,1551.22,0.013793
1678914000000,1544.7,1560,1544.7,1560,0.025771
1678910400000,1543.8,1544.7,1543.8,1544.7,0.048472
1678906800000,1543.05,1554.34,1543.05,1543.8,3.447135
1678903200000,1526.53,1544.21,1526.53,1543.05,0.146453
1678899600000,1523.28,1534.34,1523.28,1526.53,0.187953
1678896000000,1541.05,1542.89,1523.28,1523.28,0.130818
1678892400000,1557.11,1581.82,1539.14,1541.05,24.079485
1678888800000,1569.33,1569.33,1538.18,1557.11,0.058554
1678885200000,1561.18,1580.08,1561.18,1569.33,1.015207
1678881600000,1572.09,1580.08,1561.18,1561.18,0.08649
1678878000000,1562.06,1572.09,1550,1572.09,1.053727
1678874400000,1567.3,1571.37,1562.06,1562.06,0.045021
1678870800000,1568.88,1568.88,1567.3,1567.3,0.001912
1678867200000,1573.03,1573.03,1568.88,1568.88,0.11837
1678863600000,1569.27,1573.03,1569.27,1573.03,0.212365
1678860000000,1569.2,1569.27,1569.2,1569.27,0.006397
1678856400000,1569.2,1569.2,1569.2,1569.2,0
1678852800000,1569.2,1569.2,1569.2,1569.2,0
1678849200000,1584.6,1584.6,1569.2,1569.2,0.015327
1678845600000,1584.6,1584.6,1584.6,1584.6,0
1678842000000,1574.37,1584.6,1574.37,1584.6,0.058126
1678838400000,1574.37,1574.37,1574.37,1574.37,0
1678834800000,1570.08,1575.03,1570.08,1574.37,1.43
1678831200000,1570.08,1570.08,1570.08,1570.08,0
1678827600000,1577.04,1577.04,1538.68,1570.08,2.466801
1678824000000,1580,1590.54,1577.04,1577.04,0.051286
1678820400000,1600.03,1600.03,1565.6,1580,0.35658
1678816800000,1630.97,1630.97,1600.03,1600.03,0.103627
1678813200000,1641.62,1641.62,1630.72,1630.97,0.029279
1678809600000,1641.62,1641.62,1641.62,1641.62,0
1678806000000,1641.62,1641.62,1641.62,1641.62,0
1678802400000,1615,1673.99,1605.76,1641.62,61.489277
1678798800000,1613.56,1632.68,1613.56,1615,5.0393
1678795200000,1568.54,1613.56,1566.98,1613.56,0.88537
1678791600000,1559.92,1568.54,1559.92,1568.54,2.003003
1678788000000,1556.66,1562.08,1554.75,1559.92,0.065871
1678784400000,1558.23,1558.23,1553.46,1556.66,0.033093
1678780800000,1559.92,1559.92,1541.01,1558.23,0.691785
1678777200000,1562.4,1564.79,1559.92,1559.92,0.159591
1678773600000,1557.28,1563.61,1557.28,1562.4,0.515741
1678770000000,1560.1,1580,1557.28,1557.28,1.802506
1678766400000,1560.1,1560.1,1560.1,1560.1,0
1678762800000,1560.1,1560.1,1560.1,1560.1,0
1678759200000,1560.1,1560.1,1560.1,1560.1,0
1678755600000,1558.14,1562.28,1558.14,1560.1,0.323
1678752000000,1558.14,1558.14,1558.14,1558.14,0
1678748400000,1565.81,1565.81,1555.43,1558.14,0.62981
1678744800000,1586.31,1586.31,1554.99,1565.81,1.246
1678741200000,1551.1,1586.31,1551.1,1586.31,0.003763
1678737600000,1558.68,1562.35,1551.1,1551.1,0.280257
1678734000000,1558.68,1558.68,1558.68,1558.68,0
1678730400000,1554.57,1559.8,1554.57,1558.68,0.83504
1678726800000,1559.92,1559.92,1541.01,1554.57,0.098525
1678723200000,1560.55,1561.1,1555.32,1559.92,1.391798
1678719600000,1530.88,1566.04,1530.88,1560.55,0.448542
1678716000000,1487.19,1531.75,1487.19,1530.88,5.668549
1678712400000,1476.95,1487.19,1476.95,1487.19,0.659092
1678708800000,1476.95,1476.95,1476.95,1476.95,0
1678705200000,1470.71,1479,1470.71,1476.95,0.465349
1678701600000,1467.84,1473.52,1465.58,1470.71,0.021539
1678698000000,1482.52,1489.5,1467.84,1467.84,0.977604
1678694400000,1498.76,1500.25,1482.52,1482.52,3.459039
1678690800000,1494.74,1498.76,1494,1498.76,30.31
1678687200000,1492.5,1495,1491.41,1494.74,9.688
1678683600000,1491.3,1494.26,1491.3,1492.5,8.889813
1678680000000,1491.3,1495.75,1490.95,1491.3,0.628002
1678676400000,1491.3,1491.3,1491.3,1491.3,0
1678672800000,1509.13,1509.13,1491.3,1491.3,0.005323
1678669200000,1516.06,1516.06,1508.94,1509.13,0.013976
1678665600000,1474.4,1516.06,1474.4,1516.06,0.453237
1678662000000,1468.53,1479.18,1468.53,1474.4,0.215143
1678658400000,1453.45,1495,1439.3,1468.53,37.543003
1678654800000,1452.9,1453.45,1448.71,1453.45,5.224
1678651200000,1435.26,1452.9,1431.82,1452.9,1.746733
1678647600000,1454.64,1454.64,1435.06,1435.26,0.337445
1678644000000,1429.4,1454.64,1429.4,1454.64,0.469973
1678640400000,1381.95,1439.69,1369,1429.4,13.627494
1678636800000,1397,1397,1380.93,1381.95,6.81302
1678633200000,1397,1397,1397,1397,0.325526
1678629600000,1377.68,1397,1377.68,1397,0.019529
1678626000000,1447.71,1447.71,1377.68,1377.68,0.008074
1678622400000,1448.54,1448.54,1375.69,1447.71,0.02634
1678618800000,1448.54,1448.54,1448.54,1448.54,0.673781
1678615200000,1448.54,1448.54,1448.54,1448.54,0.002069
1678611600000,1378.22,1448.54,1378.22,1448.54,0.002069
1678608000000,1378.22,1378.22,1378.22,1378.22,0
1678604400000,1382.97,1382.97,1378.22,1378.22,0.753602
1678600800000,1386.4,1386.4,1381.2,1382.97,0.005656
1678597200000,1384.92,1391.56,1384.92,1386.4,0.257762
1678593600000,1384.92,1384.92,1384.92,1384.92,0
1678590000000,1500,1500,1384.92,1384.92,0.0035
1678586400000,1500,1500,1500,1500,0
1678582800000,1383.67,1500,1383.67,1500,0.00254
1678579200000,1499.99,1499.99,1383.67,1383.67,0.094521
1678575600000,1499.99,1499.99,1499.99,1499.99,0
1678572000000,1386.93,1499.99,1381.24,1499.99,1.771181
1678568400000,1385.96,1386.93,1385.96,1386.93,0.034
1678564800000,1372.91,1385.96,1372.91,1385.96,0.00318
1678561200000,1373.29,1373.29,1367.83,1372.91,0.16584
1678557600000,1367.38,1373.94,1367.38,1373.29,0.360538
1678554000000,1356.73,1444.37,1356.73,1367.38,1.309342
1678550400000,1354,1453.65,1354,1356.73,0.045243
1678546800000,1354,1354,1354,1354,0.004465
1678543200000,1348.16,1354,1347.89,1354,2.168381
1678539600000,1440.49,1440.49,1348.16,1348.16,1.095291
1678536000000,1347.4,1453.64,1347.4,1440.49,0.142044
1678532400000,1347.4,1347.4,1347.4,1347.4,0
1678528800000,1446.79,1500,1347.4,1347.4,2.192344
1678525200000,1452.66,1452.66,1446.79,1446.79,0.135485
1678521600000,1388.18,1469.03,1388.18,1452.66,0.054765
1678518000000,1333,1461.25,1333,1388.18,0.028396
1678514400000,1333,1333,1333,1333,0
1678510800000,1333,1333,1333,1333,0
1678507200000,1365.48,1365.48,1333,1333,0.004677
1678503600000,1365.48,1365.48,1365.48,1365.48,0
1678500000000,1365.48,1365.48,1365.48,1365.48,0
1678496400000,1349,1365.48,1349,1365.48,0.091865
1678492800000,1300.32,1349,1300.32,1349,7.310279
1678489200000,1300.32,1300.32,1300.32,1300.32,0
1678485600000,1332.95,1332.95,1300.32,1300.32,0.041885
1678482000000,1332.95,1332.95,1332.95,1332.95,0
1678478400000,1326.78,1332.95,1326.78,1332.95,0.375285
1678474800000,1321.82,1326.78,1321.82,1326.78,0.541524
1678471200000,1321,1321.82,1321,1321.82,0.01507
1678467600000,1324.57,1324.57,1321,1321,0.0757
1678464000000,1320,1338.66,1320,1324.57,0.081915
1678460400000,1306.73,1320,1306.73,1320,0.136993
1678456800000,1344.77,1344.77,1293.59,1306.73,0.348893
1678453200000,1308,1344.77,1308,1344.77,0.71051
1678449600000,1300,1308,1300,1308,3.857944
1678446000000,1300,1300,1300,1300,0
1678442400000,1315.04,1315.35,1300,1300,2.189718
1678438800000,1321.5,1321.5,1315.04,1315.04,0.016858
1678435200000,1321.5,1321.5,1321.5,1321.5,0
1678431600000,1331.8,1331.8,1310.68,1321.5,0.575343
1678428000000,1332.58,1332.58,1331.8,1331.8,0.007501
1678424400000,1325,1332.58,1325,1332.58,0.147087
1678420800000,1325,1325,1325,1325,0
1678417200000,1325,1325,1325,1325,0
1678413600000,1325,1325,1325,1325,0
1678410000000,1345,1345,1325,1325,0.030188
1678406400000,1345,1345,1345,1345,0
1678402800000,1345,1345,1345,1345,0
1678399200000,1345,1345,1345,1345,0
1678395600000,1327.94,1345,1327.94,1345,0.561385
1678392000000,1393.1,1393.42,1327.94,1327.94,1.033331
1678388400000,1424.92,1424.92,1393.1,1393.1,16.25825
1678384800000,1444,1444,1424.92,1424.92,0.486697
1678381200000,1444,1444,1444,1444,0
1678377600000,1455,1455.8,1444,1444,0.020785
1678374000000,1455,1455,1455,1455,0
1678370400000,1455,1455,1455,1455,0
1678366800000,1454.23,1455,1450.86,1455,2.949926
1678363200000,1453.69,1454.23,1453.42,1454.23,2.008953
1678359600000,1453.11,1453.69,1453.11,1453.69,0.674872
1678356000000,1454.16,1454.16,1451.84,1453.11,2.728783
1678352400000,1454.16,1454.16,1454.16,1454.16,0
1678348800000,1459.58,1459.58,1454.16,1454.16,0.421989
1678345200000,1465.31,1465.31,1459.58,1459.58,0.02735
1678341600000,1465.31,1465.31,1465.31,1465.31,0
1678338000000,1465.31,1465.31,1465.31,1465.31,0
1678334400000,1465.31,1465.31,1465.31,1465.31,0
1678330800000,1460.07,1465.31,1460.07,1465.31,0.001
1678327200000,1460.07,1460.07,1460.07,1460.07,0
1678323600000,1462.13,1462.13,1460.07,1460.07,0.001
1678320000000,1462.13,1462.13,1462.13,1462.13,0
1678316400000,1474,1474,1462.13,1462.13,0.015707
1678312800000,1474,1474,1474,1474,0
1678309200000,1479.6,1479.6,1474,1474,0.006501
1678305600000,1483.16,1483.16,1472.84,1479.6,1.048457
1678302000000,1483.16,1483.16,1483.16,1483.16,0
1678298400000,1483.16,1483.16,1483.16,1483.16,0
1678294800000,1483.16,1483.16,1483.16,1483.16,0
1678291200000,1482.08,1483.16,1482.08,1483.16,0.2
1678287600000,1469.99,1482.08,1469.99,1482.08,0.429712
1678284000000,1473.6,1473.6,1469.99,1469.99,1.714017
1678280400000,1475.21,1475.71,1473.6,1473.6,7.001106
1678276800000,1482.99,1482.99,1475.21,1475.21,2.425817
1678273200000,1480.31,1482.99,1480.31,1482.99,0.865667
1678269600000,1477.24,1481.39,1477.24,1480.31,1.013148
1678266000000,1477.24,1477.24,1477.24,1477.24,0
1678262400000,1474.8,1477.24,1474.8,1477.24,0.130334
1678258800000,1484.47,1484.47,1474.8,1474.8,0.027068
1678255200000,1484.47,1484.47,1484.47,1484.47,0
1678251600000,1484.47,1484.47,1484.47,1484.47,0
1678248000000,1484.47,1484.47,1484.47,1484.47,0
1678244400000,1471.75,1484.47,1471.75,1484.47,0.1
1678240800000,1471.75,1471.75,1471.75,1471.75,0
1678237200000,1471.75,1471.75,1471.75,1471.75,0
1678233600000,1471.75,1471.75,1471.75,1471.75,0
1678230000000,1471.75,1471.75,1471.75,1471.75,0
1678226400000,1471.75,1471.75,1471.75,1471.75,0
1678222800000,1471.75,1471.75,1471.75,1471.75,0
1678219200000,1473,1473,1471.08,1471.75,0.34146
1678215600000,1472.56,1473,1472.56,1473,0.067638
1678212000000,1472.56,1472.56,1472.56,1472.56,0
1678208400000,1470.94,1472.56,1470.94,1472.56,0.006799
1678204800000,1465.59,1479.53,1465.59,1470.94,25.962705
1678201200000,1471.27,1471.27,1447.79,1465.59,6.078005
1678197600000,1471.4,1471.4,1471.27,1471.27,0.083772
1678194000000,1471.4,1471.4,1471.4,1471.4,0
1678190400000,1471.4,1471.4,1471.4,1471.4,0
1678186800000,1470.87,1471.4,1470.33,1471.4,0.171885
1678183200000,1470.87,1470.87,1470.87,1470.87,0
1678179600000,1474,1474,1470.87,1470.87,0.005593
1678176000000,1474.15,1475.07,1473.13,1474,1.366418
1678172400000,1476.66,1476.66,1474.15,1474.15,0.02708
1678168800000,1476.66,1476.66,1476.66,1476.66,0
1678165200000,1476.66,1476.66,1476.66,1476.66,0
1678161600000,1480.19,1480.19,1476.66,1476.66,0.510088
1678158000000,1474.98,1480.19,1474.98,1480.19,0.598606
1678154400000,1474.98,1474.98,1474.98,1474.98,0
1678150800000,1468.34,1475.8,1468.34,1474.98,1.246508
1678147200000,1468.34,1468.34,1468.34,1468.34,0
1678143600000,1468.34,1468.34,1468.34,1468.34,0
1678140000000,1468.34,1468.34,1468.34,1468.34,0
1678136400000,1468.34,1468.34,1468.34,1468.34,0
1678132800000,1469.79,1469.88,1468.34,1468.34,1.236299
1678129200000,1477.83,1477.83,1469.79,1469.79,1.409644
1678125600000,1477.09,1477.83,1477.09,1477.83,0.261911
1678122000000,1477.09,1477.09,1477.09,1477.09,0
1678118400000,1477.09,1477.09,1477.09,1477.09,0.02423
1678114800000,1478.4,1478.49,1475.52,1477.09,0.430598
1678111200000,1478.39,1478.4,1475.84,1478.4,33.695463
1678107600000,1474.81,1478.39,1474.42,1478.39,0.005716
1678104000000,1473.19,1474.81,1473.19,1474.81,1.031648
1678100400000,1478.8,1478.8,1472.89,1473.19,1.45462
1678096800000,1474.73,1478.8,1474.73,1478.8,0.530193
1678093200000,1471.14,1475.48,1471.14,1474.73,0.041354
1678089600000,1473.16,1473.16,1470.3,1471.14,0.044453
1678086000000,1473.55,1473.8,1473.16,1473.16,2.400897
1678082400000,1467.4,1474.23,1467.4,1473.55,1.641244
1678078800000,1473.64,1473.64,1467.29,1467.4,0.046748
1678075200000,1473.64,1473.64,1473.64,1473.64,0
1678071600000,1474.03,1474.08,1473.64,1473.64,0.273054
1678068000000,1477.16,1477.16,1471.09,1474.03,2.735103
1678064400000,1477.16,1477.16,1477.16,1477.16,0
1678060800000,1477.16,1477.16,1477.16,1477.16,0
1678057200000,1476.64,1477.32,1474.45,1477.16,1.086703
1678053600000,1476.64,1476.64,1476.64,1476.64,0
1678050000000,1477.18,1477.75,1476.64,1476.64,1.004058
1678046400000,1477.18,1477.18,1477.18,1477.18,0
1678042800000,1481.65,1481.65,1476.87,1477.18,0.016105
1678039200000,1481.24,1481.65,1479.76,1481.65,0.600462
1678035600000,1481.24,1481.24,1481.24,1481.24,0
1678032000000,1481.24,1481.24,1481.24,1481.24,0
1678028400000,1481.24,1481.24,1481.24,1481.24,0
1678024800000,1526.92,1526.92,1481.24,1481.24,0.04
1678021200000,1480.6,1573.79,1480.6,1526.92,0.666816
1678017600000,1480.6,1480.6,1480.6,1480.6,0
1678014000000,1480.6,1480.6,1480.6,1480.6,0
1678010400000,1480.6,1480.6,1480.6,1480.6,0
1678006800000,1480.25,1480.6,1480.25,1480.6,0.032251
1678003200000,1483.52,1483.52,1480.25,1480.25,0.016872
1677999600000,1483.52,1483.52,1483.52,1483.52,0
1677996000000,1469,1483.52,1469,1483.52,0.001
1677992400000,1469,1469,1469,1469,0
1677988800000,1469,1469,1469,1469,0
1677985200000,1469,1469,1469,1469,0
1677981600000,1486.72,1486.72,1469,1469,0.083431
1677978000000,1468.25,1486.72,1468.25,1486.72,0.030973
1677974400000,1468.25,1468.25,1468.25,1468.25,0
1677970800000,1468.25,1468.25,1468.25,1468.25,0
1677967200000,1470.87,1470.87,1468.25,1468.25,1.136101
1677963600000,1469.17,1471.17,1466.33,1470.87,1.357119
1677960000000,1472.24,1472.24,1464.43,1469.17,0.563277
1677956400000,1475.67,1475.67,1472.24,1472.24,0.014285
1677952800000,1475.67,1475.67,1475.67,1475.67,0
1677949200000,1475.67,1475.67,1475.67,1475.67,0
1677945600000,1475.45,1475.67,1475.24,1475.67,0.099038
1677942000000,1480.2,1480.2,1475.38,1475.45,0.46645
1677938400000,1481.26,1481.26,1479.39,1480.2,0.993304
1677934800000,1481.26,1481.26,1481.26,1481.26,0
1677931200000,1480.75,1481.26,1480.75,1481.26,0.059121
1677927600000,1480.5,1481.14,1480.17,1480.75,1.447996
1677924000000,1480.5,1480.5,1480.5,1480.5,0
1677920400000,1481.2,1481.64,1479.2,1480.5,15.345871
1677916800000,1481.2,1481.2,1481.2,1481.2,0
1677913200000,1481.2,1481.2,1481.2,1481.2,0
1677909600000,1481.04,1481.2,1480.21,1481.2,6.617582
1677906000000,1481.04,1481.04,1481.04,1481.04,0
1677902400000,1481.04,1481.04,1481.04,1481.04,0
1677898800000,1481.04,1481.04,1481.04,1481.04,0
1677895200000,1481.04,1481.04,1481.04,1481.04,0
1677891600000,1474.23,1481.04,1474.23,1481.04,0.001
1677888000000,1474.23,1474.23,1474.23,1474.23,0
1677884400000,1462.11,1474.23,1462.11,1474.23,0.003643
1677880800000,1462.11,1462.11,1462.11,1462.11,0.001238
1677877200000,1474.66,1474.66,1462.11,1462.11,0.308123
1677873600000,1469.69,1474.66,1469.69,1474.66,0.002032
1677870000000,1469.69,1469.69,1469.69,1469.69,0
1677866400000,1483.7,1483.7,1469.69,1469.69,0.030424
1677862800000,1480,1483.7,1480,1483.7,0.060417
1677859200000,1484.55,1484.55,1480,1480,0.002527
1677855600000,1484.55,1484.55,1484.55,1484.55,0
1677852000000,1477.26,1487.74,1477.26,1484.55,0.0172
1677848400000,1477.26,1477.26,1477.26,1477.26,0
1677844800000,1476.51,1477.26,1476,1477.26,8.076245
1677841200000,1479.01,1479.01,1476.51,1476.51,0.066785
1677837600000,1482.44,1482.44,1479.01,1479.01,0.140647
1677834000000,1480.5,1483.8,1480.5,1482.44,66.763324
1677830400000,1478,1553.88,1478,1480.5,0.743178
1677826800000,1478,1478,1478,1478,0
1677823200000,1476.64,1478,1476.19,1478,0.073749
1677819600000,1476.64,1476.64,1476.64,1476.64,0
1677816000000,1476.64,1476.64,1476.64,1476.64,0
1677812400000,1476.64,1476.64,1476.64,1476.64,0
1677808800000,1465.57,1476.64,1465.57,1476.64,0.006165
1677805200000,1557.63,1557.63,1459.1,1465.57,1.073438
1677801600000,1557.63,1557.63,1557.63,1557.63,0
1677798000000,1557.63,1557.63,1557.63,1557.63,0
1677794400000,1557.63,1557.63,1557.63,1557.63,0
1677790800000,1557.63,1557.63,1557.63,1557.63,0
1677787200000,1546.88,1559.07,1546.88,1557.63,0.092922
1677783600000,1546.88,1546.88,1546.88,1546.88,0
1677780000000,1538.84,1546.88,1538.84,1546.88,2.261749
1677776400000,1539.37,1539.37,1537.79,1538.84,2.015415
1677772800000,1539.37,1539.37,1539.37,1539.37,0
1677769200000,1533.54,1539.37,1533.54,1539.37,0.001
1677765600000,1548.39,1548.39,1529.54,1533.54,2.081092
1677762000000,1548.39,1548.39,1548.39,1548.39,0
1677758400000,1548.53,1548.53,1548.39,1548.39,0.008404
1677754800000,1545.28,1548.53,1544.97,1548.53,7.547311
1677751200000,1547.6,1547.6,1545.28,1545.28,0.23
1677747600000,1547.6,1547.6,1547.6,1547.6,0
1677744000000,1547.93,1547.93,1547.6,1547.6,0.00323
1677740400000,1554.22,1554.22,1545.03,1547.93,0.056688
1677736800000,1554.22,1554.22,1554.22,1554.22,0
1677733200000,1554.22,1554.22,1554.22,1554.22,0
1677729600000,1554.22,1554.22,1554.22,1554.22,0
1677726000000,1554.22,1554.22,1554.22,1554.22,0
1677722400000,1554.22,1554.22,1554.22,1554.22,0
1677718800000,1540.21,1554.22,1540.21,1554.22,0.013735
1677715200000,1540.21,1540.21,1540.21,1540.21,0
1677711600000,1540.21,1540.21,1540.21,1540.21,0
1677708000000,1540.21,1540.21,1540.21,1540.21,0
1677704400000,1551.24,1551.24,1540.21,1540.21,0.003147
1677700800000,1551.24,1551.24,1551.24,1551.24,0
1677697200000,1554.93,1554.93,1551.24,1551.24,1.104702
1677693600000,1555.58,1555.58,1554.93,1554.93,0.062071
1677690000000,1544.28,1555.58,1544.28,1555.58,0.001132
1677686400000,1557.4,1557.4,1544.28,1544.28,0.013929
1677682800000,1563.28,1563.28,1553.88,1557.4,0.179074
1677679200000,1553.37,1563.28,1553.37,1563.28,0.04
1677675600000,1553.37,1553.37,1553.37,1553.37,0
1677672000000,1551.44,1553.37,1551.44,1553.37,0.030746
1677668400000,1551.44,1551.44,1551.44,1551.44,0
1677664800000,1555.48,1555.48,1551.44,1551.44,0.013789
1677661200000,1558.44,1558.44,1555.48,1555.48,0.001927
1677657600000,1557.52,1558.44,1557.52,1558.44,0.004
1677654000000,1560.93,1562.06,1557.52,1557.52,0.031362
1677650400000,1511.38,1560.93,1511.38,1560.93,0.001
1677646800000,1511.38,1511.38,1511.38,1511.38,0
1677643200000,1511.38,1511.38,1511.38,1511.38,0
1677639600000,1511.38,1511.38,1511.38,1511.38,0
1677636000000,1511.38,1511.38,1511.38,1511.38,0
1677632400000,1511.38,1511.38,1511.38,1511.38,0
1677628800000,1523.3,1523.3,1511.38,1511.38,0.01991
1677625200000,1511.39,1523.3,1511.39,1523.3,0.005386
1677621600000,1532.47,1586.3,1511.39,1511.39,0.30487
1677618000000,1539.77,1539.77,1532.47,1532.47,0.014164
1677614400000,1540,1540.87,1537.56,1539.77,3.003239
1677610800000,1544.68,1544.68,1540,1540,0.032369
1677607200000,1544.68,1544.68,1544.68,1544.68,0
1677603600000,1544.68,1544.68,1544.68,1544.68,0
1677600000000,1544.68,1544.68,1544.68,1544.68,0
1677596400000,1540.48,1544.68,1540.48,1544.68,0.013816
1677592800000,1540.48,1540.48,1540.48,1540.48,0
1677589200000,1544.4,1544.4,1540.48,1540.48,0.1
1677585600000,1537,1544.4,1537,1544.4,0.069252
1677582000000,1537.29,1537.29,1535.99,1537,5.131335
1677578400000,1530.47,1537.29,1530.39,1537.29,1.999483
1677574800000,1530.78,1530.78,1530.47,1530.47,0.019111
1677571200000,1538.52,1538.52,1530.78,1530.78,0.014198
1677567600000,1542.02,1542.02,1537.81,1538.52,1.640959
1677564000000,1544.98,1544.98,1541.42,1542.02,0.983831
1677560400000,1544.98,1544.98,1544.98,1544.98,0
1677556800000,1544.98,1544.98,1544.98,1544.98,0
1677553200000,1543.51,1544.98,1543.51,1544.98,0.039
1677549600000,1543.51,1543.51,1543.51,1543.51,0
1677546000000,1543.51,1543.51,1543.51,1543.51,0
1677542400000,1543.51,1543.51,1543.51,1543.51,0
1677538800000,1543.51,1543.51,1543.51,1543.51,0
1677535200000,1526.67,1544.98,1526.67,1543.51,0.017194
1677531600000,1526.67,1526.67,1526.67,1526.67,0
1677528000000,1533.37,1533.37,1526.67,1526.67,0.001963
1677524400000,1533.37,1533.37,1533.37,1533.37,0
1677520800000,1546.99,1546.99,1533.37,1533.37,0.014146
1677517200000,1541.93,1546.99,1541.93,1546.99,0.011459
1677513600000,1561.07,1561.07,1540.08,1541.93,0.03477
1677510000000,1568.07,1568.07,1561.07,1561.07,0.013605
1677506400000,1574,1574,1561.15,1568.07,4.906607
1677502800000,1556.65,1574,1556.65,1574,1.00049
1677499200000,1556.65,1556.65,1556.65,1556.65,0
1677495600000,1555.47,1556.65,1555.47,1556.65,0.106081
1677492000000,1555.47,1555.47,1555.47,1555.47,0
1677488400000,1552.03,1555.47,1551.78,1555.47,1.637024
1677484800000,1548.64,1552.03,1548.64,1552.03,0.025721
1677481200000,1548.64,1548.64,1548.64,1548.64,0
1677477600000,1548.64,1548.64,1548.64,1548.64,0
1677474000000,1548.64,1548.64,1548.64,1548.64,0
1677470400000,1548.64,1548.64,1548.64,1548.64,0
1677466800000,1548.64,1548.64,1548.64,1548.64,0
1677463200000,1548.64,1548.64,1548.64,1548.64,0
1677459600000,1548.64,1548.64,1548.64,1548.64,0
1677456000000,1548.64,1548.64,1548.64,1548.64,0
1677452400000,1548.64,1548.64,1548.64,1548.64,0
1677448800000,1566.45,1566.45,1548.64,1548.64,0.013843
1677445200000,1566.45,1566.45,1566.45,1566.45,0
1677441600000,1548.66,1566.45,1548.66,1566.45,0.041931
1677438000000,1523.94,1548.66,1523.94,1548.66,0.205924
1677434400000,1523.94,1523.94,1523.94,1523.94,0
1677430800000,1523.94,1523.94,1523.94,1523.94,0
1677427200000,1522.9,1525.6,1522.9,1523.94,0.43743
1677423600000,1523.37,1523.37,1522.9,1522.9,0.117
1677420000000,1538.91,1538.91,1523.37,1523.37,0.001
1677416400000,1518.06,1538.91,1518.05,1538.91,0.031795
1677412800000,1518.06,1518.06,1518.06,1518.06,0
1677409200000,1518.06,1518.06,1518.06,1518.06,0
1677405600000,1519.02,1523.39,1518.05,1518.06,0.012967
1677402000000,1519.02,1519.02,1519.02,1519.02,0
1677398400000,1521.01,1521.01,1519.02,1519.02,0.016442
1677394800000,1521.01,1521.01,1521.01,1521.01,0
1677391200000,1521.01,1521.01,1521.01,1521.01,0
1677387600000,1521.01,1521.01,1521.01,1521.01,0
1677384000000,1521.01,1521.01,1521.01,1521.01,0
1677380400000,1521.01,1521.01,1521.01,1521.01,0
1677376800000,1504.71,1521.01,1504.71,1521.01,0.04
1677373200000,1504.71,1504.71,1504.71,1504.71,0
1677369600000,1504.71,1504.71,1504.71,1504.71,0
1677366000000,1504.71,1504.71,1504.71,1504.71,0
1677362400000,1504.71,1504.71,1504.71,1504.71,0
1677358800000,1504.71,1504.71,1504.71,1504.71,0
1677355200000,1514.67,1514.67,1504.71,1504.71,0.001992
1677351600000,1514.67,1514.67,1514.67,1514.67,0
1677348000000,1517.7,1518.31,1514.67,1514.67,0.03725
1677344400000,1517.7,1517.7,1517.7,1517.7,0
1677340800000,1517.7,1517.7,1517.7,1517.7,0
1677337200000,1517.7,1517.7,1517.7,1517.7,0
1677333600000,1518.8,1518.8,1517.7,1517.7,0.258307
1677330000000,1519.64,1519.64,1518.8,1518.8,0.1
1677326400000,1518.01,1519.64,1518.01,1519.64,0.049255
1677322800000,1518.01,1518.01,1518.01,1518.01,0
1677319200000,1526.69,1526.69,1518.01,1518.01,0.026298
1677315600000,1526.69,1526.69,1526.69,1526.69,0
1677312000000,1520.6,1526.69,1520.6,1526.69,0.031284
1677308400000,1566.44,1566.44,1520.6,1520.6,0.001
1677304800000,1566.44,1566.44,1566.44,1566.44,0
1677301200000,1566.44,1566.44,1566.44,1566.44,0
1677297600000,1566.44,1566.44,1566.44,1566.44,0
1677294000000,1566.44,1566.44,1566.44,1566.44,0
1677290400000,1566.44,1566.44,1566.44,1566.44,0
1677286800000,1566.44,1566.44,1566.44,1566.44,0
1677283200000,1522.31,1566.44,1522.31,1566.44,15.581083
1677279600000,1522.31,1522.31,1522.31,1522.31,0
1677276000000,1527.4,1527.4,1517.21,1522.31,0.630477
1677272400000,1528.82,1528.82,1524.74,1527.4,25.669689
1677268800000,1522.65,1534.19,1522.65,1528.82,1.957078
1677265200000,1513.02,1522.65,1513.02,1522.65,0.692355
1677261600000,1500,1513.02,1500,1513.02,0.031558
1677258000000,1500,1500,1500,1500,0
1677254400000,1522.31,1522.31,1500,1500,1.148143
1677250800000,1561.46,1561.46,1522.31,1522.31,0.030926
1677247200000,1561.46,1561.46,1561.46,1561.46,0
1677243600000,1561.46,1561.46,1561.46,1561.46,0
1677240000000,1559.27,1561.46,1559.27,1561.46,0.963361
1677236400000,1560.85,1560.85,1559.15,1559.27,0.00621
1677232800000,1560.55,1560.85,1555,1560.85,3.023896
1677229200000,1558.26,1563.61,1558.26,1560.55,0.01632
1677225600000,1558.26,1558.26,1558.26,1558.26,0
1677222000000,1557.57,1558.26,1557.57,1558.26,0.025618
1677218400000,1553.74,1557.57,1551.85,1557.57,1.641732
1677214800000,1558.63,1558.63,1553.74,1553.74,0.013744
1677211200000,1558.63,1558.63,1558.63,1558.63,0
1677207600000,1560.01,1560.01,1558.63,1558.63,0.008024
1677204000000,1560.01,1560.01,1560.01,1560.01,0
1677200400000,1560.01,1560.01,1560.01,1560.01,0
1677196800000,1560.01,1560.01,1560.01,1560.01,0
1677193200000,1574,1574,1558.21,1560.01,0.128699
1677189600000,1561.46,1574,1561.46,1574,0.001
1677186000000,1561.46,1561.46,1561.46,1561.46,0
1677182400000,1561.53,1561.53,1561.46,1561.46,0.001919
1677178800000,1555.58,1562.34,1554.34,1561.53,0.27966
1677175200000,1559.99,1559.99,1555.58,1555.58,0.096154
1677171600000,1560.23,1560.23,1559.99,1559.99,4.819
1677168000000,1565.68,1565.68,1560.23,1560.23,0.045086
1677164400000,1556.5,1565.68,1556.5,1565.68,0.117936
1677160800000,1556.5,1556.5,1556.5,1556.5,0
1677157200000,1551.55,1569.27,1551.55,1556.5,0.053692
1677153600000,1544.09,1551.55,1544.09,1551.55,0.555119
1677150000000,1575.84,1575.84,1544.09,1544.09,0.054615
1677146400000,1576.18,1576.18,1572.91,1575.84,2.186398
1677142800000,1576.18,1576.18,1576.18,1576.18,0
1677139200000,1573.71,1576.18,1573.71,1576.18,0.3
1677135600000,1574.13,1574.13,1572.91,1573.71,2.181
1677132000000,1574.13,1574.13,1574.13,1574.13,0
1677128400000,1574.13,1574.13,1574.13,1574.13,0
1677124800000,1574.13,1574.13,1574.13,1574.13,0
1677121200000,1574.13,1574.13,1574.13,1574.13,0
1677117600000,1552.17,1574.13,1552.17,1574.13,10.296135
1677114000000,1551.57,1552.17,1549.78,1552.17,0.596269
1677110400000,1550.11,1552.73,1550.11,1551.57,6.385
1677106800000,1523.46,1552.22,1523.46,1550.11,2.263348
1677103200000,1523.46,1523.46,1523.46,1523.46,0
1677099600000,1523.46,1523.46,1523.46,1523.46,0
1677096000000,1531.29,1556.95,1522.31,1523.46,0.00963
1677092400000,1514.62,1531.71,1514.62,1531.29,0.588225
1677088800000,1514.62,1514.62,1514.62,1514.62,0
1677085200000,1514.62,1514.62,1514.62,1514.62,0
1677081600000,1524.65,1524.65,1509.21,1514.62,0.254737
1677078000000,1533.4,1533.4,1520.65,1524.65,0.704161
1677074400000,1550.97,1550.97,1532.38,1533.4,0.581059
1677070800000,1548.64,1552.69,1548.64,1550.97,0.007553
1677067200000,1547,1553.72,1547,1548.64,1.243849
1677063600000,1547,1547,1547,1547,0
1677060000000,1540.86,1548.21,1540.86,1547,0.446915
1677056400000,1533.21,1540.86,1533.21,1540.86,0.355907
1677052800000,1543.6,1544.5,1533.21,1533.21,0.710437
1677049200000,1545.29,1545.29,1537.28,1543.6,0.860499
1677045600000,1545.29,1545.29,1545.29,1545.29,0
1677042000000,1545.29,1545.29,1545.29,1545.29,0
1677038400000,1552.31,1552.31,1545.29,1545.29,1.111409
1677034800000,1552.31,1552.31,1552.31,1552.31,0
1677031200000,1552.31,1552.31,1552.31,1552.31,0
1677027600000,1557.13,1559.61,1552.31,1552.31,1.206772
1677024000000,1558.11,1563,1557.13,1557.13,1.241
1677020400000,1559.45,1559.45,1555.26,1558.11,3.425208
1677016800000,1559.45,1559.45,1559.45,1559.45,0
1677013200000,1570.45,1570.45,1559.45,1559.45,0.053718
1677009600000,1575.25,1575.54,1570.45,1570.45,1.252908
1677006000000,1570.74,1576.69,1570.74,1575.25,2.737688
1677002400000,1570.74,1570.74,1570.74,1570.74,0
1676998800000,1557.61,1570.74,1557.61,1570.74,4.278634
1676995200000,1566.12,1566.15,1557.61,1557.61,1.80967
1676991600000,1574.04,1576.88,1565.41,1566.12,5.013174
1676988000000,1582.72,1582.72,1573.7,1574.04,0.036042
1676984400000,1582.72,1582.72,1582.72,1582.72,0
1676980800000,1582.72,1582.72,1582.72,1582.72,0
1676977200000,1582.72,1582.72,1582.72,1582.72,0
1676973600000,1581.73,1584.96,1580,1582.72,3.824572
1676970000000,1573.25,1581.83,1573.25,1581.73,0.380027
1676966400000,1601.26,1601.26,1573.25,1573.25,0.032173
1676962800000,1596.4,1601.26,1596.4,1601.26,0.029825
1676959200000,1596.4,1596.4,1596.4,1596.4,0
1676955600000,1596.4,1596.4,1596.4,1596.4,0
1676952000000,1599.65,1599.65,1596.4,1596.4,0.001
1676948400000,1594.65,1599.65,1594.65,1599.65,0.012904
1676944800000,1594.65,1594.65,1594.65,1594.65,0
1676941200000,1594.65,1594.65,1594.65,1594.65,0
1676937600000,1599.63,1599.63,1594.65,1594.65,0.058966
1676934000000,1599.63,1599.63,1599.63,1599.63,0
1676930400000,1599.63,1599.63,1599.63,1599.63,0
1676926800000,1604.1,1604.1,1599.61,1599.63,0.031241
1676923200000,1598.3,1604.1,1598.3,1604.1,0.001868
1676919600000,1593.96,1598.3,1593.96,1598.3,0.217217
1676916000000,1596.4,1596.4,1593.96,1593.96,0.06054
1676912400000,1596.58,1596.58,1594.4,1596.4,0.087098
1676908800000,1602.88,1602.88,1589.21,1596.58,0.212187
1676905200000,1605.98,1605.98,1602.42,1602.88,0.634258
1676901600000,1601.6,1605.98,1601.6,1605.98,5.270606
1676898000000,1601.28,1608.07,1601.28,1601.6,1.420763
1676894400000,1606.4,1607.84,1601.28,1601.28,3.484098
1676890800000,1595.66,1609.23,1595.66,1606.4,1.29
1676887200000,1595.66,1595.66,1595.66,1595.66,0
1676883600000,1587.84,1595.66,1584.65,1595.66,0.590668
1676880000000,1589.7,1591.28,1587.84,1587.84,0.989698
1676876400000,1584.47,1590.6,1584.47,1589.7,1.484681
1676872800000,1584.47,1584.47,1584.47,1584.47,0
1676869200000,1589.85,1589.85,1584.47,1584.47,0.012568
1676865600000,1554.83,1589.85,1554.83,1589.85,0.04
1676862000000,1554.83,1554.83,1554.83,1554.83,0
1676858400000,1554.83,1554.83,1554.83,1554.83,0
1676854800000,1580.8,1580.8,1554.83,1554.83,0.077991
1676851200000,1580.8,1580.8,1580.8,1580.8,0
1676847600000,1580.8,1580.8,1580.8,1580.8,0
1676844000000,1580.91,1580.91,1580.8,1580.8,0.192383
1676840400000,1581.74,1581.74,1580.8,1580.91,0.189314
1676836800000,1584.1,1584.1,1575.36,1581.74,0.435277
1676833200000,1579.96,1584.1,1579.96,1584.1,0.001
1676829600000,1574.94,1583.64,1574.94,1579.96,0.087603
1676826000000,1587.81,1587.81,1574.94,1574.94,0.026601
1676822400000,1600.57,1603.51,1587.81,1587.81,0.014725
1676818800000,1650,1650,1600.57,1600.57,0.019113
1676815200000,1588.96,1650,1588.96,1650,0.004687
1676811600000,1588.96,1588.96,1588.96,1588.96,0
1676808000000,1588.96,1588.96,1588.96,1588.96,0
1676804400000,1588.96,1588.96,1588.96,1588.96,0
1676800800000,1589.87,1589.87,1588.96,1588.96,0.015718
1676797200000,1594.69,1623.38,1589.87,1589.87,1.48346
1676793600000,1594.69,1594.69,1594.69,1594.69,0
1676790000000,1594.69,1594.69,1594.69,1594.69,0
1676786400000,1594.69,1594.69,1594.69,1594.69,0
1676782800000,1594.69,1594.69,1594.69,1594.69,0
1676779200000,1594.69,1594.69,1594.69,1594.69,0
1676775600000,1594.69,1594.69,1594.69,1594.69,0
1676772000000,1594.69,1594.69,1594.69,1594.69,0
1676768400000,1594.69,1594.69,1594.69,1594.69,0
1676764800000,1586.74,1594.69,1586.74,1594.69,0.042016
1676761200000,1586.74,1586.74,1586.74,1586.74,0
1676757600000,1581.17,1586.94,1581.17,1586.74,0.0129
1676754000000,1581.17,1581.17,1581.17,1581.17,0
1676750400000,1590.75,1590.75,1581.17,1581.17,0.015124
1676746800000,1590.75,1590.75,1590.75,1590.75,0
1676743200000,1590.75,1590.75,1590.75,1590.75,0
1676739600000,1592.48,1592.48,1590.75,1590.75,0.006891
1676736000000,1592.32,1592.86,1592.32,1592.48,0.020683
1676732400000,1592.32,1592.32,1592.32,1592.32,0
1676728800000,1593.25,1593.25,1591.39,1592.32,0.040941
1676725200000,1591.81,1593.25,1591.81,1593.25,0.002178
1676721600000,1588.98,1592.75,1585.71,1591.81,0.344268
1676718000000,1586.04,1589.38,1586.04,1588.98,1.589865
1676714400000,1625,1625,1586.04,1586.04,5.260716
1676710800000,1587.1,1625,1587.1,1625,0.001
1676707200000,1587.1,1587.1,1587.1,1587.1,0
1676703600000,1591.15,1591.15,1586.16,1587.1,2.23328
1676700000000,1590.74,1591.15,1590.74,1591.15,2.311
1676696400000,1590.74,1590.74,1590.74,1590.74,0
1676692800000,1590.74,1590.74,1590.74,1590.74,0
1676689200000,1596.79,1596.79,1590.74,1590.74,2.123186
1676685600000,1596.79,1596.79,1596.79,1596.79,0
1676682000000,1592.6,1596.79,1592.6,1596.79,4.622
1676678400000,1588.84,1592.6,1588.84,1592.6,4.402
1676674800000,1595.51,1595.51,1588.84,1588.84,3.053826
1676671200000,1587.22,1595.51,1577.61,1595.51,4.698297
1676667600000,1599.04,1601.15,1587.22,1587.22,2.629964
1676664000000,1596.16,1610.23,1596.16,1599.04,7.863
1676660400000,1587.71,1596.79,1587.71,1596.16,0.407797
1676656800000,1586.97,1587.71,1584,1587.71,1.022348
1676653200000,1573.43,1597.95,1573.43,1586.97,6.199728
1676649600000,1573.43,1573.43,1573.43,1573.43,0
1676646000000,1553.53,1574.43,1553.53,1573.43,0.575388
1676642400000,1573.34,1579.99,1553.53,1553.53,1.357214
1676638800000,1573.34,1573.34,1573.34,1573.34,0
1676635200000,1564.94,1573.34,1564.94,1573.34,0.020187
1676631600000,1564.94,1564.94,1564.94,1564.94,0
1676628000000,1568.06,1568.86,1564.94,1564.94,5.2798
1676624400000,1637.93,1637.93,1566.11,1568.06,1.202285
1676620800000,1563.63,1637.93,1563.63,1637.93,0.121825
1676617200000,1558.52,1563.63,1558.52,1563.63,1.05678
1676613600000,1564.24,1564.24,1558.52,1558.52,0.10641
1676610000000,1564.24,1564.24,1564.24,1564.24,0
1676606400000,1558.36,1564.24,1558.36,1564.24,0.014304
1676602800000,1558.36,1558.36,1558.36,1558.36,0
1676599200000,1558.36,1558.36,1558.36,1558.36,0
1676595600000,1539.73,1558.36,1539.73,1558.36,0.001
1676592000000,1539.73,1539.73,1539.73,1539.73,0
1676588400000,1554.66,1554.66,1539.73,1539.73,0.014018
1676584800000,1649.99,1649.99,1554.66,1554.66,0.053576
1676581200000,1585.61,1649.99,1585.61,1649.99,0.006036
1676577600000,1603.58,1603.58,1585.61,1585.61,0.052401
1676574000000,1604.4,1604.4,1603.58,1603.58,0.019
1676570400000,1604.4,1604.4,1604.4,1604.4,0
1676566800000,1612.11,1612.11,1600.8,1604.4,35.6
1676563200000,1613.95,1634.2,1612.11,1612.11,0.934702
1676559600000,1582.45,1613.95,1582.45,1613.95,0.12
1676556000000,1582.45,1582.45,1582.45,1582.45,0
1676552400000,1582.45,1582.45,1582.45,1582.45,0
1676548800000,1576.12,1582.45,1575.46,1582.45,0.255318
1676545200000,1581.69,1581.69,1576.12,1576.12,0.47443
1676541600000,1581.69,1581.69,1581.69,1581.69,0
1676538000000,1574.37,1581.69,1574.37,1581.69,0.002516
1676534400000,1570.49,1574.8,1570.49,1574.37,1.984029
1676530800000,1577.72,1577.72,1570.49,1570.49,0.013428
1676527200000,1585.29,1585.29,1577.72,1577.72,0.039206
1676523600000,1590.24,1590.24,1585.29,1585.29,2.246664
1676520000000,1590.24,1590.24,1590.24,1590.24,0
1676516400000,1590.24,1590.24,1590.24,1590.24,0
1676512800000,1582.02,1590.24,1582.02,1590.24,0.184914
1676509200000,1582.02,1582.02,1582.02,1582.02,0
1676505600000,1569.61,1600,1569.61,1582.02,0.033217
1676502000000,1565.71,1569.61,1565.71,1569.61,0.477494
1676498400000,1561.89,1566.32,1561.89,1565.71,0.210732
1676494800000,1561.89,1561.89,1561.89,1561.89,0
1676491200000,1528.01,1571.08,1524.84,1561.89,0.226296
1676487600000,1485.65,1528.01,1485.65,1528.01,5.281503
1676484000000,1483.29,1485.65,1483.29,1485.65,0.008328
1676480400000,1479.79,1483.29,1477.54,1483.29,0.097684
1676476800000,1484.13,1489.31,1479.44,1479.79,0.264491
1676473200000,1474.52,1486.18,1474.52,1484.13,0.290824
1676469600000,1479.29,1483.54,1474.03,1474.52,0.256114
1676466000000,1483.39,1485.26,1478.15,1479.29,0.411064
1676462400000,1457.79,1487.44,1457.79,1483.39,0.407662
1676458800000,1455.52,1457.79,1454.31,1457.79,0.113436
1676455200000,1449,1455.52,1448.48,1455.52,0.078833
1676451600000,1449.41,1449.41,1446.24,1449,0.152196
1676448000000,1449.41,1449.41,1449.41,1449.41,0
1676444400000,1451.38,1451.55,1449.41,1449.41,0.062321
1676440800000,1450.17,1451.38,1450.17,1451.38,0.011513
1676437200000,1449.79,1450.75,1449.51,1450.17,0.032147
1676433600000,1447.66,1450.1,1447.66,1449.79,0.033814
1676430000000,1448.2,1449.49,1447.66,1447.66,0.055778
1676426400000,1448.2,1448.2,1448.2,1448.2,0
1676422800000,1448.2,1448.2,1448.2,1448.2,0
1676419200000,1456.43,1456.43,1447.85,1448.2,0.110125
1676415600000,1450.34,1456.53,1450.34,1456.43,0.322157
1676412000000,1452.58,1453.47,1449.06,1450.34,0.105085
1676408400000,1450.44,1452.6,1450.36,1452.58,0.041607
1676404800000,1456.11,1457.12,1450.44,1450.44,8.081744
1676401200000,1447.41,1456.11,1447.41,1456.11,0.083102
1676397600000,1442.78,1447.74,1442.78,1447.41,6.780678
1676394000000,1436.34,1443.57,1436.34,1442.78,0.154249
1676390400000,1445.54,1448.62,1436.34,1436.34,3.931185
1676386800000,1449.78,1461.22,1445.54,1445.54,0.091508
1676383200000,1420,1453.68,1420,1449.78,1.74098
1676379600000,1408.51,1420,1400.73,1420,7.5196
1676376000000,1405.64,1408.51,1405.64,1408.51,0.964788
1676372400000,1408.12,1408.12,1405.64,1405.64,0.022483
1676368800000,1398.16,1408.12,1398.16,1408.12,0.025314
1676365200000,1399.18,1399.18,1398.16,1398.16,4.545844
1676361600000,1399.18,1399.18,1399.18,1399.18,0
1676358000000,1399.18,1399.18,1399.18,1399.18,0
1676354400000,1399.18,1399.18,1399.18,1399.18,0
1676350800000,1399.18,1399.18,1399.18,1399.18,0
1676347200000,1399.18,1399.18,1399.18,1399.18,0
1676343600000,1404.51,1404.51,1399.18,1399.18,2.609
1676340000000,1399.95,1404.51,1399.95,1404.51,0.323
1676336400000,1405.29,1405.29,1396.97,1399.95,0.02339
1676332800000,1405.29,1405.29,1405.29,1405.29,0
1676329200000,1395.86,1405.29,1395.86,1405.29,2.760072
1676325600000,1388.05,1402.73,1388.05,1395.86,7.310467
1676322000000,1390.86,1390.86,1388.05,1388.05,2.353602
1676318400000,1389.92,1390.86,1389.92,1390.86,0.002155
1676314800000,1378.78,1392.19,1378.78,1389.92,0.093822
1676311200000,1378.78,1378.78,1378.78,1378.78,0
1676307600000,1372,1378.78,1372,1378.78,0.137271
1676304000000,1384.26,1384.26,1372,1372,0.061921
1676300400000,1396.19,1396.19,1384.26,1384.26,0.3
1676296800000,1396.19,1396.19,1396.19,1396.19,0
1676293200000,1396.19,1396.19,1396.19,1396.19,0
1676289600000,1396.19,1396.19,1396.19,1396.19,0
1676286000000,1396.19,1396.19,1396.19,1396.19,0
1676282400000,1402.01,1402.01,1396.19,1396.19,3.047521
1676278800000,1424.18,1424.18,1402.01,1402.01,0.042117
1676275200000,1429.2,1429.2,1424.18,1424.18,0.044795
1676271600000,1424.9,1429.2,1424.9,1429.2,0.15556
1676268000000,1423.92,1424.9,1423.92,1424.9,0.001
1676264400000,1423.92,1423.92,1423.92,1423.92,0
1676260800000,1423.92,1423.92,1423.92,1423.92,0
1676257200000,1417.33,1423.92,1417.33,1423.92,0.1
1676253600000,1421.28,1421.28,1417.33,1417.33,0.002316
1676250000000,1421.28,1421.28,1421.28,1421.28,0
1676246400000,1421.28,1421.28,1421.28,1421.28,0
1676242800000,1404.03,1421.28,1404.03,1421.28,0.04
1676239200000,1411.48,1411.48,1404.03,1404.03,1.017197
1676235600000,1443.52,1443.52,1411.48,1411.48,13.087102
1676232000000,1444.38,1444.75,1443.52,1443.52,1.002076
1676228400000,1445.72,1445.72,1444.38,1444.38,2.590039
1676224800000,1450.9,1450.9,1445.46,1445.72,0.536497
1676221200000,1450.9,1450.9,1450.9,1450.9,0
1676217600000,1461.21,1461.21,1450.9,1450.9,0.004727
1676214000000,1461.21,1461.21,1461.21,1461.21,0
1676210400000,1461.21,1461.21,1461.21,1461.21,0
1676206800000,1435.12,1461.21,1435.12,1461.21,0.335405
1676203200000,1443.26,1443.26,1435.12,1435.12,0.045213
1676199600000,1435.63,1450.89,1435.63,1443.26,0.010604
1676196000000,1450.69,1450.69,1435.63,1435.63,0.002367
1676192400000,1438.87,1450.69,1438.87,1450.69,0.008007
1676188800000,1438.87,1438.87,1438.87,1438.87,0
1676185200000,1438.87,1438.87,1438.87,1438.87,0
1676181600000,1438.87,1438.87,1438.87,1438.87,0
1676178000000,1438.87,1438.87,1438.87,1438.87,0
1676174400000,1438.87,1438.87,1438.87,1438.87,0
1676170800000,1438.87,1438.87,1438.87,1438.87,0
1676167200000,1438.87,1438.87,1438.87,1438.87,0
1676163600000,1442.39,1442.39,1438.87,1438.87,0.041696
1676160000000,1444.78,1444.78,1440.79,1442.39,0.067492
1676156400000,1447.6,1447.6,1444.78,1444.78,0.010906
1676152800000,1447.6,1447.6,1447.6,1447.6,0
1676149200000,1404.04,1447.6,1404.04,1447.6,0.039887
1676145600000,1423.05,1446.01,1404.04,1404.04,0.048509
1676142000000,1423.05,1423.05,1423.05,1423.05,0
1676138400000,1423.05,1423.05,1423.05,1423.05,0
1676134800000,1424.85,1424.85,1421.8,1423.05,0.128988
1676131200000,1430.04,1430.04,1424.85,1424.85,0.161534
1676127600000,1425.72,1430.04,1425.72,1430.04,0.022336
1676124000000,1425.72,1425.72,1425.72,1425.72,0
1676120400000,1425.72,1425.72,1425.72,1425.72,0
1676116800000,1427,1427.66,1425.72,1425.72,0.054653
1676113200000,1427,1427,1427,1427,0
1676109600000,1425.26,1427,1425.26,1427,0.069376
1676106000000,1425.26,1425.26,1425.26,1425.26,0
1676102400000,1461.21,1461.21,1425.26,1425.26,0.03351
1676098800000,1461.21,1461.21,1461.21,1461.21,0
1676095200000,1461.21,1461.21,1461.21,1461.21,0
1676091600000,1461.21,1461.21,1461.21,1461.21,0
1676088000000,1461.21,1461.21,1461.21,1461.21,0
1676084400000,1461.21,1461.21,1461.21,1461.21,0
1676080800000,1461.21,1461.21,1461.21,1461.21,0
1676077200000,1461.21,1461.21,1461.21,1461.21,0
1676073600000,1461.21,1461.21,1461.21,1461.21,0
1676070000000,1461.21,1461.21,1461.21,1461.21,0.005897
1676066400000,1419.67,1461.21,1419.67,1461.21,0.025876
1676062800000,1434.55,1434.55,1400,1419.67,1.627481
1676059200000,1438.77,1438.77,1434.55,1434.55,0.00508
1676055600000,1431.96,1438.77,1431.96,1438.77,0.016124
1676052000000,1431.94,1433.49,1431.94,1431.96,0.048348
1676048400000,1427.09,1431.94,1424.39,1431.94,0.018246
1676044800000,1427.99,1435.68,1422.97,1427.09,4.157076
1676041200000,1440.6,1445.76,1413.47,1427.99,0.301333
1676037600000,1440.6,1440.6,1440.6,1440.6,0
1676034000000,1438.12,1440.6,1438.12,1440.6,0.053188
1676030400000,1449.91,1449.91,1437.42,1438.12,0.21938
1676026800000,1449.91,1449.91,1449.91,1449.91,0
1676023200000,1449.91,1449.91,1449.91,1449.91,0
1676019600000,1442,1449.91,1442,1449.91,1.984172
1676016000000,1442,1442,1442,1442,0
1676012400000,1442.87,1446.94,1442,1442,5.146523
1676008800000,1442.87,1442.87,1442.87,1442.87,0
1676005200000,1442.87,1442.87,1442.87,1442.87,0
1676001600000,1442.87,1442.87,1442.87,1442.87,0
1675998000000,1441.35,1442.87,1441.35,1442.87,0.00156
1675994400000,1441.35,1441.35,1441.35,1441.35,0
1675990800000,1441.35,1441.35,1441.35,1441.35,0
1675987200000,1441.35,1441.35,1441.35,1441.35,0
1675983600000,1443.35,1443.35,1441.35,1441.35,0.003071
1675980000000,1424,1443.35,1424,1443.35,1.696
1675976400000,1467.93,1467.93,1424,1424,0.757364
1675972800000,1471.24,1471.24,1467.93,1467.93,0.002042
1675969200000,1515.75,1515.75,1471.24,1471.24,0.212535
1675965600000,1510.76,1518.96,1510.76,1515.75,4.538047
1675962000000,1510.76,1510.76,1510.76,1510.76,0
1675958400000,1519.44,1519.44,1510.76,1510.76,3.752615
1675954800000,1529.1,1529.1,1519.44,1519.44,0.249904
1675951200000,1522.77,1529.1,1522.77,1529.1,0.039
1675947600000,1519.24,1524.99,1519.24,1522.77,0.233758
1675944000000,1525.24,1525.24,1519.24,1519.24,0.008565
1675940400000,1500,1525.24,1500,1525.24,7.338826
1675936800000,1520,1529.1,1500,1500,1.087337
1675933200000,1522.62,1522.62,1520,1520,2.029657
1675929600000,1523.09,1524.64,1520.75,1522.62,1.326607
1675926000000,1518.09,1524.26,1518.09,1523.09,1.058202
1675922400000,1515.18,1518.09,1515.18,1518.09,0.009001
1675918800000,1515.18,1515.18,1515.18,1515.18,0
1675915200000,1515.18,1515.18,1515.18,1515.18,0
1675911600000,1537.46,1537.46,1515.18,1515.18,0.01452
1675908000000,1537.46,1537.46,1537.46,1537.46,0
1675904400000,1537.46,1537.46,1537.46,1537.46,0
1675900800000,1537.46,1537.46,1537.46,1537.46,0
1675897200000,1545.33,1545.33,1537.46,1537.46,0.00149
1675893600000,1546.22,1546.59,1545.33,1545.33,0.014377
1675890000000,1539.62,1546.22,1539.62,1546.22,4.559
1675886400000,1538.69,1539.86,1538.03,1539.62,0.34731
1675882800000,1533.97,1538.69,1533.97,1538.69,0.001495
1675879200000,1543.22,1543.22,1533.97,1533.97,0.225159
1675875600000,1536.13,1543.22,1536.13,1543.22,0.004344
1675872000000,1555.85,1555.85,1528.88,1536.13,2.470795
1675868400000,1558.62,1558.62,1555.85,1555.85,5.937099
1675864800000,1562.8,1562.8,1558.62,1558.62,0.145232
1675861200000,1562.5,1562.8,1562.5,1562.8,0.006682
1675857600000,1563.38,1563.38,1562.5,1562.5,0.009588
1675854000000,1558.12,1563.38,1557.8,1563.38,0.765757
1675850400000,1557.05,1558.12,1557.05,1558.12,0.002554
1675846800000,1558.66,1558.66,1557.05,1557.05,0.001925
1675843200000,1563.66,1563.66,1558.66,1558.66,0.025612
1675839600000,1563.23,1563.66,1563.23,1563.66,0.001391
1675836000000,1570.44,1570.44,1563.23,1563.23,0.173956
1675832400000,1570.44,1570.44,1570.44,1570.44,0
1675828800000,1570.44,1570.44,1570.44,1570.44,0
1675825200000,1570.44,1570.44,1570.44,1570.44,0
1675821600000,1570.44,1570.44,1570.44,1570.44,0
1675818000000,1566.49,1580.8,1566.49,1570.44,0.848333
1675814400000,1594.19,1594.19,1559.47,1566.49,0.004676
1675810800000,1594.19,1594.19,1594.19,1594.19,0
1675807200000,1550.47,1594.19,1550.47,1594.19,0.001287
1675803600000,1550.47,1550.47,1550.47,1550.47,0
1675800000000,1541.3,1550.47,1541.3,1550.47,0.012759
1675796400000,1530.64,1541.3,1530.64,1541.3,0.134935
1675792800000,1541.53,1554,1520.03,1530.64,0.636642
1675789200000,1526.41,1541.53,1526.41,1541.53,3.085372
1675785600000,1530,1530,1526.41,1526.41,0.004214
1675782000000,1535.84,1535.84,1530,1530,0.014912
1675778400000,1536.23,1536.23,1533.22,1535.84,0.068413
1675774800000,1536.23,1536.23,1536.23,1536.23,0
1675771200000,1539.32,1539.32,1534.21,1536.23,2.688041
1675767600000,1535.63,1539.32,1535.63,1539.32,0.042319
1675764000000,1532.44,1535.63,1532.44,1535.63,0.028834
1675760400000,1502.89,1532.44,1502.89,1532.44,0.0063
1675756800000,1502.89,1502.89,1502.89,1502.89,0
1675753200000,1502.89,1502.89,1502.89,1502.89,0
1675749600000,1502.89,1502.89,1502.89,1502.89,0
1675746000000,1502.89,1502.89,1502.89,1502.89,0
1675742400000,1502.89,1502.89,1502.89,1502.89,0
1675738800000,1502.89,1502.89,1502.89,1502.89,0
1675735200000,1502.89,1502.89,1502.89,1502.89,0
1675731600000,1502.89,1502.89,1502.89,1502.89,0
1675728000000,1502.89,1502.89,1502.89,1502.89,0
1675724400000,1526.14,1526.14,1502.89,1502.89,0.029807
1675720800000,1538.09,1538.09,1526.14,1526.14,0.014292
1675717200000,1538.09,1538.09,1538.09,1538.09,0
1675713600000,1542.84,1542.84,1538.09,1538.09,0.001949
1675710000000,1542.84,1542.84,1542.84,1542.84,0
1675706400000,1542.84,1542.84,1542.84,1542.84,0
1675702800000,1539.79,1542.84,1535.19,1542.84,0.101
1675699200000,1529.14,1539.79,1529.14,1539.79,0.062718
1675695600000,1517.03,1529.14,1517.03,1529.14,1.761975
1675692000000,1517.03,1517.03,1517.03,1517.03,0
1675688400000,1517.03,1517.03,1517.03,1517.03,0
1675684800000,1515.4,1517.6,1515.4,1517.03,0.853287
1675681200000,1515.4,1515.4,1515.4,1515.4,0
1675677600000,1515.4,1515.4,1515.4,1515.4,0
1675674000000,1505.54,1515.4,1505.54,1515.4,0.001978
1675670400000,1505.54,1505.54,1505.54,1505.54,0
1675666800000,1505.54,1505.54,1505.54,1505.54,0
1675663200000,1504.19,1505.54,1504.06,1505.54,0.029991
1675659600000,1509.35,1509.35,1497.24,1504.19,0.060204
1675656000000,1509.35,1509.35,1509.35,1509.35,0
1675652400000,1508.12,1509.35,1505.47,1509.35,0.055027
1675648800000,1519.68,1519.68,1508.12,1508.12,0.075669
1675645200000,1519.68,1519.68,1519.68,1519.68,0
1675641600000,1514.88,1519.68,1514.12,1519.68,0.057009
1675638000000,1519.97,1519.97,1514.58,1514.88,0.066867
1675634400000,1504.93,1519.97,1504.93,1519.97,0.125277
1675630800000,1502.41,1505.92,1498.21,1504.93,0.89956
1675627200000,1504.18,1506.24,1498.25,1502.41,0.587513
1675623600000,1500.01,1505.57,1498.51,1504.18,1.797883
1675620000000,1502.41,1507.28,1499.68,1500.01,0.311989
1675616400000,1522.4,1523.36,1502.41,1502.41,0.231297
1675612800000,1526.39,1528.56,1520.02,1522.4,0.23797
1675609200000,1533.99,1537.64,1524.68,1526.39,4.380787
1675605600000,1526.45,1534.26,1526.45,1533.99,0.632994
1675602000000,1522.65,1546.7,1522.65,1526.45,0.049435
1675598400000,1570,1570,1522.65,1522.65,0.094485
1675594800000,1570,1570,1570,1570,0.063191
1675591200000,1570,1570,1568.43,1570,0.007614
1675587600000,1548.22,1570,1517.77,1570,0.132669
1675584000000,1548.22,1548.22,1548.22,1548.22,0
1675580400000,1545.38,1548.22,1545.38,1548.22,0.128665
1675576800000,1545.09,1548.02,1544.63,1545.38,9.306058
1675573200000,1544.78,1545.09,1544.78,1545.09,0.006029
1675569600000,1547.46,1547.46,1544.62,1544.78,0.030144
1675566000000,1547.46,1547.46,1547.46,1547.46,0
1675562400000,1544.53,1547.46,1544.53,1547.46,0.306
1675558800000,1546.41,1546.41,1544.53,1544.53,0.301
1675555200000,1546.41,1546.41,1546.41,1546.41,0
1675551600000,1598.39,1598.39,1546.41,1546.41,0.013887
1675548000000,1598.39,1598.39,1598.39,1598.39,0
1675544400000,1598.39,1598.39,1598.39,1598.39,0
1675540800000,1557.01,1598.39,1557.01,1598.39,0.001875
1675537200000,1557.01,1557.01,1557.01,1557.01,0
1675533600000,1557.01,1557.01,1557.01,1557.01,0.120423
1675530000000,1557.01,1557.01,1557.01,1557.01,0
1675526400000,1557.01,1557.01,1557.01,1557.01,0
1675522800000,1557.01,1557.01,1557.01,1557.01,0
1675519200000,1550.88,1557.99,1550.88,1557.01,5.135368
1675515600000,1541.99,1550.88,1541.99,1550.88,0.04
1675512000000,1538.4,1541.99,1538.4,1541.99,0.048542
1675508400000,1538.4,1538.4,1538.4,1538.4,0
1675504800000,1533.05,1538.4,1533.05,1538.4,0.006011
1675501200000,1547.78,1547.78,1533.05,1533.05,0.006114
1675497600000,1547.78,1547.78,1547.78,1547.78,0
1675494000000,1534.07,1547.78,1534.07,1547.78,0.025792
1675490400000,1534.07,1534.07,1534.07,1534.07,0
1675486800000,1534.07,1534.07,1534.07,1534.07,0
1675483200000,1534.07,1534.07,1534.07,1534.07,0
1675479600000,1535.59,1535.59,1534.07,1534.07,0.01824
1675476000000,1541.83,1541.83,1535.59,1535.59,0.018158
1675472400000,1544.9,1544.9,1541.83,1541.83,0.024201
1675468800000,1534.33,1544.9,1534.33,1544.9,4.007065
1675465200000,1534.33,1534.33,1534.33,1534.33,0
1675461600000,1537.46,1538.89,1534.33,1534.33,0.018266
1675458000000,1538.11,1538.69,1537.46,1537.46,0.189486
1675454400000,1534.79,1539.76,1526.08,1538.11,0.084902
1675450800000,1532.44,1535.54,1532.44,1534.79,0.018161
1675447200000,1540.04,1540.04,1531.24,1532.44,0.03775
1675443600000,1534.42,1540.04,1534.42,1540.04,0.032397
1675440000000,1533.23,1544.76,1533.23,1534.42,0.170771
1675436400000,1531.63,1541.16,1528.84,1533.23,3.428628
1675432800000,1512.76,1531.63,1505,1531.63,3.748965
1675429200000,1512.76,1514.33,1499.36,1512.76,5.490506
1675425600000,1512.99,1514.33,1501.55,1512.76,0.200899
1675422000000,1505.54,1512.99,1504.88,1512.99,0.165642
1675418400000,1506.07,1506.8,1502.4,1505.54,0.187796
1675414800000,1506.62,1508.74,1506.07,1506.07,0.022869
1675411200000,1505.73,1507.24,1505.73,1506.62,0.206667
1675407600000,1510.47,1510.47,1505.65,1505.73,0.075286
1675404000000,1510.64,1511.13,1510.13,1510.47,0.025105
1675400400000,1507.96,1511.7,1507.96,1510.64,0.018417
1675396800000,1508.64,1512.22,1507.96,1507.96,0.048685
1675393200000,1509.57,1509.57,1508.05,1508.64,0.018282
1675389600000,1506.75,1514.91,1506.75,1509.57,0.024345
1675386000000,1506.75,1506.75,1506.75,1506.75,0
1675382400000,1506.75,1506.75,1506.75,1506.75,0
1675378800000,1519.56,1519.56,1506.75,1506.75,1.994511
1675375200000,1513.61,1519.56,1513.61,1519.56,0.04
1675371600000,1537.62,1537.62,1513.61,1513.61,1.023281
1675368000000,1538.57,1539.68,1535.83,1537.62,0.144841
1675364400000,1562.78,1562.78,1531.27,1538.57,0.827705
1675360800000,1543.62,1570.91,1543.12,1562.78,2.245433
1675357200000,1538.39,1543.62,1534.55,1543.62,2.79782
1675353600000,1532.89,1539.64,1532.89,1538.39,0.093654
1675350000000,1521.09,1533.18,1521.09,1532.89,0.056125
1675346400000,1526,1542.23,1521.09,1521.09,1.604561
1675342800000,1527,1527,1518.49,1526,4.083174
1675339200000,1522.38,1532.47,1522.38,1527,1.033169
1675335600000,1523.49,1523.49,1522.2,1522.38,0.857913
1675332000000,1523.39,1524.79,1523.05,1523.49,1.981535
1675328400000,1520.24,1523.39,1518.35,1523.39,2.169693
1675324800000,1516.84,1520.24,1516.84,1520.24,0.110718
1675321200000,1516.84,1516.84,1516.84,1516.84,0
1675317600000,1519.77,1519.77,1512.36,1516.84,1.781802
1675314000000,1521.97,1521.97,1519.51,1519.77,0.018531
1675310400000,1524.65,1524.65,1519.4,1521.97,0.330886
1675306800000,1519.61,1524.65,1519.61,1524.65,0.012296
1675303200000,1527.03,1527.03,1516.02,1519.61,5.595949
1675299600000,1525,1533.17,1524.85,1527.03,0.111553
1675296000000,1494.25,1525,1494.25,1525,12.505092
1675292400000,1494.25,1494.25,1494.25,1494.25,0
1675288800000,1494.25,1494.25,1494.25,1494.25,0
1675285200000,1490.25,1494.5,1490.25,1494.25,0.339225
1675281600000,1435.19,1512.68,1435.19,1490.25,0.321981
1675278000000,1446.73,1455.76,1435.19,1435.19,0.063624
1675274400000,1442.86,1446.73,1441.68,1446.73,0.08455
1675270800000,1449.04,1449.04,1442.86,1442.86,0.002077
1675267200000,1452.24,1452.24,1446.72,1449.04,2.225999
1675263600000,1452.24,1452.24,1452.24,1452.24,0
1675260000000,1452.24,1452.24,1452.24,1452.24,0
1675256400000,1455.58,1456.7,1452.24,1452.24,0.158512
1675252800000,1514.19,1514.19,1454.55,1455.58,0.064465
1675249200000,1449.78,1514.19,1449.78,1514.19,0.094896
1675245600000,1446.61,1449.78,1446.61,1449.78,0.001
1675242000000,1446.61,1446.61,1446.61,1446.61,0
1675238400000,1451.68,1451.68,1446.61,1446.61,0.568513
1675234800000,1458.44,1458.44,1451.68,1451.68,0.067854
1675231200000,1458.44,1458.44,1458.44,1458.44,0
1675227600000,1462.19,1462.19,1458.44,1458.44,0.003626
1675224000000,1462.19,1462.19,1462.19,1462.19,0
1675220400000,1462.19,1462.19,1462.19,1462.19,0
1675216800000,1462.19,1462.19,1462.19,1462.19,0
1675213200000,1462.19,1462.19,1462.19,1462.19,0
1675209600000,1462.19,1462.19,1462.19,1462.19,0
1675206000000,1444.19,1462.19,1444.19,1462.19,0.003412
1675202400000,1444.19,1444.19,1444.19,1444.19,0
1675198800000,1468.34,1468.34,1444.19,1444.19,0.027642
1675195200000,1468.21,1472.03,1468.21,1468.34,0.005635
1675191600000,1469.49,1469.49,1468.21,1468.21,0.065905
1675188000000,1471.47,1471.47,1466.33,1469.49,0.096459
1675184400000,1471.47,1471.47,1471.47,1471.47,0
1675180800000,1471.47,1471.47,1471.47,1471.47,0
1675177200000,1463.81,1471.47,1463.81,1471.47,0.827534
1675173600000,1456.55,1463.81,1456.55,1463.81,0.032628
1675170000000,1454.64,1456.55,1454.64,1456.55,1.1024
1675166400000,1450.75,1454.64,1450.75,1454.64,3.374035
1675162800000,1455.45,1455.45,1449.93,1450.75,2.09804
1675159200000,1453.84,1455.45,1453.84,1455.45,0.017858
1675155600000,1451.52,1455.84,1451.52,1453.84,0.175041
1675152000000,1451.52,1451.52,1451.52,1451.52,0
1675148400000,1447.24,1451.52,1447.24,1451.52,1.607192
1675144800000,1447.24,1447.24,1447.24,1447.24,0
1675141200000,1447.24,1447.24,1447.24,1447.24,0
1675137600000,1451.66,1451.66,1447.24,1447.24,0.001
1675134000000,1451.66,1451.66,1451.66,1451.66,0
1675130400000,1451.66,1451.66,1451.66,1451.66,0
1675126800000,1441.44,1451.66,1441.44,1451.66,0.003078
1675123200000,1441.44,1441.44,1441.44,1441.44,0
1675119600000,1441.44,1441.44,1441.44,1441.44,0
1675116000000,1429.21,1441.44,1429.21,1441.44,0.04
1675112400000,1429.21,1429.21,1429.21,1429.21,0
1675108800000,1431.81,1431.81,1429.21,1429.21,0.003714
1675105200000,1458.24,1458.24,1424.86,1431.81,0.907375
1675101600000,1460.64,1460.64,1458.24,1458.24,0.002738
1675098000000,1455.73,1460.64,1455.73,1460.64,0.436264
1675094400000,1453.67,1458.96,1453.67,1455.73,0.055814
1675090800000,1466.03,1466.03,1453.67,1453.67,0.015911
1675087200000,1455.59,1466.03,1455.59,1466.03,0.108539
1675083600000,1455.59,1455.59,1455.59,1455.59,0
1675080000000,1458.81,1458.81,1452.04,1455.59,0.005485
1675076400000,1462.57,1462.57,1458.81,1458.81,0.002046
1675072800000,1464.3,1464.3,1455.81,1462.57,0.133755
1675069200000,1496.25,1496.25,1464.3,1464.3,0.309627
1675065600000,1500.3,1500.3,1494.7,1496.25,3.820441
1675062000000,1503.37,1503.37,1500.3,1500.3,0.026608
1675058400000,1506.8,1506.8,1503.37,1503.37,0.013277
1675054800000,1506.85,1506.85,1504,1506.8,0.76689
1675051200000,1506.85,1506.85,1506.85,1506.85,0
1675047600000,1509.2,1509.2,1506.85,1506.85,0.07589
1675044000000,1509.2,1509.2,1509.2,1509.2,0
1675040400000,1509.2,1509.2,1509.2,1509.2,0
1675036800000,1509.2,1509.2,1509.2,1509.2,0
1675033200000,1509.2,1509.2,1509.2,1509.2,0
1675029600000,1509.2,1509.2,1509.2,1509.2,0
1675026000000,1518.21,1518.21,1508.61,1509.2,1.635578
1675022400000,1524.47,1524.47,1512.03,1518.21,0.015586
1675018800000,1500.97,1524.47,1500.97,1524.47,0.161566
1675015200000,1491.99,1500.97,1491.99,1500.97,0.147988
1675011600000,1464.31,1491.99,1464.31,1491.99,1.623023
1675008000000,1464.31,1464.31,1464.31,1464.31,0
1675004400000,1464.31,1464.31,1464.31,1464.31,0
1675000800000,1489.65,1489.65,1464.31,1464.31,0.040815
1674997200000,1476.08,1500,1464.31,1489.65,0.093784
1674993600000,1476.08,1476.08,1476.08,1476.08,0
1674990000000,1477.56,1477.56,1476.08,1476.08,0.00203
1674986400000,1427.76,1477.56,1427.76,1477.56,0.04
1674982800000,1476.08,1476.08,1427.76,1427.76,1.10203
1674979200000,1467.15,1476.08,1467.15,1476.08,0.01692
1674975600000,1471.89,1471.89,1467.15,1467.15,0.027209
1674972000000,1471.89,1471.89,1471.89,1471.89,0
1674968400000,1470.44,1471.89,1470.44,1471.89,0.0016
1674964800000,1470.44,1470.44,1470.44,1470.44,0
1674961200000,1470.44,1470.44,1470.44,1470.44,0
1674957600000,1499.99,1499.99,1470.44,1470.44,0.015511
1674954000000,1499.99,1499.99,1499.99,1499.99,0
1674950400000,1499.99,1499.99,1499.99,1499.99,0
1674946800000,1499.99,1499.99,1499.99,1499.99,0
1674943200000,1499.99,1499.99,1499.99,1499.99,0
1674939600000,1499.99,1499.99,1499.99,1499.99,0
1674936000000,1499.99,1499.99,1499.99,1499.99,0
1674932400000,1499.99,1499.99,1499.99,1499.99,0
1674928800000,1499.99,1499.99,1457.44,1499.99,0.097513
1674925200000,1499.99,1499.99,1499.99,1499.99,0
1674921600000,1499.99,1499.99,1499.99,1499.99,0
1674918000000,1499.99,1499.99,1499.99,1499.99,0
1674914400000,1499.99,1499.99,1499.99,1499.99,0
1674910800000,1459.07,1499.99,1459.07,1499.99,0.001
1674907200000,1469.65,1469.65,1459.07,1459.07,0.1188
1674903600000,1469.65,1469.65,1469.65,1469.65,0
1674900000000,1469.65,1469.65,1469.65,1469.65,0
1674896400000,1469.65,1469.65,1469.65,1469.65,0
1674892800000,1466.32,1469.65,1466.32,1469.65,0.266812
1674889200000,1472.79,1472.79,1466.32,1466.32,0.046166
1674885600000,1472.79,1472.79,1472.79,1472.79,0
1674882000000,1472.79,1472.79,1472.79,1472.79,0
1674878400000,1472.79,1472.79,1472.79,1472.79,0
1674874800000,1472.79,1472.79,1472.79,1472.79,0
1674871200000,1472.79,1472.79,1472.79,1472.79,0
1674867600000,1478.82,1478.82,1472.79,1472.79,0.122279
1674864000000,1499.99,1499.99,1478.82,1478.82,0.17757
1674860400000,1478.8,1499.99,1478.8,1499.99,0.064345
1674856800000,1478.8,1478.8,1478.8,1478.8,0
1674853200000,1468.16,1478.8,1468.16,1478.8,0.01254
1674849600000,1478.75,1478.75,1468.16,1468.16,0.023569
1674846000000,1478.75,1478.75,1478.75,1478.75,0
1674842400000,1475.6,1478.75,1475.6,1478.75,0.269421
1674838800000,1466.95,1475.61,1466.95,1475.6,1.49606
1674835200000,1461.84,1466.95,1461.84,1466.95,0.152686
1674831600000,1445.85,1461.84,1445.85,1461.84,0.12524
1674828000000,1444.7,1447.47,1444.7,1445.85,3.681708
1674824400000,1455.81,1455.84,1444.7,1444.7,1.699349
1674820800000,1452.45,1455.81,1452.45,1455.81,0.093971
1674817200000,1452.24,1452.45,1452.24,1452.45,0.003435
1674813600000,1449.84,1453.52,1449.84,1452.24,0.013265
1674810000000,1455.97,1455.97,1449.84,1449.84,1.017557
1674806400000,1455.97,1455.97,1455.97,1455.97,0
1674802800000,1458.2,1458.2,1455.61,1455.97,0.458085
1674799200000,1457.73,1458.2,1457.1,1458.2,0.007856
1674795600000,1446.96,1457.73,1446.96,1457.73,2.313952
1674792000000,1446.96,1446.96,1446.96,1446.96,0
1674788400000,1446.96,1446.96,1446.96,1446.96,0
1674784800000,1514.69,1514.69,1445.51,1446.96,0.002
1674781200000,1515,1515,1436.34,1514.69,0.315468
1674777600000,1515,1515,1515,1515,0
1674774000000,1455.01,1515,1455.01,1515,0.103114
1674770400000,1473.74,1478.39,1455.01,1455.01,2.494282
1674766800000,1478.69,1478.69,1473.74,1473.74,0.002034
1674763200000,1474.88,1478.69,1474.88,1478.69,0.017919
1674759600000,1476.57,1476.57,1473.99,1474.88,0.335454
1674756000000,1472.01,1476.57,1472.01,1476.57,0.031181
1674752400000,1484,1484,1472.01,1472.01,0.003
1674748800000,1484,1484,1484,1484,0
1674745200000,1484,1484,1484,1484,0
1674741600000,1484,1484,1484,1484,0
1674738000000,1474.71,1484,1474.71,1484,0.012403
1674734400000,1473.88,1474.71,1473.88,1474.71,0.084984
1674730800000,1478.4,1478.4,1472.34,1473.88,0.166471
1674727200000,1478.4,1478.4,1478.4,1478.4,0
1674723600000,1477.04,1478.67,1477.04,1478.4,0.40508
1674720000000,1476.16,1477.04,1476.16,1477.04,0.00594
1674716400000,1470.21,1476.16,1470.21,1476.16,0.027043
1674712800000,1479.5,1479.5,1470.21,1470.21,0.015516
1674709200000,1479.5,1479.5,1479.5,1479.5,0
1674705600000,1479.5,1479.5,1479.5,1479.5,0
1674702000000,1479.5,1479.5,1479.5,1479.5,0
1674698400000,1481,1481,1479.5,1479.5,0.008
1674694800000,1481,1481,1481,1481,0
1674691200000,1481,1481,1481,1481,0
1674687600000,1460.1,1481,1460.1,1481,0.591
1674684000000,1497.11,1498.62,1460.1,1460.1,0.059094
1674680400000,1497.11,1497.11,1497.11,1497.11,0
1674676800000,1425.08,1497.11,1425.08,1497.11,0.002002
1674673200000,1425.08,1425.08,1425.08,1425.08,0
1674669600000,1419.12,1425.08,1419.12,1425.08,0.032299
1674666000000,1419.12,1419.12,1419.12,1419.12,0
1674662400000,1419.12,1419.12,1419.12,1419.12,0
1674658800000,1422.13,1422.13,1418.45,1419.12,1.85762
1674655200000,1438.8,1438.8,1421.42,1422.13,1.889075
1674651600000,1434.71,1438.8,1434.71,1438.8,2.150104
1674648000000,1425.96,1434.71,1425.96,1434.71,1.685545
1674644400000,1425.96,1425.96,1425.96,1425.96,0
1674640800000,1425.96,1425.96,1425.96,1425.96,0
1674637200000,1428.94,1428.94,1425.96,1425.96,2.132766
1674633600000,1400,1433.35,1400,1428.94,0.384347
1674630000000,1400,1400,1400,1400,0
1674626400000,1400,1400,1400,1400,0
1674622800000,1400,1400,1400,1400,0
1674619200000,1400,1400,1400,1400,0
1674615600000,1400,1400,1400,1400,0
1674612000000,1400,1400,1400,1400,0
1674608400000,1426.8,1426.8,1400,1400,0.5
1674604800000,1426.8,1426.8,1426.8,1426.8,0
1674601200000,1426.8,1426.8,1426.8,1426.8,0
1674597600000,1481.76,1481.76,1426.8,1426.8,0.089331
1674594000000,1481.76,1481.76,1481.76,1481.76,0
1674590400000,1488.47,1492.26,1481.57,1481.76,0.452008
1674586800000,1488.47,1488.47,1488.47,1488.47,0
1674583200000,1488.47,1488.47,1488.47,1488.47,0
1674579600000,1488.47,1488.47,1488.47,1488.47,0
1674576000000,1491.03,1491.03,1488.47,1488.47,0.010018
1674572400000,1485.2,1491.03,1485.2,1491.03,0.881189
1674568800000,1491.79,1491.79,1485.2,1485.2,0.015172
1674565200000,1501.12,1502.4,1491.79,1491.79,0.073223
1674561600000,1499.4,1503.88,1499.4,1501.12,7.680925
1674558000000,1499.4,1499.4,1499.4,1499.4,0
1674554400000,1494.89,1499.4,1494.89,1499.4,1.014732
1674550800000,1503.78,1503.78,1490.44,1494.89,0.757934
1674547200000,1503.78,1503.78,1503.78,1503.78,0
1674543600000,1499,1504.94,1499,1503.78,0.081546
1674540000000,1499,1499,1499,1499,0
1674536400000,1499,1499,1499,1499,0
1674532800000,1499,1499,1499,1499,0
1674529200000,1499,1499,1499,1499,0
1674525600000,1499,1499,1499,1499,0
1674522000000,1499,1499,1499,1499,0
1674518400000,1505.6,1505.6,1498.55,1499,0.915155
1674514800000,1505.6,1505.6,1505.6,1505.6,0
1674511200000,1505.6,1505.6,1505.6,1505.6,0
1674507600000,1500.25,1505.6,1500.25,1505.6,0.09717
1674504000000,1498.28,1500.25,1495.02,1500.25,0.032537
1674500400000,1489.75,1498.84,1489.75,1498.28,0.780632
1674496800000,1489.75,1489.75,1489.75,1489.75,0
1674493200000,1489.11,1490,1489.11,1489.75,0.522922
1674489600000,1494.36,1494.36,1489.11,1489.11,0.003351
1674486000000,1498.73,1498.73,1494.36,1494.36,9.570246
1674482400000,1498.73,1498.73,1498.73,1498.73,0
1674478800000,1508.55,1508.55,1498.73,1498.73,4.174328
1674475200000,1502.62,1509.23,1502.62,1508.55,1.163532
1674471600000,1502.62,1502.62,1502.62,1502.62,0
1674468000000,1502.62,1502.62,1502.62,1502.62,0
1674464400000,1501.29,1502.62,1500.8,1502.62,1.130246
1674460800000,1502.27,1502.27,1501.29,1501.29,0.01226
1674457200000,1503.04,1505.25,1502.27,1502.27,0.279518
1674453600000,1503.04,1503.04,1503.04,1503.04,0
1674450000000,1497.96,1503.04,1497.96,1503.04,0.01328
1674446400000,1497.96,1497.96,1497.96,1497.96,0
1674442800000,1501.91,1501.91,1497.96,1497.96,0.014889
1674439200000,1501.91,1501.91,1501.91,1501.91,0
1674435600000,1501.91,1501.91,1501.91,1501.91,0
1674432000000,1501.91,1501.91,1501.91,1501.91,0
1674428400000,1501.91,1501.91,1501.91,1501.91,0
1674424800000,1501.91,1501.91,1501.91,1501.91,0
1674421200000,1485,1501.91,1485,1501.91,0.747224
1674417600000,1515.64,1515.64,1485,1485,0.636669
1674414000000,1521.68,1521.68,1515.64,1515.64,0.063153
1674410400000,1525,1525,1521.68,1521.68,0.065573
1674406800000,1510.02,1525,1510.02,1525,0.120106
1674403200000,1510.02,1510.02,1510.02,1510.02,0
1674399600000,1518.05,1518.05,1504.63,1510.02,0.136791
1674396000000,1516.52,1518.05,1516.52,1518.05,0.04
1674392400000,1453.71,1517.28,1453.71,1516.52,0.008567
1674388800000,1453.71,1453.71,1453.71,1453.71,0
1674385200000,1453.71,1453.71,1453.71,1453.71,0
1674381600000,1453.71,1453.71,1453.71,1453.71,0
1674378000000,1500.52,1516.52,1453.71,1453.71,0.71798
1674374400000,1503,1503,1500.52,1500.52,0.043243
1674370800000,1483.54,1503.15,1483.54,1503,0.587493
1674367200000,1483.54,1483.54,1483.54,1483.54,0
1674363600000,1483.54,1483.54,1483.54,1483.54,0
1674360000000,1483.54,1483.54,1483.54,1483.54,0
1674356400000,1483.54,1483.54,1483.54,1483.54,0
1674352800000,1494.2,1497.14,1483.54,1483.54,0.01621
1674349200000,1500.51,1500.51,1494.2,1494.2,0.438592
1674345600000,1500.51,1500.51,1500.51,1500.51,0
1674342000000,1516.69,1516.69,1500.51,1500.51,0.029492
1674338400000,1554.99,1608.79,1516.69,1516.69,3.098316
1674334800000,1553.44,1554.99,1553.44,1554.99,0.003023
1674331200000,1527.58,1553.44,1527.58,1553.44,0.001929
1674327600000,1527.57,1527.58,1527.57,1527.58,0.5
1674324000000,1527.57,1527.57,1527.57,1527.57,0
1674320400000,1528.42,1531.97,1525.61,1527.57,0.07865
1674316800000,1519.07,1528.42,1519.07,1528.42,0.0395
1674313200000,1523.77,1532.69,1519.07,1519.07,0.089274
1674309600000,1523.77,1523.77,1523.77,1523.77,0
1674306000000,1531.88,1531.88,1523.77,1523.77,0.160886
1674302400000,1495.64,1531.88,1495.64,1531.88,0.097542
1674298800000,1495.64,1495.64,1495.64,1495.64,0
1674295200000,1522.97,1533.02,1495.64,1495.64,0.058107
1674291600000,1522.97,1522.97,1522.97,1522.97,0
1674288000000,1524.83,1524.83,1522.97,1522.97,0.026212
1674284400000,1524.83,1524.83,1524.83,1524.83,0
1674280800000,1523.16,1525.04,1523.16,1524.83,0.5
1674277200000,1523.16,1523.16,1523.16,1523.16,0
1674273600000,1512.25,1523.16,1512.25,1523.16,0.483716
1674270000000,1512.25,1512.25,1512.25,1512.25,0
1674266400000,1512.25,1512.25,1512.25,1512.25,0
1674262800000,1512.25,1512.25,1512.25,1512.25,0
1674259200000,1512.25,1512.25,1512.25,1512.25,0
1674255600000,1512.25,1512.25,1512.25,1512.25,0
1674252000000,1515,1515,1512.25,1512.25,0.001969
1674248400000,1515,1515,1515,1515,0
1674244800000,1476.24,1515,1476.24,1515,0.234224
1674241200000,1472.13,1476.24,1469.25,1476.24,1.311621
1674237600000,1474,1474,1472.13,1472.13,0.034936
1674234000000,1449.63,1474,1449.63,1474,0.073881
1674230400000,1449.63,1449.63,1449.63,1449.63,0
1674226800000,1449.63,1449.63,1449.63,1449.63,0
1674223200000,1442.31,1452.23,1442.31,1449.63,1.05803
1674219600000,1444.32,1444.32,1442.31,1442.31,0.006208
1674216000000,1434.72,1444.32,1434.72,1444.32,0.007234
1674212400000,1434.72,1434.72,1434.72,1434.72,0
1674208800000,1434.72,1434.72,1434.72,1434.72,0
1674205200000,1431.54,1435.73,1431.54,1434.72,1.380635
1674201600000,1434.9,1434.9,1426.81,1431.54,0.840827
1674198000000,1429.86,1434.9,1429.86,1434.9,0.069413
1674194400000,1442.87,1442.87,1429.86,1429.86,0.006987
1674190800000,1442.87,1442.87,1442.87,1442.87,0
1674187200000,1442.87,1442.87,1442.87,1442.87,0
1674183600000,1442.87,1442.87,1442.87,1442.87,0
1674180000000,1435.56,1442.87,1435.56,1442.87,1.343278
1674176400000,1430.64,1435.56,1430.64,1435.56,0.12
1674172800000,1448.55,1448.55,1430.64,1430.64,0.995436
1674169200000,1448.55,1448.55,1448.55,1448.55,0
1674165600000,1448.55,1448.55,1448.55,1448.55,0
1674162000000,1448.55,1448.55,1448.55,1448.55,0
1674158400000,1426.68,1448.55,1426.68,1448.55,0.002069
1674154800000,1426.68,1426.68,1426.68,1426.68,0
1674151200000,1417.94,1426.68,1417.94,1426.68,0.059199
1674147600000,1426.85,1426.85,1417.94,1417.94,0.01682
1674144000000,1424.16,1427.01,1424.16,1426.85,0.548598
1674140400000,1413.18,1430.95,1413.18,1424.16,2.819732
1674136800000,1407.94,1420.71,1407.94,1413.18,8.127953
1674133200000,1405.68,1407.94,1405.68,1407.94,0.6
1674129600000,1421.76,1421.76,1405.68,1405.68,0.927094
1674126000000,1421.76,1421.76,1421.76,1421.76,0
1674122400000,1421.76,1421.76,1421.76,1421.76,0
1674118800000,1421.76,1421.76,1421.76,1421.76,0
1674115200000,1416.64,1421.76,1416.64,1421.76,8.689423
1674111600000,1409.99,1419.06,1409.99,1416.64,3.897764
1674108000000,1409.99,1409.99,1409.99,1409.99,0
1674104400000,1409.99,1409.99,1409.99,1409.99,0
1674100800000,1409.99,1409.99,1409.99,1409.99,0
1674097200000,1409.99,1409.99,1409.99,1409.99,0
1674093600000,1409.99,1409.99,1409.99,1409.99,0
1674090000000,1409.99,1409.99,1409.99,1409.99,0
1674086400000,1412.09,1412.09,1409.99,1409.99,1.565441
1674082800000,1419,1419,1412.09,1412.09,0.140234
1674079200000,1419,1419,1419,1419,0
1674075600000,1421.42,1421.42,1419,1419,0.175306
1674072000000,1429.97,1430.49,1421.42,1421.42,1.451007
1674068400000,1429.97,1429.97,1429.97,1429.97,0
1674064800000,1441.13,1441.13,1429.97,1429.97,0.129867
1674061200000,1406.99,1445.61,1406.99,1441.13,0.39749
1674057600000,1424.62,1424.62,1393,1406.99,36.974084
1674054000000,1470.75,1470.75,1424.62,1424.62,2.519345
1674050400000,1471.33,1478.74,1468.19,1470.75,1.640789
1674046800000,1464.63,1514.19,1460.86,1471.33,2.262533
1674043200000,1458.08,1464.63,1458.08,1464.63,1.159811
1674039600000,1456.75,1458.75,1456.75,1458.08,0.136556
1674036000000,1455.75,1457.11,1455.75,1456.75,0.038036
1674032400000,1467.8,1467.8,1454.79,1455.75,0.07033
1674028800000,1467.8,1467.8,1467.8,1467.8,0
1674025200000,1462.19,1469.69,1462.19,1467.8,0.028162
1674021600000,1462.19,1462.19,1462.19,1462.19,0
1674018000000,1462.19,1462.19,1462.19,1462.19,0
1674014400000,1462.19,1462.19,1462.19,1462.19,0
1674010800000,1462.19,1462.19,1462.19,1462.19,0
1674007200000,1462.19,1462.19,1462.19,1462.19,0