1679104800000,1504.2,1504.2,1501.93,1501.93,0.002201
1679103000000,1511.51,1511.51,1504.2,1504.2,0.837245
1679101200000,1498.43,1513.74,1498.43,1511.51,1.119823
1679099400000,1472.94,1498.43,1472.94,1498.43,18.035521
1679097600000,1477.04,1477.85,1468.33,1472.94,0.294531
1679095800000,1479.45,1479.45,1472.6,1477.04,4.852702
1679094000000,1470.55,1480.15,1470.55,1479.45,0.673658
1679092200000,1459.31,1473.46,1459.31,1470.55,1.144051
1679090400000,1453.59,1459.31,1453.59,1459.31,0.141718
1679088600000,1443.81,1455.79,1441.18,1453.59,1.816736
1679086800000,1435.68,1443.81,1435.68,1443.81,0.012921
1679085000000,1441.79,1441.79,1435.68,1435.68,0.310808
1679083200000,1437.95,1450,1437.95,1441.79,2.090702
1679081400000,1440,1440,1437.95,1437.95,0.633431
1679079600000,1423.28,1465.84,1423.28,1440,17.290975
1679077800000,1418.58,1427.56,1418.03,1423.28,22.946986
1679076000000,1424.28,1424.28,1416.84,1418.58,1.43
1679074200000,1424.28,1424.28,1424.28,1424.28,0
1679072400000,1418.24,1425.42,1418.24,1424.28,0.442541
1679070600000,1422.85,1422.87,1418.24,1418.24,0.01143
1679068800000,1419.38,1424.26,1419.38,1422.85,4.477479
1679067000000,1422.35,1422.35,1419.38,1419.38,0.032463
1679065200000,1416.75,1422.35,1414.32,1422.35,0.502854
1679063400000,1429.03,1429.87,1416.18,1416.75,0.13705
1679061600000,1441.44,1442.39,1429.03,1429.03,3.31593
1679059800000,1441.44,1441.44,1441.44,1441.44,0
1679058000000,1441.44,1441.44,1441.44,1441.44,0
1679056200000,1448.53,1448.53,1437.66,1441.44,1.136511
1679054400000,1456.32,1457.48,1448.53,1448.53,3.091196
1679052600000,1444.44,1456.32,1439.24,1456.32,6.299743
1679050800000,1442.31,1444.44,1441.44,1444.44,2.660589
1679049000000,1438.56,1446.16,1432.86,1442.31,4.926157
1679047200000,1428.31,1438.56,1428.31,1438.56,1.178977
1679045400000,1420.46,1434.15,1420.46,1428.31,0.580675
1679043600000,1428.32,1428.32,1420.46,1420.46,0.830421
1679041800000,1420.45,1428.32,1417.66,1428.32,0.355621
1679040000000,1420.45,1420.45,1420.45,1420.45,0
1679038200000,1420.46,1420.46,1420.45,1420.45,0.002328
1679036400000,1427.1,1427.1,1420.46,1420.46,0.004139
1679034600000,1412.01,1427.1,1412.01,1427.1,13.786632
1679032800000,1406.86,1412.01,1406.86,1412.01,0.008861
1679031000000,1414.67,1414.67,1406.86,1406.86,0.055
1679029200000,1414.67,1414.67,1414.67,1414.67,0
1679027400000,1414.67,1414.67,1414.67,1414.67,0
1679025600000,1416.86,1416.86,1414.67,1414.67,0.006154
1679023800000,1416.86,1416.86,1416.86,1416.86,0
1679022000000,1411.93,1416.86,1411.93,1416.86,1.37
1679020200000,1423.28,1423.28,1411.93,1411.93,1.009346
1679018400000,1402.01,1423.28,1402.01,1423.28,3.201843
1679016600000,1391.5,1402.01,1391.5,1402.01,0.022074
1679014800000,1381.42,1391.5,1381.42,1391.5,0.067158
1679013000000,1392.32,1392.32,1381.42,1381.42,1.988486
1679011200000,1392.32,1392.32,1392.32,1392.32,0
1679009400000,1387.23,1392.32,1387.23,1392.32,1.355761
1679007600000,1387.23,1387.23,1387.23,1387.23,0
1679005800000,1391.05,1391.05,1387.22,1387.23,0.119566
1679004000000,1390,1391.05,1389.12,1391.05,0.31051
1679002200000,1400,1400,1373.57,1390,1.529603
1679000400000,1378.32,1400,1378.32,1400,0.048512
1678998600000,1390,1391.01,1378.32,1378.32,0.754672
1678996800000,1390,1390,1390,1390,0
1678995000000,1399.9,1399.9,1390,1390,0.015698
1678993200000,1375.62,1403.25,1375.62,1399.9,59.544603
1678991400000,1372.34,1376.87,1372.34,1375.62,0.068751
1678989600000,1375.86,1375.86,1372.34,1372.34,0.126871
1678987800000,1375.86,1375.86,1375.86,1375.86,0
1678986000000,1376.55,1376.67,1375.86,1375.86,1.160202
1678984200000,1376.55,1376.55,1376.55,1376.55,0
1678982400000,1379.03,1380.5,1376.55,1376.55,0.054255
1678980600000,1377.83,1379.03,1377.83,1379.03,0.05442
1678978800000,1378.98,1379.32,1377.58,1377.83,0.422707
1678977000000,1372.74,1378.98,1372.74,1378.98,1.012781
1678975200000,1374.84,1374.84,1372.74,1372.74,1.303609
1678973400000,1368.72,1374.84,1367.31,1374.84,1.012211
1678971600000,1374.19,1374.98,1367.97,1368.72,1.351111
1678969800000,1381.04,1381.88,1374.19,1374.19,0.339149
1678968000000,1386.43,1386.43,1381.04,1381.04,0.416116
1678966200000,1386.42,1386.43,1386.42,1386.43,0.034448
1678964400000,1388.61,1388.61,1386.42,1386.42,0.012956
1678962600000,1383.67,1388.61,1383.67,1388.61,0.743267
1678960800000,1381.06,1383.67,1376.25,1383.67,0.108652
1678959000000,1368.63,1381.06,1368.63,1381.06,0.011133
1678957200000,1372.34,1372.61,1368.63,1368.63,0.025384
1678955400000,1372.34,1372.34,1372.34,1372.34,0
1678953600000,1376.91,1376.91,1372.34,1372.34,1.036899
1678951800000,1376.91,1376.91,1376.91,1376.91,0
1678950000000,1372.77,1376.91,1372.77,1376.91,0.004817
1678948200000,1372.77,1372.77,1372.77,1372.77,0
1678946400000,1367.99,1372.77,1367.99,1372.77,0.002415
1678944600000,1367.99,1367.99,1367.99,1367.99,0
1678942800000,1367.99,1367.99,1367.99,1367.99,0
1678941000000,1372.16,1372.16,1367.99,1367.99,0.00483
1678939200000,1374.89,1374.89,1372.16,1372.16,0.006345
1678937400000,1374.89,1374.89,1374.89,1374.89,0
1678935600000,1374.89,1374.89,1374.89,1374.89,0
1678933800000,1374.84,1374.89,1374.84,1374.89,0.002911
1678932000000,1370.71,1374.84,1370.71,1374.84,0.004825
1678930200000,1369.66,1370.71,1369.66,1370.71,0.002419
1678928400000,1370.05,1370.05,1365,1369.66,0.038805
1678926600000,1381.06,1381.06,1370.05,1370.05,0.024753
1678924800000,1377.1,1381.06,1377.1,1381.06,0.004804
1678923000000,1373.91,1378.8,1373.91,1377.1,0.013658
1678921200000,1378.62,1380.48,1373.91,1373.91,3.05963
1678919400000,1387.3,1387.3,1374.63,1378.62,2.043189
1678917600000,1376.58,1387.31,1376.58,1387.3,0.045921
1678915800000,1375.68,1380,1375.68,1376.58,2.931615
1678914000000,1377.72,1378.11,1375.3,1375.68,0.038273
1678912200000,1372.01,1379.52,1371.97,1377.72,0.016252
1678910400000,1372.74,1374.22,1372.01,1372.01,0.020626
1678908600000,1374.84,1375.29,1370.05,1372.74,0.980869
1678906800000,1366.64,1374.84,1366.64,1374.84,0.023414
1678905000000,1362.47,1366.64,1362.47,1366.64,3.320349
1678903200000,1353.65,1362.47,1350.58,1362.47,1.016978
1678901400000,1358.38,1358.38,1351.92,1353.65,2.279683
1678899600000,1353.65,1358.38,1353.65,1358.38,0.002441
1678897800000,1370,1370,1353.65,1353.65,0.107144
1678896000000,1368.63,1370.71,1363.88,1370,0.384445
1678894200000,1369.11,1369.11,1365.93,1368.63,0.051224
1678892400000,1376.91,1379.13,1369.11,1369.11,3.094945
1678890600000,1389.57,1389.57,1372.11,1376.91,5.538393
1678888800000,1395.02,1396.35,1389.57,1389.57,0.343576
1678887000000,1406.24,1406.24,1395.02,1395.02,0.073803
1678885200000,1392.78,1406.24,1392.78,1406.24,0.025666
1678883400000,1388.9,1403.26,1388.74,1392.78,2.045144
1678881600000,1401.18,1401.18,1388.9,1388.9,4.03293
1678879800000,1389.57,1401.18,1384.01,1401.18,2.263551
1678878000000,1405.6,1405.6,1389.57,1389.57,0.320614
1678876200000,1406.02,1406.02,1398.78,1405.6,0.983731
1678874400000,1404.85,1406.02,1404.85,1406.02,0.017709
1678872600000,1405.77,1405.77,1400.13,1404.85,19.089391
1678870800000,1405.77,1405.77,1405.77,1405.77,0.299823
1678869000000,1412.09,1412.09,1404.36,1405.77,19.53
1678867200000,1411.41,1412.09,1411.41,1412.09,0.033822
1678865400000,1410.47,1411.97,1410.46,1411.41,0.196463
1678863600000,1410.47,1410.47,1410.47,1410.47,0
1678861800000,1408.59,1410.47,1408.59,1410.47,0.00235
1678860000000,1408.59,1408.59,1404.58,1408.59,0.143541
1678858200000,1408.59,1408.59,1408.59,1408.59,0
1678856400000,1408.59,1408.59,1408.59,1408.59,0
1678854600000,1408.59,1408.59,1408.59,1408.59,1.3288
1678852800000,1409.8,1409.8,1408.59,1408.59,0.00618
1678851000000,1410.94,1410.94,1409.8,1409.8,0.002345
1678849200000,1412.67,1412.67,1410.94,1410.94,0.008239
1678847400000,1412.67,1412.67,1412.67,1412.67,0
1678845600000,1416.87,1416.87,1412.66,1412.67,1.939507
1678843800000,1416.87,1416.87,1416.87,1416.87,0
1678842000000,1406.28,1416.87,1406.28,1416.87,0.021703
1678840200000,1405.56,1406.28,1403.45,1406.28,0.325356
1678838400000,1405.57,1410.59,1405.56,1405.56,1.911733
1678836600000,1408.34,1408.34,1405.57,1405.57,0.199
1678834800000,1406.86,1410,1406.86,1408.34,0.120196
1678833000000,1405.77,1406.86,1405.77,1406.86,0.053801
1678831200000,1403.45,1410.47,1403.45,1405.77,9.004861
1678829400000,1394.11,1403.78,1394.11,1403.45,0.920727
1678827600000,1411.41,1411.41,1382.48,1394.11,8.205443
1678825800000,1423.28,1423.28,1408.09,1411.41,1.088437
1678824000000,1419.33,1423.28,1415.74,1423.28,0.712298
1678822200000,1405.56,1419.33,1403.51,1419.33,18.662882
1678820400000,1433.34,1433.34,1403.45,1405.56,0.076466
1678818600000,1440.52,1444.84,1433.34,1433.34,0.996679
1678816800000,1447.96,1447.96,1434.24,1440.52,6.119955
1678815000000,1453.05,1453.05,1445.65,1447.96,0.795903
1678813200000,1461,1462.92,1452.9,1453.05,36.889992
1678811400000,1455.1,1461,1455.08,1461,2.364544
1678809600000,1464.6,1464.6,1455.1,1455.1,0.306738
1678807800000,1459.5,1464.6,1458.05,1464.6,1.368138
1678806000000,1467.88,1468.53,1459.5,1459.5,0.756351
1678804200000,1435.48,1468.76,1427.53,1467.88,1.512078
1678802400000,1435.5,1437.44,1429.03,1435.48,19.302125
1678800600000,1437.66,1440,1435.5,1435.5,3.405771
1678798800000,1435.72,1455.59,1435.72,1437.66,1.617883
1678797000000,1401.44,1435.72,1351.61,1435.72,3.011928
1678795200000,1391.79,1401.44,1390.01,1401.44,4.665545
1678793400000,1393.47,1395.56,1391.39,1391.79,0.626184
1678791600000,1389.4,1395.69,1389.4,1393.47,0.024676
1678789800000,1383.14,1389.4,1383.14,1389.4,0.673833
1678788000000,1379.98,1383.14,1379.98,1383.14,0.002397
1678786200000,1378.32,1381.38,1378.32,1379.98,5.489418
1678784400000,1378.32,1378.32,1378.32,1378.32,0
1678782600000,1378.32,1378.32,1378.32,1378.32,0
1678780800000,1380.4,1381.81,1378.32,1378.32,0.044732
1678779000000,1384.14,1384.14,1380.4,1380.4,0.028713
1678777200000,1384.56,1386.78,1383.05,1384.14,17.535987
1678775400000,1384.56,1384.56,1384.56,1384.56,0
1678773600000,1384.56,1384.56,1384.56,1384.56,0
1678771800000,1386.65,1386.65,1384.56,1384.56,0.002388
1678770000000,1383.68,1395.69,1383.68,1386.65,0.028199
1678768200000,1386.62,1386.62,1383.68,1383.68,0.527608
1678766400000,1387.31,1387.31,1386.62,1386.62,0.006278
1678764600000,1384.68,1387.31,1384.68,1387.31,0.00239
1678762800000,1382.76,1384.68,1382.76,1384.68,0.253821
1678761000000,1385.23,1385.23,1382.76,1382.76,2.691247
1678759200000,1378.32,1385.23,1378.32,1385.23,0.004789
1678757400000,1378.32,1378.32,1378.32,1378.32,0
1678755600000,1378.32,1378.32,1378.32,1378.32,0
1678753800000,1378.32,1378.32,1378.32,1378.32,0
1678752000000,1378.32,1378.32,1378.32,1378.32,0
1678750200000,1378.32,1378.32,1378.32,1378.32,0
1678748400000,1386.18,1388.35,1378.32,1378.32,0.04158
1678746600000,1385.83,1386.44,1385.83,1386.18,0.124677
1678744800000,1378.32,1385.83,1377.7,1385.83,6.465725
1678743000000,1378.32,1378.32,1378.32,1378.32,0
1678741200000,1378.32,1378.32,1378.32,1378.32,0
1678739400000,1380.4,1380.4,1378.32,1378.32,0.044787
1678737600000,1384.57,1384.57,1380.4,1380.4,0.010953
1678735800000,1386.65,1386.65,1384.57,1384.57,0.507995
1678734000000,1379.3,1398.34,1379.3,1386.65,0.92825
1678732200000,1378.98,1379.3,1377.65,1379.3,0.098047
1678730400000,1378.97,1378.98,1378.62,1378.98,1.813043
1678728600000,1375.23,1378.97,1375.23,1378.97,3.029347
1678726800000,1377.73,1377.73,1375.23,1375.23,0.041824
1678725000000,1376.71,1380.9,1367.07,1377.73,10.320487
1678723200000,1377.24,1381.05,1370.68,1376.71,9.294532
1678721400000,1392.73,1392.73,1372.56,1377.24,6.667505
1678719600000,1362.47,1392.73,1362.47,1392.73,16.65246
1678717800000,1359.98,1363.68,1343.01,1362.47,25.700589
1678716000000,1331.61,1359.98,1331.61,1359.98,0.064224
1678714200000,1328.67,1331.61,1317.46,1331.61,0.024517
1678712400000,1318.98,1328.67,1318.98,1328.67,3.223104
1678710600000,1316.92,1318.98,1312.62,1318.98,1.885162
1678708800000,1316.72,1317.7,1315.5,1316.92,5.467514
1678707000000,1318.82,1318.82,1316.11,1316.72,1.173774
1678705200000,1321.67,1321.67,1318.82,1318.82,1.458371
1678703400000,1314.13,1322.64,1314.13,1321.67,0.756088
1678701600000,1310.98,1314.13,1310.98,1314.13,0.177204
1678699800000,1327.21,1327.21,1307.38,1310.98,2.48754
1678698000000,1333.42,1333.42,1323.42,1327.21,3.949652
1678696200000,1339.09,1339.09,1333.42,1333.42,0.005956
1678694400000,1341.04,1341.04,1339.09,1339.09,0.058543
1678692600000,1341.04,1341.04,1341.04,1341.04,0
1678690800000,1340.09,1341.04,1340.09,1341.04,0.006234
1678689000000,1332.19,1340.09,1330,1340.09,17.966289
1678687200000,1328.05,1332.6,1328.05,1332.19,0.376781
1678685400000,1328.05,1328.05,1328.05,1328.05,0
1678683600000,1327.82,1328.05,1327.82,1328.05,0.03045
1678681800000,1321.04,1327.82,1321.04,1327.82,0.006556
1678680000000,1321.04,1321.04,1321.04,1321.04,0
1678678200000,1324.06,1324.06,1321.04,1321.04,0.161851
1678676400000,1334.2,1334.2,1313.3,1324.06,0.059893
1678674600000,1336.2,1336.2,1331.42,1334.2,0.008439
1678672800000,1345.03,1346.84,1336.2,1336.2,0.898934
1678671000000,1343.5,1345.03,1343.5,1345.03,0.370265
1678669200000,1348.19,1349.53,1343.5,1343.5,0.009848
1678667400000,1321.43,1351.53,1321.43,1348.19,1.622552
1678665600000,1311,1329.07,1311,1321.43,0.174519
1678663800000,1316.94,1316.94,1311,1311,4.330794
1678662000000,1310.02,1316.94,1310.02,1316.94,0.150092
1678660200000,1317.46,1319.36,1305.62,1310.02,1.067551
1678658400000,1299.53,1328.71,1289.99,1317.46,3.925188
1678656600000,1273.24,1305,1273.24,1299.53,9.003036
1678654800000,1296.41,1300,1268.68,1273.24,0.161366
1678653000000,1282.56,1296.41,1271.31,1296.41,3.407388
1678651200000,1278.39,1282.56,1278.39,1282.56,1.96
1678649400000,1280.07,1286.68,1278.39,1278.39,19.071118
1678647600000,1286.72,1290.6,1280.05,1280.07,4.656995
1678645800000,1283.84,1295.56,1277.46,1286.72,20.504879
1678644000000,1267.5,1283.84,1261.28,1283.84,4.348097
1678642200000,1257.97,1267.5,1257.97,1267.5,1.505159
1678640400000,1233.27,1257.97,1226.32,1257.97,3.622052
1678638600000,1228.58,1234.63,1228.58,1233.27,3.601861
1678636800000,1225.3,1228.58,1211.13,1228.58,1.32763
1678635000000,1225.3,1225.3,1225.3,1225.3,0
1678633200000,1233.96,1237.07,1225.3,1225.3,0.009262
1678631400000,1230.41,1233.96,1229.05,1233.96,0.237728
1678629600000,1225.01,1230.41,1225.01,1230.41,0.073585
1678627800000,1225.01,1225.01,1225.01,1225.01,0
1678626000000,1228.35,1228.35,1225.01,1225.01,0.056256
1678624200000,1228.35,1228.35,1228.35,1228.35,0
1678622400000,1219.58,1229.96,1219.58,1228.35,0.143941
1678620600000,1246.04,1246.04,1219.58,1219.58,0.1974
1678618800000,1240.85,1251.18,1236.85,1246.04,0.013378
1678617000000,1240.85,1273.23,1229.57,1240.85,0.38778
1678615200000,1233.79,1287.98,1232.54,1240.85,10.633292
1678613400000,1233.34,1233.79,1232.41,1233.79,0.219021
1678611600000,1233.34,1233.34,1233.34,1233.34,0
1678609800000,1239.71,1240.57,1233.34,1233.34,1.24127
1678608000000,1229.44,1239.71,1229.44,1239.71,0.160235
1678606200000,1231.97,1231.97,1229.44,1229.44,0.01014
1678604400000,1231.19,1233.73,1231.19,1231.97,1.975751
1678602600000,1231.19,1231.19,1231.19,1231.19,0
1678600800000,1238.17,1238.17,1231.19,1231.19,0.995151
1678599000000,1232.11,1238.17,1232.11,1238.17,0.99839
1678597200000,1232.11,1232.11,1232.11,1232.11,0
1678595400000,1236.52,1236.52,1232.11,1232.11,3.814598
1678593600000,1234.92,1237.34,1233.71,1236.52,5.998876
1678591800000,1234.92,1234.92,1234.92,1234.92,0
1678590000000,1231.23,1234.92,1231.23,1234.92,5.357
1678588200000,1231.83,1231.83,1230.79,1231.23,1
1678586400000,1235.43,1235.43,1229.67,1231.83,0.501637
1678584600000,1233.75,1237.21,1230.99,1235.43,9.68589
1678582800000,1240.04,1240.04,1230.17,1233.75,4.001563
1678581000000,1238.32,1251.18,1235.63,1240.04,0.118127
1678579200000,1226.31,1238.98,1226.31,1238.32,0.205144
1678577400000,1227.42,1227.42,1226.31,1226.31,1.495375
1678575600000,1227.91,1227.91,1227.42,1227.42,0.018645
1678573800000,1255.49,1259.09,1225.91,1227.91,0.086039
1678572000000,1243.31,1294.5,1240.85,1255.49,1.586819
1678570200000,1232.99,1243.31,1232.99,1243.31,0.001001
1678568400000,1230.67,1240.44,1229.56,1232.99,0.548503
1678566600000,1229.89,1230.88,1229.89,1230.67,0.109799
1678564800000,1229.92,1229.92,1223.66,1229.89,2.959812
1678563000000,1229.92,1229.92,1229.92,1229.92,0
1678561200000,1221.83,1230.33,1221.83,1229.92,0.559201
1678559400000,1228.99,1228.99,1221.83,1221.83,0.010829
1678557600000,1218.67,1228.99,1217.59,1228.99,5.713526
1678555800000,1211.9,1218.67,1211.9,1218.67,1.211408
1678554000000,1205.16,1211.9,1196.32,1211.9,9.570727
1678552200000,1201.42,1205.16,1201.42,1205.16,8.419267
1678550400000,1203.6,1203.6,1200,1201.42,2.231024
1678548600000,1203.6,1203.6,1203.6,1203.6,0
1678546800000,1202.28,1203.6,1202.28,1203.6,0.365316
1678545000000,1201.23,1206.03,1201.23,1202.28,2.191556
1678543200000,1194.16,1201.23,1194.16,1201.23,2.59813
1678541400000,1194.16,1194.16,1194.16,1194.16,0
1678539600000,1192.7,1204.71,1192.7,1194.16,7.965502
1678537800000,1192.7,1192.7,1192.7,1192.7,0
1678536000000,1197.52,1203.8,1192.7,1192.7,0.915731
1678534200000,1197.52,1197.52,1197.52,1197.52,0
1678532400000,1209.94,1220,1195.37,1197.52,0.189118
1678530600000,1214.14,1219.75,1209.94,1209.94,5.653349
1678528800000,1216.97,1217.24,1214.14,1214.14,0.53726
1678527000000,1216.97,1216.97,1216.97,1216.97,0
1678525200000,1211.68,1216.97,1211.68,1216.97,4.137823
1678523400000,1266.89,1266.89,1211.68,1211.68,2.187336
1678521600000,1270.71,1270.71,1266.89,1266.89,0.004071
1678519800000,1278.39,1278.39,1270.71,1270.71,0.007254
1678518000000,1223.89,1283.13,1223.89,1278.39,0.101739
1678516200000,1225.3,1225.3,1223.89,1223.89,0.1
1678514400000,1231.16,1251.18,1225.02,1225.3,0.061342
1678512600000,1218.45,1236.19,1218.45,1231.16,18.485857
1678510800000,1228.02,1228.02,1216.35,1218.45,5.557369
1678509000000,1230.06,1237.98,1228.02,1228.02,3.734588
1678507200000,1218.81,1230.06,1218.81,1230.06,0.007104
1678505400000,1231.93,1231.93,1218.81,1218.81,4.3
1678503600000,1231.93,1231.93,1231.93,1231.93,0
1678501800000,1228.77,1235.69,1227.02,1231.93,5.093743
1678500000000,1235.5,1235.5,1228.77,1228.77,5.591635
1678498200000,1212.17,1235.5,1212.17,1235.5,11.151842
1678496400000,1196.8,1212.17,1196.8,1212.17,0.929938
1678494600000,1204.38,1204.38,1196.8,1196.8,0.38038
1678492800000,1197.02,1216.94,1192.37,1204.38,6.410333
1678491000000,1192.38,1197.02,1192.38,1197.02,1.06
1678489200000,1192.38,1192.38,1192.38,1192.38,0
1678487400000,1188.82,1193.09,1186.67,1192.38,4.88615
1678485600000,1182.79,1190.46,1175.27,1188.82,15.395363
1678483800000,1180,1182.79,1180,1182.79,0.006219
1678482000000,1181.85,1181.85,1180,1180,3.526579
1678480200000,1185.24,1185.24,1181.85,1181.85,1.240716
1678478400000,1185.24,1185.24,1185.24,1185.24,0
1678476600000,1176.9,1185.24,1176.9,1185.24,0.481333
1678474800000,1170.21,1176.9,1170.21,1176.9,0.256164
1678473000000,1175.12,1175.12,1170.21,1170.21,1.799356
1678471200000,1170.64,1175.12,1170.64,1175.12,0.752293
1678469400000,1169.65,1170.64,1169.65,1170.64,0.376787
1678467600000,1181.18,1181.18,1169.65,1169.65,0.060735
1678465800000,1182.15,1190.46,1180.61,1181.18,1.092293
1678464000000,1171.97,1182.15,1171.97,1182.15,4.485805
1678462200000,1153.45,1171.97,1153.45,1171.97,0.013724
1678460400000,1153.45,1153.45,1153.45,1153.45,0
1678458600000,1171.17,1171.17,1153.45,1153.45,2.035407
1678456800000,1190.46,1190.67,1169.65,1171.17,0.539461
1678455000000,1168.83,1190.46,1168.83,1190.46,0.048641
1678453200000,1168.29,1168.83,1164.15,1168.83,8.775477
1678451400000,1153.45,1168.29,1153.45,1168.29,1.152324
1678449600000,1153.45,1153.45,1153.45,1153.45,0
1678447800000,1156.3,1156.3,1153.28,1153.45,10.195963
1678446000000,1153.4,1157.37,1153.4,1156.3,1.171279
1678444200000,1165.02,1165.02,1151.6,1153.4,0.714962
1678442400000,1171.17,1171.17,1165.02,1165.02,2.236767
1678440600000,1180,1180,1170.88,1171.17,1.824293
1678438800000,1180.88,1180.88,1177.94,1180,3.046014
1678437000000,1185.9,1185.9,1180.78,1180.88,1.177223
1678435200000,1182.15,1185.9,1182.15,1185.9,16.531881
1678433400000,1177.64,1182.15,1177.64,1182.15,0.004446
1678431600000,1183.16,1183.16,1172.39,1177.64,17.034346
1678429800000,1195.76,1195.76,1183.16,1183.16,0.688249
1678428000000,1198.62,1198.62,1195.76,1195.76,0.18983
1678426200000,1198.62,1198.62,1198.62,1198.62,0
1678424400000,1198.62,1198.62,1198.62,1198.62,0
1678422600000,1198.62,1198.62,1198.62,1198.62,0
1678420800000,1199.81,1199.81,1198.62,1198.62,0.007263
1678419000000,1199.81,1199.81,1199.81,1199.81,0
1678417200000,1199.81,1199.81,1199.81,1199.81,0
1678415400000,1199.81,1199.81,1199.81,1199.81,0
1678413600000,1199.81,1199.81,1199.81,1199.81,0
1678411800000,1188,1199.81,1188,1199.81,0.009006
1678410000000,1197.44,1197.44,1188,1188,1.455384
1678408200000,1205.76,1205.76,1197.44,1197.44,1.680535
1678406400000,1208.78,1208.78,1205.76,1205.76,0.829317
1678404600000,1205.76,1208.78,1205.76,1208.78,0.019755
1678402800000,1206.38,1206.38,1201.7,1205.76,3.592768
1678401000000,1212.34,1212.34,1206.38,1206.38,0.520851
1678399200000,1206.37,1212.34,1206.37,1212.34,0.004336
1678397400000,1210.82,1212.14,1206.37,1206.37,0.488307
1678395600000,1194.78,1210.82,1194.78,1210.82,0.312271
1678393800000,1238.49,1238.49,1194.78,1194.78,13.361121
1678392000000,1253.7,1253.7,1238.49,1238.49,8.269839
1678390200000,1257.48,1257.48,1253.7,1253.7,1.213319
1678388400000,1267.46,1267.46,1256.61,1257.48,3.883876
1678386600000,1281.28,1281.28,1264.53,1267.46,1.508047
1678384800000,1281.68,1281.68,1281.28,1281.28,0.039014
1678383000000,1283.23,1283.23,1281.68,1281.68,1
1678381200000,1282.56,1283.23,1282.56,1283.23,0.030447
1678379400000,1291.67,1291.67,1282.56,1282.56,0.156279
1678377600000,1293.86,1293.86,1291.67,1291.67,0.836666
1678375800000,1293.86,1293.86,1293.86,1293.86,0
1678374000000,1293.86,1293.86,1293.86,1293.86,0
1678372200000,1295.44,1295.44,1293.86,1293.86,0.061734
1678370400000,1291.78,1296.59,1291.78,1295.44,0.23701
1678368600000,1289.1,1291.78,1289.1,1291.78,0.062142
1678366800000,1292.58,1292.58,1289.1,1289.1,0.691562
1678365000000,1292.58,1292.58,1292.58,1292.58,0
1678363200000,1293.22,1293.22,1292.58,1292.58,0.038528
1678361400000,1290,1293.22,1290,1293.22,0.083524
1678359600000,1290.12,1292.58,1290,1290,0.183937
1678357800000,1292.58,1292.58,1290.12,1290.12,0.36305
1678356000000,1291.84,1293.87,1291.84,1292.58,0.549696
1678354200000,1291.84,1291.84,1291.84,1291.84,0
1678352400000,1293.24,1293.87,1290,1291.84,17.001421
1678350600000,1301.3,1301.3,1291.93,1293.24,0.058803
1678348800000,1300,1301.3,1300,1301.3,0.027049
1678347000000,1301.69,1301.69,1300,1300,0.6
1678345200000,1298.7,1301.69,1298.7,1301.69,0.030606
1678343400000,1298.74,1298.95,1298.7,1298.7,0.49
1678341600000,1298.74,1298.74,1298.74,1298.74,0
1678339800000,1302.36,1302.36,1298.74,1298.74,0.390205
1678338000000,1302.36,1302.36,1302.36,1302.36,0
1678336200000,1302.36,1302.36,1302.36,1302.36,0
1678334400000,1302.32,1302.36,1302.32,1302.36,0.006685
1678332600000,1302.32,1302.32,1302.32,1302.32,0
1678330800000,1302.32,1302.32,1302.32,1302.32,0
1678329000000,1300.36,1302.32,1300.36,1302.32,0.002546
1678327200000,1300.35,1300.36,1300.35,1300.36,0.002549
1678325400000,1299.41,1300.35,1299.41,1300.35,0.072127
1678323600000,1292.55,1299.41,1292.55,1299.41,1.339155
1678321800000,1293.11,1320.08,1284.9,1292.55,0.12554
1678320000000,1296.84,1301.48,1290.97,1293.11,4.111792
1678318200000,1296.84,1296.84,1296.84,1296.84,0
1678316400000,1311.23,1311.23,1296.84,1296.84,0.039145
1678314600000,1311.44,1312.43,1311.23,1311.23,1.382311
1678312800000,1310.48,1313.06,1308.1,1311.44,4.65668
1678311000000,1313.1,1318.99,1310.48,1310.48,0.050577
1678309200000,1313.1,1313.1,1313.1,1313.1,0
1678307400000,1313.1,1313.1,1313.1,1313.1,0
1678305600000,1314.9,1314.9,1312.16,1313.1,6.450482
1678303800000,1313.31,1314.9,1313.31,1314.9,0.00133
1678302000000,1313.4,1313.4,1313.31,1313.31,0.002146
1678300200000,1313.4,1313.4,1313.4,1313.4,0
1678298400000,1318.68,1318.68,1313.4,1313.4,14.731558
1678296600000,1320.12,1320.12,1317.95,1318.68,1.08882
1678294800000,1317.46,1320.12,1317.46,1320.12,0.013612
1678293000000,1322.37,1322.37,1317.46,1317.46,0.00251
1678291200000,1319.37,1322.37,1319.37,1322.37,0.754744
1678289400000,1318,1319.98,1318,1319.37,0.190202
1678287600000,1311.52,1324.06,1311.52,1318,1.739726
1678285800000,1311.31,1314.8,1309.55,1311.52,0.769511
1678284000000,1315.62,1315.62,1311.31,1311.31,0.971601
1678282200000,1315.62,1315.62,1315.62,1315.62,0
1678280400000,1315.62,1315.62,1315.62,1315.62,0
1678278600000,1316.05,1317.72,1315.62,1315.62,6.121739
1678276800000,1315.88,1316.11,1315.88,1316.05,0.194577
1678275000000,1320,1320,1309.46,1315.88,60.627176
1678273200000,1318.68,1320.87,1318.68,1320,0.044142
1678271400000,1317.69,1318.68,1317.69,1318.68,1
1678269600000,1316.04,1317.69,1316.04,1317.69,0.04759
1678267800000,1316.04,1316.04,1316.04,1316.04,0
1678266000000,1318.68,1318.68,1316.04,1316.04,0.751161
1678264200000,1318.68,1318.68,1318.68,1318.68,0
1678262400000,1317.36,1318.68,1316.04,1318.68,14.866292
1678260600000,1317.36,1317.36,1317.36,1317.36,0
1678258800000,1317.46,1317.46,1317.36,1317.36,0.021307
1678257000000,1317.46,1317.46,1317.46,1317.46,0
1678255200000,1319.45,1319.45,1317.46,1317.46,0.00251
1678253400000,1326.01,1326.01,1319.45,1319.45,0.007506
1678251600000,1326.01,1326.01,1326.01,1326.01,0
1678249800000,1326.01,1326.01,1326.01,1326.01,0
1678248000000,1323.96,1326.01,1323.96,1326.01,0.006565
1678246200000,1326.01,1326.01,1323.96,1323.96,0.97
1678244400000,1326.01,1326.01,1326.01,1326.01,0
1678242600000,1324.92,1326.01,1324.92,1326.01,0.001
1678240800000,1324.92,1324.92,1324.92,1324.92,0
1678239000000,1327.34,1327.34,1324.92,1324.92,0.003191
1678237200000,1327.34,1327.34,1327.34,1327.34,0
1678235400000,1328.06,1328.06,1327.34,1327.34,0.075464
1678233600000,1322.64,1328.06,1322.64,1328.06,0.034109
1678231800000,1316.12,1323.56,1316.12,1322.64,1.537911
1678230000000,1312.62,1316.12,1312.62,1316.12,0.002519
1678228200000,1309.74,1312.62,1309.74,1312.62,1.7
1678226400000,1315.24,1315.24,1309.74,1309.74,0.174818
1678224600000,1311.83,1316.55,1311.83,1315.24,0.666999
1678222800000,1312.62,1312.62,1311.83,1311.83,0.04179
1678221000000,1312.62,1312.62,1312.62,1312.62,0.153151
1678219200000,1317.46,1317.46,1312.17,1312.62,0.978123
1678217400000,1319.46,1321.32,1317.46,1317.46,1.359569
1678215600000,1317.91,1320.76,1317.71,1319.46,0.428231
1678213800000,1318.97,1318.97,1317.91,1317.91,0.011311
1678212000000,1320.32,1322.64,1318.97,1318.97,0.566411
1678210200000,1318.09,1320.75,1318.09,1320.32,1.617265
1678208400000,1314.47,1318.09,1314.47,1318.09,0.025035
1678206600000,1314.47,1314.47,1314.47,1314.47,0
1678204800000,1316.92,1316.92,1314.47,1314.47,6.666883
1678203000000,1314.45,1318.08,1314.45,1316.92,3.151219
1678201200000,1310,1318.04,1295,1314.45,0.119216
1678199400000,1311.03,1311.03,1309.17,1310,2.767363
1678197600000,1312.43,1312.43,1311.03,1311.03,0.013706
1678195800000,1312.43,1312.43,1312.43,1312.43,0
1678194000000,1313.26,1313.26,1312.43,1312.43,0.007391
1678192200000,1311.31,1313.26,1308.37,1313.26,0.35987
1678190400000,1306.07,1311.31,1306.07,1311.31,7.74534
1678188600000,1307.38,1307.38,1306.07,1306.07,1
1678186800000,1309.36,1309.36,1306.35,1307.38,7.578735
1678185000000,1309.36,1309.36,1309.36,1309.36,0
1678183200000,1305.62,1310,1305.62,1309.36,0.206273
1678181400000,1306.92,1306.92,1305.62,1305.62,0.003533
1678179600000,1309.43,1309.43,1306.92,1306.92,0.144292
1678177800000,1307.38,1309.43,1307.38,1309.43,0.534612
1678176000000,1307.58,1307.59,1307.38,1307.38,1.002358
1678174200000,1307.58,1307.58,1307.58,1307.58,0
1678172400000,1309.55,1309.55,1307.58,1307.58,0.002529
1678170600000,1309.55,1309.55,1309.55,1309.55,0
1678168800000,1312.38,1312.38,1309.55,1309.55,0.002525
1678167000000,1312.38,1312.38,1312.38,1312.38,0
1678165200000,1312.38,1312.38,1312.38,1312.38,0
1678163400000,1312.38,1312.38,1312.38,1312.38,0
1678161600000,1311.53,1312.38,1311.53,1312.38,0.006634
1678159800000,1316.12,1316.12,1311.53,1311.53,0.002521
1678158000000,1308.21,1316.12,1308.21,1316.12,0.014094
1678156200000,1301.79,1308.21,1301.79,1308.21,1.002533
1678154400000,1301.79,1301.79,1301.79,1301.79,0
1678152600000,1301.79,1301.79,1301.79,1301.79,0
1678150800000,1301.79,1301.79,1301.79,1301.79,0
1678149000000,1301.79,1301.79,1301.79,1301.79,0
1678147200000,1308.14,1308.14,1301.79,1301.79,0.122703
1678145400000,1308.14,1308.14,1308.14,1308.14,0
1678143600000,1308.14,1308.14,1308.14,1308.14,0
1678141800000,1308.14,1308.14,1308.14,1308.14,0
1678140000000,1304.37,1308.14,1304.37,1308.14,0.088088
1678138200000,1301.69,1304.37,1301.69,1304.37,0.001182
1678136400000,1301.75,1301.75,1301.69,1301.69,0.00254
1678134600000,1305.34,1305.34,1301.75,1301.75,0.189229
1678132800000,1303.9,1305.34,1303.9,1305.34,0.24108
1678131000000,1305.05,1305.05,1303.9,1303.9,0.076329
1678129200000,1310,1310,1305.05,1305.05,0.06639
1678127400000,1310,1312.39,1310,1310,2.74025
1678125600000,1310,1310,1310,1310,0
1678123800000,1310,1310,1310,1310,0
1678122000000,1312.32,1312.32,1308.15,1310,7.31
1678120200000,1312.32,1312.32,1312.32,1312.32,0
1678118400000,1315.91,1315.91,1311.87,1312.32,0.037634
1678116600000,1308.22,1315.91,1308.22,1315.91,0.171575
1678114800000,1310.01,1310.01,1308.22,1308.22,0.214145
1678113000000,1308.18,1310.01,1308.18,1310.01,0.005479
1678111200000,1307.38,1308.18,1307.38,1308.18,0.079
1678109400000,1306.06,1307.91,1306.06,1307.38,2.051
1678107600000,1304.76,1306.06,1304.76,1306.06,2.701782
1678105800000,1305.2,1305.2,1304.76,1304.76,1.609375
1678104000000,1307.82,1307.82,1303.42,1305.2,1.526437
1678102200000,1307.82,1307.82,1307.82,1307.82,0
1678100400000,1305.04,1308.55,1305.04,1307.82,0.472925
1678098600000,1305.04,1305.04,1305.04,1305.04,0
1678096800000,1303.01,1305.04,1303.01,1305.04,0.013769
1678095000000,1301.3,1303.01,1301.3,1303.01,0.506846
1678093200000,1301.3,1301.3,1301.3,1301.3,0
1678091400000,1298.7,1301.8,1298.7,1301.3,1.5
1678089600000,1299.58,1300,1298.7,1298.7,0.127552
1678087800000,1302.38,1302.38,1299.58,1299.58,0.017751
1678086000000,1296.84,1302.38,1296.84,1302.38,0.006425
1678084200000,1296.84,1296.84,1296.84,1296.84,0
1678082400000,1296.84,1296.84,1296.84,1296.84,0
1678080600000,1296.84,1296.84,1296.84,1296.84,0
1678078800000,1300,1300,1296.84,1296.84,0.004024
1678077000000,1300,1300,1300,1300,0
1678075200000,1300,1300,1300,1300,0.006697
1678073400000,1297.4,1300,1297.4,1300,0.010524
1678071600000,1297.4,1297.4,1297.4,1297.4,0
1678069800000,1303.9,1303.9,1297.4,1297.4,0.104
1678068000000,1303.9,1303.9,1303.9,1303.9,0
1678066200000,1303.9,1303.9,1303.9,1303.9,0
1678064400000,1303.9,1303.9,1303.9,1303.9,0
1678062600000,1303.9,1303.9,1303.9,1303.9,0
1678060800000,1299.11,1303.9,1299.11,1303.9,0.005729
1678059000000,1299.11,1299.11,1299.11,1299.11,0
1678057200000,1305.4,1305.4,1299.11,1299.11,0.124308
1678055400000,1305.4,1305.4,1305.4,1305.4,0
1678053600000,1301.69,1305.4,1301.69,1305.4,0.038291
1678051800000,1308.97,1308.97,1301.69,1301.69,2.778071
1678050000000,1306.07,1310.18,1306.07,1308.97,0.13321
1678048200000,1304.11,1306.07,1304.11,1306.07,0.007
1678046400000,1304.73,1305.2,1304.11,1304.11,0.704261
1678044600000,1307.37,1307.37,1304.73,1304.73,0.007657
1678042800000,1307.37,1307.37,1307.37,1307.37,0
1678041000000,1306.07,1307.37,1306.07,1307.37,0.562229
1678039200000,1306.07,1306.07,1306.07,1306.07,0
1678037400000,1306.07,1306.07,1306.07,1306.07,0
1678035600000,1306.07,1306.07,1306.07,1306.07,0
1678033800000,1307.37,1307.37,1306.07,1306.07,0.649005
1678032000000,1306.87,1307.37,1306.07,1307.37,0.187594
1678030200000,1306.87,1306.87,1306.87,1306.87,0
1678028400000,1305.29,1306.87,1305.29,1306.87,0.026304
1678026600000,1305.76,1305.76,1305.29,1305.29,0.03418
1678024800000,1307.47,1307.47,1305.76,1305.76,0.954152
1678023000000,1307.54,1307.54,1307.47,1307.47,0.017503
1678021200000,1307.09,1307.54,1304.85,1307.54,0.029267
1678019400000,1307.9,1307.9,1307.09,1307.09,0.016846
1678017600000,1307.9,1307.9,1307.9,1307.9,0
1678015800000,1305.6,1307.9,1305.6,1307.9,0.001
1678014000000,1304.76,1307.91,1304.76,1305.6,0.190077
1678012200000,1304.76,1304.76,1304.76,1304.76,0
1678010400000,1306.02,1306.02,1304.76,1304.76,0.022
1678008600000,1306.02,1306.02,1306.02,1306.02,0
1678006800000,1302.6,1306.02,1302.6,1306.02,0.23304
1678005000000,1306.07,1306.07,1302.6,1302.6,3
1678003200000,1306.98,1306.98,1306.07,1306.07,0.013758
1678001400000,1306.98,1306.98,1306.98,1306.98,0
1677999600000,1306.98,1306.98,1306.98,1306.98,0
1677997800000,1306.98,1306.98,1306.98,1306.98,0
1677996000000,1306.98,1306.98,1306.98,1306.98,0
1677994200000,1306.98,1306.98,1306.98,1306.98,0
1677992400000,1306.98,1306.98,1306.98,1306.98,0
1677990600000,1306.98,1306.98,1306.98,1306.98,0
1677988800000,1304.26,1306.98,1304.26,1306.98,0.006661
1677987000000,1302.32,1304.26,1302.32,1304.26,0.998161
1677985200000,1296.33,1302.32,1296.33,1302.32,0.002545
1677983400000,1316.12,1316.12,1296.33,1296.33,0.184274
1677981600000,1316.12,1316.12,1316.12,1316.12,0
1677979800000,1316.12,1316.12,1316.12,1316.12,0
1677978000000,1304.83,1316.12,1304.83,1316.12,0.031447
1677976200000,1302.32,1304.83,1302.32,1304.83,0.106745
1677974400000,1300.36,1302.32,1300.36,1302.32,0.002546
1677972600000,1300.36,1300.36,1300.36,1300.36,0
1677970800000,1300.36,1300.36,1300.36,1300.36,0
1677969000000,1300.36,1300.36,1300.36,1300.36,0
1677967200000,1292.58,1300.36,1292.58,1300.36,0.016624
1677965400000,1292.58,1292.58,1292.58,1292.58,0
1677963600000,1291.29,1294.49,1291.29,1292.58,0.196781
1677961800000,1298.21,1298.21,1291.29,1291.29,20.60832
1677960000000,1297.4,1299.76,1297.4,1298.21,0.084056
1677958200000,1303.18,1303.18,1297.4,1297.4,0.877101
1677956400000,1303.18,1303.18,1303.18,1303.18,0
1677954600000,1303.18,1303.18,1303.18,1303.18,0
1677952800000,1301.3,1303.18,1300,1303.18,0.802051
1677951000000,1303.9,1303.9,1301.3,1301.3,0.269908
1677949200000,1303.03,1303.9,1301.3,1303.9,0.998368
1677947400000,1303.03,1303.03,1303.03,1303.03,0
1677945600000,1304.46,1304.46,1301.69,1303.03,0.156405
1677943800000,1304.89,1304.89,1304.46,1304.46,0.057438
1677942000000,1304.89,1304.89,1304.89,1304.89,0
1677940200000,1307.33,1307.33,1304.89,1304.89,0.054965
1677938400000,1306.23,1307.33,1306.23,1307.33,0.374884
1677936600000,1306.23,1306.23,1306.23,1306.23,0
1677934800000,1306.49,1308.1,1306.07,1306.23,3.448541
1677933000000,1306.49,1306.49,1306.49,1306.49,0
1677931200000,1306.49,1306.49,1306.49,1306.49,0
1677929400000,1306.66,1306.89,1305.51,1306.49,0.559626
1677927600000,1303.45,1306.66,1303.45,1306.66,0.192168
1677925800000,1307.37,1307.37,1303.45,1303.45,0.61776
1677924000000,1307.37,1307.37,1304.84,1307.37,0.707143
1677922200000,1307.37,1307.37,1307.37,1307.37,0
1677920400000,1303.45,1307.37,1303.45,1307.37,0.03806
1677918600000,1303.65,1305.52,1303.45,1303.45,1.5
1677916800000,1303.65,1303.65,1303.65,1303.65,0
1677915000000,1303.65,1303.65,1303.65,1303.65,0
1677913200000,1303.65,1303.65,1303.65,1303.65,0
1677911400000,1303.65,1303.65,1303.65,1303.65,0
1677909600000,1303.65,1303.65,1303.65,1303.65,0
1677907800000,1308.68,1308.68,1303.65,1303.65,0.002536
1677906000000,1308.68,1308.68,1308.68,1308.68,0
1677904200000,1308.68,1308.68,1308.68,1308.68,0
1677902400000,1307.71,1308.68,1307.71,1308.68,0.006652
1677900600000,1310,1310,1307.35,1307.71,0.021617
1677898800000,1310,1310,1310,1310,0
1677897000000,1310,1310,1310,1310,0
1677895200000,1310,1310,1310,1310,0
1677893400000,1310,1310,1310,1310,0
1677891600000,1308.98,1310,1308.98,1310,3.88486
1677889800000,1304.27,1308.98,1304.27,1308.98,0.043898
1677888000000,1300.36,1304.27,1300.36,1304.27,0.005088
1677886200000,1302.32,1315.84,1293.89,1300.36,0.119763
1677884400000,1302,1302.32,1302,1302.32,0.002546
1677882600000,1300.22,1302,1300.22,1302,0.154814
1677880800000,1297.4,1300.22,1297.4,1300.22,0.017601
1677879000000,1297.4,1297.4,1297.4,1297.4,0
1677877200000,1297.4,1297.4,1289.99,1297.4,0.166331
1677875400000,1300,1300.1,1297.4,1297.4,0.011384
1677873600000,1297.78,1302.31,1297.78,1300,29.06284
1677871800000,1297.78,1297.78,1297.78,1297.78,0
1677870000000,1297.78,1297.78,1297.78,1297.78,0
1677868200000,1307.59,1307.59,1297.78,1297.78,0.634581
1677866400000,1311.31,1311.9,1307.59,1307.59,0.081775
1677864600000,1313.35,1313.35,1311.31,1311.31,0.015271
1677862800000,1308.69,1313.35,1308.69,1313.35,0.016766
1677861000000,1311.3,1311.3,1308.69,1308.69,9.80522
1677859200000,1307.38,1311.3,1307.38,1311.3,0.006639
1677857400000,1314.13,1314.13,1307.38,1307.38,16.0195
1677855600000,1313.71,1314.13,1313.71,1314.13,0.002522
1677853800000,1313.71,1313.71,1313.71,1313.71,0
1677852000000,1310.18,1314.12,1310.18,1313.71,0.058325
1677850200000,1309.3,1310.18,1305.62,1310.18,0.006024
1677848400000,1309.99,1309.99,1309.3,1309.3,0.1
1677846600000,1308.67,1309.99,1308.67,1309.99,1.196885
1677844800000,1308.67,1308.67,1308.67,1308.67,0
1677843000000,1308.49,1308.67,1307.59,1308.67,1.048584
1677841200000,1311.31,1311.31,1307.58,1308.49,0.028809
1677839400000,1310.56,1311.31,1310.56,1311.31,1.645076
1677837600000,1310.56,1310.56,1310.56,1310.56,0
1677835800000,1311.31,1311.31,1310.56,1310.56,0.150138
1677834000000,1313.48,1315.24,1311.31,1311.31,0.018001
1677832200000,1314.31,1314.31,1311.31,1313.48,0.375678
1677830400000,1309.99,1314.31,1309.99,1314.31,1.964341
1677828600000,1309.99,1309.99,1309.99,1309.99,0
1677826800000,1310.8,1310.8,1309.71,1309.99,0.562033
1677825000000,1311.53,1311.53,1310.49,1310.8,0.098726
1677823200000,1313.93,1313.93,1311.53,1311.53,0.375896
1677821400000,1316.12,1316.12,1313.65,1313.93,10
1677819600000,1312.62,1316.12,1312.62,1316.12,0.009037
1677817800000,1312.62,1312.62,1312.62,1312.62,0
1677816000000,1308.29,1312.62,1308.29,1312.62,0.006632
1677814200000,1308.29,1308.29,1308.29,1308.29,0
1677812400000,1307.38,1308.29,1307.38,1308.29,0.029614
1677810600000,1310.18,1310.18,1307.38,1307.38,0.9
1677808800000,1301.69,1310.18,1301.69,1310.18,0.007602
1677807000000,1346.71,1346.71,1288.69,1301.69,1.343008
1677805200000,1378.32,1378.32,1346.71,1346.71,9.855201
1677803400000,1381.62,1381.62,1378.32,1378.32,0.002399
1677801600000,1381.62,1381.62,1381.62,1381.62,0
1677799800000,1381.62,1381.62,1381.62,1381.62,0
1677798000000,1380.92,1382.24,1380.92,1381.62,2.600225
1677796200000,1383.18,1385,1380.92,1380.92,0.301459
1677794400000,1382.5,1383.18,1382.5,1383.18,0.290547
1677792600000,1382.5,1382.5,1382.5,1382.5,0
1677790800000,1382.5,1382.5,1382.5,1382.5,0
1677789000000,1382.5,1382.5,1382.5,1382.5,0
1677787200000,1381.87,1382.5,1381.87,1382.5,0.015927
1677785400000,1378.54,1381.87,1378.54,1381.87,0.156104
1677783600000,1370,1378.54,1370,1378.54,1.035647
1677781800000,1364.6,1370,1364.6,1370,0.148471
1677780000000,1365.89,1365.89,1361.5,1364.6,7.527112
1677778200000,1365.26,1365.89,1365.26,1365.89,0.358813
1677776400000,1365.26,1365.26,1365.26,1365.26,0
1677774600000,1367.25,1367.25,1363.15,1365.26,1.925035
1677772800000,1363.88,1367.25,1361.42,1367.25,5.577527
1677771000000,1363.88,1363.88,1363.88,1363.88,0
1677769200000,1363.88,1363.88,1363.88,1363.88,0
1677767400000,1363.88,1363.88,1363.88,1363.88,0
1677765600000,1365.6,1365.6,1363.88,1363.88,0.157675
1677763800000,1368.63,1368.63,1365.6,1365.6,0.233941
1677762000000,1369.99,1369.99,1367.97,1368.63,0.062644
1677760200000,1372.11,1372.11,1368.63,1369.99,0.229765
1677758400000,1373.59,1376.01,1372.11,1372.11,0.015064
1677756600000,1373.59,1373.59,1373.59,1373.59,0
1677754800000,1372.56,1374.58,1372.56,1373.59,0.016045
1677753000000,1372.56,1372.56,1372.56,1372.56,0
1677751200000,1374.11,1374.11,1372.56,1372.56,0.503132
1677749400000,1373.14,1374.9,1373.14,1374.11,14.165411
1677747600000,1375.36,1375.36,1373.14,1373.14,0.016036
1677745800000,1375.36,1375.36,1375.36,1375.36,0
1677744000000,1376.76,1376.76,1375.36,1375.36,0.178167
1677742200000,1376.76,1376.76,1376.76,1376.76,0
1677740400000,1376.76,1376.76,1376.76,1376.76,0
1677738600000,1374.79,1376.76,1374.78,1376.76,0.066761
1677736800000,1374.79,1374.79,1374.79,1374.79,0
1677735000000,1374.79,1374.79,1374.79,1374.79,0
1677733200000,1374.79,1374.79,1374.79,1374.79,0
1677731400000,1374.79,1374.79,1374.79,1374.79,0
1677729600000,1372.74,1374.79,1372.74,1374.79,0.006332
1677727800000,1372.74,1372.74,1372.74,1372.74,0
1677726000000,1372.74,1372.74,1372.74,1372.74,0
1677724200000,1375.48,1375.48,1372.74,1372.74,0.097039
1677722400000,1375.19,1375.48,1375.19,1375.48,0.712627
1677720600000,1380.4,1380.4,1375.19,1375.19,1.203949
1677718800000,1384.56,1384.56,1380.4,1380.4,0.008565
1677717000000,1393.6,1393.6,1384.56,1384.56,0.007154
1677715200000,1387.77,1393.6,1387.77,1393.6,0.271523
1677713400000,1378.61,1387.77,1378.61,1387.77,0.085453
1677711600000,1378.61,1378.61,1378.61,1378.61,0
1677709800000,1377.23,1378.61,1377.23,1378.61,0.002946
1677708000000,1376.91,1377.23,1376.91,1377.23,0.122734
1677706200000,1370,1376.91,1370,1376.91,0.013473
1677704400000,1366.98,1370,1366.98,1370,0.084115
1677702600000,1366.59,1368.03,1366.54,1366.98,1.15449
1677700800000,1363.88,1367.25,1363.88,1366.59,1.014901
1677699000000,1380.6,1380.6,1363.88,1363.88,0.282449
1677697200000,1381.35,1381.37,1380.48,1380.6,0.808241
1677695400000,1381.35,1381.35,1381.35,1381.35,0
1677693600000,1381.35,1381.35,1381.35,1381.35,0
1677691800000,1378.45,1381.35,1378.45,1381.35,0.04733
1677690000000,1379.99,1379.99,1378.45,1378.45,0.0181
1677688200000,1374.78,1379.99,1374.78,1379.99,0.011596
1677686400000,1383.25,1383.25,1373.18,1374.78,0.112911
1677684600000,1381.1,1383.25,1381.1,1383.25,0.140848
1677682800000,1384.3,1384.3,1380,1381.1,4.960045
1677681000000,1374.48,1384.3,1374.48,1384.3,7.384365
1677679200000,1374.73,1374.83,1374.48,1374.48,2.329823
1677677400000,1371.36,1374.83,1371.36,1374.73,7.427128
1677675600000,1372.11,1372.11,1368.63,1371.36,2.531055
1677673800000,1375.94,1375.94,1372.11,1372.11,0.00241
1677672000000,1377.1,1377.1,1375.35,1375.94,3.744916
1677670200000,1377.1,1377.1,1377.1,1377.1,0
1677668400000,1373.32,1378.41,1373.32,1377.1,0.175742
1677666600000,1373.32,1373.32,1373.32,1373.32,0
1677664800000,1371.34,1373.32,1371.15,1373.32,0.080739
1677663000000,1371.37,1371.37,1370.57,1371.34,0.72765
1677661200000,1381.45,1381.45,1371.37,1371.37,2.080017
1677659400000,1371.68,1381.45,1371.68,1381.45,0.017448
1677657600000,1370.05,1371.98,1370.05,1371.68,0.105719
1677655800000,1372.73,1372.73,1370.05,1370.05,0.150118
1677654000000,1373.11,1374.42,1372.73,1372.73,0.094702
1677652200000,1373.11,1373.11,1373.11,1373.11,0
1677650400000,1374.18,1374.18,1373.11,1373.11,0.034783
1677648600000,1374.18,1374.18,1374.18,1374.18,0
1677646800000,1375.29,1378.98,1374.18,1374.18,19.234512
1677645000000,1361.99,1375.29,1361.99,1375.29,0.255571
1677643200000,1360.43,1361.99,1360.43,1361.99,0.006392
1677641400000,1360.43,1360.43,1360.43,1360.43,0
1677639600000,1346.17,1360.43,1346.17,1360.43,0.040852
1677637800000,1342.13,1346.17,1342.13,1346.17,0.004929
1677636000000,1342.13,1342.13,1342.13,1342.13,0
1677634200000,1333.42,1342.13,1333.42,1342.13,0.00742
1677632400000,1333.42,1333.42,1333.42,1333.42,0
1677630600000,1335.43,1335.43,1333.42,1333.42,0.00248
1677628800000,1336.48,1336.48,1335.43,1335.43,0.002476
1677627000000,1341.68,1341.68,1336.48,1336.48,0.056077
1677625200000,1341.68,1341.68,1341.68,1341.68,0
1677623400000,1340.26,1341.68,1340.26,1341.68,0.221818
1677621600000,1337.82,1340.26,1337.82,1340.26,0.034345
1677619800000,1345.5,1345.5,1335.43,1337.82,10.389876
1677618000000,1355.4,1355.4,1345.5,1345.5,1.024231
1677616200000,1353.55,1355.99,1353.55,1355.4,1.2
1677614400000,1352.7,1353.55,1351.93,1353.55,0.173433
1677612600000,1353.65,1353.65,1351.61,1352.7,0.663169
1677610800000,1361.85,1361.85,1353.65,1353.65,0.021358
1677609000000,1361.85,1361.85,1361.85,1361.85,0
1677607200000,1358.06,1361.85,1358.06,1361.85,4.439773
1677605400000,1358.06,1358.06,1358.06,1358.06,0
1677603600000,1356.89,1358.06,1355.52,1358.06,0.15387
1677601800000,1356.89,1356.89,1356.89,1356.89,0
1677600000000,1354.56,1356.89,1354.56,1356.89,0.079268
1677598200000,1354.56,1354.56,1354.56,1354.56,0
1677596400000,1354.56,1354.56,1354.56,1354.56,0
1677594600000,1351.75,1355.52,1351.75,1354.56,1.43686
1677592800000,1349.27,1351.75,1349.27,1351.75,0.013293
1677591000000,1349.27,1349.27,1349.27,1349.27,0
1677589200000,1355.4,1355.4,1349.27,1349.27,1.011831
1677587400000,1353.89,1355.91,1353.89,1355.4,4.159027
1677585600000,1350.54,1355.91,1350.54,1353.89,0.199353
1677583800000,1345.69,1350.54,1345.69,1350.54,0.140551
1677582000000,1342.65,1347.75,1342.65,1345.69,0.374124
1677580200000,1342.65,1342.65,1342.65,1342.65,0
1677578400000,1342.65,1342.65,1342.65,1342.65,0
1677576600000,1345.52,1345.52,1342.65,1342.65,0.064119
1677574800000,1347.55,1347.55,1345.52,1345.52,0.003457
1677573000000,1348.65,1348.65,1347.55,1347.55,0.024595
1677571200000,1349.58,1349.58,1348.65,1348.65,1.13669
1677569400000,1353.69,1353.69,1349.58,1349.58,0.039339
1677567600000,1352.32,1353.69,1352.32,1353.69,0.289637
1677565800000,1351.61,1353.26,1351.61,1352.32,0.19727
1677564000000,1351.61,1351.61,1351.61,1351.61,0
1677562200000,1351.61,1351.61,1351.61,1351.61,0
1677560400000,1351.61,1351.61,1351.61,1351.61,0
1677558600000,1355.35,1355.35,1351.61,1351.61,0.002446
1677556800000,1355.01,1355.35,1355.01,1355.35,0.006423
1677555000000,1355.49,1357.87,1355.01,1355.01,0.249116
1677553200000,1354.31,1355.49,1354.31,1355.49,0.128171
1677551400000,1352.69,1354.53,1352.69,1354.31,0.072385
1677549600000,1355.73,1355.91,1352.69,1352.69,0.441828
1677547800000,1354.77,1355.73,1354.77,1355.73,0.219527
1677546000000,1354.45,1354.77,1354.45,1354.77,0.001
1677544200000,1355.91,1355.91,1354.45,1354.45,0.002999
1677542400000,1352.69,1355.91,1352.69,1355.91,0.348839
1677540600000,1352.69,1352.69,1352.69,1352.69,0
1677538800000,1352.69,1352.69,1352.69,1352.69,0
1677537000000,1352.69,1352.69,1352.69,1352.69,0
1677535200000,1350,1354.04,1350,1352.69,0.074901
1677533400000,1349.94,1350.63,1348.86,1350,0.0337
1677531600000,1343.36,1349.94,1343.36,1349.94,1.815263
1677529800000,1343.36,1343.36,1343.36,1343.36,0
1677528000000,1342.68,1343.36,1342.68,1343.36,0.018535
1677526200000,1342.68,1342.68,1342.68,1342.68,0
1677524400000,1345.38,1345.7,1342.68,1342.68,7
1677522600000,1346.71,1346.71,1343.15,1345.38,0.92091
1677520800000,1361.35,1361.35,1346.71,1346.71,0.04728
1677519000000,1360.59,1361.35,1360.59,1361.35,0.071461
1677517200000,1354.62,1360.59,1354.62,1360.59,0.077118
1677515400000,1368.62,1368.62,1354.62,1354.62,0.01543
1677513600000,1362.5,1368.62,1362.5,1368.62,0.006361
1677511800000,1378.62,1378.62,1362.5,1362.5,0.109158
1677510000000,1380,1380,1378.62,1378.62,1
1677508200000,1382.73,1382.73,1378.98,1380,8.975306
1677506400000,1382.22,1382.77,1381.74,1382.73,1.35824
1677504600000,1369.99,1385,1369.99,1382.22,0.333055
1677502800000,1369.99,1369.99,1369.99,1369.99,0
1677501000000,1368.63,1369.99,1368.63,1369.99,0.207155
1677499200000,1368.28,1368.63,1368.28,1368.63,0.0175
1677497400000,1368.28,1368.28,1368.28,1368.28,0
1677495600000,1365.89,1369.99,1365.89,1368.28,0.031675
1677493800000,1368.92,1368.92,1365.89,1365.89,1
1677492000000,1367.25,1368.92,1367.25,1368.92,0.013127
1677490200000,1367.25,1367.25,1367.25,1367.25,0
1677488400000,1367.25,1367.25,1367.25,1367.25,0
1677486600000,1372.03,1372.03,1367.25,1367.25,0.043708
1677484800000,1372.03,1372.03,1372.03,1372.03,0
1677483000000,1372.24,1372.24,1372.03,1372.03,0.214291
1677481200000,1370,1372.24,1370,1372.24,0.096312
1677479400000,1370,1370,1370,1370,0
1677477600000,1370,1370,1370,1370,0
1677475800000,1370,1370,1370,1370,0
1677474000000,1370,1370,1370,1370,0
1677472200000,1370,1370,1370,1370,0
1677470400000,1370,1372.73,1370,1370,2.005875
1677468600000,1370,1370,1370,1370,0
1677466800000,1370,1370,1370,1370,0
1677465000000,1370,1370,1370,1370,0
1677463200000,1370,1370,1370,1370,0
1677461400000,1370,1370,1370,1370,0
1677459600000,1370,1370,1370,1370,0
1677457800000,1370.85,1370.85,1370,1370,0.05781
1677456000000,1372.59,1372.73,1370.85,1370.85,0.136666
1677454200000,1375.85,1375.85,1372.59,1372.59,0.009869
1677452400000,1363.94,1375.85,1363.94,1375.85,0.085408
1677450600000,1367.98,1367.98,1363.94,1363.94,0.011656
1677448800000,1376.83,1376.83,1367.98,1367.98,0.927979
1677447000000,1377.54,1377.54,1376.83,1376.83,2.175613
1677445200000,1381.47,1381.47,1377.54,1377.54,0.072014
1677443400000,1366.64,1381.47,1366.64,1381.47,0.2577
1677441600000,1366.64,1366.64,1366.64,1366.64,0
1677439800000,1366.64,1366.64,1366.64,1366.64,0
1677438000000,1360,1366.64,1360,1366.64,0.011178
1677436200000,1346.87,1360,1346.87,1360,0.087749
1677434400000,1344.66,1346.87,1344.66,1346.87,0.016991
1677432600000,1344.57,1344.66,1344.57,1344.66,0.00622
1677430800000,1344.57,1344.57,1344.57,1344.57,0
1677429000000,1344.57,1344.57,1344.57,1344.57,0
1677427200000,1345.94,1345.94,1344.57,1344.57,0.006475
1677425400000,1345.94,1345.94,1345.94,1345.94,0
1677423600000,1349.52,1349.52,1345.94,1345.94,0.018525
1677421800000,1349.52,1349.52,1349.52,1349.52,0
1677420000000,1343.41,1349.52,1343.41,1349.52,0.011904
1677418200000,1343.41,1343.41,1343.41,1343.41,0
1677416400000,1343.41,1343.41,1343.41,1343.41,0
1677414600000,1343.41,1343.41,1343.41,1343.41,0.011105
1677412800000,1345.18,1345.18,1343.41,1343.41,0.018614
1677411000000,1343.41,1345.18,1343.41,1345.18,0.210975
1677409200000,1344.63,1344.63,1343.41,1343.41,0.006229
1677407400000,1344.63,1344.63,1344.63,1344.63,0
1677405600000,1342.28,1344.63,1341.7,1344.63,0.492869
1677403800000,1342.28,1342.28,1342.28,1342.28,0
1677402000000,1340.67,1342.28,1340.67,1342.28,0.131764
1677400200000,1340.67,1340.67,1340.67,1340.67,0
1677398400000,1342.68,1342.68,1340.39,1340.67,0.744526
1677396600000,1342.68,1342.68,1342.68,1342.68,0
1677394800000,1342.68,1342.68,1342.68,1342.68,0
1677393000000,1342.68,1342.68,1342.68,1342.68,0
1677391200000,1342.68,1342.68,1342.68,1342.68,0
1677389400000,1342.68,1342.68,1342.68,1342.68,0
1677387600000,1342.68,1342.68,1342.68,1342.68,0
1677385800000,1343.05,1343.05,1340.9,1342.68,10.950637
1677384000000,1341.04,1343.05,1341.04,1343.05,0.006482
1677382200000,1341.04,1341.04,1341.04,1341.04,0
1677380400000,1338.85,1341.04,1338.85,1341.04,0.00392
1677378600000,1335.07,1338.85,1335.07,1338.85,0.008072
1677376800000,1335.07,1335.07,1335.07,1335.07,0
1677375000000,1335.07,1335.07,1335.07,1335.07,0
1677373200000,1335.07,1335.07,1335.07,1335.07,0
1677371400000,1332.61,1335.07,1332.61,1335.07,0.067635
1677369600000,1332.61,1332.61,1332.61,1332.61,0
1677367800000,1332.61,1332.61,1332.61,1332.61,0
1677366000000,1327.91,1332.61,1327.91,1332.61,0.003944
1677364200000,1324.23,1328.4,1324.23,1327.91,0.011212
1677362400000,1314.72,1324.23,1314.72,1324.23,0.003969
1677360600000,1314.48,1314.72,1314.48,1314.72,0.007
1677358800000,1313.4,1314.72,1312.96,1314.48,0.045981
1677357000000,1329.36,1329.36,1313.3,1313.4,0.276553
1677355200000,1326.44,1329.36,1326.44,1329.36,0.016559
1677353400000,1321.61,1326.44,1321.61,1326.44,0.145304
1677351600000,1329.97,1329.97,1321.61,1321.61,0.029973
1677349800000,1337.5,1337.5,1329.97,1329.97,0.011941
1677348000000,1338.65,1338.65,1337.5,1337.5,0.656179
1677346200000,1336.97,1338.65,1336.97,1338.65,0.176667
1677344400000,1336.97,1336.97,1336.97,1336.97,0
1677342600000,1339.99,1340,1336.97,1336.97,0.109392
1677340800000,1339.99,1339.99,1339.99,1339.99,0
1677339000000,1340.69,1340.69,1339.99,1339.99,0.055915
1677337200000,1340.69,1340.69,1340.69,1340.69,0
1677335400000,1340.69,1340.69,1340.69,1340.69,0
1677333600000,1339.26,1340.69,1339.26,1340.69,0.034332
1677331800000,1339.26,1339.26,1339.26,1339.26,0
1677330000000,1340.55,1340.55,1339.26,1339.26,0.003025
1677328200000,1341.33,1342.08,1340.55,1340.55,0.218217
1677326400000,1341.33,1341.33,1341.33,1341.33,0
1677324600000,1341.34,1342.67,1340,1341.33,0.100151
1677322800000,1341.34,1341.34,1341.34,1341.34,0
1677321000000,1341.34,1341.34,1341.34,1341.34,0
1677319200000,1343.33,1343.33,1341.34,1341.34,0.327721
1677317400000,1343.34,1343.34,1343.33,1343.33,0.001
1677315600000,1344.33,1344.33,1343.34,1343.34,0.034265
1677313800000,1343.26,1344.33,1343.26,1344.33,0.001
1677312000000,1343.26,1343.26,1343.26,1343.26,0
1677310200000,1340.61,1343.26,1340.61,1343.26,0.182424
1677308400000,1338.38,1340.61,1338.38,1340.61,0.007435
1677306600000,1338.38,1338.38,1338.38,1338.38,0
1677304800000,1338.38,1338.38,1338.38,1338.38,0
1677303000000,1340.7,1340.7,1338.38,1338.38,0.003899
1677301200000,1340.7,1340.7,1340.7,1340.7,0
1677299400000,1340.7,1340.7,1340.7,1340.7,0
1677297600000,1345.06,1345.06,1340.7,1340.7,0.006493
1677295800000,1345.06,1345.06,1345.06,1345.06,0
1677294000000,1345.06,1345.06,1345.06,1345.06,0
1677292200000,1345.06,1345.06,1345.06,1345.06,0
1677290400000,1345.06,1345.06,1345.06,1345.06,0
1677288600000,1345.06,1345.06,1345.06,1345.06,0
1677286800000,1345.06,1345.06,1345.06,1345.06,0
1677285000000,1345.06,1345.06,1345.06,1345.06,0
1677283200000,1345.06,1345.06,1345.06,1345.06,0
1677281400000,1345.06,1345.06,1345.06,1345.06,0
1677279600000,1345.06,1345.06,1345.06,1345.06,0
1677277800000,1345.06,1345.06,1345.06,1345.06,0
1677276000000,1345.23,1348.54,1341.02,1345.06,0.05012
1677274200000,1347.29,1347.29,1345.23,1345.23,0.01667
1677272400000,1349.07,1349.07,1347.29,1347.29,0.01667
1677270600000,1353.7,1353.7,1344.94,1349.07,0.062614
1677268800000,1341.14,1355,1341.14,1353.7,0.437119
1677267000000,1334.47,1341.14,1332.09,1341.14,0.222383
1677265200000,1337.32,1337.32,1334.47,1334.47,0.034492
1677263400000,1337.31,1337.32,1337.31,1337.32,0.018358
1677261600000,1337.31,1337.31,1337.31,1337.31,0
1677259800000,1337.31,1337.31,1337.31,1337.31,0
1677258000000,1336.67,1337.31,1336.67,1337.31,0.148556
1677256200000,1332.47,1337.57,1326.11,1336.67,0.590437
1677254400000,1346.71,1346.71,1321.61,1332.47,1.397817
1677252600000,1357.3,1357.3,1346.71,1346.71,0.25266
1677250800000,1372.42,1372.42,1357.3,1357.3,0.248353
1677249000000,1369.53,1372.74,1369.53,1372.42,1.316
1677247200000,1365.02,1369.53,1365.02,1369.53,1.20448
1677245400000,1371.33,1371.33,1365.02,1365.02,0.924572
1677243600000,1374.1,1374.1,1371.33,1371.33,0.010209
1677241800000,1374.94,1377.24,1374.1,1374.1,0.14542
1677240000000,1374,1380.62,1374,1374.94,2.157796
1677238200000,1372.74,1374.48,1371.09,1374,4.236378
1677236400000,1373.26,1374.38,1370.35,1372.74,6.174875
1677234600000,1371.72,1374.11,1371.72,1373.26,2.436073
1677232800000,1375.47,1375.47,1371.72,1371.72,0.147088
1677231000000,1375.47,1375.47,1375.47,1375.47,0
1677229200000,1371.81,1375.85,1371.81,1375.47,3.960142
1677227400000,1371.37,1372.25,1371.37,1371.81,3.140402
1677225600000,1371.37,1371.37,1371.37,1371.37,0
1677223800000,1371.37,1371.37,1371.37,1371.37,0
1677222000000,1370,1371.37,1370,1371.37,1.452639
1677220200000,1370,1370,1370,1370,0
1677218400000,1367.26,1370,1367.26,1370,0.013631
1677216600000,1374.63,1374.63,1367.26,1367.26,12.142244
1677214800000,1374.63,1374.63,1374.63,1374.63,0
1677213000000,1374.63,1374.63,1374.63,1374.63,0
1677211200000,1371.37,1374.63,1371.37,1374.63,0.006333
1677209400000,1371.37,1371.37,1371.37,1371.37,0
1677207600000,1378.42,1378.42,1371.37,1371.37,0.04363
1677205800000,1378.42,1378.42,1378.42,1378.42,0
1677204000000,1379.99,1379.99,1377.24,1378.42,0.746618
1677202200000,1381.45,1381.45,1379.6,1379.99,0.721849
1677200400000,1374.41,1381.45,1374.41,1381.45,0.007822
1677198600000,1374.41,1374.41,1374.41,1374.41,0
1677196800000,1373.5,1374.41,1373.5,1374.41,0.016651
1677195000000,1370.81,1373.5,1370.81,1373.5,0.078058
1677193200000,1368.41,1370.81,1368.41,1370.81,0.00998
1677191400000,1368.41,1368.41,1368.41,1368.41,0
1677189600000,1379.1,1379.1,1367.97,1368.41,0.186898
1677187800000,1379.1,1379.1,1379.1,1379.1,0
1677186000000,1379.1,1379.1,1379.1,1379.1,0
1677184200000,1380.41,1380.41,1379.1,1379.1,0.031024
1677182400000,1375.86,1380.41,1375.86,1380.41,0.27362
1677180600000,1372.06,1376.93,1372.06,1375.86,0.243614
1677178800000,1382.36,1382.36,1372.06,1372.06,0.014649
1677177000000,1382.36,1382.36,1382.36,1382.36,0
1677175200000,1382.36,1382.36,1382.36,1382.36,0
1677173400000,1378.62,1382.36,1378.62,1382.36,0.002924
1677171600000,1374.1,1378.62,1374.1,1378.62,1.064979
1677169800000,1374.1,1374.1,1374.1,1374.1,0
1677168000000,1378.11,1378.11,1374.1,1374.1,0.006336
1677166200000,1373.39,1378.11,1373.39,1378.11,0.10221
1677164400000,1380.58,1380.58,1370.64,1373.39,0.317336
1677162600000,1382.44,1382.44,1380.58,1380.58,0.070449
1677160800000,1372.56,1383.98,1372.56,1382.44,0.057738
1677159000000,1381.04,1381.04,1372.56,1372.56,0.003802
1677157200000,1363.22,1383.98,1363.22,1381.04,0.028435
1677155400000,1357.27,1363.22,1357.27,1363.22,0.035048
1677153600000,1366.59,1366.59,1357.27,1357.27,0.138204
1677151800000,1367.97,1367.97,1363.94,1366.59,0.043184
1677150000000,1382.95,1385,1367.97,1367.97,0.092139
1677148200000,1382.95,1382.95,1382.95,1382.95,0
1677146400000,1382.76,1384.13,1380,1382.95,2.501571
1677144600000,1385.32,1385.32,1382.76,1382.76,0.881962
1677142800000,1385.32,1385.32,1385.32,1385.32,0
1677141000000,1385.32,1385.32,1385.32,1385.32,0
1677139200000,1380.74,1385.32,1380.74,1385.32,0.301069
1677137400000,1380.74,1380.74,1380.74,1380.74,0
1677135600000,1380.74,1380.74,1380.74,1380.74,0
1677133800000,1380.45,1380.74,1380.45,1380.74,0.33
1677132000000,1380.45,1380.45,1380.45,1380.45,0
1677130200000,1384.7,1384.7,1380.45,1380.45,0.08543
1677128400000,1382.65,1384.7,1382.65,1384.7,0.001
1677126600000,1382.65,1382.65,1382.65,1382.65,0
1677124800000,1389.13,1389.13,1382.65,1382.65,0.006296
1677123000000,1389.13,1389.13,1389.13,1389.13,0
1677121200000,1385.83,1389.58,1385.83,1389.13,0.028304
1677119400000,1366.64,1386.56,1366.64,1385.83,1.102957
1677117600000,1360.14,1366.64,1360.14,1366.64,0.003846
1677115800000,1360.14,1360.14,1360.14,1360.14,0
1677114000000,1360.14,1360.14,1360.14,1360.14,0
1677112200000,1365.08,1365.08,1360.14,1360.14,2.088352
1677110400000,1364.66,1366.3,1362.72,1365.08,7.033322
1677108600000,1360,1364.92,1360,1364.66,1.261409
1677106800000,1355.4,1360,1355.4,1360,12.336938
1677105000000,1341.04,1355.4,1341.04,1355.4,1.060345
1677103200000,1336.27,1341.04,1336.27,1341.04,0.011992
1677101400000,1337.15,1338.84,1336.27,1336.27,0.874
1677099600000,1332.61,1337.5,1330,1337.15,5.614608
1677097800000,1332.61,1332.61,1332.61,1332.61,0
1677096000000,1328.91,1332.61,1328.91,1332.61,0.003944
1677094200000,1330,1330,1328.91,1328.91,0.026343
1677092400000,1325.04,1330,1325.04,1330,0.070199
1677090600000,1325.04,1325.04,1325.04,1325.04,0
1677088800000,1321.75,1325.04,1321.75,1325.04,0.295899
1677087000000,1322.1,1322.64,1321.75,1321.75,1.05361
1677085200000,1323.38,1323.38,1319.54,1322.1,0.028069
1677083400000,1323.38,1323.38,1323.38,1323.38,0
1677081600000,1326.01,1326.01,1323.38,1323.38,0.996578
1677079800000,1317.36,1326.01,1317.36,1326.01,0.740358
1677078000000,1332.12,1332.12,1317.36,1317.36,0.081428
1677076200000,1337.46,1337.46,1332.12,1332.12,0.913359
1677074400000,1347.3,1347.3,1337.32,1337.46,0.439727
1677072600000,1348.62,1348.65,1346.21,1347.3,0.820165
1677070800000,1345.95,1348.62,1345.95,1348.62,0.094254
1677069000000,1348.46,1348.46,1345.95,1345.95,3.152579
1677067200000,1341.89,1348.46,1341.89,1348.46,0.013835
1677065400000,1346.7,1346.7,1341.89,1341.89,0.131032
1677063600000,1344.85,1346.7,1344.85,1346.7,0.006213
1677061800000,1342.69,1344.85,1342.69,1344.85,0.507616
1677060000000,1343.27,1343.27,1342.69,1342.69,0.49879
1677058200000,1340,1343.27,1340,1343.27,0.981144
1677056400000,1335.01,1340.69,1335.01,1340,1.643
1677054600000,1337.32,1337.32,1335.01,1335.01,0.06585
1677052800000,1334.64,1341.02,1334.64,1337.32,0.90651
1677051000000,1334.64,1334.64,1334.64,1334.64,0
1677049200000,1334.64,1334.64,1334.64,1334.64,0
1677047400000,1344.73,1344.73,1334.38,1334.64,1.468851
1677045600000,1344.73,1344.73,1344.73,1344.73,0
1677043800000,1344.73,1344.73,1344.73,1344.73,0
1677042000000,1344.73,1344.73,1344.73,1344.73,0
1677040200000,1344.73,1344.73,1344.73,1344.73,0
1677038400000,1341.04,1344.73,1341.04,1344.73,0.006474
1677036600000,1340,1341.04,1340,1341.04,0.00392
1677034800000,1338.75,1340,1338.75,1340,0.277968
1677033000000,1335.44,1338.75,1325.78,1338.75,1.68608
1677031200000,1336.2,1338.03,1329.65,1335.44,4.031924
1677029400000,1350.83,1350.83,1336.2,1336.2,0.981916
1677027600000,1351.35,1354.05,1350.83,1350.83,1.976811
1677025800000,1356.03,1356.03,1351.35,1351.35,0.97
1677024000000,1346.45,1356.61,1346.45,1356.03,3.246702
1677022200000,1342.67,1349.37,1342.67,1346.45,0.042517
1677020400000,1344.88,1346.54,1340.88,1342.67,2.308469
1677018600000,1339.57,1344.88,1339.57,1344.88,0.97392
1677016800000,1340.75,1345.48,1313.44,1339.57,12.170216
1677015000000,1338.66,1341.34,1338.66,1340.75,1.526939
1677013200000,1365.3,1365.3,1338.66,1338.66,0.557231
1677011400000,1364.08,1365.3,1364.08,1365.3,0.306505
1677009600000,1370.5,1370.5,1364.08,1364.08,0.086516
1677007800000,1370.5,1370.5,1370.5,1370.5,0.32251
1677006000000,1370,1370.5,1370,1370.5,0.328
1677004200000,1370,1370,1370,1370,0
1677002400000,1361.36,1370,1361.36,1370,0.973847
1677000600000,1358.95,1361.65,1358.95,1361.36,1.8
1676998800000,1355.92,1358.95,1355.92,1358.95,1.076119
1676997000000,1360,1360,1355,1355.92,0.243826
1676995200000,1360.73,1361.36,1360,1360,0.575918
1676993400000,1360.73,1360.73,1360.73,1360.73,0
1676991600000,1373.67,1373.67,1360.73,1360.73,0.338328
1676989800000,1367.76,1373.67,1367.76,1373.67,0.041878
1676988000000,1370,1370,1367.76,1367.76,0.013138
1676986200000,1370,1370,1370,1370,0
1676984400000,1370,1370,1370,1370,0
1676982600000,1364.39,1370.75,1364.39,1370,3.502334
1676980800000,1363.39,1366.96,1363.39,1364.39,9.046078
1676979000000,1372.24,1372.24,1358.79,1363.39,3.73821
1676977200000,1371.72,1372.24,1371.72,1372.24,0.006098
1676975400000,1374.65,1374.65,1371.72,1371.72,8.0772
1676973600000,1375.48,1375.48,1374.65,1374.65,8
1676971800000,1381.31,1383,1374.11,1375.48,2.771488
1676970000000,1378.34,1384.34,1378.31,1381.31,18.251852
1676968200000,1401.4,1401.4,1375.45,1378.34,10.929766
1676966400000,1400.99,1403,1400.99,1401.4,2.103019
1676964600000,1401,1401,1400.99,1400.99,10.523722
1676962800000,1401,1401,1401,1401,0
1676961000000,1397.2,1401,1397.2,1401,2.02
1676959200000,1395.8,1397.2,1395.8,1397.2,0.350771
1676957400000,1394.33,1395.8,1394.33,1395.8,2.14929
1676955600000,1394.33,1394.33,1394.33,1394.33,0
1676953800000,1396.17,1396.17,1394.33,1394.33,0.677
1676952000000,1400.98,1400.98,1396.17,1396.17,0.006235
1676950200000,1407.44,1407.44,1400.98,1400.98,0.25
1676948400000,1407.44,1407.44,1407.44,1407.44,0
1676946600000,1401.55,1410,1401.55,1407.44,8.829826
1676944800000,1401.4,1401.55,1401.4,1401.55,0.000734
1676943000000,1401.4,1401.4,1401.4,1401.4,0
1676941200000,1401,1401.55,1401,1401.4,0.147209
1676939400000,1399.43,1401,1399.43,1401,1.137941
1676937600000,1394.17,1399.43,1394.17,1399.43,0.055345
1676935800000,1394.17,1394.17,1394.17,1394.17,0
1676934000000,1394.17,1394.17,1394.17,1394.17,0
1676932200000,1394.74,1395.2,1393.32,1394.17,5.041217
1676930400000,1394.21,1396.37,1394.21,1394.74,1.079654
1676928600000,1395.93,1398.6,1394.21,1394.21,1.328963
1676926800000,1395.91,1401,1393.23,1395.93,5.552107
1676925000000,1399.1,1399.1,1395.91,1395.91,0.089119
1676923200000,1394.4,1400,1394.4,1399.1,0.590113
1676921400000,1396.31,1397.2,1394.4,1394.4,8.784238
1676919600000,1389.51,1396.31,1389.51,1396.31,0.249939
1676917800000,1389.44,1389.51,1389.44,1389.51,0.05
1676916000000,1393.34,1393.34,1389.44,1389.44,0.536586
1676914200000,1393.34,1393.34,1393.34,1393.34,0
1676912400000,1393.34,1393.34,1393.34,1393.34,0
1676910600000,1387.79,1393.85,1385.65,1393.34,0.831957
1676908800000,1399.92,1399.92,1387.79,1387.79,0.522354
1676907000000,1396.71,1399.92,1396.71,1399.92,0.633676
1676905200000,1396.67,1399.99,1396.67,1396.71,1.289507
1676903400000,1399.75,1400,1390.91,1396.67,1.561685
1676901600000,1397.9,1399.75,1395.95,1399.75,0.380391
1676899800000,1402.28,1402.28,1397.9,1397.9,0.532397
1676898000000,1403.13,1403.13,1402.28,1402.28,0.322
1676896200000,1403.13,1403.13,1403.13,1403.13,0
1676894400000,1402.41,1405.74,1399.73,1403.13,2.110252
1676892600000,1403.95,1408.63,1400.9,1402.41,4.176761
1676890800000,1404.78,1408.67,1403.95,1403.95,1.05121
1676889000000,1399.52,1407.12,1399.52,1404.78,2.440814
1676887200000,1411.89,1411.89,1348.94,1399.52,26.067752
1676885400000,1391.67,1412.62,1390.39,1411.89,1.708986
1676883600000,1391.11,1391.94,1389.75,1391.67,0.042027
1676881800000,1391.11,1391.11,1391.11,1391.11,0
1676880000000,1390.31,1392.12,1390.31,1391.11,0.064306
1676878200000,1390.31,1390.31,1390.31,1390.31,0
1676876400000,1385.9,1390.31,1385.9,1390.31,0.038449
1676874600000,1385.54,1385.9,1385.54,1385.9,0.018536
1676872800000,1383.84,1385.54,1383.84,1385.54,0.046175
1676871000000,1383.66,1383.84,1383.66,1383.84,0.006901
1676869200000,1383.66,1383.66,1383.66,1383.66,0
1676867400000,1383.66,1383.66,1383.66,1383.66,0
1676865600000,1383.34,1383.97,1383.34,1383.66,0.984292
1676863800000,1377.99,1383.34,1377.99,1383.34,0.069882
1676862000000,1377.99,1377.99,1377.99,1377.99,0
1676860200000,1377.99,1377.99,1377.99,1377.99,0
1676858400000,1361.36,1377.99,1361.36,1377.99,0.070583
1676856600000,1361.36,1361.36,1361.36,1361.36,0
1676854800000,1379.37,1379.37,1360.12,1361.36,0.201761
1676853000000,1381.4,1381.4,1379.37,1379.37,0.328
1676851200000,1381.4,1381.4,1381.4,1381.4,0
1676849400000,1382.76,1385.11,1381.4,1381.4,2.321248
1676847600000,1381.45,1382.76,1381.41,1382.76,0.071339
1676845800000,1381.45,1381.45,1381.45,1381.45,0
1676844000000,1375.41,1381.45,1375.41,1381.45,0.012197
1676842200000,1375.41,1375.41,1375.41,1375.41,0
1676840400000,1378.24,1378.38,1374.85,1375.41,1.338
1676838600000,1370.42,1380.56,1370.42,1378.24,1.062464
1676836800000,1378.73,1378.73,1367.97,1370.42,1.850108
1676835000000,1380.53,1381.02,1378.14,1378.73,2.51073
1676833200000,1382.19,1382.19,1380.53,1380.53,0.00967
1676831400000,1382.19,1382.19,1382.19,1382.19,0
1676829600000,1392.32,1392.32,1376.11,1382.19,0.129059
1676827800000,1383.7,1392.32,1383.7,1392.32,0.007143
1676826000000,1390.34,1391.02,1378.73,1383.7,2.936547
1676824200000,1394.18,1398.87,1388.59,1390.34,3.677418
1676822400000,1389.67,1394.18,1389.67,1394.18,0.640699
1676820600000,1380.97,1393.75,1380.97,1389.67,3.052897
1676818800000,1393.41,1399.39,1380.97,1380.97,0.661463
1676817000000,1388.07,1393.41,1388.07,1393.41,0.160631
1676815200000,1387.7,1388.07,1387.7,1388.07,0.001
1676813400000,1387.16,1387.7,1386.92,1387.7,0.009946
1676811600000,1387.11,1387.32,1387.11,1387.16,0.00222
1676809800000,1386.15,1387.21,1381.2,1387.11,2.77939
1676808000000,1387.97,1388.06,1386.15,1386.15,0.29
1676806200000,1389.13,1389.13,1383.26,1387.97,0.079698
1676804400000,1388.52,1389.13,1382.03,1389.13,0.456024
1676802600000,1385.74,1388.52,1385.74,1388.52,0.324
1676800800000,1385.35,1385.74,1385.31,1385.74,0.791627
1676799000000,1385.35,1385.35,1385.35,1385.35,0
1676797200000,1384.84,1385.35,1384.84,1385.35,0.325
1676795400000,1386.16,1386.16,1384.04,1384.84,0.337983
1676793600000,1386.16,1386.16,1386.16,1386.16,0
1676791800000,1386.16,1386.16,1386.16,1386.16,0
1676790000000,1382.73,1386.16,1382.73,1386.16,0.077345
1676788200000,1382.73,1382.73,1382.73,1382.73,0
1676786400000,1382.73,1382.73,1382.73,1382.73,0
1676784600000,1382.73,1382.73,1382.73,1382.73,0
1676782800000,1383.06,1383.06,1382.73,1382.73,0.52
1676781000000,1383.06,1383.06,1383.06,1383.06,0
1676779200000,1380.84,1383.06,1380.84,1383.06,0.006295
1676777400000,1380.84,1380.84,1380.84,1380.84,0
1676775600000,1382.33,1382.33,1380.84,1380.84,0.152325
1676773800000,1380.98,1382.33,1380.98,1382.33,0.327901
1676772000000,1382.19,1382.19,1380.68,1380.98,0.005131
1676770200000,1382.19,1382.19,1382.19,1382.19,0
1676768400000,1382.19,1382.19,1382.19,1382.19,0
1676766600000,1374.42,1382.19,1374.42,1382.19,0.713087
1676764800000,1374.42,1374.42,1374.42,1374.42,0
1676763000000,1374.42,1374.42,1374.42,1374.42,0
1676761200000,1375.94,1375.94,1374.42,1374.42,0.034264
1676759400000,1375.94,1375.94,1375.87,1375.94,0.131605
1676757600000,1372.6,1375.94,1372.6,1375.94,0.263234
1676755800000,1372.6,1372.6,1372.6,1372.6,0
1676754000000,1372.6,1372.6,1372.6,1372.6,0
1676752200000,1367.98,1372.6,1367.98,1372.6,0.08
1676750400000,1378.12,1378.12,1367.98,1367.98,1.274935
1676748600000,1378.73,1380.06,1372.56,1378.12,0.369802
1676746800000,1378.73,1378.73,1378.73,1378.73,0
1676745000000,1388.59,1389.04,1378.73,1378.73,0.338433
1676743200000,1385.81,1392.3,1379.06,1388.59,2.849
1676741400000,1384.64,1385.81,1382.12,1385.81,0.381625
1676739600000,1384.64,1384.64,1384.64,1384.64,0
1676737800000,1381.42,1384.64,1381.42,1384.64,0.325
1676736000000,1382.23,1386.13,1381.42,1381.42,0.42734
1676734200000,1386.52,1392.32,1380.69,1382.23,0.472386
1676732400000,1382.09,1386.52,1373.54,1386.52,0.623699
1676730600000,1385.07,1385.07,1377.77,1382.09,0.755409
1676728800000,1387.48,1387.48,1382.15,1385.07,0.574285
1676727000000,1387.12,1387.48,1387.12,1387.48,0.001834
1676725200000,1387.12,1387.12,1387.12,1387.12,0.021555
1676723400000,1379.44,1387.12,1377.47,1387.12,0.350426
1676721600000,1378.43,1379.68,1375.25,1379.44,2.451329
1676719800000,1380.14,1380.14,1376.62,1378.43,0.536376
1676718000000,1381.04,1381.14,1379.91,1380.14,0.383513
1676716200000,1378.05,1381.04,1375.13,1381.04,0.905
1676714400000,1377.4,1382.74,1376.98,1378.05,0.700711
1676712600000,1380.02,1380.02,1377.4,1377.4,0.05
1676710800000,1381.66,1381.66,1380.02,1380.02,0.033354
1676709000000,1381.66,1381.66,1381.66,1381.66,0
1676707200000,1386.81,1386.81,1381.62,1381.66,0.011
1676705400000,1384.25,1386.84,1376.01,1386.81,0.809438
1676703600000,1384.25,1384.25,1384.25,1384.25,0
1676701800000,1384.16,1384.25,1384.16,1384.25,0.004417
1676700000000,1386.08,1386.08,1384.16,1384.16,0.070268
1676698200000,1386.08,1386.08,1386.08,1386.08,0
1676696400000,1386.08,1386.08,1386.08,1386.08,0
1676694600000,1386.08,1386.08,1386.08,1386.08,0
1676692800000,1384.37,1386.08,1384.37,1386.08,0.006281
1676691000000,1384.37,1384.37,1384.37,1384.37,0
1676689200000,1385.16,1385.16,1382.7,1384.37,0.537046
1676687400000,1385.16,1385.16,1385.16,1385.16,0
1676685600000,1385.27,1385.27,1383.8,1385.16,0.458948
1676683800000,1385.27,1385.27,1385.27,1385.27,0
1676682000000,1375.29,1385.27,1375.29,1385.27,0.719628
1676680200000,1370.68,1375.29,1370.68,1375.29,1.317168
1676678400000,1375.29,1376.69,1303.87,1370.68,25.668225
1676676600000,1367.44,1375.29,1367.44,1375.29,0.003822
1676674800000,1360.41,1367.44,1360.41,1367.44,0.2765
1676673000000,1380.96,1380.96,1360.41,1360.41,0.353728
1676671200000,1402.37,1402.37,1360,1380.96,0.154047
1676669400000,1397.1,1402.37,1392.31,1402.37,0.124754
1676667600000,1390,1397.1,1390,1397.1,0.013353
1676665800000,1396.83,1396.83,1390,1390,0.017985
1676664000000,1397.11,1397.11,1396.83,1396.83,0.058025
1676662200000,1392.32,1397.11,1392.32,1397.11,0.250594
1676660400000,1383.98,1392.32,1383.98,1392.32,0.007761
1676658600000,1383.98,1383.98,1383.98,1383.98,0
1676656800000,1383.98,1383.98,1383.98,1383.98,0
1676655000000,1376.56,1383.98,1376.56,1383.98,0.01162
1676653200000,1376.56,1376.56,1376.56,1376.56,0
1676651400000,1371.95,1376.56,1370.95,1376.56,3.779691
1676649600000,1360.96,1371.95,1360.96,1371.95,0.171346
1676647800000,1370.33,1374.57,1360.96,1360.96,0.727461
1676646000000,1369.48,1370.33,1369.48,1370.33,0.001001
1676644200000,1377.2,1390.71,1361.54,1369.48,2.415741
1676642400000,1375.42,1377.2,1375.42,1377.2,0.003616
1676640600000,1380.39,1380.39,1375.42,1375.42,0.377967
1676638800000,1382.79,1382.79,1380.39,1380.39,0.213025
1676637000000,1382.79,1382.79,1382.79,1382.79,0
1676635200000,1382.79,1382.79,1382.79,1382.79,0
1676633400000,1385.16,1385.16,1382.79,1382.79,0.06921
1676631600000,1380.47,1385.16,1380.47,1385.16,0.112216
1676629800000,1379.4,1380.68,1377.21,1380.47,0.754521
1676628000000,1378.22,1379.4,1378.22,1379.4,0.106578
1676626200000,1378.22,1378.22,1378.22,1378.22,0
1676624400000,1368.07,1378.22,1368.07,1378.22,0.522597
1676622600000,1372.7,1372.7,1366.93,1368.07,0.110728
1676620800000,1372.7,1372.7,1372.7,1372.7,0
1676619000000,1372.7,1372.7,1372.7,1372.7,0
1676617200000,1372.7,1372.7,1372.7,1372.7,0
1676615400000,1372.7,1372.7,1372.7,1372.7,0
1676613600000,1369.84,1372.7,1369.84,1372.7,0.357031
1676611800000,1369.84,1369.84,1369.84,1369.84,0
1676610000000,1368.8,1369.84,1368.8,1369.84,0.001
1676608200000,1370.68,1370.68,1368.8,1368.8,0.007006
1676606400000,1355.28,1370.68,1355.28,1370.68,0.02051
1676604600000,1355.28,1355.28,1355.28,1355.28,0
1676602800000,1355.28,1355.28,1355.28,1355.28,0
1676601000000,1355.28,1355.28,1355.28,1355.28,0
1676599200000,1354.12,1355.28,1354.12,1355.28,0.021733
1676597400000,1352,1354.12,1352,1354.12,0.218453
1676595600000,1352,1352,1352,1352,0
1676593800000,1346.71,1352,1295,1352,0.208946
1676592000000,1346.71,1346.71,1346.71,1346.71,0
1676590200000,1368.36,1368.36,1346.71,1346.71,1.059266
1676588400000,1370.41,1371.56,1368.36,1368.36,0.083473
1676586600000,1393.1,1393.1,1363.94,1370.41,0.077044
1676584800000,1393.1,1393.1,1393.1,1393.1,0
1676583000000,1389.57,1394.89,1389.57,1393.1,2.233077
1676581200000,1394.78,1394.78,1389.57,1389.57,0.011463
1676579400000,1398.78,1398.78,1394.78,1394.78,0.003584
1676577600000,1416.93,1417.59,1398.78,1398.78,0.046784
1676575800000,1418.09,1418.57,1416.93,1416.93,0.201111
1676574000000,1419.55,1419.89,1415.24,1418.09,0.077906
1676572200000,1417,1424.26,1417,1419.55,0.084553
1676570400000,1417,1417,1417,1417,0
1676568600000,1417,1417,1417,1417,0
1676566800000,1414.13,1430,1414.13,1417,8.539426
1676565000000,1414.29,1425.42,1414.13,1414.13,5.996569
1676563200000,1419.31,1436.4,1394.8,1414.29,8.136962
1676561400000,1393.09,1419.31,1389.23,1419.31,28.598973
1676559600000,1387,1398.5,1387,1393.09,6.661774
1676557800000,1393.22,1393.8,1380,1387,43.265
1676556000000,1389.42,1395.94,1389.42,1393.22,0.088428
1676554200000,1392.29,1397.26,1389.42,1389.42,2.381
1676552400000,1392.31,1397.33,1392.29,1392.29,0.831792
1676550600000,1394.17,1396.95,1362.05,1392.31,20.666629
1676548800000,1391.23,1394.17,1391.23,1394.17,0.351532
1676547000000,1394.4,1400,1391.23,1391.23,14.502982
1676545200000,1398.58,1398.58,1392.78,1394.4,3.179225
1676543400000,1398.6,1398.75,1396.14,1398.58,0.604364
1676541600000,1395.56,1398.6,1395.56,1398.6,0.363435
1676539800000,1395.56,1395.8,1395.56,1395.56,9.098918
1676538000000,1394.4,1395.56,1392.78,1395.56,9.543289
1676536200000,1394.4,1394.4,1394.4,1394.4,0
1676534400000,1394.4,1394.4,1394.4,1394.4,0
1676532600000,1394.4,1394.4,1394.4,1394.4,0
1676530800000,1400.5,1400.5,1394.4,1394.4,0.019522
1676529000000,1404.64,1404.64,1400.5,1400.5,0.007649
1676527200000,1404.64,1404.64,1404.64,1404.64,0
1676525400000,1404.64,1404.64,1404.64,1404.64,0
1676523600000,1401.05,1404.64,1401.05,1404.64,0.260191
1676521800000,1401.05,1401.05,1401.05,1401.05,0
1676520000000,1405.27,1405.27,1401.05,1401.05,0.006214
1676518200000,1405.27,1405.27,1405.27,1405.27,0
1676516400000,1405.27,1405.27,1405.27,1405.27,0
1676514600000,1405.27,1405.27,1405.27,1405.27,0