1679107140000,1820.23,1820.23,1818.88,1818.88,1.745537
1679107080000,1820.23,1820.23,1820.23,1820.23,0.538744
1679107020000,1820.43,1820.43,1820.23,1820.23,0.083028
1679106960000,1820.43,1820.43,1820.43,1820.43,0
1679106900000,1820.29,1820.9,1820.29,1820.43,0.267203
1679106840000,1820.69,1820.9,1820.29,1820.29,0.203227
1679106780000,1818.44,1820.69,1818.44,1820.69,3.863262
1679106720000,1819.81,1819.81,1818.44,1818.44,1.009999
1679106660000,1820.9,1820.9,1819.81,1819.81,0.022699
1679106600000,1819.64,1820.9,1819.64,1820.9,0.007382
1679106540000,1819.05,1819.64,1819.05,1819.64,0.547476
1679106480000,1814.55,1819.05,1814.55,1819.05,0.025733
1679106420000,1822.92,1824,1814.55,1814.55,65.754964
1679106360000,1823.74,1823.74,1822.92,1822.92,0.025388
1679106300000,1826.77,1826.77,1823.55,1823.74,0.592192
1679106240000,1826.77,1826.77,1826.77,1826.77,0
1679106180000,1826.91,1826.91,1826.37,1826.77,1.55519
1679106120000,1826.4,1828.55,1826.4,1826.91,2.280685
1679106060000,1824.23,1826.4,1824.23,1826.4,14.915103
1679106000000,1823.95,1825,1823.95,1824.23,0.826983
1679105940000,1824.36,1824.36,1822.68,1823.95,6.357899
1679105880000,1824.35,1824.36,1824.35,1824.36,0.191274
1679105820000,1823.27,1824.35,1823.27,1824.35,1.101567
1679105760000,1821.06,1823.27,1821.06,1823.27,0.279559
1679105700000,1821.23,1822.32,1821.06,1821.06,1.054627
1679105640000,1820.29,1821.23,1820,1821.23,17.013351
1679105580000,1817.99,1820.29,1817.99,1820.29,1.053191
1679105520000,1818.26,1819.14,1817.99,1817.99,3.364083
1679105460000,1817.79,1818.37,1817.79,1818.26,1.5
1679105400000,1814.33,1817.79,1814.33,1817.79,0.006128
1679105340000,1814.13,1814.39,1813.15,1814.33,5.539889
1679105280000,1815.96,1815.96,1814.13,1814.13,0.146434
1679105220000,1816.74,1816.74,1815.96,1815.96,0.0018
1679105160000,1817.96,1817.96,1816.74,1816.74,1.5
1679105100000,1816.67,1817.96,1816.67,1817.96,1.901985
1679105040000,1816.57,1817.44,1816,1816.67,4.64767
1679104980000,1819.02,1819.02,1816.57,1816.57,2.006086
1679104920000,1819.09,1819.09,1819.02,1819.02,0.408187
1679104860000,1819.09,1819.09,1819.09,1819.09,0
1679104800000,1819.09,1819.09,1819.09,1819.09,0
1679104740000,1819.84,1822.31,1819.09,1819.09,1.944379
1679104680000,1820.56,1820.56,1819.84,1819.84,0.053035
1679104620000,1820.24,1820.56,1820.24,1820.56,0.636547
1679104560000,1820.76,1820.76,1820.1,1820.24,0.544509
1679104500000,1821.13,1821.13,1820.76,1820.76,0.013123
1679104440000,1819.96,1821.13,1819.96,1821.13,0.004923
1679104380000,1820.12,1821.7,1819.96,1819.96,5.878004
1679104320000,1820.12,1820.12,1820.12,1820.12,0
1679104260000,1820.24,1821.83,1820.12,1820.12,3.103371
1679104200000,1818.72,1820.25,1818.72,1820.24,0.026843
1679104140000,1823.93,1823.93,1818.72,1818.72,5.000074
1679104080000,1822.93,1823.93,1822.93,1823.93,0.816306
1679104020000,1822.56,1824.06,1822.56,1822.93,1.162914
1679103960000,1822.02,1822.56,1822.02,1822.56,0.014813
1679103900000,1822.02,1822.02,1822.02,1822.02,0
1679103840000,1820.13,1822.02,1820.13,1822.02,0.001017
1679103780000,1820.03,1820.13,1820.03,1820.13,0.053009
1679103720000,1820.03,1820.03,1820.03,1820.03,0.0436
1679103660000,1823.29,1823.29,1820.03,1820.03,0.342666
1679103600000,1823.29,1823.29,1823.29,1823.29,0
1679103540000,1822.45,1824.39,1822.22,1823.29,4.842637
1679103480000,1826.06,1826.06,1822.45,1822.45,0.563907
1679103420000,1826.73,1826.73,1826.06,1826.06,12.34
1679103360000,1826.73,1826.73,1826.73,1826.73,0
1679103300000,1820.29,1826.73,1820.29,1826.73,0.01331
1679103240000,1820.29,1820.29,1820.29,1820.29,0
1679103180000,1821.44,1824.39,1818.72,1820.29,6.014933
1679103120000,1826.96,1826.96,1821.44,1821.44,4.754835
1679103060000,1830,1830,1826.89,1826.96,0.105419
1679103000000,1833.52,1833.52,1830,1830,2.054644
1679102940000,1833.89,1833.89,1833.52,1833.52,0.534764
1679102880000,1833.41,1834.11,1831.94,1833.89,7.087305
1679102820000,1833.7,1833.7,1833.41,1833.41,2
1679102760000,1832.03,1833.7,1831.95,1833.7,5.602049
1679102700000,1830.16,1832.03,1830.16,1832.03,0.496051
1679102640000,1829.61,1832.67,1829.61,1830.16,2.28185
1679102580000,1826.14,1829.61,1826.14,1829.61,1.572692
1679102520000,1826.98,1827.42,1826.14,1826.14,2.706107
1679102460000,1830.91,1830.91,1826.89,1826.98,0.05852
1679102400000,1833.54,1833.54,1830.78,1830.91,0.125712
1679102340000,1832.25,1833.55,1832.25,1833.54,0.213287
1679102280000,1831.1,1832.25,1830.13,1832.25,2.649909
1679102220000,1829.6,1831.1,1829.6,1831.1,0.004027
1679102160000,1829.6,1830.95,1829.6,1829.6,11.999613
1679102100000,1829.97,1830.04,1828.61,1829.6,15.599322
1679102040000,1825.85,1829.97,1825.85,1829.97,6.530308
1679101980000,1825.67,1828.44,1825.67,1825.85,0.116847
1679101920000,1825.2,1825.67,1824.16,1825.67,3.220585
1679101860000,1829,1829,1825.2,1825.2,7.97727
1679101800000,1831.48,1832.48,1829,1829,0.236781
1679101740000,1832.89,1833.89,1830.16,1831.48,6.691336
1679101680000,1830.73,1834.77,1830.73,1832.89,2.659974
1679101620000,1830.71,1832.92,1830.09,1830.73,3.695596
1679101560000,1832.06,1835.69,1830.71,1830.71,6.269404
1679101500000,1829,1832.06,1826.34,1832.06,4.831397
1679101440000,1825.9,1829,1825.9,1829,0.218792
1679101380000,1826.02,1826.53,1824.22,1825.9,18.396486
1679101320000,1822.48,1828.31,1822.48,1826.02,16.637357
1679101260000,1824.22,1824.22,1821.37,1822.48,0.301098
1679101200000,1822.14,1825.07,1822.14,1824.22,0.243972
1679101140000,1819.46,1822.14,1819.46,1822.14,0.175496
1679101080000,1823.75,1825,1817.66,1819.46,13.659079
1679101020000,1816.98,1823.75,1812.39,1823.75,39.722664
1679100960000,1809.27,1820,1808.22,1816.98,73.337141
1679100900000,1800.32,1809.27,1800.32,1809.27,2.521965
1679100840000,1795.46,1800.32,1795.46,1800.32,36.573637
1679100780000,1793.73,1795.46,1793.73,1795.46,4.06
1679100720000,1793.73,1793.73,1793.73,1793.73,0
1679100660000,1794.01,1794.38,1793.14,1793.73,2.598666
1679100600000,1790.18,1794.01,1790.18,1794.01,9.919208
1679100540000,1790,1790.41,1789.26,1790.18,7.878983
1679100480000,1788.33,1790,1788.33,1790,0.014014
1679100420000,1789.89,1789.89,1788.33,1788.33,0.552208
1679100360000,1790.94,1791.78,1789.89,1789.89,0.140166
1679100300000,1789.56,1790.94,1789.56,1790.94,0.0094
1679100240000,1789.56,1789.56,1789.56,1789.56,0
1679100180000,1789.56,1789.56,1789.56,1789.56,0
1679100120000,1789.56,1789.56,1789.56,1789.56,0
1679100060000,1787.06,1789.56,1787.06,1789.56,18.661204
1679100000000,1785.66,1787.72,1785.66,1787.06,6.771133
1679099940000,1789.98,1789.98,1785.66,1785.66,11.015229
1679099880000,1789.98,1789.98,1789.98,1789.98,0
1679099820000,1784.29,1789.98,1784.29,1789.98,18.469518
1679099760000,1783,1784.29,1783,1784.29,0.140418
1679099700000,1784.17,1784.17,1783,1783,0.078138
1679099640000,1783.34,1784.17,1783.33,1784.17,0.547832
1679099580000,1780.94,1783.34,1780.94,1783.34,1.586368
1679099520000,1777.87,1780.94,1777.79,1780.94,5.436315
1679099460000,1774.75,1777.87,1774.75,1777.87,1.063666
1679099400000,1779.32,1779.32,1774.75,1774.75,6.567945
1679099340000,1779.32,1779.32,1779.32,1779.32,0
1679099280000,1779.15,1780.11,1778.82,1779.32,1.07977
1679099220000,1777.78,1779.24,1777.78,1779.15,2.333183
1679099160000,1777.56,1777.78,1775.72,1777.78,10.563839
1679099100000,1775.83,1778.14,1775.83,1777.56,0.144165
1679099040000,1779.59,1779.59,1774.28,1775.83,0.087225
1679098980000,1782.39,1782.39,1779.59,1779.59,0.050302
1679098920000,1783.75,1783.83,1782.39,1782.39,0.108267
1679098860000,1780.53,1783.75,1780.53,1783.75,2.048271
1679098800000,1772.01,1781.98,1772.01,1780.53,37.338091
1679098740000,1785,1785,1772.01,1772.01,32.387018
1679098680000,1787.78,1787.78,1785,1785,1.404364
1679098620000,1787.39,1787.78,1786.87,1787.78,2.79179
1679098560000,1789.19,1789.19,1787.39,1787.39,0.010523
1679098500000,1790.83,1790.83,1789.19,1789.19,0.123228
1679098440000,1790.01,1790.83,1788.95,1790.83,11.626212
1679098380000,1790.01,1790.01,1790.01,1790.01,0
1679098320000,1793.81,1793.81,1789.33,1790.01,1.310552
1679098260000,1793.97,1793.97,1793.81,1793.81,3.205
1679098200000,1788.76,1793.97,1788.76,1793.97,7.2025
1679098140000,1787.39,1789.03,1787.39,1788.76,13.435781
1679098080000,1788.33,1788.33,1787.39,1787.39,0.020619
1679098020000,1791.15,1791.15,1788.33,1788.33,12.512196
1679097960000,1793,1793,1791.15,1791.15,4.328908
1679097900000,1792.15,1793.3,1791.58,1793,16.971528
1679097840000,1792.15,1792.15,1792.15,1792.15,0
1679097780000,1792.15,1792.15,1792.15,1792.15,0
1679097720000,1789.61,1792.15,1789.61,1792.15,0.362864
1679097660000,1792.42,1792.42,1789.61,1789.61,2.453
1679097600000,1793.36,1793.74,1792.42,1792.42,29.883104
1679097540000,1793.5,1793.64,1793.36,1793.36,5.818
1679097480000,1791.65,1793.5,1791.65,1793.5,2.588484
1679097420000,1789.74,1791.65,1789.74,1791.65,0.015564
1679097360000,1788.62,1789.74,1788.62,1789.74,3.2
1679097300000,1788.98,1789.93,1788.62,1788.62,5.168968
1679097240000,1791.82,1791.82,1788.98,1788.98,0.1
1679097180000,1791.11,1791.82,1790.26,1791.82,6.554897
1679097120000,1788.33,1791.11,1788.33,1791.11,1.214
1679097060000,1788.33,1788.33,1788.33,1788.33,0
1679097000000,1788.66,1788.66,1788.33,1788.33,0.008388
1679096940000,1792.1,1792.1,1787.76,1788.66,0.141062
1679096880000,1788.89,1792.1,1788.89,1792.1,0.5558
1679096820000,1785.79,1788.89,1785.79,1788.89,0.005014
1679096760000,1786.41,1786.76,1785.79,1785.79,0.332058
1679096700000,1786.41,1786.41,1786.41,1786.41,0
1679096640000,1786.94,1786.94,1786.41,1786.41,0.002112
1679096580000,1787.39,1787.49,1786.42,1786.94,2.300031
1679096520000,1787.39,1787.39,1787.39,1787.39,0
1679096460000,1793.95,1793.95,1787.39,1787.39,0.64159
1679096400000,1792.24,1793.95,1792.24,1793.95,0.196041
1679096340000,1793.66,1793.66,1792.24,1792.24,3.398196
1679096280000,1790.55,1794.81,1790.55,1793.66,1.575371
1679096220000,1794.64,1794.64,1790.55,1790.55,0.837994
1679096160000,1792.74,1794.64,1792.74,1794.64,1.911617
1679096100000,1793.56,1793.56,1792.74,1792.74,0.564983
1679096040000,1792.74,1794.96,1792.74,1793.56,13.654285
1679095980000,1792.96,1793.29,1792.74,1792.74,0.217416
1679095920000,1789.7,1792.96,1789.7,1792.96,6.057963
1679095860000,1790.5,1790.5,1788.88,1789.7,5.535734
1679095800000,1784.82,1790.5,1784.82,1790.5,0.028992
1679095740000,1789.11,1789.11,1784.82,1784.82,13.49571
1679095680000,1788.62,1789.52,1787.98,1789.11,7.268118
1679095620000,1792.44,1792.44,1788.62,1788.62,0.514239
1679095560000,1787.39,1792.44,1787.39,1792.44,7.569525
1679095500000,1787.39,1787.39,1787.39,1787.39,0
1679095440000,1789.03,1789.55,1787.39,1787.39,0.097466
1679095380000,1792.41,1792.49,1788.21,1789.03,0.176195
1679095320000,1791.75,1792.41,1791.52,1792.41,0.036931
1679095260000,1797.25,1797.25,1791.75,1791.75,0.300874
1679095200000,1797.25,1797.25,1797.25,1797.25,0
1679095140000,1798,1798,1797.25,1797.25,0.002125
1679095080000,1798.58,1798.58,1797.96,1798,1.716416
1679095020000,1797,1798.58,1796.97,1798.58,3.104989
1679094960000,1798.61,1798.61,1797,1797,0.002095
1679094900000,1792.99,1798.61,1792.99,1798.61,13.951976
1679094840000,1793.42,1793.42,1791.75,1792.99,1.497897
1679094780000,1797.9,1797.9,1793.42,1793.42,5.371668
1679094720000,1795.74,1797.9,1793.11,1797.9,3.097071
1679094660000,1795.06,1795.74,1795.05,1795.74,1.118542
1679094600000,1798.35,1798.35,1794.33,1795.06,1.563213
1679094540000,1799.83,1803.47,1797.81,1798.35,7.283929
1679094480000,1794.22,1803.85,1792.24,1799.83,168.642728
1679094420000,1791.79,1794.38,1790.82,1794.22,10.552027
1679094360000,1785.47,1791.79,1782.9,1791.79,112.46453
1679094300000,1784.02,1785.47,1784.02,1785.47,0.070176
1679094240000,1783.19,1784.02,1780.61,1784.02,0.173007
1679094180000,1779.82,1783.19,1779.82,1783.19,0.013637
1679094120000,1779.82,1779.82,1779.82,1779.82,0
1679094060000,1778.44,1782.46,1778.44,1779.82,7.306659
1679094000000,1776.54,1781.58,1776.54,1778.44,13.879586
1679093940000,1774.18,1777.68,1774.18,1776.54,3.513642
1679093880000,1780.44,1780.44,1774.18,1774.18,1.285358
1679093820000,1781.65,1781.92,1779.68,1780.44,1.863353
1679093760000,1787.23,1787.23,1781.65,1781.65,0.028726
1679093700000,1786.87,1787.23,1786.87,1787.23,1.371111
1679093640000,1785.57,1787.84,1785.57,1786.87,9.510725
1679093580000,1780.46,1785.57,1780.46,1785.57,14.46869
1679093520000,1777.63,1781.51,1777.63,1780.46,26.048
1679093460000,1780.33,1780.33,1777.3,1777.63,33.027301
1679093400000,1785.88,1785.88,1779.64,1780.33,1.350777
1679093340000,1787.91,1787.91,1784.24,1785.88,0.647846
1679093280000,1784.93,1788,1784.93,1787.91,9.754026
1679093220000,1782.02,1784.94,1782.02,1784.93,0.291401
1679093160000,1786,1786.33,1781.44,1782.02,10.693298
1679093100000,1780.87,1786,1780.87,1786,18.532782
1679093040000,1777.56,1780.87,1775.79,1780.87,0.139537
1679092980000,1773.65,1777.56,1771.84,1777.56,8.769295
1679092920000,1770.57,1773.65,1770.57,1773.65,2.69105
1679092860000,1773.96,1773.96,1770.42,1770.57,0.128617
1679092800000,1776.83,1776.83,1773.96,1773.96,0.505374
1679092740000,1775.99,1777.75,1775.99,1776.83,7.602671
1679092680000,1782.04,1783.71,1773.96,1775.99,2.310482
1679092620000,1774.25,1782.04,1774.25,1782.04,132.893163
1679092560000,1770.29,1774.25,1770.29,1774.25,0.106704
1679092500000,1770.45,1770.45,1770.29,1770.29,1
1679092440000,1768.33,1770.45,1768.33,1770.45,3.167261
1679092380000,1768.35,1768.35,1767.07,1768.33,0.557268
1679092320000,1771.38,1771.38,1768.35,1768.35,0.042789
1679092260000,1770.76,1771.38,1770.29,1771.38,0.390192
1679092200000,1771.92,1771.96,1770.53,1770.76,25.693357
1679092140000,1769.46,1771.92,1769.46,1771.92,0.038963
1679092080000,1769.87,1769.87,1769.46,1769.46,0.010934
1679092020000,1767.07,1770.29,1767.07,1769.87,6.775422
1679091960000,1769.24,1769.24,1767.07,1767.07,0.996745
1679091900000,1767.15,1769.72,1767.15,1769.24,0.037133
1679091840000,1767.68,1768.15,1767.15,1767.15,4.159544
1679091780000,1770.28,1771.38,1767.68,1767.68,0.133847
1679091720000,1765.54,1770.28,1765.2,1770.28,1.254873
1679091660000,1765.54,1765.54,1765.54,1765.54,0
1679091600000,1764.99,1765.54,1764.99,1765.54,0.011563
1679091540000,1765.42,1766.27,1764.99,1764.99,3.065302
1679091480000,1764.55,1767.75,1764.55,1765.42,0.552353
1679091420000,1760.95,1764.55,1760.95,1764.55,0.16598
1679091360000,1764.1,1764.1,1760.95,1760.95,0.042689
1679091300000,1762.92,1764.1,1762.92,1764.1,0.277733
1679091240000,1764.83,1764.83,1762.92,1762.92,0.054608
1679091180000,1763.61,1764.83,1762.54,1764.83,0.671198
1679091120000,1763.61,1763.61,1763.61,1763.61,0
1679091060000,1766.9,1766.9,1763.29,1763.61,0.010584
1679091000000,1764.71,1766.9,1764.71,1766.9,0.068738
1679090940000,1765.54,1765.54,1764.29,1764.71,11.671583
1679090880000,1769.46,1769.46,1765.54,1765.54,0.574767
1679090820000,1765.02,1769.46,1765.02,1769.46,5.17847
1679090760000,1762.57,1765.02,1762.57,1765.02,0.065871
1679090700000,1756.24,1763,1756.24,1762.57,0.194319
1679090640000,1762.33,1762.33,1756.24,1756.24,0.04122
1679090580000,1762.94,1762.94,1762.33,1762.33,0.002261
1679090520000,1764.32,1764.32,1762.94,1762.94,12.369803
1679090460000,1764.06,1765.24,1764.06,1764.32,0.137252
1679090400000,1762.94,1764.06,1762.94,1764.06,3.111161
1679090340000,1764.46,1764.46,1762.94,1762.94,0.057
1679090280000,1764.46,1764.46,1764.46,1764.46,0
1679090220000,1763.49,1764.46,1763.49,1764.46,0.015681
1679090160000,1756.54,1763.49,1756.54,1763.49,9.952367
1679090100000,1756.54,1756.54,1756.54,1756.54,0
1679090040000,1756.71,1757.51,1755.34,1756.54,4.979035
1679089980000,1755.59,1756.71,1755.59,1756.71,6.40321
1679089920000,1755.6,1755.6,1755.59,1755.59,15
1679089860000,1752.59,1756.2,1750.85,1755.6,0.721931
1679089800000,1750.17,1753.78,1749.96,1752.59,10.100361
1679089740000,1747.4,1750.17,1747.4,1750.17,3.624831
1679089680000,1755.9,1755.9,1747.4,1747.4,4.553
1679089620000,1754.31,1756.54,1754.31,1755.9,0.626729
1679089560000,1758.98,1758.98,1752.11,1754.31,0.282646
1679089500000,1769.17,1769.57,1758.98,1758.98,3.478494
1679089440000,1771.47,1773.83,1768.2,1769.17,11.284294
1679089380000,1770.28,1773.85,1770.28,1771.47,29.782888
1679089320000,1752.5,1770.28,1752.5,1770.28,70.161054
1679089260000,1752.47,1752.5,1752.47,1752.5,0.053193
1679089200000,1752.47,1752.47,1752.47,1752.47,0
1679089140000,1752.35,1753.97,1752.35,1752.47,3.14404
1679089080000,1749.8,1755.38,1749.8,1752.35,4.436994
1679089020000,1749.8,1749.8,1749.8,1749.8,0
1679088960000,1749.8,1749.8,1749.8,1749.8,0
1679088900000,1749.8,1749.8,1749.8,1749.8,0
1679088840000,1748.95,1749.8,1748.95,1749.8,0.152443
1679088780000,1748.91,1748.95,1748.91,1748.95,1.69567
1679088720000,1749.22,1750.17,1748.91,1748.91,0.109127
1679088660000,1750,1750.16,1748.76,1749.22,0.202209
1679088600000,1751.35,1751.35,1750,1750,6.914342
1679088540000,1751.35,1751.35,1751.35,1751.35,0
1679088480000,1751.6,1751.77,1749.96,1751.35,2.303438
1679088420000,1749.26,1751.6,1749.26,1751.6,0.408517
1679088360000,1749.26,1749.26,1749.26,1749.26,0
1679088300000,1748.64,1749.39,1748.64,1749.26,0.574475
1679088240000,1747.66,1749.65,1747.08,1748.64,0.191556
1679088180000,1749.05,1749.05,1747,1747.66,0.018094
1679088120000,1749.57,1751.51,1749.05,1749.05,4.605638
1679088060000,1749.49,1749.57,1749.49,1749.57,0.005124
1679088000000,1748.23,1749.85,1748.23,1749.49,0.042951
1679087940000,1747.12,1748.23,1747.12,1748.23,0.853682
1679087880000,1747.01,1747.12,1747.01,1747.12,0.58749
1679087820000,1747.01,1747.01,1747.01,1747.01,0
1679087760000,1747,1747.23,1747,1747.01,0.673357
1679087700000,1747.09,1747.09,1747,1747,38.972965
1679087640000,1747.79,1747.79,1747.09,1747.09,0.089947
1679087580000,1748.2,1748.2,1747.79,1747.79,0.027331
1679087520000,1747.87,1748.2,1747.87,1748.2,0.116337
1679087460000,1745.8,1747.87,1745.8,1747.87,0.456797
1679087400000,1747.27,1747.27,1745.8,1745.8,0.5
1679087340000,1747.27,1747.27,1747.27,1747.27,0
1679087280000,1745.85,1747.27,1745.85,1747.27,1.431244
1679087220000,1745.35,1745.85,1745.35,1745.85,1
1679087160000,1745.35,1745.35,1745.35,1745.35,0
1679087100000,1745.63,1745.63,1745.35,1745.35,0.162107
1679087040000,1745.48,1746.46,1745.48,1745.63,0.393032
1679086980000,1746.4,1746.4,1745.41,1745.48,1.159528
1679086920000,1746.4,1746.4,1746.4,1746.4,0
1679086860000,1745.93,1746.48,1745.93,1746.4,0.473885
1679086800000,1744.39,1745.93,1744.39,1745.93,0.016095
1679086740000,1742.75,1744.39,1742.75,1744.39,0.948
1679086680000,1742.01,1742.92,1742.01,1742.75,1.632325
1679086620000,1742.01,1742.01,1742.01,1742.01,0
1679086560000,1742.01,1742.01,1742.01,1742.01,0
1679086500000,1743.31,1743.31,1742.01,1742.01,0.123317
1679086440000,1743.3,1744.39,1743.3,1743.31,0.236227
1679086380000,1742.15,1743.3,1742.15,1743.3,1.409385
1679086320000,1742.19,1742.19,1741.64,1742.15,10.897892
1679086260000,1741.78,1742.19,1741.78,1742.19,0.587347
1679086200000,1740.75,1742.49,1740.75,1741.78,5.222203
1679086140000,1738.13,1740.75,1738.13,1740.75,1.209292
1679086080000,1740.22,1740.22,1738.13,1738.13,0.626469
1679086020000,1740.22,1740.22,1740.22,1740.22,0
1679085960000,1740.14,1740.22,1740.14,1740.22,0.06
1679085900000,1739.54,1740.14,1738.48,1740.14,7.383471
1679085840000,1737.36,1740.4,1737.36,1739.54,1.524982
1679085780000,1740.6,1740.6,1736.89,1737.36,0.863243
1679085720000,1743.36,1743.36,1740.6,1740.6,0.88812
1679085660000,1743.25,1743.57,1743.25,1743.36,5
1679085600000,1745.06,1745.06,1743.25,1743.25,0.443831
1679085540000,1745.69,1745.76,1745.06,1745.06,0.395653
1679085480000,1747.09,1747.09,1745.69,1745.69,3.851168
1679085420000,1745.09,1747.09,1745.09,1747.09,1
1679085360000,1745.09,1745.09,1745.09,1745.09,0
1679085300000,1745.09,1745.09,1745.09,1745.09,0
1679085240000,1746.49,1746.49,1745.09,1745.09,0.007
1679085180000,1746.85,1747,1746.49,1746.49,0.012548
1679085120000,1746.85,1746.85,1746.85,1746.85,0
1679085060000,1746.49,1746.85,1746.49,1746.85,0.110552
1679085000000,1745.8,1746.49,1745.8,1746.49,0.07903
1679084940000,1746.98,1746.98,1745.8,1745.8,0.11796
1679084880000,1746.88,1748.15,1746.88,1746.98,0.05865
1679084820000,1747.57,1747.57,1746.88,1746.88,0.0021
1679084760000,1747.03,1747.57,1747.03,1747.57,1.143
1679084700000,1747.03,1747.03,1747.03,1747.03,0
1679084640000,1752.05,1752.05,1747.03,1747.03,0.836849
1679084580000,1756.56,1756.56,1752.05,1752.05,0.855206
1679084520000,1756.3,1757.09,1756.3,1756.56,1.07081
1679084460000,1756.72,1757.34,1755.59,1756.3,1.174725
1679084400000,1752.06,1757.21,1752.06,1756.72,1.468946
1679084340000,1749,1752.06,1748.65,1752.06,3.347323
1679084280000,1748.63,1749,1748.63,1749,0.01935
1679084220000,1746.73,1750,1746.73,1748.63,17.942678
1679084160000,1743.42,1746.73,1743.42,1746.73,2.300625
1679084100000,1743.42,1743.42,1743.42,1743.42,0
1679084040000,1743.42,1743.42,1743.42,1743.42,0
1679083980000,1744.9,1744.9,1743.42,1743.42,2.504104
1679083920000,1744.9,1744.9,1744.9,1744.9,0
1679083860000,1743,1744.9,1743,1744.9,0.522452
1679083800000,1742.5,1743,1742.5,1743,0.1
1679083740000,1742.41,1742.5,1742.41,1742.5,0.34668
1679083680000,1743.08,1743.08,1742.41,1742.41,0.236256
1679083620000,1743.08,1743.08,1743.08,1743.08,0
1679083560000,1743.08,1743.08,1743.08,1743.08,0
1679083500000,1746.09,1746.09,1743,1743.08,2.811021
1679083440000,1746.09,1746.09,1746.09,1746.09,0
1679083380000,1746.09,1746.09,1746.09,1746.09,0
1679083320000,1746.09,1746.09,1746.09,1746.09,0
1679083260000,1745.74,1746.86,1745.74,1746.09,0.285279
1679083200000,1747.02,1747.53,1745.74,1745.74,0.348651
1679083140000,1741.55,1747.02,1741.55,1747.02,0.139089
1679083080000,1741.55,1741.55,1741.55,1741.55,0
1679083020000,1742.61,1742.61,1740.48,1741.55,10
1679082960000,1745.08,1745.08,1742.5,1742.61,0.58041
1679082900000,1743.94,1745.08,1743.94,1745.08,0.561704
1679082840000,1743.94,1743.94,1743.94,1743.94,0
1679082780000,1740.49,1743.94,1740.49,1743.94,0.562069
1679082720000,1740.49,1740.49,1740.49,1740.49,0
1679082660000,1740.49,1740.49,1740.49,1740.49,0
1679082600000,1741.24,1741.24,1739.91,1740.49,0.086
1679082540000,1742.64,1742.64,1741.24,1741.24,1.7
1679082480000,1742.64,1742.64,1742.64,1742.64,0
1679082420000,1743.69,1744.37,1742.64,1742.64,28.132538
1679082360000,1743.69,1743.69,1743.69,1743.69,0
1679082300000,1746.68,1746.68,1743.69,1743.69,0.28107
1679082240000,1745.21,1747,1745.21,1746.68,0.796886
1679082180000,1743.08,1745.21,1743.07,1745.21,0.97096
1679082120000,1741.24,1743.2,1741.24,1743.08,2.694266
1679082060000,1741.24,1741.24,1741.24,1741.24,0
1679082000000,1741.24,1741.24,1741.24,1741.24,0
1679081940000,1743.33,1743.33,1741.24,1741.24,0.562692
1679081880000,1744.75,1744.75,1743.33,1743.33,0.008056
1679081820000,1744.75,1744.75,1744.75,1744.75,0
1679081760000,1741.82,1744.75,1741.82,1744.75,0.162628
1679081700000,1741.82,1741.82,1741.82,1741.82,0
1679081640000,1741.37,1741.82,1741.37,1741.82,0.139969
1679081580000,1742.47,1742.47,1740.71,1741.37,0.042593
1679081520000,1745.59,1745.59,1742.15,1742.47,11.966721
1679081460000,1744.29,1745.59,1744.29,1745.59,0.086109
1679081400000,1745.46,1745.46,1744.29,1744.29,0.851971
1679081340000,1743.77,1745.46,1743.77,1745.46,0.002762
1679081280000,1744.67,1744.67,1743.01,1743.77,2.021816
1679081220000,1743.86,1744.67,1742.77,1744.67,0.073969
1679081160000,1745.47,1745.47,1743.86,1743.86,0.02939
1679081100000,1743.57,1745.65,1743.57,1745.47,20.007701
1679081040000,1745.8,1746.37,1743.14,1743.57,0.635235
1679080980000,1745.86,1745.93,1745.08,1745.8,8.887208
1679080920000,1742.7,1745.86,1742.65,1745.86,16.607807
1679080860000,1738.83,1742.7,1738.83,1742.7,7.183412
1679080800000,1740.86,1740.86,1738.83,1738.83,1.878155
1679080740000,1742.13,1742.13,1740.86,1740.86,2.239
1679080680000,1741.39,1742.13,1741.39,1742.13,0.06683
1679080620000,1742.51,1742.51,1741.2,1741.39,0.117436
1679080560000,1742.51,1742.51,1742.51,1742.51,0
1679080500000,1743.53,1743.53,1742.51,1742.51,0.285556
1679080440000,1740.85,1743.78,1740.78,1743.53,2.190076
1679080380000,1739.18,1740.85,1739.18,1740.85,0.281529
1679080320000,1736.13,1739.18,1736.13,1739.18,3.018
1679080260000,1737.83,1737.83,1735.8,1736.13,0.511695
1679080200000,1738.32,1738.32,1737.83,1737.83,1.612
1679080140000,1739.71,1739.71,1738.32,1738.32,0.001726
1679080080000,1739.24,1739.71,1739.24,1739.71,0.017076
1679080020000,1741.15,1741.15,1739.24,1739.24,0.401
1679079960000,1739.54,1741.15,1739.54,1741.15,0.118684
1679079900000,1736.87,1739.54,1736.87,1739.54,15.836358
1679079840000,1733.38,1736.87,1733.38,1736.87,2.397033
1679079780000,1732.82,1733.38,1732.18,1733.38,0.419919
1679079720000,1733.29,1733.29,1732.82,1732.82,0.001
1679079660000,1733.12,1733.29,1733.12,1733.29,0.384472
1679079600000,1735.83,1736.11,1733.12,1733.12,2.149296
1679079540000,1734.18,1735.83,1734.18,1735.83,2.906235
1679079480000,1732.81,1734.18,1732.81,1734.18,3.185681
1679079420000,1732.21,1732.81,1732.21,1732.81,0.069438
1679079360000,1731.64,1732.21,1731.64,1732.21,0.013745
1679079300000,1729.42,1731.64,1729.42,1731.64,0.105113
1679079240000,1729.42,1729.42,1729.42,1729.42,0
1679079180000,1729.42,1729.42,1729.42,1729.42,0
1679079120000,1730.92,1730.92,1729.42,1729.42,0.006584
1679079060000,1731.28,1731.33,1730.32,1730.92,1.31883
1679079000000,1730.54,1731.28,1730.54,1731.28,0.014435
1679078940000,1730.58,1730.58,1730.54,1730.54,0.096004
1679078880000,1728.55,1730.58,1728.55,1730.58,0.690283
1679078820000,1725.91,1728.55,1725.91,1728.55,0.025785
1679078760000,1725.91,1725.91,1725.91,1725.91,0
1679078700000,1725.11,1725.91,1725.11,1725.91,0.004473
1679078640000,1725.11,1725.11,1725.11,1725.11,0
1679078580000,1725.11,1725.11,1725.11,1725.11,0
1679078520000,1725.5,1727.56,1725.11,1725.11,3.331316
1679078460000,1727.59,1727.59,1725.32,1725.5,0.572121
1679078400000,1727.59,1727.59,1727.59,1727.59,0
1679078340000,1726.19,1727.59,1726.19,1727.59,0.016265
1679078280000,1726.16,1726.8,1725.03,1726.19,13.68138
1679078220000,1726.2,1726.2,1726.16,1726.16,0.572
1679078160000,1725.48,1726.2,1725.48,1726.2,0.004868
1679078100000,1724.99,1725.56,1724.02,1725.48,11.780857
1679078040000,1724.99,1724.99,1724.99,1724.99,0
1679077980000,1724.64,1724.99,1723.93,1724.99,0.656465
1679077920000,1721.72,1724.64,1721.72,1724.64,0.113663
1679077860000,1723.06,1723.06,1721.38,1721.72,2.86029
1679077800000,1720.89,1723.06,1720.89,1723.06,0.013074
1679077740000,1719.91,1720.93,1719.91,1720.89,0.010025
1679077680000,1720.37,1720.76,1719.91,1719.91,0.146469
1679077620000,1719.8,1721.19,1719.42,1720.37,0.14933
1679077560000,1718.93,1719.8,1718.93,1719.8,0.005791
1679077500000,1719.08,1719.08,1718.93,1718.93,0.027791
1679077440000,1719.9,1719.96,1719.08,1719.08,0.061336
1679077380000,1718.81,1720.1,1718.81,1719.9,3.785248
1679077320000,1719.34,1719.34,1718.78,1718.81,0.043452
1679077260000,1718.84,1719.71,1718.84,1719.34,5.928602
1679077200000,1718.6,1719.78,1718.52,1718.84,0.496685
1679077140000,1720.74,1720.74,1718.6,1718.6,15.322547
1679077080000,1720.74,1720.74,1720.74,1720.74,0
1679077020000,1716.66,1720.74,1716.66,1720.74,5.695371
1679076960000,1717.58,1717.8,1716.66,1716.66,10
1679076900000,1719.64,1719.64,1717.58,1717.58,0.03852
1679076840000,1719.63,1719.64,1719.26,1719.64,1.995006
1679076780000,1721.37,1721.37,1719.63,1719.63,0.012025
1679076720000,1718.65,1721.37,1718.65,1721.37,2.901968
1679076660000,1718.65,1718.65,1718.65,1718.65,0
1679076600000,1720.45,1720.45,1718.65,1718.65,0.094844
1679076540000,1721.56,1721.56,1720.45,1720.45,0.026418
1679076480000,1723.84,1723.84,1721.56,1721.56,0.006189
1679076420000,1726.12,1726.12,1723.84,1723.84,0.009791
1679076360000,1726.87,1726.87,1726.11,1726.12,2
1679076300000,1726.87,1726.87,1726.87,1726.87,0
1679076240000,1729.25,1729.25,1726.87,1726.87,0.465832
1679076180000,1728.4,1729.25,1728.4,1729.25,0.169
1679076120000,1726.73,1728.4,1726.73,1728.4,0.752596
1679076060000,1728,1728,1726.73,1726.73,2.286469
1679076000000,1729.16,1729.16,1728,1728,0.17
1679075940000,1728.84,1729.3,1728.84,1729.16,0.575964
1679075880000,1728.84,1728.84,1728.84,1728.84,0
1679075820000,1728.84,1728.84,1728.84,1728.84,0
1679075760000,1728.84,1728.84,1728.84,1728.84,0
1679075700000,1728,1728.84,1728,1728.84,0.057
1679075640000,1728.07,1728.07,1728,1728,0.00231
1679075580000,1729,1729,1728.07,1728.07,12.341
1679075520000,1728.92,1729,1728.92,1729,0.024989
1679075460000,1727.06,1728.92,1727.06,1728.92,0.353198
1679075400000,1729.2,1729.2,1726.85,1727.06,10.602
1679075340000,1729.21,1729.22,1729.2,1729.2,0.825507
1679075280000,1728.63,1729.87,1728.63,1729.21,0.11018
1679075220000,1726.75,1728.63,1726.75,1728.63,1.872242
1679075160000,1726.75,1726.75,1726.75,1726.75,0
1679075100000,1725.83,1727.59,1725.83,1726.75,0.202903
1679075040000,1721.88,1725.83,1721.88,1725.83,0.823015
1679074980000,1721.88,1721.88,1721.88,1721.88,0
1679074920000,1721.88,1721.88,1721.88,1721.88,0
1679074860000,1724.9,1724.9,1721.56,1721.88,4.349635
1679074800000,1725.31,1725.31,1724.9,1724.9,0.011548
1679074740000,1723.6,1725.49,1723.6,1725.31,1.93153
1679074680000,1723.6,1723.6,1723.6,1723.6,0
1679074620000,1724,1724,1723.6,1723.6,6.017794
1679074560000,1724.16,1724.16,1724,1724,3.274928
1679074500000,1725.1,1725.1,1724.16,1724.16,9.27964
1679074440000,1727.15,1727.15,1725.1,1725.1,0.01356
1679074380000,1727.15,1727.15,1727.15,1727.15,0
1679074320000,1726.7,1727.15,1726.61,1727.15,0.098169
1679074260000,1725.55,1726.7,1725.55,1726.7,0.014412
1679074200000,1725.74,1726.93,1725.55,1725.55,0.043318
1679074140000,1725.55,1725.74,1725.55,1725.74,0.006059
1679074080000,1726.2,1726.2,1725.54,1725.55,0.059312
1679074020000,1725.78,1726.32,1724.9,1726.2,10.266189
1679073960000,1727.15,1727.15,1725.78,1725.78,43.369081
1679073900000,1727.42,1727.74,1727.15,1727.15,0.06134
1679073840000,1729.96,1729.96,1727.14,1727.42,0.06515
1679073780000,1730.44,1730.44,1729.96,1729.96,0.213424
1679073720000,1729.96,1730.44,1728.74,1730.44,0.228673
1679073660000,1730.07,1730.95,1729.96,1729.96,10.106041
1679073600000,1729.96,1730.07,1729.96,1730.07,0.005181
1679073540000,1729.13,1730.08,1729.13,1729.96,0.018703
1679073480000,1729.89,1729.94,1729.05,1729.13,4.9523
1679073420000,1735.72,1735.72,1729.89,1729.89,0.116581
1679073360000,1729.52,1735.72,1729.52,1735.72,23.545148
1679073300000,1730.94,1730.94,1726.81,1729.52,54.957416
1679073240000,1728.43,1734.01,1728.43,1730.94,29.225796
1679073180000,1723,1729.5,1723,1728.43,1.241671
1679073120000,1723,1723,1723,1723,0.125351
1679073060000,1722.58,1723,1722,1723,2.370765
1679073000000,1722.47,1722.58,1722.47,1722.58,0.005782
1679072940000,1724.63,1724.63,1722.47,1722.47,1.043
1679072880000,1724.63,1724.63,1724.63,1724.63,0
1679072820000,1725.45,1725.95,1724.63,1724.63,0.014335
1679072760000,1725,1726.2,1725,1725.45,7.202843
1679072700000,1724.65,1725,1723.91,1725,56.614058
1679072640000,1721.54,1724.65,1721.54,1724.65,2.679731
1679072580000,1722.39,1722.39,1721.54,1721.54,0.289568
1679072520000,1718.09,1722.39,1718.09,1722.39,0.020076
1679072460000,1717.64,1718.09,1715.83,1718.09,23.998032
1679072400000,1717.64,1717.64,1717.64,1717.64,0
1679072340000,1717.64,1717.64,1717.64,1717.64,0
1679072280000,1717.64,1717.64,1717.64,1717.64,0
1679072220000,1715.47,1717.82,1715.47,1717.64,5.197108
1679072160000,1715.47,1715.47,1715.47,1715.47,0
1679072100000,1717,1717,1715.47,1715.47,0.231435
1679072040000,1717.21,1717.21,1717,1717,0.5
1679071980000,1717.98,1717.98,1717.21,1717.21,0.01682
1679071920000,1717.66,1717.98,1717.66,1717.98,0.267203
1679071860000,1717.66,1717.66,1717.66,1717.66,0
1679071800000,1717.66,1717.66,1717.66,1717.66,0
1679071740000,1717.07,1717.66,1716.89,1717.66,0.063468
1679071680000,1716.41,1717.07,1716.41,1717.07,0.056206
1679071620000,1717.23,1717.23,1716.41,1716.41,0.010332
1679071560000,1717.23,1717.23,1717.23,1717.23,0
1679071500000,1714.62,1717.23,1714.62,1717.23,0.13
1679071440000,1714.62,1714.62,1714.62,1714.62,0
1679071380000,1714.62,1714.62,1714.62,1714.62,14.811
1679071320000,1714.92,1714.92,1714.62,1714.62,3.189
1679071260000,1714,1714.92,1714,1714.92,1.382567
1679071200000,1714.54,1714.69,1714,1714,61.45496
1679071140000,1714.54,1714.54,1714.54,1714.54,0
1679071080000,1715.9,1715.9,1714.54,1714.54,2.59
1679071020000,1717.03,1717.03,1715.9,1715.9,0.016331
1679070960000,1717.34,1717.91,1717.03,1717.03,15.42312
1679070900000,1718.25,1719.08,1717.34,1717.34,0.581811
1679070840000,1720.59,1720.59,1718.25,1718.25,0.055366
1679070780000,1722.56,1722.56,1720.59,1720.59,1.939881
1679070720000,1723.7,1723.7,1722.56,1722.56,0.083763
1679070660000,1721.39,1723.7,1721.39,1723.7,0.013571
1679070600000,1721,1721.39,1721,1721.39,0.021971
1679070540000,1719.25,1721.75,1719.25,1721,0.461221
1679070480000,1720.27,1720.27,1719.25,1719.25,0.22917
1679070420000,1719.06,1720.27,1719.06,1720.27,0.05455
1679070360000,1718.41,1719.06,1718.15,1719.06,0.303999
1679070300000,1718.46,1718.54,1717.35,1718.41,1.649286
1679070240000,1718.46,1718.46,1718.46,1718.46,0
1679070180000,1718.47,1718.47,1718.46,1718.46,0.308618
1679070120000,1719.88,1719.88,1718.47,1718.47,0.164714
1679070060000,1722.94,1722.94,1719.88,1719.88,0.059554
1679070000000,1721.59,1724.47,1721.59,1722.94,0.105089
1679069940000,1722.16,1722.16,1721.59,1721.59,0.102238
1679069880000,1722.59,1722.59,1722.16,1722.16,0.013583
1679069820000,1722.69,1723.39,1722.59,1722.59,0.701799
1679069760000,1722,1722.91,1722,1722.69,0.107122
1679069700000,1724.49,1724.49,1722,1722,10
1679069640000,1724.61,1725,1724.49,1724.49,1.753671
1679069580000,1722.06,1724.61,1722.06,1724.61,0.037374
1679069520000,1719.6,1722.06,1719.6,1722.06,0.012022
1679069460000,1721.37,1721.37,1719.6,1719.6,5.637346
1679069400000,1721.83,1721.83,1721.37,1721.37,1.852064
1679069340000,1720.84,1721.83,1720.84,1721.83,1.00488
1679069280000,1720.54,1720.84,1720.54,1720.84,2.279513
1679069220000,1720.54,1720.54,1720.54,1720.54,1.53564
1679069160000,1720.54,1720.54,1720.54,1720.54,0
1679069100000,1720.54,1720.54,1720.54,1720.54,0
1679069040000,1717.82,1720.54,1717.82,1720.54,12.851925
1679068980000,1717.41,1719.12,1717.41,1717.82,0.379602
1679068920000,1718.81,1718.81,1717.41,1717.41,5
1679068860000,1719.08,1719.08,1718.21,1718.81,0.104068
1679068800000,1717.73,1719.49,1717.73,1719.08,11.689482
1679068740000,1717.73,1717.73,1717.73,1717.73,0
1679068680000,1718.69,1718.69,1717.34,1717.73,0.067207
1679068620000,1717.34,1719.14,1717.34,1718.69,4.99
1679068560000,1717.34,1717.34,1717.34,1717.34,0
1679068500000,1717.34,1717.34,1717.34,1717.34,0
1679068440000,1719.79,1719.79,1717.34,1717.34,10
1679068380000,1719.02,1719.79,1719.02,1719.79,20.51634
1679068320000,1719.02,1719.02,1719.02,1719.02,0
1679068260000,1718.59,1719.02,1718.59,1719.02,0.029103
1679068200000,1714.88,1718.59,1714.88,1718.59,0.29101
1679068140000,1715.62,1715.62,1714.88,1714.88,0.101683
1679068080000,1713.35,1715.62,1713.35,1715.62,20.106812
1679068020000,1713.35,1713.35,1713.35,1713.35,0
1679067960000,1713.35,1713.35,1713.35,1713.35,0
1679067900000,1713.35,1713.35,1713.35,1713.35,0
1679067840000,1713.35,1713.35,1713.35,1713.35,0
1679067780000,1717.16,1717.16,1713.35,1713.35,0.016356
1679067720000,1716.75,1717.16,1716.75,1717.16,1.873796
1679067660000,1716.75,1716.75,1716.75,1716.75,0
1679067600000,1716.29,1716.75,1716.29,1716.75,0.092198
1679067540000,1718.29,1718.29,1716.29,1716.29,6.000003
1679067480000,1718.29,1718.29,1718.29,1718.29,0
1679067420000,1720.1,1720.1,1718.29,1718.29,0.319992
1679067360000,1719.33,1720.1,1719.16,1720.1,3.426179
1679067300000,1719.33,1719.33,1719.33,1719.33,0
1679067240000,1719.33,1719.33,1719.33,1719.33,0
1679067180000,1718.02,1720.5,1718.02,1719.33,11.030712
1679067120000,1717,1719.79,1717,1718.02,1.016039
1679067060000,1715.76,1717,1715.76,1717,0.001744
1679067000000,1714.43,1716.05,1714.43,1715.76,0.189103
1679066940000,1716.15,1716.15,1714.43,1714.43,0.93975
1679066880000,1715.36,1716.15,1715.36,1716.15,0.45461
1679066820000,1713.35,1715.36,1713.35,1715.36,0.296455
1679066760000,1715.14,1715.14,1713.35,1713.35,0.093658
1679066700000,1718.7,1718.77,1715.14,1715.14,31.709702
1679066640000,1718.41,1718.82,1718.41,1718.7,0.401043
1679066580000,1721.34,1721.34,1718.41,1718.41,0.10262
1679066520000,1723.69,1723.69,1721.34,1721.34,0.967182
1679066460000,1723.65,1724.48,1723.29,1723.69,0.195859
1679066400000,1725.69,1726.24,1723.51,1723.65,0.106036
1679066340000,1726.37,1726.37,1724.72,1725.69,1.320076
1679066280000,1725.95,1726.97,1725.5,1726.37,0.980437
1679066220000,1722.39,1726.31,1722.39,1725.95,1.235136
1679066160000,1719.03,1722.39,1719.03,1722.39,0.051809
1679066100000,1719.35,1720.78,1719.03,1719.03,5.366137
1679066040000,1719.46,1719.79,1719.35,1719.35,0.124
1679065980000,1718.56,1719.46,1718.56,1719.46,0.012114
1679065920000,1716.43,1718.56,1716.43,1718.56,2.987523
1679065860000,1716.17,1717.32,1715.62,1716.43,10.001201
1679065800000,1717.68,1717.68,1716.17,1716.17,0.004
1679065740000,1717.48,1717.68,1717.35,1717.68,1.711372
1679065680000,1714.66,1717.48,1714.66,1717.48,4.875991
1679065620000,1710.28,1714.66,1710.28,1714.66,0.088211
1679065560000,1711.43,1711.43,1710.28,1710.28,0.014419
1679065500000,1712.04,1712.6,1711.43,1711.43,3.425359
1679065440000,1713.01,1713.01,1711.18,1712.04,0.106453
1679065380000,1715.34,1715.36,1713.01,1713.01,0.440275
1679065320000,1712.84,1715.34,1712.84,1715.34,1.028681
1679065260000,1715.65,1715.65,1712.84,1712.84,5.005832
1679065200000,1715.65,1715.65,1715.65,1715.65,0
1679065140000,1715.65,1715.65,1715.65,1715.65,0
1679065080000,1715.59,1716.2,1715.59,1715.65,0.060735
1679065020000,1714.28,1715.59,1714.28,1715.59,0.283037
1679064960000,1709.63,1714.28,1709.63,1714.28,1.082466
1679064900000,1709.63,1709.63,1709.63,1709.63,0
1679064840000,1709.63,1709.63,1709.63,1709.63,0
1679064780000,1710.75,1711.42,1709.63,1709.63,2.228142
1679064720000,1712.93,1712.93,1710.75,1710.75,0.254174
1679064660000,1712.93,1712.93,1712.93,1712.93,0
1679064600000,1713.06,1713.06,1712.93,1712.93,0.001849
1679064540000,1714.62,1714.62,1713.06,1713.06,0.914668
1679064480000,1713.13,1714.62,1713.13,1714.62,1.25226
1679064420000,1712,1713.13,1712,1713.13,0.005808
1679064360000,1708.32,1712.47,1708.32,1712,32
1679064300000,1707.36,1708.32,1707.36,1708.32,0.00948
1679064240000,1710.6,1710.6,1707.36,1707.36,3.619676
1679064180000,1713.42,1713.42,1710.6,1710.6,0.318124
1679064120000,1718.61,1718.61,1712.61,1713.42,0.7116
1679064060000,1715.9,1718.61,1715.9,1718.61,0.651401
1679064000000,1716.38,1719,1715.9,1715.9,0.652884
1679063940000,1725.54,1725.54,1716.38,1716.38,3.387365
1679063880000,1723.76,1727.48,1723.76,1725.54,2.269231
1679063820000,1723.76,1723.76,1723.76,1723.76,0
1679063760000,1723.76,1723.76,1723.76,1723.76,0
1679063700000,1728.84,1728.84,1723.76,1723.76,4.166736
1679063640000,1728.84,1728.84,1728.84,1728.84,0
1679063580000,1731.42,1731.42,1728.84,1728.84,0.576338
1679063520000,1731,1732.81,1731,1731.42,0.129186
1679063460000,1728.45,1731,1728.45,1731,3.124179
1679063400000,1726.44,1728.45,1725.96,1728.45,3.011186
1679063340000,1729.85,1729.85,1726.44,1726.44,10.82808
1679063280000,1734.11,1734.11,1729.85,1729.85,16.706768
1679063220000,1734.87,1734.87,1731.52,1734.11,0.71552
1679063160000,1738.74,1738.74,1734.87,1734.87,0.179232
1679063100000,1738.01,1738.74,1738.01,1738.74,0.123406
1679063040000,1739.32,1739.32,1738.01,1738.01,0.289909
1679062980000,1740.81,1740.81,1739.09,1739.32,0.756927
1679062920000,1741.26,1742,1740.77,1740.81,0.214984
1679062860000,1740.37,1741.26,1739.87,1741.26,1.013497
1679062800000,1739.5,1740.37,1739.5,1740.37,0.024026
1679062740000,1740.77,1740.77,1739.5,1739.5,0.002293
1679062680000,1741.7,1741.7,1739.99,1740.77,0.057766
1679062620000,1743.3,1743.65,1741.7,1741.7,2.070653
1679062560000,1743.18,1743.3,1743.18,1743.3,0.007146
1679062500000,1743.28,1743.28,1743.18,1743.18,0.055374
1679062440000,1741.14,1743.28,1741.14,1743.28,1.153
1679062380000,1739.77,1741.14,1739.77,1741.14,0.102573
1679062320000,1738.47,1739.77,1738.47,1739.77,27.372
1679062260000,1739.51,1739.51,1738.47,1738.47,2.019154
1679062200000,1741.86,1741.86,1739.51,1739.51,0.128547
1679062140000,1744.5,1744.5,1741.86,1741.86,0.020575
1679062080000,1746,1746,1744.5,1744.5,0.171821
1679062020000,1746,1746,1746,1746,11.250859
1679061960000,1744.43,1746.71,1744.43,1746,11.25963
1679061900000,1743.45,1744.43,1743.45,1744.43,0.020606
1679061840000,1743.45,1743.45,1743.45,1743.45,0
1679061780000,1743.78,1745.24,1743.45,1743.45,0.391976
1679061720000,1742.57,1743.78,1742.57,1743.78,0.031922
1679061660000,1741.47,1742.57,1741.47,1742.57,6.014456
1679061600000,1739.43,1741.47,1739.43,1741.47,0.00712
1679061540000,1739.2,1739.43,1739.2,1739.43,0.563648
1679061480000,1737.49,1739.2,1737.49,1739.2,0.56359
1679061420000,1737.49,1737.49,1737.49,1737.49,0
1679061360000,1738.32,1738.32,1737.26,1737.49,5.846242
1679061300000,1735,1738.32,1735,1738.32,1.412882
1679061240000,1735.33,1735.33,1734.59,1735,0.504252
1679061180000,1737.27,1737.64,1735.33,1735.33,13.45365
1679061120000,1741.15,1741.15,1737.27,1737.27,5
1679061060000,1737.3,1741.15,1737.3,1741.15,0.091992
1679061000000,1737.3,1737.3,1737.3,1737.3,0
1679060940000,1737.46,1737.46,1736.5,1737.3,1.876156
1679060880000,1739.09,1739.73,1737.46,1737.46,0.170475
1679060820000,1739.09,1739.09,1739.09,1739.09,0
1679060760000,1739.24,1740.68,1739.09,1739.09,29.611139
1679060700000,1741.45,1741.45,1739.24,1739.24,6.099843
1679060640000,1742.27,1742.32,1741.45,1741.45,0.053633
1679060580000,1741.77,1742.27,1741.71,1742.27,2.812835
1679060520000,1742.52,1742.52,1741.47,1741.77,0.342704
1679060460000,1746,1746,1742.52,1742.52,0.007426
1679060400000,1742.52,1746.57,1742.52,1746,0.531924
1679060340000,1744.13,1744.13,1742.52,1742.52,0.008248
1679060280000,1743.24,1744.13,1742.28,1744.13,1.721186
1679060220000,1738.95,1743.24,1738.95,1743.24,0.281086
1679060160000,1739.09,1739.09,1738.95,1738.95,0.011463
1679060100000,1743.35,1743.35,1739.09,1739.09,0.1125
1679060040000,1743.35,1743.35,1743.35,1743.35,0
1679059980000,1745.18,1745.18,1743.35,1743.35,12.96
1679059920000,1743,1745.18,1742.3,1745.18,1.003426
1679059860000,1745.44,1745.44,1743,1743,0.005143
1679059800000,1744.85,1745.44,1744.85,1745.44,0.002285
1679059740000,1743.65,1744.85,1743.65,1744.85,0.156546
1679059680000,1742.3,1743.65,1742.3,1743.65,0.489548
1679059620000,1745.79,1745.79,1742.3,1742.3,0.123314
1679059560000,1744.52,1745.79,1744.52,1745.79,3.537556
1679059500000,1742.31,1744.6,1742.31,1744.52,0.077501
1679059440000,1743.17,1743.17,1742.31,1742.31,0.506274
1679059380000,1744.53,1744.53,1743.01,1743.17,0.844078
1679059320000,1742.96,1744.61,1742.96,1744.53,3.009136
1679059260000,1742,1742.96,1742,1742.96,8.275652
1679059200000,1743.7,1743.7,1742,1742,0.253492
1679059140000,1743.63,1743.7,1742.3,1743.7,6.532848
1679059080000,1743.99,1743.99,1743.09,1743.63,1.761442
1679059020000,1744.24,1744.24,1743.99,1743.99,0.005141
1679058960000,1744.24,1744.24,1744.24,1744.24,0
1679058900000,1745.2,1745.2,1743.89,1744.24,0.046221
1679058840000,1746.46,1746.46,1745.2,1745.2,0.15
1679058780000,1746.69,1746.69,1746.46,1746.46,0.199682
1679058720000,1746.43,1746.69,1745.96,1746.69,0.952933
1679058660000,1746.57,1746.81,1746.43,1746.43,1.207871
1679058600000,1745.38,1746.57,1745.38,1746.57,0.855623
1679058540000,1745.37,1745.38,1745.37,1745.38,0.20478
1679058480000,1744.92,1745.37,1744.92,1745.37,0.105993
1679058420000,1745.38,1745.38,1744.92,1744.92,0.280855
1679058360000,1745.38,1745.38,1745.38,1745.38,0
1679058300000,1745.38,1745.38,1745.38,1745.38,0
1679058240000,1745.93,1745.93,1745.38,1745.38,0.3
1679058180000,1742.61,1745.93,1742.61,1745.93,0.103514
1679058120000,1742.99,1743.17,1742.61,1742.61,0.090975
1679058060000,1743.08,1743.08,1742.99,1742.99,0.02742
1679058000000,1743.27,1743.27,1742.49,1743.08,0.10123
1679057940000,1743.27,1743.27,1743.27,1743.27,0
1679057880000,1744.31,1744.31,1743.27,1743.27,0.001165
1679057820000,1743.14,1744.31,1743.14,1744.31,7.90395
1679057760000,1744.92,1744.92,1743.14,1743.14,0.145549
1679057700000,1744.92,1744.92,1744.92,1744.92,0
1679057640000,1741.64,1744.92,1741.64,1744.92,0.039262
1679057580000,1741.64,1741.64,1741.64,1741.64,0
1679057520000,1740.82,1742.04,1740.82,1741.64,8.802227
1679057460000,1741.22,1741.46,1740.82,1740.82,1.654362
1679057400000,1741.22,1741.22,1741.22,1741.22,0
1679057340000,1742.84,1742.84,1741.22,1741.22,3.2
1679057280000,1741.3,1742.84,1741.3,1742.84,0.843272
1679057220000,1742.42,1743.86,1741.3,1741.3,24.500225
1679057160000,1740.9,1742.42,1740.9,1742.42,0.012927
1679057100000,1739.96,1742.48,1739.96,1740.9,5.303512
1679057040000,1742.06,1742.06,1739.96,1739.96,0.02852
1679056980000,1742.06,1742.06,1742.06,1742.06,0
1679056920000,1740.67,1742.16,1740.67,1742.06,1.127847
1679056860000,1739.98,1740.67,1739.98,1740.67,0.004248
1679056800000,1737.78,1740.33,1737.78,1739.98,0.057446
1679056740000,1735.2,1737.78,1735.2,1737.78,0.747237
1679056680000,1738.83,1738.83,1732.8,1735.2,13.034024
1679056620000,1741.07,1741.07,1737.69,1738.83,1.795664
1679056560000,1743.01,1743.01,1741.07,1741.07,0.105669
1679056500000,1749.6,1749.6,1743.01,1743.01,7.688347
1679056440000,1750,1750,1747.1,1749.6,11.574
1679056380000,1750.35,1750.35,1750,1750,17.142857
1679056320000,1750.35,1750.35,1750.35,1750.35,0
1679056260000,1749.11,1750.35,1748.89,1750.35,1.142148
1679056200000,1746.46,1749.11,1746.46,1749.11,0.167243
1679056140000,1748.51,1748.51,1746.46,1746.46,0.005133
1679056080000,1745.8,1748.51,1745.8,1748.51,0.614866
1679056020000,1748.26,1748.26,1745.8,1745.8,14.980358
1679055960000,1750,1750,1748.08,1748.26,1.507431
1679055900000,1748.18,1750,1748.18,1750,27.667531
1679055840000,1748.19,1750,1747.83,1748.18,28.920553
1679055780000,1748.36,1748.36,1748.19,1748.19,0.157867
1679055720000,1751.85,1751.85,1748.36,1748.36,3.214646
1679055660000,1750.83,1751.85,1750.83,1751.85,0.013353
1679055600000,1749.88,1750.83,1749.29,1750.83,18.283066
1679055540000,1746.58,1749.97,1746.58,1749.88,2.14935
1679055480000,1748.6,1749.08,1746.37,1746.58,6.694271
1679055420000,1749.93,1749.93,1748.6,1748.6,12.680621
1679055360000,1750.88,1750.88,1748.64,1749.93,21.224025
1679055300000,1751.01,1751.45,1750.88,1750.88,5.132002
1679055240000,1751.35,1751.57,1751.01,1751.01,14.857948
1679055180000,1752.28,1752.28,1751.35,1751.35,1.729714
1679055120000,1753.62,1754.68,1752.28,1752.28,2.242631
1679055060000,1753.8,1754.05,1753.62,1753.62,5.250579
1679055000000,1752.18,1754.23,1752.18,1753.8,3.489058
1679054940000,1753.6,1753.6,1751.43,1752.18,7.853925
1679054880000,1756.02,1756.02,1753.6,1753.6,8.862548
1679054820000,1755.34,1756.02,1754.72,1756.02,3.553363
1679054760000,1757.7,1758.73,1755.34,1755.34,11.906749
1679054700000,1757.41,1758.13,1757.34,1757.7,1.996544
1679054640000,1762.07,1762.07,1757.41,1757.41,3.895565
1679054580000,1763.18,1763.18,1762.07,1762.07,3.622987
1679054520000,1763.29,1763.29,1762.75,1763.18,7.167694
1679054460000,1763.81,1763.81,1763.28,1763.29,1.371183
1679054400000,1765.86,1765.86,1763.81,1763.81,5.147714
1679054340000,1766.27,1766.27,1765.86,1765.86,0.002266
1679054280000,1765.98,1766.27,1764.5,1766.27,0.326538
1679054220000,1766.79,1766.79,1765.98,1765.98,0.998149
1679054160000,1759.6,1766.79,1759.6,1766.79,10.275939
1679054100000,1760.36,1760.36,1759.04,1759.6,2.923441
1679054040000,1760,1760.36,1760,1760.36,0.565
1679053980000,1759.58,1760,1759.58,1760,2.439
1679053920000,1756.98,1759.58,1756.98,1759.58,0.068435
1679053860000,1756.52,1756.98,1756.52,1756.98,0.027189
1679053800000,1758.15,1758.15,1756.52,1756.52,1.108361
1679053740000,1757.69,1758.29,1757.69,1758.15,2.116807
1679053680000,1757.14,1757.89,1757.14,1757.69,3.481519
1679053620000,1758.04,1758.04,1756.64,1757.14,0.383778
1679053560000,1759.11,1759.38,1758.04,1758.04,0.677163
1679053500000,1759.11,1759.11,1759.11,1759.11,0
1679053440000,1755.97,1761.55,1755.97,1759.11,20.068541
1679053380000,1757.71,1757.71,1755.97,1755.97,0.028287
1679053320000,1751.2,1760,1751.2,1757.71,68.576118
1679053260000,1748.5,1751.2,1748.5,1751.2,10.295641
1679053200000,1746.25,1748.5,1746.25,1748.5,0.010251
1679053140000,1746.17,1746.25,1746.17,1746.25,0.004113
1679053080000,1746.17,1746.17,1746.17,1746.17,0
1679053020000,1746.02,1746.17,1746.02,1746.17,0.001169
1679052960000,1747.66,1747.66,1746.02,1746.02,0.124623
1679052900000,1747.84,1747.84,1747.66,1747.66,0.104361
1679052840000,1745.47,1747.84,1745.47,1747.84,0.09224
1679052780000,1745.47,1745.47,1745.47,1745.47,0
1679052720000,1745.23,1745.47,1744.36,1745.47,0.378928
1679052660000,1745.23,1745.23,1745.23,1745.23,0
1679052600000,1746.49,1746.79,1745.15,1745.23,0.128099
1679052540000,1747.77,1747.77,1746.49,1746.49,1.127051
1679052480000,1747.77,1747.77,1747.77,1747.77,0
1679052420000,1748.92,1748.92,1747.77,1747.77,0.056355
1679052360000,1745.26,1748.92,1745.26,1748.92,15.16961
1679052300000,1745.21,1745.49,1745.21,1745.26,5
1679052240000,1744.67,1745.21,1744.67,1745.21,0.112614
1679052180000,1744.38,1744.67,1744.38,1744.67,0.073623
1679052120000,1745.1,1745.1,1744.38,1744.38,0.014495
1679052060000,1744.44,1745.1,1744.44,1745.1,7.138859
1679052000000,1743.89,1744.44,1743.89,1744.44,8.8
1679051940000,1743.11,1743.89,1743.11,1743.89,0.325329
1679051880000,1744.28,1744.28,1743.11,1743.11,0.057393
1679051820000,1744.73,1744.73,1744.28,1744.28,0.003638
1679051760000,1745,1746.15,1744.73,1744.73,14.278579
1679051700000,1747.07,1747.07,1745,1745,0.638415
1679051640000,1749.57,1749.57,1747.07,1747.07,0.099868
1679051580000,1749.57,1749.57,1749.57,1749.57,0
1679051520000,1749.13,1749.57,1749.13,1749.57,0.33615
1679051460000,1749.4,1749.4,1749.13,1749.13,0.007054
1679051400000,1752.72,1752.72,1748.34,1749.4,0.047665
1679051340000,1750.38,1752.72,1750.38,1752.72,22.805489
1679051280000,1750.32,1750.38,1750.32,1750.38,0.002161
1679051220000,1749.29,1750.32,1749.29,1750.32,1.003534
1679051160000,1746.17,1749.29,1746.17,1749.29,0.982846
1679051100000,1744.28,1746.17,1744.28,1746.17,0.112262
1679051040000,1747.13,1747.13,1744.28,1744.28,0.012064
1679050980000,1747.13,1747.13,1747.13,1747.13,0
1679050920000,1747.13,1747.13,1747.13,1747.13,0
1679050860000,1749.36,1749.36,1746.66,1747.13,0.465569
1679050800000,1749.36,1749.36,1749.36,1749.36,0
1679050740000,1750.23,1750.23,1749.11,1749.36,5
1679050680000,1745.72,1750.23,1745.72,1750.23,0.763284
1679050620000,1745.72,1745.72,1745.72,1745.72,0
1679050560000,1746.73,1746.73,1745.09,1745.72,5.837208
1679050500000,1749.73,1749.73,1746.73,1746.73,0.672407
1679050440000,1751.25,1751.25,1749.73,1749.73,0.572252
1679050380000,1747.58,1751.25,1747.58,1751.25,42.0288
1679050320000,1742.59,1747.58,1742.59,1747.58,2.005377
1679050260000,1742.59,1742.59,1742.59,1742.59,0
1679050200000,1742.59,1742.59,1742.59,1742.59,0
1679050140000,1742.59,1742.59,1742.59,1742.59,0
1679050080000,1745.35,1748.4,1742.59,1742.59,3.530489
1679050020000,1741.73,1745.35,1741.73,1745.35,16.208288
1679049960000,1741.73,1741.73,1741.73,1741.73,0
1679049900000,1743.56,1744.52,1740.73,1741.73,24.885
1679049840000,1740.69,1743.56,1740.69,1743.56,0.28109
1679049780000,1744.26,1744.26,1740.69,1740.69,0.002298
1679049720000,1744.77,1744.77,1743.89,1744.26,8
1679049660000,1745.08,1745.08,1741.8,1744.77,3.830263
1679049600000,1741,1745.08,1741,1745.08,0.299125
1679049540000,1740.67,1741,1740.67,1741,3.3
1679049480000,1739.17,1740.67,1739.17,1740.67,0.016144
1679049420000,1739.17,1739.17,1739.17,1739.17,0
1679049360000,1734.78,1739.17,1734.78,1739.17,0.563851
1679049300000,1733.56,1734.78,1733.56,1734.78,1.028924
1679049240000,1739.39,1739.39,1733.56,1733.56,0.194813
1679049180000,1739.39,1739.39,1739.39,1739.39,0
1679049120000,1739.39,1739.39,1739.39,1739.39,0
1679049060000,1739.39,1739.39,1739.39,1739.39,0
1679049000000,1736.54,1739.53,1736.54,1739.39,0.130972
1679048940000,1736.54,1736.54,1736.54,1736.54,0
1679048880000,1739.5,1739.5,1736.54,1736.54,0.07256
1679048820000,1736.58,1739.5,1736.58,1739.5,0.023288
1679048760000,1735.25,1736.58,1734.27,1736.58,0.067734
1679048700000,1738.6,1738.6,1734.59,1735.25,0.039081
1679048640000,1742.14,1742.14,1738.26,1738.6,0.586
1679048580000,1735.3,1742.14,1735.3,1742.14,4.493748
1679048520000,1733.68,1735.43,1733.68,1735.3,0.097193
1679048460000,1731.02,1733.69,1731.02,1733.68,0.695713
1679048400000,1730.34,1731.02,1730.34,1731.02,0.055763
1679048340000,1731.34,1731.34,1729.6,1730.34,2.750693
1679048280000,1727.57,1731.34,1727.57,1731.34,1.395434
1679048220000,1727.57,1727.57,1727.57,1727.57,0
1679048160000,1727.57,1727.57,1727.57,1727.57,0
1679048100000,1728.74,1728.74,1727.41,1727.57,2.291557
1679048040000,1729.05,1729.05,1728.74,1728.74,0.494363
1679047980000,1729.05,1729.05,1729.05,1729.05,0
1679047920000,1729.05,1729.05,1729.05,1729.05,0
1679047860000,1731.66,1731.66,1729.05,1729.05,0.021657
1679047800000,1737.89,1737.89,1731.66,1731.66,0.014006
1679047740000,1734.29,1738.12,1734.29,1737.89,6.194201
1679047680000,1730.72,1734.29,1730.72,1734.29,0.102329
1679047620000,1730.72,1730.72,1730.72,1730.72,0
1679047560000,1730.72,1730.72,1730.72,1730.72,0
1679047500000,1731.28,1731.28,1730.72,1730.72,0.6008
1679047440000,1729.96,1731.28,1729.96,1731.28,0.041998
1679047380000,1727.43,1729.96,1727.43,1729.96,0.113313
1679047320000,1725.55,1727.43,1725.55,1727.43,3.248986
1679047260000,1725.55,1725.55,1725.55,1725.55,0
1679047200000,1725.55,1725.55,1725.55,1725.55,0
1679047140000,1726.55,1726.55,1725.55,1725.55,0.011591
1679047080000,1730,1730,1726.55,1726.55,0.001
1679047020000,1726.2,1730,1726.2,1730,2.085332
1679046960000,1726.2,1726.2,1726.2,1726.2,0
1679046900000,1726.2,1726.2,1726.2,1726.2,0
1679046840000,1726.2,1726.2,1726.2,1726.2,0
1679046780000,1717.97,1726.2,1717.97,1726.2,29.653253
1679046720000,1717.97,1717.97,1717.97,1717.97,0
1679046660000,1717.97,1717.97,1717.97,1717.97,0
1679046600000,1717.97,1717.97,1717.97,1717.97,0
1679046540000,1717.97,1717.97,1717.97,1717.97,0.5
1679046480000,1717.97,1717.97,1717.97,1717.97,0
1679046420000,1717.84,1717.97,1717.8,1717.97,3.15
1679046360000,1717.84,1717.84,1717.84,1717.84,0
1679046300000,1717.84,1717.84,1717.84,1717.84,0
1679046240000,1717.84,1717.84,1717.84,1717.84,0
1679046180000,1718.48,1718.48,1717.84,1717.84,0.0032
1679046120000,1718.48,1718.48,1718.48,1718.48,0
1679046060000,1718.48,1718.48,1718.48,1718.48,0
1679046000000,1718.48,1718.48,1718.48,1718.48,0
1679045940000,1718.48,1718.48,1718.48,1718.48,0
1679045880000,1718.48,1718.48,1718.48,1718.48,0
1679045820000,1718.48,1718.48,1718.48,1718.48,0
1679045760000,1717.57,1718.48,1717.57,1718.48,1.03831
1679045700000,1718.27,1718.27,1717.57,1717.57,0.221655
1679045640000,1722.84,1722.84,1718.27,1718.27,1
1679045580000,1722.84,1722.84,1722.84,1722.84,0
1679045520000,1719.17,1722.84,1719.17,1722.84,0.51
1679045460000,1718,1719.17,1718,1719.17,0.011864
1679045400000,1718,1718,1718,1718,0
1679045340000,1715.9,1718,1715.9,1718,1
1679045280000,1716.34,1716.34,1715.9,1715.9,5.389501
1679045220000,1716.35,1716.37,1716.34,1716.34,0.003193
1679045160000,1716.35,1716.35,1716.35,1716.35,0
1679045100000,1716.35,1716.35,1716.35,1716.35,0
1679045040000,1716.35,1716.35,1716.35,1716.35,0
1679044980000,1716.35,1716.35,1716.35,1716.35,0
1679044920000,1716.35,1716.35,1716.35,1716.35,0
1679044860000,1716.48,1716.48,1716.35,1716.35,0.027832
1679044800000,1716.48,1716.48,1716.48,1716.48,0
1679044740000,1716.48,1716.48,1716.48,1716.48,0
1679044680000,1716.48,1716.48,1716.48,1716.48,0
1679044620000,1716.35,1716.48,1716.35,1716.48,0.856595
1679044560000,1717.19,1717.19,1716.35,1716.35,0.046969
1679044500000,1717.19,1717.19,1717.19,1717.19,0
1679044440000,1717.19,1717.19,1717.19,1717.19,0
1679044380000,1717.37,1717.37,1716.35,1717.19,5.469113
1679044320000,1717.37,1717.37,1717.37,1717.37,0
1679044260000,1718.22,1718.22,1717.37,1717.37,12.96
1679044200000,1718.22,1718.22,1718.22,1718.22,0
1679044140000,1718,1718.22,1718,1718.22,0.054157
1679044080000,1718,1718,1718,1718,0
1679044020000,1718,1718,1718,1718,0
1679043960000,1718,1718,1718,1718,0
1679043900000,1718,1718,1718,1718,0
1679043840000,1718,1718,1718,1718,0
1679043780000,1718,1718,1718,1718,0
1679043720000,1716.45,1718,1716.45,1718,0.013615
1679043660000,1716.45,1716.45,1716.45,1716.45,0
1679043600000,1716.45,1716.45,1716.45,1716.45,0
1679043540000,1716.45,1716.45,1716.45,1716.45,0
1679043480000,1716.45,1716.45,1716.45,1716.45,0
1679043420000,1716.45,1716.45,1716.45,1716.45,0
1679043360000,1716.45,1716.45,1716.45,1716.45,0
1679043300000,1716.45,1716.45,1716.45,1716.45,0
1679043240000,1716.45,1716.45,1716.45,1716.45,0
1679043180000,1717.31,1717.31,1716.45,1716.45,0.280051
1679043120000,1717.31,1717.31,1717.31,1717.31,0.103428
1679043060000,1717.31,1717.31,1717.31,1717.31,0.203094
1679043000000,1718.15,1718.15,1717.31,1717.31,0.106855
1679042940000,1718.15,1718.15,1718.15,1718.15,0
1679042880000,1718.15,1718.15,1718.15,1718.15,0
1679042820000,1718.15,1718.15,1718.15,1718.15,0
1679042760000,1717.71,1718.15,1717.71,1718.15,0.202895
1679042700000,1717.71,1717.71,1717.71,1717.71,0
1679042640000,1717.71,1717.71,1717.71,1717.71,0
1679042580000,1718.21,1718.21,1717.71,1717.71,0.210218
1679042520000,1718.21,1718.21,1718.21,1718.21,0
1679042460000,1718.21,1718.21,1718.21,1718.21,0.58
1679042400000,1718.21,1718.21,1718.21,1718.21,0
1679042340000,1718.21,1718.21,1718.21,1718.21,0
1679042280000,1718.21,1718.21,1718.21,1718.21,0
1679042220000,1718.13,1718.21,1718.13,1718.21,0.5
1679042160000,1716.38,1718.13,1716.38,1718.13,1.5
1679042100000,1716.38,1716.38,1716.38,1716.38,0
1679042040000,1716.38,1716.38,1716.38,1716.38,0
1679041980000,1718.22,1718.22,1716.38,1716.38,0.004
1679041920000,1721.39,1721.39,1717.78,1718.22,13.66835
1679041860000,1722.05,1722.05,1721.35,1721.39,2.655167
1679041800000,1722.05,1722.05,1722.05,1722.05,0
1679041740000,1720.95,1722.12,1720.95,1722.05,0.12597
1679041680000,1720.95,1720.95,1720.95,1720.95,0
1679041620000,1724.99,1724.99,1720.95,1720.95,0.001903
1679041560000,1719.68,1724.99,1719.68,1724.99,13.196595
1679041500000,1721.11,1721.11,1718.77,1719.68,15.57436
1679041440000,1721.68,1721.68,1721.11,1721.11,0.027755
1679041380000,1721.84,1721.84,1721.68,1721.68,0.007507
1679041320000,1720.84,1721.84,1720.84,1721.84,0.05606
1679041260000,1718.97,1720.84,1718.97,1720.84,0.031768
1679041200000,1718.97,1718.97,1718.97,1718.97,0
1679041140000,1718.97,1718.97,1718.97,1718.97,0
1679041080000,1718.97,1718.97,1718.97,1718.97,0
1679041020000,1722.15,1722.15,1718.97,1718.97,0.0042
1679040960000,1723.04,1723.04,1722.15,1722.15,0.001033
1679040900000,1725.15,1725.15,1723.04,1723.04,0.19772
1679040840000,1725.15,1725.15,1725.15,1725.15,0
1679040780000,1725.15,1725.15,1725.15,1725.15,0
1679040720000,1725.15,1725.15,1725.15,1725.15,0
1679040660000,1725.15,1725.15,1725.15,1725.15,0
1679040600000,1725.15,1725.15,1725.15,1725.15,0
1679040540000,1725.15,1725.15,1725.15,1725.15,0
1679040480000,1726.2,1726.2,1725.15,1725.15,0.028965
1679040420000,1724.96,1726.2,1724.96,1726.2,0.004287
1679040360000,1722.39,1724.99,1722.39,1724.96,0.738974
1679040300000,1720.48,1722.39,1720.48,1722.39,1.0051
1679040240000,1720.48,1720.48,1720.48,1720.48,0
1679040180000,1720.48,1720.48,1720.48,1720.48,0
1679040120000,1720.39,1720.48,1719.55,1720.48,2.501
1679040060000,1722.06,1722.06,1720.39,1720.39,3.5
1679040000000,1722.06,1722.06,1722.06,1722.06,0
1679039940000,1720.89,1722.06,1720.89,1722.06,0.009
1679039880000,1720.89,1720.89,1720.89,1720.89,0
1679039820000,1720.09,1720.89,1720.09,1720.89,1.5
1679039760000,1721.4,1721.4,1720.09,1720.09,0.010708
1679039700000,1721.4,1721.4,1721.4,1721.4,0
1679039640000,1721.4,1721.4,1721.4,1721.4,0
1679039580000,1721.4,1721.4,1721.4,1721.4,0
1679039520000,1720.87,1721.4,1720.87,1721.4,12.96
1679039460000,1719.85,1721.2,1719.85,1720.87,6.781083
1679039400000,1719.85,1719.85,1719.85,1719.85,0
1679039340000,1719.21,1719.85,1719.21,1719.85,0.767845
1679039280000,1718.89,1719.21,1718.89,1719.21,0.603724
1679039220000,1721.21,1721.21,1718.89,1718.89,0.285127
1679039160000,1721.21,1721.21,1721.21,1721.21,0
1679039100000,1721.21,1721.21,1721.21,1721.21,0
1679039040000,1721.9,1721.9,1721.21,1721.21,0.010702
1679038980000,1721.9,1721.9,1721.9,1721.9,0
1679038920000,1720.38,1721.9,1720.38,1721.9,0.002196
1679038860000,1720.38,1720.38,1720.38,1720.38,0
1679038800000,1720.38,1720.38,1720.38,1720.38,0
1679038740000,1720.38,1720.38,1720.38,1720.38,0
1679038680000,1720.38,1720.38,1720.38,1720.38,0
1679038620000,1720.38,1720.38,1720.38,1720.38,0
1679038560000,1720.38,1720.38,1720.38,1720.38,0
1679038500000,1720.38,1720.38,1720.38,1720.38,0
1679038440000,1720.94,1720.94,1720.38,1720.38,0.289764
1679038380000,1718,1720.94,1718,1720.94,0.001
1679038320000,1718,1718,1718,1718,0.191
1679038260000,1717.3,1718,1717.3,1718,0.1
1679038200000,1714.26,1717.3,1714.26,1717.3,0.057224
1679038140000,1714.26,1714.26,1714.26,1714.26,0
1679038080000,1714.26,1714.26,1714.26,1714.26,0
1679038020000,1714.26,1714.26,1714.26,1714.26,0
1679037960000,1714.26,1714.26,1714.26,1714.26,0
1679037900000,1714.63,1714.63,1714.06,1714.26,0.097902
1679037840000,1715.46,1715.95,1714.63,1714.63,0.098532
1679037780000,1715.46,1715.46,1715.46,1715.46,0
1679037720000,1717.58,1717.58,1715.06,1715.46,1.664202
1679037660000,1718.29,1718.29,1717.58,1717.58,0.000449
1679037600000,1717.58,1718.29,1717.58,1718.29,0.027801
1679037540000,1718.72,1718.73,1717.58,1717.58,0.051885
1679037480000,1720.46,1720.46,1718.72,1718.72,0.04272
1679037420000,1720.51,1720.51,1720.46,1720.46,0.027766
1679037360000,1721.98,1721.98,1720.45,1720.51,2.609702
1679037300000,1721.98,1721.98,1721.98,1721.98,0
1679037240000,1722.07,1722.07,1721.98,1721.98,0.00405
1679037180000,1721.75,1722.07,1721.75,1722.07,0.005
1679037120000,1721.75,1721.75,1721.75,1721.75,0
1679037060000,1721.75,1721.75,1721.75,1721.75,0
1679037000000,1721.6,1722.13,1721.6,1721.75,3.660659
1679036940000,1722.4,1722.46,1720.73,1721.6,0.725127
1679036880000,1723.75,1723.84,1722.4,1722.4,0.930021
1679036820000,1723.58,1723.75,1723.58,1723.75,0.020608
1679036760000,1723.53,1723.58,1723.53,1723.58,0.026544
1679036700000,1722.77,1723.53,1722.18,1723.53,2.005345
1679036640000,1724.16,1724.2,1722.77,1722.77,0.217118
1679036580000,1724.16,1724.16,1724.16,1724.16,0
1679036520000,1725.22,1725.22,1724.16,1724.16,1.004
1679036460000,1726.75,1726.75,1725.22,1725.22,0.619281
1679036400000,1728.08,1729.21,1726.75,1726.75,0.044654
1679036340000,1729.58,1729.58,1728.08,1728.08,3.005613
1679036280000,1726.76,1729.68,1726.76,1729.58,0.599949
1679036220000,1729.88,1729.88,1726.76,1726.76,0.088748
1679036160000,1732.47,1733.48,1729.44,1729.88,66.894484
1679036100000,1727.26,1733.65,1727.26,1732.47,10.668514
1679036040000,1722.34,1727.26,1722.34,1727.26,0.148561
1679035980000,1722.34,1722.34,1722.34,1722.34,0
1679035920000,1722.34,1722.34,1722.34,1722.34,0
1679035860000,1722.34,1722.34,1722.34,1722.34,0
1679035800000,1722.34,1722.34,1722.34,1722.34,0
1679035740000,1720.69,1722.34,1720.69,1722.34,0.005805
1679035680000,1724.81,1724.81,1720.69,1720.69,0.0567
1679035620000,1724.03,1724.81,1724.03,1724.81,1.1368
1679035560000,1724.67,1724.67,1722.44,1724.03,0.40139
1679035500000,1725.9,1725.9,1724.67,1724.67,0.008696
1679035440000,1725.57,1725.9,1725.57,1725.9,0.130652
1679035380000,1724.47,1725.57,1724.47,1725.57,9.92072
1679035320000,1723.41,1724.47,1723.41,1724.47,0.055857
1679035260000,1720.21,1723.41,1720.21,1723.41,0.385486
1679035200000,1719.28,1720.21,1718.41,1720.21,35.500702
1679035140000,1718.57,1719.28,1718.57,1719.28,4.786
1679035080000,1714.23,1718.57,1714.23,1718.57,0.013907
1679035020000,1714.23,1714.23,1714.23,1714.23,0
1679034960000,1720.42,1720.42,1714.23,1714.23,0.014672
1679034900000,1720.42,1720.42,1720.42,1720.42,0
1679034840000,1712.1,1720.73,1712.1,1720.42,10.241358
1679034780000,1713.81,1713.81,1712.1,1712.1,2.483188
1679034720000,1713.34,1713.81,1713.34,1713.81,2
1679034660000,1711.1,1713.34,1711.1,1713.34,0.015213
1679034600000,1710.88,1711.1,1710.88,1711.1,240.887195
1679034540000,1710.55,1710.89,1710.55,1710.88,0.050893
1679034480000,1711.1,1711.1,1710.55,1710.55,0.004577
1679034420000,1710.79,1711.1,1710.79,1711.1,0.582117
1679034360000,1712.71,1712.81,1710.79,1710.79,2.8442
1679034300000,1713.06,1713.06,1712.11,1712.71,0.556359
1679034240000,1711.3,1716.79,1711.3,1713.06,141.159355
1679034180000,1711.3,1711.3,1711.3,1711.3,0
1679034120000,1710.95,1711.3,1710.95,1711.3,0.00175
1679034060000,1711.06,1711.31,1710.95,1710.95,3.286387
1679034000000,1712.04,1712.04,1711.06,1711.06,0.114529
1679033940000,1711.21,1712.04,1711.21,1712.04,2.957621
1679033880000,1711.21,1711.21,1711.21,1711.21,0.04711
1679033820000,1711.71,1711.71,1710.93,1711.21,0.011188
1679033760000,1711.71,1711.71,1711.71,1711.71,0
1679033700000,1711.7,1711.71,1711.7,1711.71,0.088953
1679033640000,1710.98,1711.7,1710.98,1711.7,1.865694
1679033580000,1710.51,1711.2,1710.51,1710.98,0.592301
1679033520000,1710.8,1710.8,1710.2,1710.51,0.885284
1679033460000,1709.26,1710.8,1709.26,1710.8,5.909254
1679033400000,1709.09,1709.46,1709.09,1709.26,0.380596
1679033340000,1709.09,1709.09,1709.09,1709.09,0
1679033280000,1708.83,1709.09,1708.83,1709.09,0.050402
1679033220000,1708.83,1708.83,1708.83,1708.83,0
1679033160000,1708.83,1708.83,1708.83,1708.83,0
1679033100000,1708.83,1708.83,1708.83,1708.83,0
1679033040000,1708.12,1708.83,1708.12,1708.83,0.002336
1679032980000,1708.12,1708.12,1708.12,1708.12,0
1679032920000,1708.12,1708.12,1708.12,1708.12,0
1679032860000,1707.58,1708.12,1707.58,1708.12,0.041947
1679032800000,1707.58,1707.58,1707.58,1707.58,0
1679032740000,1707.52,1707.58,1707.52,1707.58,0.002336
1679032680000,1706.36,1707.52,1706.36,1707.52,0.130832
1679032620000,1706.36,1706.36,1706.36,1706.36,0
1679032560000,1705.09,1706.97,1705.09,1706.36,0.619118
1679032500000,1705.09,1705.09,1705.09,1705.09,0
1679032440000,1705.09,1705.09,1705.09,1705.09,0
1679032380000,1705.09,1705.09,1705.09,1705.09,0
1679032320000,1705.09,1705.09,1705.09,1705.09,0
1679032260000,1705.09,1705.09,1705.09,1705.09,0
1679032200000,1705.09,1705.09,1705.09,1705.09,0
1679032140000,1705.09,1705.09,1705.09,1705.09,0
1679032080000,1704.86,1705.1,1704.85,1705.09,1.955307
1679032020000,1704.86,1704.86,1704.86,1704.86,0
1679031960000,1704.05,1704.86,1704.05,1704.86,1.659072
1679031900000,1704.2,1704.42,1704.05,1704.05,0.034988
1679031840000,1704.2,1704.2,1704.2,1704.2,0
1679031780000,1704.86,1704.86,1704.2,1704.2,0.001936
1679031720000,1704.86,1704.86,1704.86,1704.86,0
1679031660000,1704.86,1704.86,1704.86,1704.86,0
1679031600000,1705.16,1705.19,1704.85,1704.86,11.740509
1679031540000,1704.74,1705.16,1704.74,1705.16,0.001511
1679031480000,1704.74,1704.74,1704.74,1704.74,0
1679031420000,1702.02,1704.74,1702.02,1704.74,26.403984
1679031360000,1702.02,1702.02,1702.02,1702.02,0
1679031300000,1702.02,1702.02,1702.02,1702.02,0
1679031240000,1702.5,1702.5,1702.02,1702.02,0.028371
1679031180000,1705.13,1705.13,1702.5,1702.5,0.069849
1679031120000,1705.13,1705.13,1705.13,1705.13,0
1679031060000,1705.49,1705.49,1705.13,1705.13,0.001032
1679031000000,1706.12,1706.12,1705.49,1705.49,0.00224
1679030940000,1706.12,1706.12,1706.12,1706.12,0
1679030880000,1706.12,1706.12,1706.12,1706.12,0
1679030820000,1704.61,1706.12,1704.61,1706.12,1.754961
1679030760000,1706.19,1706.19,1704.61,1704.61,52.143811
1679030700000,1706.06,1706.27,1706.06,1706.19,1
1679030640000,1706.06,1706.06,1706.06,1706.06,0
1679030580000,1706.06,1706.06,1706.06,1706.06,0
1679030520000,1706.06,1706.06,1706.06,1706.06,0
1679030460000,1706.74,1706.74,1706.06,1706.06,0.032313
1679030400000,1707.12,1707.29,1706.74,1706.74,0.031919
1679030340000,1708.89,1708.89,1707.12,1707.12,0.084503
1679030280000,1707.86,1708.89,1707.86,1708.89,0.010777
1679030220000,1707.59,1708.71,1707.59,1707.86,5.742335
1679030160000,1708.44,1708.44,1707.45,1707.59,3.59
1679030100000,1707.24,1708.44,1707.24,1708.44,0.114741
1679030040000,1706.8,1707.24,1706.5,1707.24,0.093847
1679029980000,1706.51,1706.95,1705.4,1706.8,9.585
1679029920000,1706.51,1706.51,1706.51,1706.51,0
1679029860000,1704.37,1706.51,1704.37,1706.51,1.170975
1679029800000,1704.37,1704.37,1704.37,1704.37,0
1679029740000,1704.37,1704.37,1704.37,1704.37,0
1679029680000,1705.4,1705.4,1704.37,1704.37,1.160736
1679029620000,1706.06,1706.06,1705.4,1705.4,0.017016
1679029560000,1707.06,1707.92,1706.06,1706.06,8.479918
1679029500000,1706.06,1707.06,1706.06,1707.06,0.574144
1679029440000,1708,1708,1706.06,1706.06,0.582
1679029380000,1709.67,1709.67,1708,1708,1.102985
1679029320000,1709.67,1709.67,1709.67,1709.67,0
1679029260000,1708.75,1709.67,1708.75,1709.67,0.037308
1679029200000,1708.75,1708.75,1708.75,1708.75,0
1679029140000,1709.41,1709.41,1708.75,1708.75,0.319412
1679029080000,1709.41,1709.41,1709.41,1709.41,0
1679029020000,1709.08,1709.67,1709.08,1709.41,3.26
1679028960000,1709.08,1709.08,1709.08,1709.08,0
1679028900000,1710.17,1710.17,1709.08,1709.08,0.013738
1679028840000,1710.17,1710.17,1710.17,1710.17,0
1679028780000,1710.17,1710.17,1710.17,1710.17,0
1679028720000,1710.17,1710.17,1710.17,1710.17,0
1679028660000,1710.17,1710.17,1710.17,1710.17,0
1679028600000,1708.63,1710.17,1708.63,1710.17,2.830301
1679028540000,1708.4,1709.11,1708.4,1708.63,9.051368
1679028480000,1708.4,1708.4,1708.4,1708.4,0
1679028420000,1708.4,1708.4,1708.4,1708.4,0
1679028360000,1710.18,1710.18,1708.4,1708.4,0.2563
1679028300000,1710.28,1710.28,1709.99,1710.18,1.146304
1679028240000,1710.23,1710.28,1710.23,1710.28,0.573032
1679028180000,1709.95,1710.23,1709.95,1710.23,0.014623
1679028120000,1709.38,1709.95,1709.38,1709.95,0.060991
1679028060000,1708.64,1709.38,1708.64,1709.38,0.05651
1679028000000,1708.24,1708.64,1708.24,1708.64,0.063741
1679027940000,1709.39,1709.39,1708.24,1708.24,2.802208
1679027880000,1709.41,1709.41,1708.85,1709.39,4.723579
1679027820000,1709.84,1709.84,1709.41,1709.41,0.116989
1679027760000,1709.42,1710.28,1709.42,1709.84,3.691562
1679027700000,1709.42,1709.42,1709.42,1709.42,0
1679027640000,1709.42,1709.42,1709.42,1709.42,0
1679027580000,1709.47,1709.47,1708.31,1709.42,0.592197
1679027520000,1709.47,1709.47,1709.47,1709.47,0
1679027460000,1710.43,1710.43,1709.42,1709.47,4.663495
1679027400000,1710.43,1710.43,1710.43,1710.43,0
1679027340000,1712.15,1712.15,1710.43,1710.43,0.011931
1679027280000,1712.01,1712.2,1712.01,1712.15,0.031747
1679027220000,1710.58,1712.68,1710.58,1712.01,0.313663
1679027160000,1711.37,1711.37,1710.58,1710.58,25.867926
1679027100000,1712.37,1715,1711.37,1711.37,131.251181
1679027040000,1710.74,1712.37,1710.74,1712.37,0.027897
1679026980000,1710.74,1710.74,1710.74,1710.74,0
1679026920000,1710.74,1710.74,1710.74,1710.74,0
1679026860000,1710.18,1711.28,1710.18,1710.74,0.076482
1679026800000,1709.83,1710.18,1709.83,1710.18,0.00786
1679026740000,1708.15,1709.83,1708.15,1709.83,0.027501
1679026680000,1708.15,1708.15,1708.15,1708.15,0
1679026620000,1709.69,1709.69,1708.15,1708.15,0.60456
1679026560000,1709.69,1709.69,1709.69,1709.69,0
1679026500000,1712,1712,1709.69,1709.69,8.58208
1679026440000,1712.06,1712.06,1712,1712,1
1679026380000,1712.65,1712.65,1712.02,1712.06,1.502256
1679026320000,1714.28,1714.28,1712.65,1712.65,0.36116
1679026260000,1713.39,1714.28,1713.39,1714.28,0.012076
1679026200000,1713.39,1713.39,1713.39,1713.39,0
1679026140000,1713.04,1713.39,1713.04,1713.39,0.245992
1679026080000,1711.75,1713.04,1711.75,1713.04,0.579
1679026020000,1711.75,1711.75,1711.75,1711.75,71.753277
1679025960000,1711.75,1711.75,1711.45,1711.75,2.509835
1679025900000,1711.75,1711.75,1711.75,1711.75,0
1679025840000,1711.75,1712.34,1711.75,1711.75,25.759094
1679025780000,1711.75,1711.75,1711.75,1711.75,0
1679025720000,1712.6,1712.6,1711.75,1711.75,0.3
1679025660000,1712.6,1712.61,1712.6,1712.6,0.033036
1679025600000,1712.9,1712.9,1712.6,1712.6,0.05925
1679025540000,1712.9,1712.9,1712.9,1712.9,0
1679025480000,1710.91,1712.9,1710.91,1712.9,0.023983
1679025420000,1710.12,1711.74,1710.12,1710.91,14.648095
1679025360000,1710.12,1710.12,1710.12,1710.12,0
1679025300000,1712.67,1712.67,1709.9,1710.12,0.713345
1679025240000,1708.85,1712.67,1708.85,1712.67,117.345361
1679025180000,1708.16,1708.85,1708.16,1708.85,0.066735
1679025120000,1705.13,1708.16,1705.13,1708.16,0.803432
1679025060000,1705.13,1705.13,1705.13,1705.13,0
1679025000000,1704.94,1705.13,1704.94,1705.13,0.005258
1679024940000,1704.89,1704.94,1704.89,1704.94,0.293376
1679024880000,1704.66,1705.22,1704.66,1704.89,0.954769
1679024820000,1706.85,1706.85,1704.66,1704.66,2.021339
1679024760000,1706.85,1706.85,1706.85,1706.85,0
1679024700000,1707.17,1707.17,1706.85,1706.85,0.08931
1679024640000,1707.3,1707.3,1707.17,1707.17,0.001
1679024580000,1706.51,1707.3,1706.51,1707.3,0.030654
1679024520000,1708.24,1708.24,1706.51,1706.51,5.005242
1679024460000,1709.82,1709.82,1708.24,1708.24,0.077815
1679024400000,1709.82,1709.82,1709.82,1709.82,0
1679024340000,1709.73,1709.82,1709.73,1709.82,0.582
1679024280000,1709.73,1709.73,1709.73,1709.73,0
1679024220000,1710,1710,1709.73,1709.73,0.010734
1679024160000,1710.31,1710.33,1710,1710,1.014619
1679024100000,1711.13,1711.13,1710.2,1710.31,1.082
1679024040000,1711.01,1711.13,1711.01,1711.13,0.203827
1679023980000,1711.01,1711.01,1711.01,1711.01,0
1679023920000,1711.9,1711.9,1711.01,1711.01,16.79
1679023860000,1712.92,1712.92,1711.9,1711.9,0.179782
1679023800000,1711.9,1712.92,1711.9,1712.92,0.114441
1679023740000,1712.21,1712.21,1711.9,1711.9,0.258187
1679023680000,1711.28,1712.25,1711.28,1712.21,0.587681
1679023620000,1711.28,1711.28,1711.28,1711.28,0
1679023560000,1713.18,1713.18,1711.28,1711.28,1.186708
1679023500000,1713.18,1713.18,1713.18,1713.18,0
1679023440000,1712.89,1713.25,1712.89,1713.18,0.216267
1679023380000,1711.3,1712.89,1711.03,1712.89,0.658456
1679023320000,1712.4,1712.4,1711.3,1711.3,0.083242
1679023260000,1711.87,1712.4,1711.87,1712.4,0.110474
1679023200000,1712.39,1712.39,1711.87,1711.87,5.98
1679023140000,1711.21,1712.64,1711.21,1712.39,0.342822
1679023080000,1712.21,1712.21,1711.21,1711.21,0.478213
1679023020000,1713.71,1713.71,1712.21,1712.21,0.43228
1679022960000,1714.27,1714.27,1713.71,1713.71,12.96
1679022900000,1712.43,1714.69,1712.43,1714.27,0.215937
1679022840000,1712.78,1712.78,1712.36,1712.43,0.239733
1679022780000,1713.04,1713.2,1712.78,1712.78,0.058095
1679022720000,1713.17,1713.17,1713.04,1713.04,0.013649
1679022660000,1715.71,1715.71,1713.17,1713.17,0.016228
1679022600000,1715.71,1715.71,1715.71,1715.71,0
1679022540000,1715.31,1715.71,1715.07,1715.71,5.128205
1679022480000,1712.04,1715.31,1712.04,1715.31,0.089636
1679022420000,1710.22,1712.04,1710.22,1712.04,11.884156
1679022360000,1709.82,1710.34,1709.82,1710.22,0.6
1679022300000,1707.18,1709.82,1707.18,1709.82,3.752903
1679022240000,1706.9,1707.18,1706.9,1707.18,0.005053
1679022180000,1708.88,1708.88,1706.9,1706.9,1.434881
1679022120000,1708.88,1708.88,1708.88,1708.88,0
1679022060000,1708.52,1709.94,1708.52,1708.88,6.519408
1679022000000,1709.68,1709.68,1707.61,1708.52,2.00453
1679021940000,1710.35,1710.35,1708.78,1709.68,0.02695
1679021880000,1710.35,1710.35,1710.35,1710.35,0
1679021820000,1710.35,1710.35,1710.35,1710.35,0
1679021760000,1709.86,1710.35,1709.86,1710.35,0.013675
1679021700000,1710.02,1710.02,1708.42,1709.86,1.454849
1679021640000,1709.45,1710.02,1709.45,1710.02,1.536881
1679021580000,1709.45,1709.45,1709.45,1709.45,0
1679021520000,1709.45,1709.45,1709.45,1709.45,0
1679021460000,1709.45,1709.45,1709.45,1709.45,0
1679021400000,1707.84,1709.45,1707.84,1709.45,5.963656
1679021340000,1703.5,1707.84,1703.5,1707.84,2.271
1679021280000,1703.5,1703.5,1703.5,1703.5,0
1679021220000,1704.49,1704.49,1703.1,1703.5,3.54545
1679021160000,1706.71,1706.71,1703.16,1704.49,4.340207
1679021100000,1705.7,1706.71,1705.7,1706.71,0.012537
1679021040000,1708.71,1708.71,1705.7,1705.7,0.416107
1679020980000,1711.61,1711.61,1708.71,1708.71,0.3704
1679020920000,1717.56,1717.56,1711.61,1711.61,0.63558
1679020860000,1716.81,1717.56,1716.81,1717.56,0.551401
1679020800000,1717.85,1717.85,1715.47,1716.81,11.461463