1679105700000,2.871,2.948,2.871,2.921,23.734732
1679104800000,2.858,2.875,2.842,2.871,1884.626504
1679103900000,2.963,2.963,2.856,2.858,12504.734308
1679103000000,2.9,2.963,2.9,2.963,6.628762
1679102100000,2.977,2.977,2.9,2.9,64.140362
1679101200000,2.899,2.977,2.885,2.977,16.784069
1679100300000,2.857,2.963,2.857,2.899,87.047285
1679099400000,2.89,2.89,2.847,2.857,63.203901
1679098500000,2.948,2.948,2.856,2.89,23.147212
1679097600000,2.861,2.977,2.861,2.948,710.689987
1679096700000,2.928,2.928,2.849,2.861,63.459974
1679095800000,2.928,2.928,2.928,2.928,2.43422
1679094900000,2.885,2.95,2.885,2.928,35.504065
1679094000000,2.801,2.885,2.801,2.885,0.030747
1679093100000,2.759,2.919,2.759,2.801,130.659007
1679092200000,2.78,2.78,2.759,2.759,11.012999
1679091300000,2.786,2.79,2.777,2.78,34.694038
1679090400000,2.787,2.827,2.786,2.786,392.301839
1679089500000,2.805,2.805,2.787,2.787,30
1679088600000,2.772,2.805,2.772,2.805,332.694465
1679087700000,2.772,2.772,2.772,2.772,0
1679086800000,2.796,2.796,2.772,2.772,0.215407
1679085900000,2.772,2.796,2.772,2.796,15.031079
1679085000000,2.772,2.772,2.772,2.772,0
1679084100000,2.796,2.796,2.772,2.772,0.721034
1679083200000,2.745,2.796,2.745,2.796,37.459495
1679082300000,2.741,2.745,2.741,2.745,0.858493
1679081400000,2.693,2.778,2.683,2.741,190.11135
1679080500000,2.709,2.709,2.687,2.693,76.0658
1679079600000,2.709,2.709,2.709,2.709,0.249767
1679078700000,2.682,2.709,2.682,2.709,13.05619
1679077800000,2.682,2.682,2.682,2.682,0
1679076900000,2.663,2.682,2.663,2.682,0.560752
1679076000000,2.731,2.731,2.663,2.663,65.358461
1679075100000,2.764,2.764,2.731,2.731,0.278535
1679074200000,2.731,2.764,2.731,2.764,70.324577
1679073300000,2.731,2.764,2.731,2.731,0.683459
1679072400000,2.643,2.764,2.643,2.731,243.650894
1679071500000,2.643,2.643,2.643,2.643,0
1679070600000,2.715,2.715,2.643,2.643,4099.023526
1679069700000,2.709,2.715,2.709,2.715,1.423398
1679068800000,2.709,2.709,2.709,2.709,0
1679067900000,2.718,2.718,2.709,2.709,0.114526
1679067000000,2.814,2.814,2.718,2.718,47.401956
1679066100000,2.691,2.839,2.691,2.814,95.696063
1679065200000,2.791,2.791,2.691,2.691,39.266282
1679064300000,2.659,2.791,2.659,2.791,207.859321
1679063400000,2.679,2.679,2.659,2.659,1571.031011
1679062500000,2.724,2.73,2.679,2.679,225.3263
1679061600000,2.719,2.724,2.704,2.724,226.246769
1679060700000,2.761,2.761,2.71,2.719,1591.790606
1679059800000,2.778,2.779,2.761,2.761,1028.778244
1679058900000,2.764,2.778,2.764,2.778,6.791199
1679058000000,2.75,2.764,2.75,2.764,6.035675
1679057100000,2.75,2.75,2.75,2.75,0
1679056200000,2.776,2.776,2.718,2.75,39.694699
1679055300000,2.828,2.828,2.776,2.776,219.406766
1679054400000,2.889,2.889,2.828,2.828,48.7439
1679053500000,2.89,2.914,2.889,2.889,220.909818
1679052600000,2.888,2.89,2.888,2.89,132.705056
1679051700000,2.886,2.888,2.886,2.888,0.225378
1679050800000,2.932,2.932,2.886,2.886,6.969961
1679049900000,2.926,2.932,2.926,2.932,0.203822
1679049000000,2.902,2.926,2.894,2.926,12.277859
1679048100000,2.87,2.903,2.851,2.902,304.103026
1679047200000,2.849,2.891,2.849,2.87,122.910602
1679046300000,2.84,2.849,2.82,2.849,886.780161
1679045400000,2.814,2.977,2.814,2.84,12557.98303
1679044500000,2.795,2.963,2.795,2.814,1437.835995
1679043600000,2.795,2.795,2.795,2.795,98.908583
1679042700000,2.792,2.816,2.792,2.795,1634.047206
1679041800000,2.847,2.847,2.792,2.792,18.49531
1679040900000,2.847,2.847,2.847,2.847,0.209071
1679040000000,2.837,2.847,2.837,2.847,5.858531
1679039100000,2.837,2.837,2.837,2.837,0
1679038200000,2.829,2.837,2.828,2.837,15.224678
1679037300000,2.854,2.854,2.829,2.829,6.788055
1679036400000,2.883,2.883,2.854,2.854,5.901002
1679035500000,2.861,2.883,2.851,2.883,6.662203
1679034600000,2.834,2.861,2.834,2.861,11.688203
1679033700000,2.829,2.845,2.829,2.834,0.398058
1679032800000,2.838,2.838,2.829,2.829,0.109716
1679031900000,2.838,2.838,2.838,2.838,0
1679031000000,2.838,2.838,2.838,2.838,0
1679030100000,2.87,2.87,2.827,2.838,145.030049
1679029200000,2.89,2.89,2.87,2.87,5.778576
1679028300000,2.876,2.89,2.864,2.89,770.181486
1679027400000,2.913,2.913,2.868,2.876,163.491846
1679026500000,2.896,2.913,2.896,2.913,0.365828
1679025600000,2.926,2.926,2.891,2.896,151.152073
1679024700000,2.856,2.926,2.837,2.926,35.582741
1679023800000,2.856,2.856,2.856,2.856,5.503071
1679022900000,2.883,2.883,2.856,2.856,0.303831
1679022000000,2.847,2.883,2.841,2.883,12.482346
1679021100000,2.8,2.847,2.8,2.847,17.663327
1679020200000,2.847,2.847,2.8,2.8,736.488745
1679019300000,2.847,2.847,2.847,2.847,0
1679018400000,2.833,2.861,2.828,2.847,581.282292
1679017500000,2.8,2.833,2.8,2.833,11.886059
1679016600000,2.943,2.943,2.8,2.8,75.16304
1679015700000,2.772,2.977,2.772,2.943,159.063188
1679014800000,2.722,2.905,2.722,2.772,179.393452
1679013900000,2.709,2.722,2.709,2.722,6.127192
1679013000000,2.738,2.738,2.671,2.709,397.679887
1679012100000,2.804,2.804,2.732,2.738,159.789872
1679011200000,2.772,2.819,2.772,2.804,300.576088
1679010300000,2.764,2.8,2.76,2.772,261.216406
1679009400000,2.764,2.764,2.764,2.764,5.810091
1679008500000,2.785,2.785,2.745,2.764,12.455689
1679007600000,2.785,2.785,2.785,2.785,0
1679006700000,2.785,2.785,2.785,2.785,0
1679005800000,2.785,2.785,2.785,2.785,0
1679004900000,2.724,2.79,2.724,2.785,75.430704
1679004000000,2.828,2.829,2.724,2.724,122.183698
1679003100000,2.828,2.828,2.828,2.828,0
1679002200000,2.828,2.828,2.828,2.828,0
1679001300000,2.83,2.83,2.828,2.828,0.181272
1679000400000,2.83,2.83,2.828,2.83,4.556389
1678999500000,2.83,2.83,2.83,2.83,0
1678998600000,2.83,2.83,2.83,2.83,0
1678997700000,2.842,2.842,2.83,2.83,0.238798
1678996800000,2.875,2.875,2.842,2.842,10.923504
1678995900000,2.875,2.875,2.875,2.875,8.134948
1678995000000,2.875,2.875,2.875,2.875,0
1678994100000,2.875,2.875,2.856,2.875,0.281151
1678993200000,2.856,2.875,2.856,2.875,0.5
1678992300000,2.856,2.856,2.856,2.856,0.218127
1678991400000,2.856,2.856,2.856,2.856,0
1678990500000,2.786,2.875,2.786,2.856,67.081776
1678989600000,2.786,2.786,2.786,2.786,0
1678988700000,2.786,2.786,2.786,2.786,0
1678987800000,2.786,2.786,2.786,2.786,0.380479
1678986900000,2.943,2.943,2.786,2.786,64.778062
1678986000000,2.977,2.977,2.943,2.943,0.166294
1678985100000,2.905,2.977,2.905,2.977,29.428413
1678984200000,2.692,2.905,2.683,2.905,133.971582
1678983300000,2.701,2.722,2.691,2.692,218.386898
1678982400000,2.786,2.819,2.701,2.701,109.460176
1678981500000,2.786,2.786,2.786,2.786,0
1678980600000,2.786,2.786,2.786,2.786,0
1678979700000,2.772,2.819,2.772,2.786,8.795992
1678978800000,2.814,2.814,2.772,2.772,22.929795
1678977900000,2.839,2.839,2.814,2.814,1
1678977000000,2.702,2.839,2.702,2.839,145.119215
1678976100000,2.702,2.702,2.702,2.702,0
1678975200000,2.711,2.711,2.7,2.702,1.197544
1678974300000,2.678,2.713,2.678,2.711,16.705721
1678973400000,2.696,2.696,2.678,2.678,1.653778
1678972500000,2.682,2.696,2.682,2.696,136.606023
1678971600000,2.743,2.743,2.654,2.682,200.551231
1678970700000,2.745,2.745,2.743,2.743,544.882184
1678969800000,2.89,2.992,2.745,2.745,980.000737
1678968900000,2.869,2.89,2.869,2.89,430.584235
1678968000000,3.047,3.047,2.869,2.869,105.316738
1678967100000,2.958,3.083,2.958,3.047,36.329939
1678966200000,3.093,3.093,2.958,2.958,44.126575
1678965300000,3.36,3.36,3.093,3.093,3.582529
1678964400000,2.976,3.36,2.97,3.36,329.205468
1678963500000,2.868,2.977,2.868,2.976,29.935714
1678962600000,2.905,2.905,2.868,2.868,50.367452
1678961700000,2.885,2.905,2.885,2.905,0.352787
1678960800000,2.919,2.919,2.885,2.885,82.077473
1678959900000,2.963,2.97,2.893,2.919,62.151848
1678959000000,2.943,2.963,2.943,2.963,0.0664
1678958100000,2.943,2.943,2.943,2.943,0.163637
1678957200000,2.943,2.943,2.943,2.943,0
1678956300000,2.943,2.943,2.943,2.943,0
1678955400000,2.943,2.943,2.943,2.943,0.709333
1678954500000,2.943,2.943,2.943,2.943,0.293175
1678953600000,2.959,2.992,2.943,2.943,58.972962
1678952700000,2.949,2.963,2.918,2.959,188.345974
1678951800000,2.928,2.949,2.928,2.949,0.732285
1678950900000,2.913,2.963,2.913,2.928,1655.161025
1678950000000,2.898,3.023,2.898,2.913,1482.451549
1678949100000,2.898,2.898,2.898,2.898,0
1678948200000,2.861,2.919,2.861,2.898,3063.564224
1678947300000,2.814,2.861,2.814,2.861,12.828915
1678946400000,2.764,2.836,2.764,2.814,48.69788
1678945500000,2.763,2.764,2.763,2.764,0.496615
1678944600000,2.737,2.763,2.737,2.763,11.43808
1678943700000,2.712,2.737,2.712,2.737,4.461809
1678942800000,2.712,2.712,2.712,2.712,0
1678941900000,2.712,2.712,2.712,2.712,0
1678941000000,2.817,2.817,2.712,2.712,140.931206
1678940100000,2.833,2.833,2.817,2.817,0.433601
1678939200000,2.808,2.833,2.808,2.833,11.804795
1678938300000,2.808,2.808,2.808,2.808,0
1678937400000,2.778,2.816,2.778,2.808,1558.296701
1678936500000,2.786,2.786,2.772,2.778,0.63819
1678935600000,2.812,2.847,2.786,2.786,37.123308
1678934700000,2.759,2.833,2.759,2.812,125.181181
1678933800000,2.778,2.778,2.759,2.759,6.050034
1678932900000,2.712,2.778,2.712,2.778,38.858676
1678932000000,2.704,2.712,2.704,2.712,0.097636
1678931100000,2.654,2.725,2.654,2.704,39.155299
1678930200000,2.64,2.667,2.64,2.654,399.233031
1678929300000,2.628,2.643,2.599,2.64,3751.844694
1678928400000,2.599,2.63,2.599,2.628,13.758554
1678927500000,2.651,2.651,2.599,2.599,526.200269
1678926600000,2.75,2.75,2.651,2.651,44.63781
1678925700000,2.669,2.75,2.669,2.75,37.890599
1678924800000,2.75,2.75,2.646,2.669,381.507823
1678923900000,2.73,2.75,2.718,2.75,18.263981
1678923000000,2.781,2.781,2.73,2.73,394.326254
1678922100000,2.721,2.781,2.718,2.781,736.570046
1678921200000,2.745,2.745,2.721,2.721,732.04334
1678920300000,2.764,2.77,2.745,2.745,6.123532
1678919400000,2.756,2.764,2.745,2.764,13.342235
1678918500000,2.889,2.889,2.755,2.756,602.429632
1678917600000,2.832,2.889,2.832,2.889,33.558026
1678916700000,2.832,2.832,2.832,2.832,0
1678915800000,2.828,2.832,2.828,2.832,0.533634
1678914900000,2.845,2.864,2.828,2.828,410.277339
1678914000000,2.842,2.888,2.814,2.845,1483.347307
1678913100000,2.796,2.875,2.796,2.842,1715.088671
1678912200000,2.723,2.796,2.723,2.796,82.012294
1678911300000,2.712,2.723,2.712,2.723,0.31381
1678910400000,2.722,2.737,2.712,2.712,188.979056
1678909500000,2.74,2.74,2.704,2.722,27.847259
1678908600000,2.797,2.819,2.74,2.74,40.838302
1678907700000,2.757,2.805,2.757,2.797,509.224697
1678906800000,2.769,2.769,2.745,2.757,671.818509
1678905900000,3,3.204,2.736,2.769,7758.511535
1678905000000,2.914,3.47,2.9,3,10870.87041
1678904100000,2.745,3,2.718,2.914,4642.665687
1678903200000,2.839,2.84,2.745,2.745,119.813587
1678902300000,2.759,2.839,2.731,2.839,59.879725
1678901400000,2.749,2.786,2.738,2.759,25.181571
1678900500000,2.713,2.778,2.692,2.749,531.144376
1678899600000,2.552,2.713,2.535,2.713,1144.188716
1678898700000,2.565,2.604,2.529,2.552,264.468854
1678897800000,2.577,2.617,2.548,2.565,524.793166
1678896900000,2.621,2.713,2.56,2.577,1346.036485
1678896000000,2.656,2.656,2.587,2.621,1649.09038
1678895100000,2.604,2.66,2.604,2.656,64.556541
1678894200000,2.656,2.669,2.573,2.604,594.010823
1678893300000,2.71,2.71,2.638,2.656,51.399121
1678892400000,2.75,2.773,2.71,2.71,1391.014266
1678891500000,2.696,2.75,2.696,2.75,1898.199336
1678890600000,2.847,2.847,2.662,2.696,1219.853596
1678889700000,2.875,2.88,2.847,2.847,899.677627
1678888800000,2.828,2.875,2.827,2.875,13.19877
1678887900000,2.9,2.9,2.828,2.828,441.358034
1678887000000,2.933,3.026,2.892,2.9,2725.317331
1678886100000,2.963,2.99,2.928,2.933,2654.182101
1678885200000,2.9,2.963,2.9,2.963,16.97368
1678884300000,2.914,2.931,2.87,2.9,2857.772206
1678883400000,2.852,2.971,2.852,2.914,143.445852
1678882500000,2.885,2.885,2.842,2.852,64.221831
1678881600000,2.963,2.963,2.885,2.885,41.322589
1678880700000,2.926,2.963,2.914,2.963,39.673185
1678879800000,3.017,3.017,2.856,2.926,179.328615
1678878900000,3.027,3.053,3.017,3.017,0.956583
1678878000000,3.027,3.027,3.027,3.027,0
1678877100000,3.038,3.038,3.017,3.027,74.595424
1678876200000,2.957,3.038,2.95,3.038,29.418375
1678875300000,3.021,3.021,2.957,2.957,23.963861
1678874400000,3.157,3.157,3,3.021,58.387445
1678873500000,3.157,3.157,3.157,3.157,0
1678872600000,3.157,3.157,3.157,3.157,98.092125
1678871700000,3.157,3.157,3.157,3.157,4369.62001
1678870800000,3.157,3.157,3.157,3.157,0
1678869900000,3.178,3.178,3.157,3.157,1.96
1678869000000,3.179,3.179,3.178,3.178,0.08977
1678868100000,3.157,3.179,3.157,3.179,316.993389
1678867200000,3.185,3.185,3.157,3.157,3419.353963
1678866300000,3.157,3.185,3.157,3.185,0.031311
1678865400000,3.182,3.198,3.157,3.157,45.099329
1678864500000,3.156,3.182,3.154,3.182,1.996467
1678863600000,3.205,3.205,3.093,3.156,249.570513
1678862700000,3.115,3.205,3.115,3.205,1.55011
1678861800000,3.114,3.127,3.114,3.115,3.038774
1678860900000,3.002,3.114,2.987,3.114,53.802975
1678860000000,3.032,3.032,3.002,3.002,101.996507
1678859100000,3.032,3.032,3.032,3.032,0
1678858200000,3.068,3.068,3.032,3.032,7.565567
1678857300000,3.053,3.068,3.053,3.068,6.616573
1678856400000,3.017,3.053,3.017,3.053,16.474487
1678855500000,2.943,3.017,2.943,3.017,23.119413
1678854600000,2.943,2.943,2.943,2.943,0
1678853700000,2.972,2.972,2.934,2.943,1464.037822
1678852800000,2.963,3.007,2.963,2.972,27.932902
1678851900000,2.97,2.97,2.943,2.963,206.229605
1678851000000,2.934,2.97,2.934,2.97,5.953137
1678850100000,2.957,2.963,2.934,2.934,9.167192
1678849200000,3.063,3.063,2.957,2.957,34.169303
1678848300000,3.063,3.063,3.063,3.063,0
1678847400000,3.028,3.063,3.028,3.063,6.129388
1678846500000,3.053,3.053,3.01,3.028,56.269534
1678845600000,3.029,3.053,3.017,3.053,5.511972
1678844700000,3.152,3.152,3.029,3.029,51.536784
1678843800000,3.163,3.182,3.152,3.152,261.043374
1678842900000,3.144,3.254,3.144,3.163,1330.443998
1678842000000,3.007,3.144,3.007,3.144,1735.150522
1678841100000,2.957,3.007,2.957,3.007,123.303675
1678840200000,2.986,3.007,2.957,2.957,22.965659
1678839300000,3.013,3.013,2.986,2.986,5.608985
1678838400000,3.002,3.013,2.972,3.013,792.663673
1678837500000,3.038,3.038,3.002,3.002,11.021509
1678836600000,2.974,3.038,2.974,3.038,1637.260167
1678835700000,2.899,2.992,2.899,2.974,46.321038
1678834800000,2.933,2.933,2.899,2.899,5.72077
1678833900000,2.878,2.933,2.878,2.933,804.618944
1678833000000,2.899,2.899,2.878,2.878,187.759964
1678832100000,2.902,2.978,2.899,2.899,6931.737579
1678831200000,2.76,2.903,2.76,2.902,63.763899
1678830300000,2.799,2.799,2.759,2.76,18.269344
1678829400000,2.752,2.805,2.752,2.799,51.608089
1678828500000,2.757,2.764,2.745,2.752,7.26953
1678827600000,2.763,2.796,2.757,2.757,1942.037893
1678826700000,2.752,2.763,2.742,2.763,40.5
1678825800000,2.791,2.805,2.737,2.752,549.784706
1678824900000,2.967,2.967,2.786,2.791,608.233777
1678824000000,3.024,3.027,2.967,2.967,55.161067
1678823100000,2.969,3.024,2.969,3.024,1766.774598
1678822200000,2.934,2.969,2.933,2.969,170.909565
1678821300000,3.002,3.002,2.914,2.934,452.682663
1678820400000,3.032,3.061,3.002,3.002,274.633851
1678819500000,3.099,3.099,3.025,3.032,1812.37916
1678818600000,3.114,3.114,3.088,3.099,77.374501
1678817700000,3.089,3.114,3.089,3.114,34.773537
1678816800000,3.3,3.3,3.065,3.089,1354.124912
1678815900000,3.298,3.3,3.298,3.3,30.30303
1678815000000,3.295,3.302,3.291,3.298,1670.676
1678814100000,3.279,3.295,3.248,3.295,179.250424
1678813200000,3.461,3.461,3.279,3.279,3463.306255
1678812300000,3.462,3.485,3.461,3.461,934.773689
1678811400000,3.443,3.483,3.443,3.462,24.209736
1678810500000,3.538,3.538,3.443,3.443,101.687268
1678809600000,3.426,3.538,3.426,3.538,19.85124
1678808700000,3.558,3.558,3.422,3.426,6310.574599
1678807800000,3.596,3.596,3.558,3.558,1728.445744
1678806900000,3.666,3.689,3.596,3.596,1492.603815
1678806000000,3.626,3.666,3.626,3.666,59.088281
1678805100000,3.627,3.788,3.626,3.626,178.203807
1678804200000,3.593,3.627,3.593,3.627,114.15977
1678803300000,3.549,3.637,3.524,3.593,88.643141
1678802400000,3.49,3.582,3.474,3.549,147.147002
1678801500000,3.507,3.515,3.488,3.49,706.123645
1678800600000,3.464,3.565,3.464,3.507,1330.712649
1678799700000,3.677,3.692,3.462,3.464,123.873
1678798800000,3.667,3.779,3.642,3.677,1431.000338
1678797900000,3.205,3.815,3.205,3.667,2601.514325
1678797000000,3.067,3.205,3.067,3.205,206.893554
1678796100000,3.064,3.068,3.054,3.067,101.36765
1678795200000,3.064,3.064,3.064,3.064,0
1678794300000,3.047,3.064,3.047,3.064,0.104927
1678793400000,3.092,3.092,3.047,3.047,78.699734
1678792500000,3.082,3.093,3.082,3.092,88.38369
1678791600000,3.082,3.082,3.082,3.082,1425.617634
1678790700000,3.067,3.082,3.067,3.082,5.751423
1678789800000,3.067,3.067,3.067,3.067,53.743437
1678788900000,3.038,3.067,3.038,3.067,11.413501
1678788000000,3.012,3.038,3.012,3.038,0.393573
1678787100000,3.012,3.012,3.012,3.012,0
1678786200000,3.025,3.025,3.012,3.012,6.251845
1678785300000,3.029,3.042,3.025,3.025,53.884345
1678784400000,3.081,3.081,3.029,3.029,68.715165
1678783500000,3.069,3.081,3.069,3.081,0.233508
1678782600000,3.038,3.093,3.038,3.069,514.075738
1678781700000,3.012,3.038,3.002,3.038,1908.410193
1678780800000,3.066,3.066,3.012,3.012,17.66457
1678779900000,3.12,3.12,3.051,3.066,2147.018482
1678779000000,3.12,3.12,3.12,3.12,0
1678778100000,3.134,3.145,3.12,3.12,1.121944
1678777200000,3.093,3.134,3.093,3.134,1
1678776300000,3.135,3.135,3.093,3.093,584.150615
1678775400000,3.135,3.135,3.135,3.135,0
1678774500000,3.136,3.152,3.129,3.135,582.298965
1678773600000,3.129,3.136,3.093,3.136,209.13384
1678772700000,3.141,3.144,3.103,3.129,307.565575
1678771800000,3.148,3.156,3.14,3.141,1589.381687
1678770900000,3.182,3.182,3.102,3.148,92.72115
1678770000000,3.188,3.188,3.134,3.182,159.230748
1678769100000,3.227,3.227,3.178,3.188,25.556599
1678768200000,3.178,3.23,3.178,3.227,158.867139
1678767300000,3.324,3.324,3.178,3.178,341.700272
1678766400000,3.249,3.324,3.198,3.324,254.434176
1678765500000,3.148,3.254,3.148,3.249,2396.234538
1678764600000,3.033,3.148,3.033,3.148,24.318311
1678763700000,2.992,3.053,2.991,3.033,33.937768
1678762800000,2.992,2.992,2.957,2.992,298.261265
1678761900000,2.976,2.992,2.976,2.992,4.227463
1678761000000,2.96,2.99,2.943,2.976,294.192247
1678760100000,3,3,2.928,2.96,192.218038
1678759200000,3.053,3.053,2.991,3,433.493315
1678758300000,2.977,3.058,2.977,3.053,110.38573
1678757400000,2.907,2.977,2.907,2.977,537.783764
1678756500000,2.914,2.914,2.884,2.907,1989.421994
1678755600000,2.835,2.934,2.81,2.914,202.434385
1678754700000,2.856,2.856,2.835,2.835,27.711448
1678753800000,2.87,2.87,2.856,2.856,10.331987
1678752900000,2.814,2.904,2.814,2.87,123.198677
1678752000000,2.712,2.841,2.706,2.814,148.336741
1678751100000,2.706,2.712,2.706,2.712,120.884629
1678750200000,2.706,2.706,2.706,2.706,0
1678749300000,2.707,2.712,2.706,2.706,55.571031
1678748400000,2.708,2.708,2.707,2.707,0.158231
1678747500000,2.704,2.708,2.704,2.708,0.188189
1678746600000,2.704,2.704,2.704,2.704,0
1678745700000,2.704,2.704,2.703,2.704,0.219828
1678744800000,2.67,2.704,2.67,2.704,44.482681
1678743900000,2.672,2.672,2.67,2.67,0.082378
1678743000000,2.672,2.672,2.672,2.672,0
1678742100000,2.643,2.672,2.636,2.672,564.448779
1678741200000,2.624,2.643,2.624,2.643,1.26915
1678740300000,2.633,2.633,2.624,2.624,72.491674
1678739400000,2.692,2.692,2.633,2.633,81.409602
1678738500000,2.764,2.764,2.665,2.692,116.34384
1678737600000,2.737,2.764,2.737,2.764,0.074178
1678736700000,2.738,2.763,2.737,2.737,185.340932
1678735800000,2.738,2.738,2.738,2.738,0
1678734900000,2.728,2.738,2.728,2.738,0.511815
1678734000000,2.75,2.75,2.728,2.728,0.219358
1678733100000,2.76,2.76,2.75,2.75,0.826738
1678732200000,2.796,2.804,2.76,2.76,3859.815007
1678731300000,2.742,2.796,2.742,2.796,20.065921
1678730400000,2.75,2.764,2.721,2.742,25.557005
1678729500000,2.767,2.767,2.75,2.75,0.826738
1678728600000,2.792,2.792,2.767,2.767,144.235647
1678727700000,2.792,2.792,2.777,2.792,33.982865
1678726800000,2.86,2.86,2.792,2.792,0.814302
1678725900000,2.818,2.86,2.799,2.86,2083.428116
1678725000000,2.82,2.829,2.818,2.818,53.675246
1678724100000,2.845,2.95,2.82,2.82,5632.406857
1678723200000,2.7,2.89,2.643,2.845,4775.056697
1678722300000,2.681,2.7,2.681,2.7,0.821567
1678721400000,2.79,2.79,2.681,2.681,811.947119
1678720500000,2.549,2.823,2.549,2.79,1167.492033
1678719600000,2.573,2.573,2.549,2.549,3.961501
1678718700000,2.561,2.573,2.561,2.573,1.294435
1678717800000,2.605,2.605,2.561,2.561,21.171262
1678716900000,2.554,2.612,2.554,2.605,84.601552
1678716000000,2.538,2.554,2.538,2.554,0.137795
1678715100000,2.534,2.554,2.534,2.538,1997.763601
1678714200000,2.553,2.553,2.512,2.534,571.554895
1678713300000,2.52,2.553,2.52,2.553,0.207662
1678712400000,2.505,2.52,2.505,2.52,371.694812
1678711500000,2.526,2.526,2.489,2.505,505.14198
1678710600000,2.572,2.578,2.526,2.526,1188.232939
1678709700000,2.627,2.65,2.572,2.572,1986.035789
1678708800000,2.492,2.631,2.49,2.627,11.893938
1678707900000,2.492,2.492,2.492,2.492,0
1678707000000,2.48,2.492,2.48,2.492,0.039826
1678706100000,2.497,2.509,2.48,2.48,2182.103266
1678705200000,2.551,2.551,2.497,2.497,683.329284
1678704300000,2.555,2.592,2.539,2.551,475.312651
1678703400000,2.575,2.592,2.531,2.555,6837.949183
1678702500000,2.484,2.592,2.477,2.575,326.616153
1678701600000,2.5,2.515,2.484,2.484,115.964456
1678700700000,2.385,2.5,2.385,2.5,216.87113
1678699800000,2.437,2.437,2.365,2.385,224.49454
1678698900000,2.425,2.478,2.425,2.437,1872.121567
1678698000000,2.418,2.43,2.418,2.425,488.589735
1678697100000,2.467,2.467,2.412,2.418,247.90056
1678696200000,2.475,2.475,2.467,2.467,488.491242
1678695300000,2.504,2.504,2.437,2.475,17.304026
1678694400000,2.439,2.515,2.439,2.504,485.65418
1678693500000,2.451,2.451,2.439,2.439,0.931664
1678692600000,2.424,2.451,2.424,2.451,46.596615
1678691700000,2.4,2.432,2.4,2.424,0.36357
1678690800000,2.4,2.4,2.4,2.4,0
1678689900000,2.411,2.411,2.4,2.4,2111.116518
1678689000000,2.381,2.411,2.375,2.411,65.374728
1678688100000,2.333,2.408,2.333,2.381,109.149047
1678687200000,2.246,2.356,2.246,2.333,96.814848
1678686300000,2.216,2.246,2.216,2.246,148.045545
1678685400000,2.209,2.216,2.197,2.216,155.572011
1678684500000,2.194,2.212,2.194,2.209,8.019628
1678683600000,2.227,2.227,2.194,2.194,16.256192
1678682700000,2.246,2.248,2.227,2.227,264.913463
1678681800000,2.258,2.258,2.246,2.246,7.255318
1678680900000,2.257,2.268,2.253,2.258,9.198642
1678680000000,2.212,2.257,2.212,2.257,23.592164
1678679100000,2.212,2.212,2.212,2.212,0
1678678200000,2.191,2.212,2.191,2.212,36.270981
1678677300000,2.227,2.227,2.191,2.191,391.722007
1678676400000,2.263,2.28,2.227,2.227,952.313662
1678675500000,2.295,2.295,2.263,2.263,74.118439
1678674600000,2.24,2.342,2.24,2.295,2059.842798
1678673700000,2.265,2.265,2.231,2.24,1134.966787
1678672800000,2.212,2.279,2.212,2.265,4020.209385
1678671900000,2.153,2.212,2.153,2.212,27.36799
1678671000000,2.129,2.158,2.129,2.153,74.141547
1678670100000,2.117,2.136,2.117,2.129,8.037157
1678669200000,2.125,2.125,2.117,2.117,20.714285
1678668300000,2.12,2.136,2.102,2.125,163.654936
1678667400000,2.102,2.12,2.1,2.12,268.521812
1678666500000,2.1,2.105,2.1,2.102,1277.190341
1678665600000,2.169,2.169,2.1,2.1,711.909609
1678664700000,2.161,2.169,2.161,2.169,8.840307
1678663800000,2.136,2.161,2.136,2.161,170.942743
1678662900000,2.123,2.136,2.113,2.136,9.050762
1678662000000,2.119,2.123,2.102,2.123,26.471965
1678661100000,2.146,2.18,2.1,2.119,676.923633
1678660200000,2.146,2.146,2.146,2.146,0.21656
1678659300000,2.1,2.146,2.1,2.146,23.904733
1678658400000,2.1,2.1,2.1,2.1,0
1678657500000,2.1,2.106,2.1,2.1,228.558587
1678656600000,2.106,2.107,2.1,2.1,201.719857
1678655700000,2.13,2.13,2.106,2.106,16.143908
1678654800000,2.131,2.131,2.13,2.13,0.04217
1678653900000,2.131,2.131,2.131,2.131,0
1678653000000,2.131,2.131,2.131,2.131,0
1678652100000,2.141,2.141,2.131,2.131,0.042481
1678651200000,2.138,2.141,2.138,2.141,0.08651
1678650300000,2.146,2.146,2.138,2.138,0.046598
1678649400000,2.146,2.146,2.146,2.146,0
1678648500000,2.146,2.146,2.146,2.146,0.285825
1678647600000,2.146,2.146,2.1,2.146,66.661065
1678646700000,2.146,2.146,2.146,2.146,0.235592
1678645800000,2.146,2.146,2.146,2.146,0
1678644900000,2.167,2.167,2.122,2.146,30.45796
1678644000000,2.167,2.167,2.167,2.167,0
1678643100000,2.18,2.18,2.167,2.167,0.198302
1678642200000,2.18,2.18,2.18,2.18,0.070426
1678641300000,2.154,2.18,2.154,2.18,0.11502
1678640400000,2.154,2.154,2.154,2.154,0
1678639500000,2.154,2.154,2.154,2.154,0.309083
1678638600000,2.154,2.154,2.154,2.154,0.605828
1678637700000,2.143,2.18,2.143,2.154,13.724347
1678636800000,2.143,2.143,2.143,2.143,0
1678635900000,2.169,2.169,2.143,2.143,0.066616
1678635000000,2.069,2.169,2.069,2.169,53.945916
1678634100000,2.094,2.094,2.069,2.069,0.351082
1678633200000,2.094,2.094,2.094,2.094,0.049088
1678632300000,2.094,2.094,2.094,2.094,0
1678631400000,2.094,2.094,2.094,2.094,0.098347
1678630500000,2.08,2.094,2.08,2.094,0.14697
1678629600000,2.082,2.087,2.08,2.08,9.188608
1678628700000,2.092,2.158,2.082,2.082,86.035499
1678627800000,2.101,2.101,2.092,2.092,0.19093
1678626900000,2.072,2.101,2.072,2.101,18.214131
1678626000000,2.078,2.078,2.072,2.072,87.873462
1678625100000,2.176,2.212,2.064,2.078,426.043552
1678624200000,2.268,2.268,2.176,2.176,26.840611
1678623300000,2.276,2.276,2.242,2.268,22.887039
1678622400000,2.276,2.276,2.276,2.276,0
1678621500000,2.276,2.276,2.276,2.276,6.56757
1678620600000,2.3,2.3,2.276,2.276,0.033804
1678619700000,2.3,2.3,2.3,2.3,0
1678618800000,2.276,2.3,2.276,2.3,22.119815
1678617900000,2.276,2.276,2.276,2.276,0.073799
1678617000000,2.276,2.276,2.276,2.276,0.154733
1678616100000,2.3,2.3,2.276,2.276,0.534267
1678615200000,2.3,2.3,2.3,2.3,0
1678614300000,2.231,2.3,2.231,2.3,124.125865
1678613400000,2.231,2.231,2.231,2.231,0.131217
1678612500000,2.257,2.257,2.231,2.231,0.393906
1678611600000,2.257,2.257,2.257,2.257,0.036293
1678610700000,2.246,2.257,2.246,2.257,7.368239
1678609800000,2.246,2.246,2.246,2.246,0
1678608900000,2.212,2.246,2.212,2.246,11.02837
1678608000000,2.155,2.257,2.143,2.212,183.833665
1678607100000,2.176,2.212,2.141,2.155,2610.678431
1678606200000,2.209,2.209,2.176,2.176,24.035188
1678605300000,2.251,2.251,2.208,2.209,24.106223
1678604400000,2.276,2.276,2.251,2.251,20.052788
1678603500000,2.274,2.3,2.272,2.276,220.40483
1678602600000,2.253,2.274,2.253,2.274,4.461958
1678601700000,2.242,2.273,2.22,2.253,398.604222
1678600800000,2.258,2.258,2.242,2.242,0.335701
1678599900000,2.258,2.258,2.258,2.258,0
1678599000000,2.262,2.262,2.258,2.258,0.062351
1678598100000,2.169,2.262,2.169,2.262,127.509494
1678597200000,2.169,2.169,2.169,2.169,0
1678596300000,2.141,2.169,2.141,2.169,15.586881
1678595400000,2.227,2.227,2.141,2.141,339.900485
1678594500000,2.254,2.254,2.227,2.227,669.849653
1678593600000,2.301,2.301,2.253,2.254,355.042007
1678592700000,2.204,2.301,2.204,2.301,427.139308
1678591800000,2.165,2.204,2.165,2.204,24.312678
1678590900000,2.125,2.171,2.125,2.165,32.76269
1678590000000,2.111,2.125,2.111,2.125,7.931832
1678589100000,2.111,2.111,2.111,2.111,0
1678588200000,2.122,2.122,2.111,2.111,1.659634
1678587300000,2.15,2.15,2.122,2.122,23.581392
1678586400000,2.117,2.158,2.111,2.15,1865.764996
1678585500000,2.125,2.125,2.116,2.117,0.445196
1678584600000,2.124,2.125,2.124,2.125,7.931833
1678583700000,2.103,2.124,2.103,2.124,363.416698
1678582800000,2.07,2.103,2.07,2.103,395.402651
1678581900000,2.07,2.07,2.07,2.07,0.319941
1678581000000,2.07,2.07,2.07,2.07,0
1678580100000,2.075,2.075,2.07,2.07,1.118907
1678579200000,2.143,2.143,2.075,2.075,50.211177
1678578300000,2.143,2.143,2.143,2.143,0
1678577400000,2.17,2.17,2.143,2.143,15.687958
1678576500000,2.217,2.217,2.155,2.17,32.078838
1678575600000,2.208,2.218,2.2,2.217,171.635429
1678574700000,2.146,2.223,2.146,2.208,55.2297
1678573800000,2.172,2.172,2.144,2.146,253.364178
1678572900000,2.18,2.18,2.153,2.172,1304.98067
1678572000000,2.122,2.18,2.122,2.18,40.132113
1678571100000,2.125,2.136,2.122,2.122,121.207654
1678570200000,2.088,2.125,2.088,2.125,33.138653
1678569300000,2.059,2.091,2.058,2.088,508.486023
1678568400000,2.121,2.121,2.059,2.059,41.627919
1678567500000,2.115,2.121,2.095,2.121,508.427503
1678566600000,2.063,2.115,2.063,2.115,49.544654
1678565700000,2.018,2.063,2.018,2.063,17.566615
1678564800000,2.018,2.018,2.018,2.018,0
1678563900000,2.026,2.026,2.018,2.018,0.380738
1678563000000,2.129,2.129,2.022,2.026,141.230414
1678562100000,2.176,2.178,2.129,2.129,38.771956
1678561200000,2.032,2.186,2.032,2.176,142.740381
1678560300000,2.032,2.032,2.032,2.032,0
1678559400000,2.022,2.032,2.022,2.032,0.238849
1678558500000,2.084,2.084,2.022,2.022,2.45504
1678557600000,2.084,2.084,2.084,2.084,0
1678556700000,2.084,2.084,2.084,2.084,0
1678555800000,2,2.101,2,2.084,4.606379
1678554900000,2.005,2.055,1.962,2,126.051757
1678554000000,2.02,2.02,2.005,2.005,1.318524
1678553100000,1.949,2.046,1.949,2.02,2280.758045
1678552200000,1.949,1.949,1.949,1.949,0.296745
1678551300000,1.9,1.949,1.9,1.949,0.496112
1678550400000,1.947,1.965,1.9,1.9,792.191401
1678549500000,1.964,1.964,1.947,1.947,0.207532
1678548600000,1.964,1.964,1.964,1.964,0
1678547700000,1.965,1.981,1.964,1.964,1.432941
1678546800000,2.051,2.051,1.965,1.965,1304.023891
1678545900000,2.023,2.051,2.023,2.051,0.037789
1678545000000,2.024,2.024,2.023,2.023,0.119458
1678544100000,2.039,2.039,2.024,2.024,4.524166
1678543200000,2.005,2.039,2.005,2.039,1.132797
1678542300000,2.038,2.038,2.005,2.005,1.545898
1678541400000,2.038,2.038,2.038,2.038,0
1678540500000,2.036,2.049,2.036,2.038,1.179714
1678539600000,2.036,2.036,2.036,2.036,0
1678538700000,2.073,2.073,2.036,2.036,1.116665
1678537800000,2.078,2.078,2.073,2.073,0.064618
1678536900000,2.07,2.08,2.07,2.078,0.139886
1678536000000,2.039,2.07,2.039,2.07,1.436096
1678535100000,2.034,2.039,2.034,2.039,1.132796
1678534200000,2.069,2.069,2.005,2.034,1.415684
1678533300000,2.036,2.069,2.036,2.069,0.938605
1678532400000,2.098,2.098,2.036,2.036,1480.651203
1678531500000,2.129,2.129,2.098,2.098,1.083666
1678530600000,2.146,2.146,2.129,2.129,1.369841
1678529700000,2.165,2.165,2.146,2.146,0.493492
1678528800000,2.069,2.165,2.063,2.165,363.346585
1678527900000,2.053,2.069,2.032,2.069,232.758618
1678527000000,2.124,2.124,2.046,2.053,202.33052
1678526100000,2.039,2.124,2.005,2.124,60.533382
1678525200000,2.005,2.039,2.005,2.039,1.132796
1678524300000,1.982,2.039,1.982,2.005,357.342743
1678523400000,2.014,2.016,1.982,1.982,255.766653
1678522500000,1.979,2.014,1.979,2.014,1324.411943
1678521600000,1.918,1.979,1.872,1.979,5.755913
1678520700000,1.833,1.964,1.833,1.918,1756.5728
1678519800000,2.015,2.052,1.833,1.833,1346.292511
1678518900000,2.068,2.096,2.005,2.015,1407.659807
1678518000000,2.098,2.098,2.066,2.068,2.94927
1678517100000,2.115,2.123,2.098,2.098,79.554324
1678516200000,2.185,2.212,2.112,2.115,218.800347
1678515300000,2.201,2.201,2.185,2.185,228.99303
1678514400000,2.295,2.295,2.201,2.201,349.560313
1678513500000,2.291,2.334,2.291,2.295,1.980299
1678512600000,2.235,2.377,2.229,2.291,7355.0692
1678511700000,2.173,2.264,2.169,2.235,107.701917
1678510800000,2.169,2.173,2.169,2.173,162.250404
1678509900000,2.167,2.169,2.167,2.169,0.143642
1678509000000,2.115,2.167,2.115,2.167,2.036641
1678508100000,2.129,2.14,2.115,2.115,2800.169191
1678507200000,2.17,2.17,2.129,2.129,2.119959
1678506300000,2.133,2.21,2.133,2.17,954.723267
1678505400000,2.122,2.133,2.122,2.133,1.572112
1678504500000,2.13,2.161,2.094,2.122,1389.996237
1678503600000,2.25,2.25,2.13,2.13,1248.095003
1678502700000,2.248,2.25,2.248,2.25,67.826666
1678501800000,2.259,2.259,2.24,2.248,653.828594
1678500900000,2.248,2.29,2.248,2.259,2130.753085
1678500000000,2.196,2.248,2.196,2.248,725.132861
1678499100000,2.227,2.234,2.189,2.196,1473.984572
1678498200000,2.225,2.234,2.225,2.227,178.768026
1678497300000,2.183,2.233,2.182,2.225,1677.95986
1678496400000,2.207,2.207,2.183,2.183,453.462945
1678495500000,2.225,2.228,2.207,2.207,644.268399
1678494600000,2.245,2.259,2.218,2.225,77.565408
1678493700000,2.215,2.26,2.215,2.245,757.530061
1678492800000,2.145,2.215,2.145,2.215,827.530524
1678491900000,2.107,2.198,2.068,2.145,1149.275372
1678491000000,2.094,2.127,2.087,2.107,2639.932038
1678490100000,1.916,2.153,1.916,2.094,5481.545842
1678489200000,1.916,1.916,1.889,1.916,2727.525132
1678488300000,1.906,1.916,1.898,1.916,474.414252
1678487400000,1.927,1.927,1.906,1.906,0.664302
1678486500000,1.895,1.936,1.895,1.927,1.36105
1678485600000,1.895,1.895,1.895,1.895,0
1678484700000,1.835,1.895,1.835,1.895,0.292496
1678483800000,1.825,1.835,1.825,1.835,0.224329
1678482900000,1.834,1.834,1.825,1.825,0.18857
1678482000000,1.834,1.834,1.834,1.834,0
1678481100000,1.86,1.86,1.834,1.834,397.062311
1678480200000,1.864,1.868,1.86,1.86,0.32905
1678479300000,1.879,1.879,1.864,1.864,0.544032
1678478400000,1.879,1.879,1.879,1.879,0
1678477500000,1.883,1.883,1.879,1.879,54.505617
1678476600000,1.824,1.908,1.824,1.883,1957.280198
1678475700000,1.777,1.824,1.777,1.824,1.729159
1678474800000,1.773,1.777,1.77,1.777,54.316909
1678473900000,1.751,1.773,1.751,1.773,81.31084
1678473000000,1.751,1.751,1.751,1.751,0
1678472100000,1.723,1.751,1.723,1.751,0.099625
1678471200000,1.729,1.729,1.723,1.723,46.164673
1678470300000,1.729,1.729,1.729,1.729,0
1678469400000,1.743,1.743,1.729,1.729,0.084498
1678468500000,1.738,1.747,1.738,1.743,0.330435
1678467600000,1.738,1.738,1.738,1.738,0
1678466700000,1.743,1.743,1.738,1.738,102.5251
1678465800000,1.75,1.76,1.743,1.743,0.280735
1678464900000,1.71,1.75,1.71,1.75,28.209076
1678464000000,1.678,1.71,1.678,1.71,135.857967
1678463100000,1.704,1.704,1.678,1.678,21.906901
1678462200000,1.714,1.719,1.704,1.704,148.710327
1678461300000,1.739,1.739,1.714,1.714,0.172423
1678460400000,1.719,1.739,1.719,1.739,0.202546
1678459500000,1.723,1.724,1.719,1.719,250.68902
1678458600000,1.739,1.739,1.723,1.723,0.81253
1678457700000,1.726,1.739,1.726,1.739,8.265672
1678456800000,1.726,1.726,1.726,1.726,0
1678455900000,1.726,1.726,1.726,1.726,0
1678455000000,1.663,1.732,1.663,1.726,747.168298
1678454100000,1.677,1.677,1.663,1.663,0.34589
1678453200000,1.676,1.677,1.676,1.677,0.249619
1678452300000,1.675,1.676,1.675,1.676,250.68902
1678451400000,1.675,1.675,1.673,1.675,0.341845
1678450500000,1.657,1.675,1.657,1.675,199.311532
1678449600000,1.673,1.689,1.657,1.657,246.540151
1678448700000,1.634,1.673,1.633,1.673,2516.523417
1678447800000,1.643,1.643,1.634,1.634,240.77134
1678446900000,1.611,1.643,1.611,1.643,48.705631
1678446000000,1.611,1.611,1.611,1.611,0
1678445100000,1.609,1.616,1.609,1.611,32.435905
1678444200000,1.67,1.67,1.609,1.609,1980.216866
1678443300000,1.691,1.691,1.67,1.67,0.163899
1678442400000,1.688,1.691,1.68,1.691,271.192352
1678441500000,1.688,1.688,1.688,1.688,0
1678440600000,1.694,1.694,1.685,1.688,0.221058
1678439700000,1.7,1.7,1.694,1.694,33.224346
1678438800000,1.7,1.7,1.7,1.7,0
1678437900000,1.706,1.706,1.7,1.7,42.728387
1678437000000,1.703,1.706,1.703,1.706,0.42922
1678436100000,1.711,1.711,1.703,1.703,0.238059
1678435200000,1.711,1.711,1.711,1.711,0
1678434300000,1.685,1.711,1.685,1.711,0.287135
1678433400000,1.685,1.685,1.685,1.685,0
1678432500000,1.664,1.685,1.664,1.685,0.389661
1678431600000,1.664,1.664,1.664,1.664,0
1678430700000,1.702,1.702,1.664,1.664,92.385215
1678429800000,1.705,1.705,1.702,1.702,0.104672
1678428900000,1.733,1.733,1.705,1.705,571.543847
1678428000000,1.75,1.75,1.733,1.733,238.891385
1678427100000,1.738,1.75,1.738,1.75,0.058019
1678426200000,1.727,1.738,1.727,1.738,244.450773
1678425300000,1.711,1.73,1.705,1.727,1870.880204
1678424400000,1.711,1.711,1.711,1.711,0
1678423500000,1.711,1.711,1.711,1.711,0
1678422600000,1.733,1.733,1.711,1.711,1366.77962
1678421700000,1.729,1.75,1.721,1.733,3503.041786
1678420800000,1.747,1.747,1.729,1.729,22.703838
1678419900000,1.758,1.758,1.747,1.747,0.032124
1678419000000,1.758,1.758,1.758,1.758,0.066224
1678418100000,1.745,1.758,1.745,1.758,253.721976
1678417200000,1.745,1.745,1.745,1.745,0
1678416300000,1.745,1.745,1.745,1.745,0
1678415400000,1.76,1.761,1.744,1.745,1.222381
1678414500000,1.778,1.778,1.758,1.76,0.996882
1678413600000,1.778,1.778,1.778,1.778,0
1678412700000,1.74,1.778,1.74,1.778,0.166712
1678411800000,1.701,1.78,1.701,1.74,20488.653187
1678410900000,1.733,1.733,1.701,1.701,0.195035
1678410000000,1.749,1.749,1.733,1.733,0.265836
1678409100000,1.725,1.749,1.725,1.749,0.177243
1678408200000,1.725,1.725,1.725,1.725,0.232993
1678407300000,1.743,1.743,1.725,1.725,0.461202
1678406400000,1.794,1.794,1.743,1.743,2166.777308
1678405500000,1.767,1.794,1.767,1.794,357.339591
1678404600000,1.76,1.813,1.76,1.767,2167.054578
1678403700000,1.781,1.82,1.76,1.76,13586.934599
1678402800000,1.746,1.82,1.722,1.781,9758.179981
1678401900000,1.769,1.769,1.746,1.746,102.397494
1678401000000,1.82,1.82,1.769,1.769,26.875824
1678400100000,1.78,1.82,1.74,1.82,3076.199888
1678399200000,1.78,1.78,1.78,1.78,0
1678398300000,1.686,1.78,1.686,1.78,165.846282
1678397400000,1.769,1.769,1.685,1.686,111.513007
1678396500000,1.674,1.789,1.674,1.769,3151.028669
1678395600000,1.684,2.06,1.657,1.674,10649.610471
1678394700000,1.69,1.694,1.669,1.684,1671.239436
1678393800000,1.674,1.725,1.674,1.69,2580
1678392900000,1.723,1.723,1.674,1.674,342.620705
1678392000000,1.723,1.723,1.723,1.723,0
1678391100000,1.732,1.732,1.723,1.723,0.390703
1678390200000,1.706,1.742,1.701,1.732,443.797685
1678389300000,1.685,1.71,1.685,1.706,1157.590784
1678388400000,1.762,1.762,1.685,1.685,642.07543
1678387500000,1.775,1.775,1.762,1.762,1.137657
1678386600000,1.789,1.789,1.775,1.775,0.177112
1678385700000,1.797,1.811,1.789,1.789,70.076551
1678384800000,1.797,1.797,1.797,1.797,0
1678383900000,1.788,1.797,1.788,1.797,0.494734
1678383000000,1.788,1.788,1.788,1.788,0
1678382100000,1.856,1.856,1.788,1.788,95.120537
1678381200000,1.856,1.856,1.856,1.856,0
1678380300000,1.856,1.856,1.856,1.856,0
1678379400000,1.841,1.856,1.84,1.856,108.927628
1678378500000,1.853,1.853,1.841,1.841,0.251804
1678377600000,1.853,1.853,1.853,1.853,0
1678376700000,1.853,1.853,1.853,1.853,0
1678375800000,1.865,1.865,1.853,1.853,108.371009
1678374900000,1.868,1.868,1.865,1.865,216.742019
1678374000000,1.89,1.89,1.862,1.868,181.512086
1678373100000,1.89,1.89,1.89,1.89,0
1678372200000,1.881,1.89,1.876,1.89,146.433761
1678371300000,1.876,1.881,1.876,1.881,0.101068
1678370400000,1.904,1.904,1.876,1.876,12.966101
1678369500000,1.855,1.904,1.855,1.904,34
1678368600000,1.845,1.855,1.824,1.855,1627.870159
1678367700000,1.866,1.866,1.845,1.845,0.455707
1678366800000,1.866,1.866,1.866,1.866,0
1678365900000,1.859,1.866,1.859,1.866,0.222861
1678365000000,1.829,1.859,1.829,1.859,0.137086
1678364100000,1.876,1.876,1.828,1.829,0.544552
1678363200000,1.876,1.876,1.876,1.876,0
1678362300000,1.857,1.877,1.857,1.876,23.406048
1678361400000,1.858,1.861,1.851,1.857,404.799078
1678360500000,1.892,1.892,1.858,1.858,0.668821
1678359600000,1.892,1.892,1.892,1.892,0
1678358700000,1.892,1.892,1.892,1.892,0
1678357800000,1.904,1.907,1.892,1.892,247.75847
1678356900000,1.84,1.919,1.84,1.904,457.059737
1678356000000,1.84,1.84,1.84,1.84,0
1678355100000,1.84,1.84,1.84,1.84,0
1678354200000,1.84,1.84,1.84,1.84,0
1678353300000,1.84,1.84,1.84,1.84,0
1678352400000,1.84,1.84,1.84,1.84,0
1678351500000,1.84,1.84,1.84,1.84,0
1678350600000,1.876,1.876,1.84,1.84,0.468633
1678349700000,1.874,1.879,1.871,1.876,53.5664
1678348800000,1.899,1.899,1.834,1.874,84.261909
1678347900000,1.882,1.899,1.882,1.899,0.243551
1678347000000,1.846,1.882,1.846,1.882,0.188213
1678346100000,1.849,1.849,1.846,1.846,0.569377
1678345200000,1.851,1.851,1.826,1.849,508.190086
1678344300000,1.851,1.851,1.851,1.851,0
1678343400000,1.884,1.886,1.851,1.851,0.999761
1678342500000,1.853,1.884,1.853,1.884,94.073794
1678341600000,1.844,1.853,1.844,1.853,0.842257
1678340700000,1.817,1.844,1.817,1.844,0.343023
1678339800000,1.832,1.832,1.817,1.817,0.429632
1678338900000,1.852,1.855,1.831,1.832,608.272667
1678338000000,1.852,1.852,1.852,1.852,0
1678337100000,1.852,1.852,1.852,1.852,0
1678336200000,1.865,1.865,1.847,1.852,4.343607
1678335300000,1.846,1.928,1.84,1.865,1067.96602
1678334400000,1.846,1.846,1.846,1.846,0
1678333500000,1.73,1.846,1.73,1.846,1
1678332600000,1.729,1.73,1.711,1.73,0.357462
1678331700000,1.749,1.749,1.729,1.729,0.236035
1678330800000,1.749,1.749,1.749,1.749,0
1678329900000,1.72,1.749,1.72,1.749,0.030437
1678329000000,1.719,1.72,1.719,1.72,0.128871
1678328100000,1.699,1.719,1.699,1.719,0.149198
1678327200000,1.699,1.699,1.699,1.699,0
1678326300000,1.699,1.699,1.699,1.699,0
1678325400000,1.699,1.699,1.699,1.699,0.49525
1678324500000,1.686,1.703,1.669,1.699,23.677544
1678323600000,1.686,1.686,1.686,1.686,4.708185
1678322700000,1.686,1.686,1.686,1.686,0
1678321800000,1.685,1.686,1.685,1.686,0.057924
1678320900000,1.679,1.685,1.679,1.685,0.105698
1678320000000,1.679,1.679,1.679,1.679,17.794715
1678319100000,1.657,1.679,1.657,1.679,0.356756
1678318200000,1.684,1.684,1.657,1.657,0.323846
1678317300000,1.695,1.695,1.677,1.684,587.756618
1678316400000,1.703,1.703,1.695,1.695,883.139595
1678315500000,1.783,1.783,1.703,1.703,302.569716
1678314600000,1.727,1.783,1.727,1.783,0.367656
1678313700000,1.725,1.727,1.725,1.727,0.429292
1678312800000,1.73,1.73,1.725,1.725,170.432525
1678311900000,1.753,1.753,1.73,1.73,98.276462
1678311000000,1.773,1.773,1.753,1.753,0.040677
1678310100000,1.778,1.778,1.773,1.773,187.532269
1678309200000,1.8,1.8,1.777,1.778,57.73296
1678308300000,1.791,1.8,1.78,1.8,550.27328
1678307400000,1.763,1.791,1.763,1.791,676.634746
1678306500000,1.76,1.763,1.76,1.763,0.067274
1678305600000,1.76,1.76,1.76,1.76,0
1678304700000,1.76,1.76,1.76,1.76,0
1678303800000,1.756,1.76,1.745,1.76,261.826722
1678302900000,1.73,1.756,1.73,1.756,0.258306
1678302000000,1.728,1.73,1.728,1.73,340.277294
1678301100000,1.728,1.728,1.728,1.728,0
1678300200000,1.752,1.752,1.728,1.728,146.452094
1678299300000,1.755,1.755,1.751,1.752,194.396365
1678298400000,1.761,1.761,1.755,1.755,7.250047
1678297500000,1.763,1.766,1.761,1.761,0.111636
1678296600000,1.763,1.763,1.763,1.763,0
1678295700000,1.786,1.786,1.763,1.763,54.570306
1678294800000,1.786,1.786,1.786,1.786,0
1678293900000,1.77,1.786,1.77,1.786,274.945668
1678293000000,1.775,1.775,1.77,1.77,157.815064
1678292100000,1.785,1.785,1.775,1.775,0.208882
1678291200000,1.786,1.786,1.776,1.785,1428.359795
1678290300000,1.798,1.809,1.786,1.786,334.393111
1678289400000,1.786,1.798,1.786,1.798,0.797437
1678288500000,1.755,1.786,1.755,1.786,638.448576
1678287600000,1.728,1.755,1.728,1.755,239.87692
1678286700000,1.723,1.728,1.723,1.728,118.393268
1678285800000,1.739,1.741,1.723,1.723,28.101092
1678284900000,1.734,1.75,1.734,1.739,1401.109187
1678284000000,1.721,1.734,1.721,1.734,243.284972
1678283100000,1.727,1.738,1.703,1.721,979.988309
1678282200000,1.74,1.74,1.727,1.727,40.040649
1678281300000,1.773,1.773,1.74,1.74,140.598064
1678280400000,1.789,1.789,1.773,1.773,8.524315
1678279500000,1.78,1.789,1.78,1.789,0.043107
1678278600000,1.781,1.781,1.78,1.78,146.011235
1678277700000,1.809,1.809,1.781,1.781,0.133076
1678276800000,1.81,1.815,1.794,1.809,2583.457919
1678275900000,1.781,1.81,1.781,1.81,6.069066
1678275000000,1.781,1.781,1.781,1.781,0.12607
1678274100000,1.797,1.797,1.781,1.781,94.97448
1678273200000,1.814,1.815,1.797,1.797,2547.720337
1678272300000,1.814,1.814,1.814,1.814,0
1678271400000,1.814,1.814,1.814,1.814,0
1678270500000,1.814,1.814,1.814,1.814,0
1678269600000,1.814,1.814,1.814,1.814,0
1678268700000,1.814,1.814,1.814,1.814,0
1678267800000,2.094,2.094,1.813,1.814,1.67796
1678266900000,2.249,2.25,2.094,2.094,1854.964797
1678266000000,2.25,2.25,2.204,2.249,0.929143
1678265100000,2.25,2.25,2.25,2.25,36.943416
1678264200000,2.094,2.251,2.094,2.25,265.1292
1678263300000,2,2.094,1.9,2.094,97.952933
1678262400000,1.78,2,1.78,2,82.913157
1678261500000,2.29,2.29,1.78,1.78,817.376904
1678260600000,2.298,2.298,1.923,2.29,1403.575685
1678259700000,2.306,2.306,1.95,2.298,813.213339
1678258800000,2.306,2.306,2.306,2.306,0
1678257900000,2.091,2.306,2.091,2.306,1.267992
1678257000000,1.862,2.091,1.862,2.091,2.209443
1678256100000,2.189,2.189,1.862,1.862,0.461231
1678255200000,2.32,2.32,2.189,2.189,18.260017
1678254300000,1.867,2.32,1.854,2.32,1765.903579
1678253400000,1.882,1.884,1.867,1.867,39.177241
1678252500000,1.9,1.9,1.881,1.882,98.731213
1678251600000,1.9,1.9,1.9,1.9,264.880526
1678250700000,1.92,1.92,1.9,1.9,1374.59475
1678249800000,1.99,2.349,1.92,1.92,5578.010752
1678248900000,1.93,2.349,1.93,1.99,7382.808506
1678248000000,1.93,1.93,1.93,1.93,101.125388
1678247100000,1.927,1.93,1.927,1.93,187.352605
1678246200000,1.936,1.936,1.927,1.927,0.154721
1678245300000,1.955,1.955,1.923,1.936,0.414602
1678244400000,1.955,1.955,1.955,1.955,0
1678243500000,1.94,1.962,1.94,1.955,0.394069
1678242600000,1.934,1.94,1.925,1.94,4.82147
1678241700000,1.926,1.934,1.903,1.934,966.839555
1678240800000,1.972,1.972,1.926,1.926,50.087367
1678239900000,1.95,1.973,1.95,1.972,0.991174
1678239000000,1.959,1.959,1.947,1.95,18.350968
1678238100000,1.996,1.996,1.959,1.959,0.706604
1678237200000,1.996,1.996,1.996,1.996,0
1678236300000,2.004,2.014,1.996,1.996,101.360951
1678235400000,2.008,2.008,2.001,2.004,1.90227
1678234500000,1.992,2.033,1.992,2.008,211.537989
1678233600000,1.943,1.992,1.942,1.992,4.597011
1678232700000,1.943,1.949,1.942,1.943,513.702376
1678231800000,1.923,1.943,1.923,1.943,51.555497
1678230900000,1.923,1.928,1.923,1.923,0.3681
1678230000000,1.925,1.925,1.923,1.923,0.04027
1678229100000,1.911,1.925,1.911,1.925,0.161961
1678228200000,1.898,1.911,1.881,1.911,1714.769054
1678227300000,1.918,1.918,1.893,1.898,0.482227
1678226400000,1.918,1.918,1.918,1.918,0
1678225500000,1.918,1.918,1.918,1.918,0
1678224600000,2.38,2.38,1.918,1.918,0.448535
1678223700000,2.38,2.38,2.38,2.38,0
1678222800000,2.38,2.38,2.38,2.38,0
1678221900000,2.38,2.38,2.38,2.38,0
1678221000000,2.399,2.399,2.38,2.38,1.732781
1678220100000,2.38,2.399,2.38,2.399,18.063044
1678219200000,1.901,2.38,1.882,2.38,669.22616
1678218300000,1.9,1.901,1.886,1.901,27.255183
1678217400000,1.913,1.913,1.9,1.9,0.09044
1678216500000,1.906,1.913,1.906,1.913,0.130227
1678215600000,1.906,1.906,1.906,1.906,0
1678214700000,1.919,1.919,1.906,1.906,0.66572
1678213800000,1.929,1.929,1.919,1.919,0.151854
1678212900000,1.939,1.939,1.928,1.929,0.497968
1678212000000,1.97,1.97,1.93,1.939,403.333911
1678211100000,1.97,1.97,1.97,1.97,0
1678210200000,1.957,1.97,1.957,1.97,0.297984
1678209300000,1.942,1.957,1.942,1.957,0.176774
1678208400000,1.938,1.942,1.938,1.942,19.962103
1678207500000,1.939,1.939,1.938,1.938,0.207984
1678206600000,1.934,1.939,1.925,1.939,0.27985
1678205700000,1.96,1.96,1.934,1.934,0.150821
1678204800000,1.964,1.964,1.96,1.96,60.187944
1678203900000,1.964,1.964,1.964,1.964,0
1678203000000,1.954,1.974,1.954,1.964,35.602041
1678202100000,1.9,2.018,1.9,1.954,1278.288079
1678201200000,1.922,1.927,1.9,1.9,1693.930671
1678200300000,1.922,1.922,1.922,1.922,0
1678199400000,1.965,1.965,1.922,1.922,0.433034
1678198500000,1.979,1.979,1.965,1.965,354.720145
1678197600000,1.979,1.979,1.979,1.979,0
1678196700000,1.989,1.989,1.979,1.979,0.16646
1678195800000,1.996,1.996,1.989,1.989,213.333205
1678194900000,2.012,2.012,1.984,1.996,48.994791
1678194000000,2.02,2.02,2.012,2.012,73.754473
1678193100000,2.02,2.02,2.02,2.02,0
1678192200000,2.025,2.045,2.005,2.02,228.042893
1678191300000,1.967,2.025,1.967,2.025,401.315389
1678190400000,1.954,1.976,1.954,1.967,1084.291295
1678189500000,1.976,1.979,1.954,1.954,414.891511
1678188600000,1.973,1.976,1.973,1.976,0.031495
1678187700000,2.037,2.037,1.972,1.973,331.746028
1678186800000,2.037,2.037,2.037,2.037,0
1678185900000,2.051,2.056,2.037,2.037,844.930092
1678185000000,2.058,2.058,2.049,2.051,0.600609
1678184100000,2.065,2.065,2.058,2.058,0.037179
1678183200000,2.064,2.065,2.064,2.065,50
1678182300000,2.076,2.077,2.059,2.064,89.18142
1678181400000,2.038,2.076,2.038,2.076,45.364093
1678180500000,2.081,2.081,2.038,2.038,2383.257657
1678179600000,2.075,2.081,2.075,2.081,49.013536
1678178700000,2.076,2.08,2.075,2.075,49.221939
1678177800000,2.08,2.08,2.076,2.076,0.203199
1678176900000,2.112,2.112,2.08,2.08,0.399202
1678176000000,2.11,2.112,2.11,2.112,52.289213
1678175100000,2.11,2.11,2.11,2.11,0.062203
1678174200000,2.124,2.124,2.11,2.11,475.857798
1678173300000,2.089,2.135,2.067,2.124,4871.310777
1678172400000,2.106,2.106,2.089,2.089,11.200571
1678171500000,2.106,2.106,2.106,2.106,0
1678170600000,2.114,2.114,2.103,2.106,0.414655
1678169700000,2.141,2.141,2.114,2.114,0.267141
1678168800000,2.141,2.141,2.141,2.141,0
1678167900000,2.141,2.141,2.141,2.141,0
1678167000000,2.141,2.141,2.141,2.141,0
1678166100000,2.141,2.141,2.141,2.141,0
1678165200000,2.141,2.141,2.141,2.141,0
1678164300000,2.079,2.141,2.071,2.141,3403.939184
1678163400000,2.103,2.103,2.078,2.079,1.22318
1678162500000,2.136,2.136,2.101,2.103,621.58002
1678161600000,2.095,2.136,2.095,2.136,581.395348
1678160700000,2.096,2.096,2.095,2.095,0.484247
1678159800000,2.057,2.096,2.057,2.096,0.102393
1678158900000,2.069,2.069,2.053,2.057,0.388652
1678158000000,2.086,2.086,2.069,2.069,143.785615
1678157100000,2.075,2.086,2.075,2.086,209.045779
1678156200000,2.079,2.079,2.075,2.075,0.710029
1678155300000,2.073,2.081,2.054,2.079,1211.208304
1678154400000,2.073,2.073,2.073,2.073,0
1678153500000,2.048,2.082,2.048,2.073,1088.539867
1678152600000,2.054,2.054,2.048,2.048,1.34128
1678151700000,2.119,2.119,2.054,2.054,237.61328
1678150800000,2.119,2.119,2.119,2.119,0
1678149900000,2.119,2.119,2.119,2.119,0
1678149000000,2.119,2.119,2.119,2.119,0
1678148100000,2.119,2.119,2.119,2.119,0
1678147200000,2.119,2.119,2.119,2.119,0
1678146300000,2.119,2.119,2.119,2.119,0
1678145400000,2.119,2.119,2.119,2.119,0
1678144500000,2.119,2.119,2.119,2.119,0
1678143600000,2.119,2.119,2.119,2.119,0
1678142700000,2.119,2.119,2.119,2.119,0
1678141800000,2.119,2.119,2.119,2.119,0
1678140900000,2.119,2.119,2.119,2.119,0
1678140000000,2.117,2.124,2.117,2.119,6.037815
1678139100000,2.118,2.118,2.117,2.117,0.150927
1678138200000,2.118,2.118,2.118,2.118,0
1678137300000,2.118,2.118,2.118,2.118,238.515438
1678136400000,2.119,2.119,2.118,2.118,0.06415
1678135500000,2.103,2.119,2.103,2.119,0.574292
1678134600000,2.099,2.103,2.099,2.103,0.072293
1678133700000,2.117,2.117,2.099,2.099,236.145
1678132800000,2.103,2.117,2.103,2.117,102.077665
1678131900000,2.107,2.117,2.101,2.103,0.203254
1678131000000,2.107,2.107,2.107,2.107,0
1678130100000,2.107,2.107,2.107,2.107,0
1678129200000,2.107,2.107,2.107,2.107,0
1678128300000,2.129,2.129,2.106,2.107,388.879107
1678127400000,2.129,2.129,2.129,2.129,0
1678126500000,2.129,2.129,2.129,2.129,0
1678125600000,2.108,2.129,2.108,2.129,0.079966
1678124700000,2.127,2.127,2.091,2.108,246.227313
1678123800000,2.127,2.127,2.127,2.127,0
1678122900000,2.127,2.127,2.127,2.127,0
1678122000000,2.118,2.131,2.118,2.127,0.143408
1678121100000,2.133,2.133,2.112,2.118,301.151045
1678120200000,2.133,2.133,2.133,2.133,0
1678119300000,2.105,2.133,2.105,2.133,0.627529
1678118400000,2.096,2.105,2.096,2.105,0.973763
1678117500000,2.094,2.11,2.094,2.096,2.18726
1678116600000,2.242,2.242,2.093,2.094,2898.36982
1678115700000,2.242,2.242,2.242,2.242,0
1678114800000,2.237,2.247,2.237,2.242,0.363327
1678113900000,2.198,2.237,2.198,2.237,3.865803
1678113000000,2.198,2.198,2.198,2.198,0
1678112100000,2.198,2.198,2.198,2.198,0
1678111200000,2.225,2.225,2.198,2.198,0.382738
1678110300000,2.248,2.248,2.225,2.225,0.545906
1678109400000,2.263,2.263,2.248,2.248,8.190265
1678108500000,2.263,2.263,2.263,2.263,0
1678107600000,2.26,2.263,2.26,2.263,247.51684
1678106700000,2.226,2.26,2.226,2.26,47.962457
1678105800000,2.226,2.226,2.226,2.226,0
1678104900000,2.226,2.226,2.226,2.226,0
1678104000000,2.198,2.227,2.198,2.226,0.349064
1678103100000,2.176,2.198,2.176,2.198,0.239714
1678102200000,2.223,2.223,2.176,2.176,23.687288
1678101300000,2.223,2.223,2.223,2.223,0
1678100400000,2.228,2.228,2.223,2.223,0.044914
1678099500000,2.18,2.232,2.18,2.228,0.361378
1678098600000,2.185,2.185,2.18,2.18,2300
1678097700000,2.205,2.205,2.185,2.185,468.990014
1678096800000,2.205,2.213,2.194,2.205,77.284958
1678095900000,2.224,2.236,2.199,2.205,24.195189
1678095000000,2.321,2.321,2.224,2.224,985.4
1678094100000,2.321,2.321,2.321,2.321,0
1678093200000,2.376,2.376,2.321,2.321,212.735624
1678092300000,2.413,2.413,2.368,2.376,11.608414
1678091400000,2.413,2.413,2.413,2.413,0
1678090500000,2.413,2.413,2.413,2.413,0
1678089600000,2.425,2.433,2.413,2.413,57.27567
1678088700000,2.428,2.428,2.425,2.425,0.244754
1678087800000,2.428,2.428,2.428,2.428,0
1678086900000,2.428,2.428,2.428,2.428,0
1678086000000,2.434,2.434,2.428,2.428,0.182924
1678085100000,2.469,2.469,2.434,2.434,0.047458
1678084200000,2.467,2.469,2.467,2.469,0.141757
1678083300000,2.456,2.467,2.456,2.467,40.804924
1678082400000,2.436,2.456,2.432,2.456,36.94209
1678081500000,2.42,2.467,2.42,2.436,80.49393
1678080600000,2.42,2.42,2.42,2.42,0
1678079700000,2.39,2.42,2.39,2.42,82.644629
1678078800000,2.371,2.408,2.352,2.39,20.851901
1678077900000,2.376,2.417,2.36,2.371,841.737388
1678077000000,2.411,2.411,2.376,2.376,249.577929
1678076100000,2.447,2.447,2.411,2.411,240.331916
1678075200000,2.5,2.5,2.447,2.447,2650.064983
1678074300000,2.4,2.5,2.4,2.5,5461.378642
1678073400000,2.363,2.4,2.363,2.4,426.567853
1678072500000,2.38,2.38,2.363,2.363,2.1352
1678071600000,2.322,2.38,2.321,2.38,3097.694362
1678070700000,2.3,2.329,2.296,2.322,340.008772
1678069800000,2.269,2.326,2.269,2.3,3196.632956
1678068900000,2.268,2.269,2.24,2.269,205.837338
1678068000000,2.268,2.268,2.268,2.268,0
1678067100000,2.25,2.268,2.248,2.268,2.011222
1678066200000,2.25,2.25,2.25,2.25,0
1678065300000,2.258,2.266,2.25,2.25,26.331724
1678064400000,2.197,2.258,2.19,2.258,252.264087
1678063500000,2.177,2.197,2.177,2.197,0.082821
1678062600000,2.177,2.177,2.177,2.177,0
1678061700000,2.201,2.201,2.177,2.177,246.158826
1678060800000,2.204,2.204,2.201,2.201,0.246471
1678059900000,2.247,2.247,2.204,2.204,0.590997
1678059000000,2.247,2.247,2.247,2.247,0
1678058100000,2.247,2.247,2.247,2.247,0
1678057200000,2.249,2.255,2.244,2.247,250.518862
1678056300000,2.24,2.256,2.24,2.249,15.707928
1678055400000,2.242,2.242,2.24,2.24,0.057971
1678054500000,2.252,2.253,2.242,2.242,5.267612
1678053600000,2.267,2.267,2.252,2.252,0.372709
1678052700000,2.223,2.267,2.223,2.267,1054.382146
1678051800000,2.218,2.223,2.218,2.223,9.911993
1678050900000,2.235,2.235,2.218,2.218,206.489837
1678050000000,2.231,2.235,2.231,2.235,0.226553
1678049100000,2.223,2.231,2.215,2.231,266.695482
1678048200000,2.24,2.24,2.193,2.223,1.175597
1678047300000,2.277,2.277,2.24,2.24,1.655963
1678046400000,2.275,2.277,2.275,2.277,0.043235
1678045500000,2.249,2.279,2.249,2.275,0.722836
1678044600000,2.229,2.249,2.229,2.249,102.40513
1678043700000,2.25,2.25,2.229,2.229,0.088862
1678042800000,2.328,2.328,2.238,2.25,3652.728024
1678041900000,2.308,2.35,2.308,2.328,0.587562
1678041000000,2.26,2.308,2.26,2.308,0.083117
1678040100000,2.26,2.26,2.26,2.26,0
1678039200000,2.287,2.287,2.25,2.26,348.7522
1678038300000,2.252,2.3,2.252,2.287,1.496131
1678037400000,2.3,2.3,2.252,2.252,0.255952
1678036500000,2.252,2.3,2.252,2.3,4.275323
1678035600000,2.215,2.252,2.215,2.252,65.276755
1678034700000,2.245,2.245,2.215,2.215,479.323249
1678033800000,2.263,2.263,2.245,2.245,105.518535
1678032900000,2.266,2.289,2.263,2.263,299.730514
1678032000000,2.266,2.266,2.266,2.266,0
1678031100000,2.257,2.271,2.227,2.266,1236.19022
1678030200000,2.212,2.257,2.207,2.257,761.022738
1678029300000,2.189,2.212,2.189,2.212,0.058753
1678028400000,2.143,2.196,2.143,2.189,697.29091
1678027500000,2.143,2.143,2.143,2.143,0
1678026600000,2.199,2.199,2.143,2.143,645.771764
1678025700000,2.172,2.199,2.164,2.199,106.614861
1678024800000,2.171,2.187,2.171,2.172,30.704719
1678023900000,2.174,2.174,2.169,2.171,0.386744
1678023000000,2.156,2.174,2.149,2.174,242.873322
1678022100000,2.138,2.156,2.138,2.156,0.982591
1678021200000,2.185,2.185,2.138,2.138,0.867573
1678020300000,2.198,2.198,2.182,2.185,0.652655
1678019400000,2.199,2.199,2.198,2.198,0.073154
1678018500000,2.227,2.227,2.196,2.199,244.724134
1678017600000,2.256,2.256,2.227,2.227,0.193009
1678016700000,2.197,2.282,2.197,2.256,0.204443
1678015800000,2.197,2.197,2.197,2.197,0
1678014900000,2.231,2.231,2.197,2.197,0.672129
1678014000000,2.249,2.249,2.231,2.231,0.200503
1678013100000,2.244,2.295,2.244,2.249,1.065848
1678012200000,2.252,2.252,2.217,2.244,254.071931
1678011300000,2.302,2.302,2.252,2.252,405.002588
1678010400000,2.326,2.326,2.302,2.302,245.726685
1678009500000,2.295,2.333,2.295,2.326,239.456163
1678008600000,2.282,2.295,2.282,2.295,245.274331
1678007700000,2.28,2.282,2.28,2.282,235.385182
1678006800000,2.232,2.28,2.203,2.28,269.96292
1678005900000,2.289,2.289,2.232,2.232,244.105872
1678005000000,2.33,2.33,2.266,2.289,486.061199
1678004100000,2.2,2.33,2.2,2.33,642.369831
1678003200000,2.176,2.2,2.167,2.2,151.696265
1678002300000,2.214,2.228,2.176,2.176,757.2705
1678001400000,2.062,2.214,2.062,2.214,324.203409
1678000500000,2.071,2.071,2.062,2.062,0.290689
1677999600000,2.071,2.071,2.071,2.071,0
1677998700000,2.088,2.088,2.055,2.071,1.005153
1677997800000,2.066,2.088,2.066,2.088,0.619703
1677996900000,2.035,2.066,2.035,2.066,0.242013
1677996000000,2.024,2.035,2.024,2.035,0.110934
1677995100000,2.066,2.066,2.024,2.024,1.324247
1677994200000,2.051,2.066,2.039,2.066,95.261618
1677993300000,2.099,2.099,2.051,2.051,0.048197
1677992400000,2.111,2.111,2.099,2.099,0.037735
1677991500000,2.107,2.112,2.107,2.111,0.534698
1677990600000,2.107,2.107,2.107,2.107,0
1677989700000,2.107,2.107,2.107,2.107,0
1677988800000,2.07,2.107,2.07,2.107,1.241464
1677987900000,2.074,2.076,2.068,2.07,407.933718
1677987000000,1.996,2.074,1.996,2.074,0.207268
1677986100000,1.988,1.996,1.988,1.996,0.51821
1677985200000,1.921,1.988,1.921,1.988,188.555655
1677984300000,1.959,1.959,1.921,1.921,172.007639
1677983400000,1.958,1.959,1.958,1.959,0.084234
1677982500000,1.96,1.96,1.958,1.958,2.543452
1677981600000,1.956,1.96,1.956,1.96,0.06553
1677980700000,1.962,1.962,1.956,1.956,0.233339
1677979800000,1.962,1.962,1.962,1.962,0
1677978900000,1.923,1.962,1.923,1.962,0.082721
1677978000000,1.904,1.923,1.904,1.923,0.071255
1677977100000,1.926,1.926,1.904,1.904,47.130591
1677976200000,1.917,1.926,1.917,1.926,0.323162
1677975300000,1.931,1.931,1.917,1.917,0.243496
1677974400000,1.929,1.931,1.929,1.931,0.078843
1677973500000,1.929,1.929,1.928,1.929,0.448734
1677972600000,1.92,1.929,1.92,1.929,4.708138
1677971700000,1.942,1.942,1.92,1.92,1.207969
1677970800000,1.945,1.945,1.942,1.942,0.277881
1677969900000,1.903,1.946,1.903,1.945,1.041217
1677969000000,1.906,1.906,1.903,1.903,404.75
1677968100000,1.86,1.906,1.86,1.906,0.385319
1677967200000,1.877,1.884,1.86,1.86,193.203122
1677966300000,1.877,1.88,1.877,1.877,0.511725
1677965400000,1.877,1.877,1.877,1.877,0
1677964500000,1.874,1.877,1.874,1.877,0.751719
1677963600000,1.914,1.914,1.874,1.874,243.130763
1677962700000,1.919,1.927,1.893,1.914,242.217562
1677961800000,1.893,1.919,1.893,1.919,247.838825
1677960900000,1.876,1.9,1.871,1.893,242.700042
1677960000000,1.898,1.898,1.856,1.876,802.694228
1677959100000,1.932,1.932,1.898,1.898,0.423332
1677958200000,1.939,1.939,1.932,1.932,0.269627
1677957300000,1.946,1.946,1.927,1.939,532.121904
1677956400000,1.946,1.946,1.946,1.946,0
1677955500000,1.954,1.954,1.946,1.946,0.437769
1677954600000,1.962,1.962,1.954,1.954,0.238249
1677953700000,1.959,1.962,1.959,1.962,0.286778
1677952800000,1.998,1.998,1.959,1.959,0.08547
1677951900000,1.998,1.998,1.998,1.998,0
1677951000000,1.998,1.998,1.998,1.998,0
1677950100000,2.001,2.001,1.998,1.998,0.363631
1677949200000,1.975,2.001,1.964,2.001,479.961994
1677948300000,1.935,1.975,1.935,1.975,0.150218
1677947400000,1.935,1.935,1.935,1.935,0
1677946500000,1.973,1.973,1.93,1.935,83.333313
1677945600000,1.982,1.982,1.973,1.973,0.038946
1677944700000,1.948,1.987,1.948,1.982,0.388018
1677943800000,1.942,1.948,1.942,1.948,0.690011
1677942900000,1.937,1.955,1.937,1.942,12.904259
1677942000000,1.975,1.981,1.937,1.937,712.914136
1677941100000,2,2,1.975,1.975,1.084881
1677940200000,2.033,2.033,2,2,332.952789
1677939300000,2.026,2.033,2.026,2.033,0.070428
1677938400000,2.042,2.042,2.026,2.026,47.600588
1677937500000,2.058,2.058,2.042,2.042,94.295963
1677936600000,2.058,2.058,2.058,2.058,0
1677935700000,2.082,2.082,2.045,2.058,1.50923
1677934800000,2.055,2.082,2.055,2.082,49.051724
1677933900000,1.987,2.068,1.979,2.055,304.026081
1677933000000,2.042,2.042,1.987,1.987,90.805874
1677932100000,1.969,2.042,1.969,2.042,3.568323
1677931200000,1.947,1.969,1.947,1.969,0.566147
1677930300000,1.941,1.947,1.923,1.947,0.193008
1677929400000,1.941,1.941,1.941,1.941,0
1677928500000,1.945,1.945,1.933,1.941,0.184485
1677927600000,1.945,1.945,1.945,1.945,0
1677926700000,1.981,1.981,1.941,1.945,0.297349
1677925800000,1.977,1.981,1.977,1.981,4.318232
1677924900000,1.927,1.977,1.927,1.977,0.635133
1677924000000,1.944,1.947,1.926,1.927,141.052509
1677923100000,1.96,1.96,1.938,1.944,128.414942
1677922200000,1.967,1.967,1.96,1.96,185.797812
1677921300000,1.988,1.988,1.967,1.967,0.580764
1677920400000,2.002,2.002,1.988,1.988,295.306922
1677919500000,2.006,2.006,1.977,2.002,0.389522
1677918600000,1.996,2.006,1.996,2.006,113.597944
1677917700000,2.007,2.007,1.996,1.996,0.035604
1677916800000,2.007,2.007,2.002,2.007,0.526072
1677915900000,1.99,2.01,1.99,2.007,1.085376
1677915000000,2.009,2.009,1.99,1.99,0.512177
1677914100000,2.009,2.009,2.009,2.009,0
1677913200000,2.075,2.077,2.009,2.009,462.493174
1677912300000,2.071,2.075,2.045,2.075,0.990048
1677911400000,2.067,2.071,2.066,2.071,1.336423
1677910500000,2.037,2.067,2.037,2.067,172.401828
1677909600000,2.04,2.04,2.037,2.037,0.09929
1677908700000,2.04,2.04,2.038,2.04,246.061306
1677907800000,2.075,2.079,2.04,2.04,0.409693
1677906900000,2.111,2.111,2.075,2.075,92.290685
1677906000000,2.084,2.111,2.084,2.111,248.119247
1677905100000,2.083,2.084,2.077,2.084,1.107488
1677904200000,2.165,2.165,2.083,2.083,46.327602
1677903300000,2.144,2.165,2.144,2.165,104.379397
1677902400000,2.157,2.157,2.144,2.144,0.734626
1677901500000,2.099,2.164,2.099,2.157,608.395742
1677900600000,2.135,2.135,2.099,2.099,1482.220831
1677899700000,2.055,2.138,2.055,2.135,495.107263
1677898800000,2.055,2.055,2.055,2.055,0
1677897900000,2.096,2.096,2.055,2.055,0.507664
1677897000000,2.094,2.096,2.094,2.096,0.580631