1679101200000,0.6375,0.6375,0.6375,0.6375,0
1679097600000,0.6375,0.6375,0.6375,0.6375,0
1679094000000,0.6375,0.6375,0.6375,0.6375,0
1679090400000,0.6375,0.6375,0.6375,0.6375,0
1679086800000,0.6375,0.6375,0.6375,0.6375,0
1679083200000,0.6375,0.6375,0.6375,0.6375,0
1679079600000,0.6375,0.6375,0.6375,0.6375,0
1679076000000,0.6375,0.6375,0.6375,0.6375,0
1679072400000,0.6375,0.6375,0.6375,0.6375,0
1679068800000,0.6375,0.6375,0.6375,0.6375,0
1679065200000,0.6375,0.6375,0.6375,0.6375,0
1679061600000,0.6375,0.6375,0.6375,0.6375,0
1679058000000,0.6375,0.6375,0.6375,0.6375,0
1679054400000,0.6375,0.6375,0.6375,0.6375,0
1679050800000,0.6375,0.6375,0.6375,0.6375,0
1679047200000,0.6375,0.6375,0.6375,0.6375,0
1679043600000,0.6375,0.6375,0.6375,0.6375,0
1679040000000,0.6375,0.6375,0.6375,0.6375,0
1679036400000,0.6375,0.6375,0.6375,0.6375,0
1679032800000,0.6375,0.6375,0.6375,0.6375,0
1679029200000,0.6375,0.6375,0.6375,0.6375,0
1679025600000,0.6375,0.6375,0.6375,0.6375,0
1679022000000,0.6375,0.6375,0.6375,0.6375,0
1679018400000,0.6375,0.6375,0.6375,0.6375,0
1679014800000,0.6375,0.6375,0.6375,0.6375,0
1679011200000,0.6375,0.6375,0.6375,0.6375,0
1679007600000,0.6375,0.6375,0.6375,0.6375,0
1679004000000,0.6375,0.6375,0.6375,0.6375,0
1679000400000,0.6375,0.6375,0.6375,0.6375,0
1678996800000,0.638,0.638,0.6375,0.6375,0.29631
1678993200000,0.638,0.638,0.638,0.638,0
1678989600000,0.638,0.638,0.638,0.638,0
1678986000000,0.638,0.638,0.638,0.638,0
1678982400000,0.638,0.638,0.638,0.638,0
1678978800000,0.638,0.638,0.638,0.638,0
1678975200000,0.638,0.638,0.638,0.638,0
1678971600000,0.638,0.638,0.638,0.638,0
1678968000000,0.638,0.638,0.638,0.638,0
1678964400000,0.638,0.638,0.638,0.638,0
1678960800000,0.638,0.638,0.638,0.638,0
1678957200000,0.638,0.638,0.638,0.638,0
1678953600000,0.638,0.638,0.638,0.638,0
1678950000000,0.638,0.638,0.638,0.638,0
1678946400000,0.638,0.638,0.638,0.638,0
1678942800000,0.638,0.638,0.638,0.638,0
1678939200000,0.6388,0.6388,0.638,0.638,0.19034
1678935600000,0.6388,0.6388,0.6388,0.6388,0
1678932000000,0.6388,0.6388,0.6388,0.6388,0
1678928400000,0.6388,0.6388,0.6388,0.6388,0
1678924800000,0.6238,0.6388,0.6238,0.6388,0.29723
1678921200000,0.6238,0.6238,0.6238,0.6238,0.05424
1678917600000,0.6545,0.6545,0.6238,0.6238,0.54573
1678914000000,0.6266,0.6558,0.6266,0.6545,0.48311
1678910400000,0.6605,0.6605,0.6266,0.6266,0.55124
1678906800000,0.6582,0.6605,0.6582,0.6605,0.76606
1678903200000,0.6582,0.6582,0.6582,0.6582,0
1678899600000,0.6504,0.6609,0.6504,0.6582,0.10659
1678896000000,0.6564,0.6564,0.6504,0.6504,0.09812
1678892400000,0.6564,0.6564,0.6564,0.6564,0
1678888800000,0.6564,0.6564,0.6564,0.6564,0
1678885200000,0.6564,0.6564,0.6564,0.6564,0
1678881600000,0.6564,0.6564,0.6564,0.6564,0
1678878000000,0.6564,0.6564,0.6564,0.6564,0
1678874400000,0.6564,0.6564,0.6564,0.6564,0
1678870800000,0.6564,0.6564,0.6564,0.6564,0
1678867200000,0.6564,0.6564,0.6564,0.6564,0
1678863600000,0.6564,0.6564,0.6564,0.6564,0
1678860000000,0.6564,0.6564,0.6564,0.6564,0
1678856400000,0.6564,0.6564,0.6564,0.6564,0
1678852800000,0.6564,0.6564,0.6564,0.6564,0
1678849200000,0.6564,0.6564,0.6564,0.6564,0
1678845600000,0.6564,0.6564,0.6564,0.6564,0
1678842000000,0.6564,0.6564,0.6564,0.6564,0
1678838400000,0.6564,0.6564,0.6564,0.6564,0
1678834800000,0.6564,0.6564,0.6564,0.6564,0
1678831200000,0.6564,0.6564,0.6564,0.6564,0
1678827600000,0.6564,0.6564,0.6564,0.6564,0
1678824000000,0.6564,0.6564,0.6564,0.6564,0
1678820400000,0.6564,0.6564,0.6564,0.6564,0
1678816800000,0.6564,0.6564,0.6564,0.6564,0
1678813200000,0.6564,0.6564,0.6564,0.6564,0
1678809600000,0.6564,0.6564,0.6564,0.6564,0
1678806000000,0.6564,0.6564,0.6564,0.6564,0
1678802400000,0.6564,0.6564,0.6564,0.6564,0
1678798800000,0.6564,0.6564,0.6564,0.6564,0
1678795200000,0.6564,0.6564,0.6564,0.6564,0
1678791600000,0.6564,0.6564,0.6564,0.6564,0
1678788000000,0.6564,0.6564,0.6564,0.6564,0
1678784400000,0.6564,0.6564,0.6564,0.6564,0
1678780800000,0.6564,0.6564,0.6564,0.6564,0
1678777200000,0.6564,0.6564,0.6564,0.6564,0
1678773600000,0.6564,0.6564,0.6564,0.6564,0
1678770000000,0.6564,0.6564,0.6564,0.6564,0
1678766400000,0.6564,0.6564,0.6564,0.6564,0
1678762800000,0.6564,0.6564,0.6564,0.6564,0
1678759200000,0.6564,0.6564,0.6564,0.6564,0
1678755600000,0.6564,0.6564,0.6564,0.6564,0
1678752000000,0.6564,0.6564,0.6564,0.6564,0
1678748400000,0.6564,0.6564,0.6564,0.6564,0
1678744800000,0.6564,0.6564,0.6564,0.6564,0
1678741200000,0.6564,0.6564,0.6564,0.6564,0
1678737600000,0.6564,0.6564,0.6564,0.6564,0
1678734000000,0.6564,0.6564,0.6564,0.6564,0
1678730400000,0.6564,0.6564,0.6564,0.6564,0
1678726800000,0.6564,0.6564,0.6564,0.6564,0
1678723200000,0.6564,0.6564,0.6564,0.6564,0
1678719600000,0.6564,0.6564,0.6564,0.6564,0
1678716000000,0.6417,0.6564,0.6417,0.6564,0.06946
1678712400000,0.6417,0.6417,0.6417,0.6417,0
1678708800000,0.6417,0.6417,0.6417,0.6417,0
1678705200000,0.6417,0.6417,0.6417,0.6417,0
1678701600000,0.6417,0.6417,0.6417,0.6417,0
1678698000000,0.6417,0.6417,0.6417,0.6417,0
1678694400000,0.6417,0.6417,0.6417,0.6417,0
1678690800000,0.6417,0.6417,0.6417,0.6417,0
1678687200000,0.6417,0.6417,0.6417,0.6417,0
1678683600000,0.6417,0.6417,0.6417,0.6417,0
1678680000000,0.6417,0.6417,0.6417,0.6417,0
1678676400000,0.6417,0.6417,0.6417,0.6417,0
1678672800000,0.6417,0.6417,0.6417,0.6417,0
1678669200000,0.6417,0.6417,0.6417,0.6417,0
1678665600000,0.6417,0.6417,0.6417,0.6417,0
1678662000000,0.6417,0.6417,0.6417,0.6417,0
1678658400000,0.6417,0.6417,0.6417,0.6417,0
1678654800000,0.6417,0.6417,0.6417,0.6417,0
1678651200000,0.6417,0.6417,0.6417,0.6417,0
1678647600000,0.6417,0.6417,0.6417,0.6417,0
1678644000000,0.6417,0.6417,0.6417,0.6417,0
1678640400000,0.6417,0.6417,0.6417,0.6417,0
1678636800000,0.6417,0.6417,0.6417,0.6417,0
1678633200000,0.6714,0.6714,0.6417,0.6417,0.07156
1678629600000,0.6566,0.6714,0.6566,0.6714,0.0127
1678626000000,0.6566,0.6566,0.6566,0.6566,0
1678622400000,0.6566,0.6566,0.6566,0.6566,0
1678618800000,0.6566,0.6566,0.6566,0.6566,0
1678615200000,0.6566,0.6566,0.6566,0.6566,0
1678611600000,0.6566,0.6566,0.6566,0.6566,0
1678608000000,0.6566,0.6566,0.6566,0.6566,0
1678604400000,0.6566,0.6566,0.6566,0.6566,0
1678600800000,0.6566,0.6566,0.6566,0.6566,0
1678597200000,0.6566,0.6566,0.6566,0.6566,0
1678593600000,0.6566,0.6566,0.6566,0.6566,0
1678590000000,0.6566,0.6566,0.6566,0.6566,0
1678586400000,0.6566,0.6566,0.6566,0.6566,0
1678582800000,0.6566,0.6566,0.6566,0.6566,0
1678579200000,0.6566,0.6566,0.6566,0.6566,0
1678575600000,0.6566,0.6566,0.6566,0.6566,0
1678572000000,0.6324,0.6566,0.6324,0.6566,0.07049
1678568400000,0.6512,0.6648,0.6324,0.6324,0.47423
1678564800000,0.6512,0.6512,0.6512,0.6512,0
1678561200000,0.6512,0.6512,0.6512,0.6512,0
1678557600000,0.6512,0.6512,0.6512,0.6512,0
1678554000000,0.6512,0.6512,0.6512,0.6512,0
1678550400000,0.6512,0.6512,0.6512,0.6512,0
1678546800000,0.6512,0.6512,0.6512,0.6512,0
1678543200000,0.6499,0.6512,0.6499,0.6512,0.14268
1678539600000,0.6499,0.6499,0.6499,0.6499,0
1678536000000,0.6499,0.6499,0.6499,0.6499,0
1678532400000,0.6239,0.6499,0.6239,0.6499,0.07135
1678528800000,0.6239,0.6239,0.6239,0.6239,0
1678525200000,0.6239,0.6239,0.6239,0.6239,0
1678521600000,0.6239,0.6239,0.6239,0.6239,0
1678518000000,0.6239,0.6239,0.6239,0.6239,0
1678514400000,0.6239,0.6239,0.6239,0.6239,0
1678510800000,0.6239,0.6239,0.6239,0.6239,0
1678507200000,0.6239,0.6239,0.6239,0.6239,0
1678503600000,0.6239,0.6239,0.6239,0.6239,0
1678500000000,0.6239,0.6239,0.6239,0.6239,0
1678496400000,0.6239,0.6239,0.6239,0.6239,0
1678492800000,0.6239,0.6239,0.6239,0.6239,0
1678489200000,0.6239,0.6239,0.6239,0.6239,0
1678485600000,0.6239,0.6239,0.6239,0.6239,0
1678482000000,0.6239,0.6239,0.6239,0.6239,0
1678478400000,0.6239,0.6239,0.6239,0.6239,0
1678474800000,0.6239,0.6239,0.6239,0.6239,0
1678471200000,0.6239,0.6239,0.6239,0.6239,0
1678467600000,0.6239,0.6239,0.6239,0.6239,0
1678464000000,0.6239,0.6239,0.6239,0.6239,0
1678460400000,0.6239,0.6239,0.6239,0.6239,0
1678456800000,0.6239,0.6239,0.6239,0.6239,0
1678453200000,0.6239,0.6239,0.6239,0.6239,0
1678449600000,0.6239,0.6239,0.6239,0.6239,0
1678446000000,0.6239,0.6239,0.6239,0.6239,0
1678442400000,0.6239,0.6239,0.6239,0.6239,0
1678438800000,0.6239,0.6239,0.6239,0.6239,0
1678435200000,0.6239,0.6239,0.6239,0.6239,0
1678431600000,0.6239,0.6239,0.6239,0.6239,0
1678428000000,0.6239,0.6239,0.6239,0.6239,0
1678424400000,0.6239,0.6239,0.6239,0.6239,0
1678420800000,0.6239,0.6239,0.6239,0.6239,0
1678417200000,0.6239,0.6239,0.6239,0.6239,0
1678413600000,0.6239,0.6239,0.6239,0.6239,0
1678410000000,0.6239,0.6239,0.6239,0.6239,0
1678406400000,0.6239,0.6239,0.6239,0.6239,0
1678402800000,0.6239,0.6239,0.6239,0.6239,0
1678399200000,0.6239,0.6239,0.6239,0.6239,0
1678395600000,0.6239,0.6239,0.6239,0.6239,0
1678392000000,0.6239,0.6239,0.6239,0.6239,0
1678388400000,0.6239,0.6239,0.6239,0.6239,0
1678384800000,0.6239,0.6239,0.6239,0.6239,0
1678381200000,0.6239,0.6239,0.6239,0.6239,0
1678377600000,0.6239,0.6239,0.6239,0.6239,0
1678374000000,0.6239,0.6239,0.6239,0.6239,0
1678370400000,0.6239,0.6239,0.6239,0.6239,0
1678366800000,0.6239,0.6239,0.6239,0.6239,0
1678363200000,0.6239,0.6239,0.6239,0.6239,0
1678359600000,0.6239,0.6239,0.6239,0.6239,0
1678356000000,0.6239,0.6239,0.6239,0.6239,0
1678352400000,0.6239,0.6239,0.6239,0.6239,0
1678348800000,0.6239,0.6239,0.6239,0.6239,0
1678345200000,0.6239,0.6239,0.6239,0.6239,0
1678341600000,0.6239,0.6239,0.6239,0.6239,0
1678338000000,0.6239,0.6239,0.6239,0.6239,0
1678334400000,0.6239,0.6239,0.6239,0.6239,0.01031
1678330800000,0.6239,0.6239,0.6239,0.6239,0
1678327200000,0.6239,0.6239,0.6239,0.6239,0
1678323600000,0.6239,0.6239,0.6239,0.6239,0
1678320000000,0.6239,0.6239,0.6239,0.6239,0
1678316400000,0.6239,0.6239,0.6239,0.6239,0
1678312800000,0.6239,0.6239,0.6239,0.6239,0
1678309200000,0.6239,0.6239,0.6239,0.6239,0
1678305600000,0.6239,0.6239,0.6239,0.6239,0
1678302000000,0.6239,0.6239,0.6239,0.6239,0
1678298400000,0.6239,0.6239,0.6239,0.6239,0
1678294800000,0.6239,0.6239,0.6239,0.6239,0
1678291200000,0.6239,0.6239,0.6239,0.6239,0
1678287600000,0.6239,0.6239,0.6239,0.6239,0
1678284000000,0.6239,0.6239,0.6239,0.6239,0
1678280400000,0.6239,0.6239,0.6239,0.6239,0
1678276800000,0.6239,0.6239,0.6239,0.6239,0
1678273200000,0.6239,0.6239,0.6239,0.6239,0
1678269600000,0.6239,0.6239,0.6239,0.6239,0
1678266000000,0.6239,0.6239,0.6239,0.6239,0
1678262400000,0.6239,0.6239,0.6239,0.6239,0
1678258800000,0.6239,0.6239,0.6239,0.6239,0
1678255200000,0.6239,0.6239,0.6239,0.6239,0
1678251600000,0.6239,0.6239,0.6239,0.6239,0
1678248000000,0.6239,0.6239,0.6239,0.6239,0
1678244400000,0.6239,0.6239,0.6239,0.6239,0
1678240800000,0.6239,0.6239,0.6239,0.6239,0
1678237200000,0.6239,0.6239,0.6239,0.6239,0
1678233600000,0.6239,0.6239,0.6239,0.6239,0
1678230000000,0.6239,0.6239,0.6239,0.6239,0
1678226400000,0.6239,0.6239,0.6239,0.6239,0
1678222800000,0.6239,0.6239,0.6239,0.6239,0
1678219200000,0.6239,0.6239,0.6239,0.6239,0
1678215600000,0.6239,0.6239,0.6239,0.6239,0
1678212000000,0.6239,0.6239,0.6239,0.6239,0
1678208400000,0.6239,0.6239,0.6239,0.6239,0
1678204800000,0.6239,0.6239,0.6239,0.6239,0
1678201200000,0.6239,0.6239,0.6239,0.6239,0
1678197600000,0.6239,0.6239,0.6239,0.6239,0
1678194000000,0.6239,0.6239,0.6239,0.6239,0
1678190400000,0.6239,0.6239,0.6239,0.6239,0
1678186800000,0.6239,0.6239,0.6239,0.6239,0
1678183200000,0.6239,0.6239,0.6239,0.6239,0
1678179600000,0.6239,0.6239,0.6239,0.6239,0
1678176000000,0.6239,0.6239,0.6239,0.6239,0
1678172400000,0.6239,0.6239,0.6239,0.6239,0
1678168800000,0.6239,0.6239,0.6239,0.6239,0
1678165200000,0.6239,0.6239,0.6239,0.6239,0
1678161600000,0.6239,0.6239,0.6239,0.6239,0
1678158000000,0.6239,0.6239,0.6239,0.6239,0
1678154400000,0.6239,0.6239,0.6239,0.6239,0
1678150800000,0.6239,0.6239,0.6239,0.6239,0
1678147200000,0.6239,0.6239,0.6239,0.6239,0
1678143600000,0.6239,0.6239,0.6239,0.6239,0
1678140000000,0.6239,0.6239,0.6239,0.6239,0
1678136400000,0.6239,0.6239,0.6239,0.6239,0
1678132800000,0.6239,0.6239,0.6239,0.6239,0
1678129200000,0.6239,0.6239,0.6239,0.6239,0
1678125600000,0.6239,0.6239,0.6239,0.6239,0
1678122000000,0.6239,0.6239,0.6239,0.6239,0
1678118400000,0.6239,0.6239,0.6239,0.6239,0
1678114800000,0.6239,0.6239,0.6239,0.6239,0
1678111200000,0.6239,0.6239,0.6239,0.6239,0
1678107600000,0.6239,0.6239,0.6239,0.6239,0
1678104000000,0.6239,0.6239,0.6239,0.6239,0
1678100400000,0.6239,0.6239,0.6239,0.6239,0
1678096800000,0.6239,0.6239,0.6239,0.6239,0
1678093200000,0.6239,0.6239,0.6239,0.6239,0
1678089600000,0.6239,0.6239,0.6239,0.6239,0
1678086000000,0.6239,0.6239,0.6239,0.6239,0
1678082400000,0.6239,0.6239,0.6239,0.6239,0
1678078800000,0.6239,0.6239,0.6239,0.6239,0
1678075200000,0.6239,0.6239,0.6239,0.6239,0
1678071600000,0.6239,0.6239,0.6239,0.6239,0
1678068000000,0.6239,0.6239,0.6239,0.6239,0
1678064400000,0.6239,0.6239,0.6239,0.6239,0
1678060800000,0.6239,0.6239,0.6239,0.6239,0
1678057200000,0.6239,0.6239,0.6239,0.6239,0
1678053600000,0.6239,0.6239,0.6239,0.6239,0
1678050000000,0.6239,0.6239,0.6239,0.6239,0
1678046400000,0.6239,0.6239,0.6239,0.6239,0
1678042800000,0.6239,0.6239,0.6239,0.6239,0
1678039200000,0.6239,0.6239,0.6239,0.6239,0
1678035600000,0.6239,0.6239,0.6239,0.6239,0
1678032000000,0.6239,0.6239,0.6239,0.6239,0
1678028400000,0.6239,0.6239,0.6239,0.6239,0
1678024800000,0.6239,0.6239,0.6239,0.6239,0
1678021200000,0.6239,0.6239,0.6239,0.6239,0
1678017600000,0.6239,0.6239,0.6239,0.6239,0
1678014000000,0.6239,0.6239,0.6239,0.6239,0
1678010400000,0.6239,0.6239,0.6239,0.6239,0
1678006800000,0.6239,0.6239,0.6239,0.6239,0
1678003200000,0.6239,0.6239,0.6239,0.6239,0
1677999600000,0.6239,0.6239,0.6239,0.6239,0
1677996000000,0.6239,0.6239,0.6239,0.6239,0
1677992400000,0.6239,0.6239,0.6239,0.6239,0
1677988800000,0.6239,0.6239,0.6239,0.6239,0
1677985200000,0.6239,0.6239,0.6239,0.6239,0
1677981600000,0.6239,0.6239,0.6239,0.6239,0
1677978000000,0.6239,0.6239,0.6239,0.6239,0
1677974400000,0.6239,0.6239,0.6239,0.6239,0
1677970800000,0.6239,0.6239,0.6239,0.6239,0
1677967200000,0.6239,0.6239,0.6239,0.6239,0
1677963600000,0.6239,0.6239,0.6239,0.6239,0
1677960000000,0.6239,0.6239,0.6239,0.6239,0
1677956400000,0.6239,0.6239,0.6239,0.6239,0
1677952800000,0.6239,0.6239,0.6239,0.6239,0
1677949200000,0.6239,0.6239,0.6239,0.6239,0
1677945600000,0.6239,0.6239,0.6239,0.6239,0
1677942000000,0.6239,0.6239,0.6239,0.6239,0
1677938400000,0.6239,0.6239,0.6239,0.6239,0
1677934800000,0.6239,0.6239,0.6239,0.6239,0
1677931200000,0.6239,0.6239,0.6239,0.6239,0
1677927600000,0.6239,0.6239,0.6239,0.6239,0
1677924000000,0.6239,0.6239,0.6239,0.6239,0
1677920400000,0.6239,0.6239,0.6239,0.6239,0
1677916800000,0.6239,0.6239,0.6239,0.6239,0
1677913200000,0.6239,0.6239,0.6239,0.6239,0
1677909600000,0.6239,0.6239,0.6239,0.6239,0
1677906000000,0.6239,0.6239,0.6239,0.6239,0
1677902400000,0.6239,0.6239,0.6239,0.6239,0
1677898800000,0.6239,0.6239,0.6239,0.6239,0
1677895200000,0.6239,0.6239,0.6239,0.6239,0
1677891600000,0.6239,0.6239,0.6239,0.6239,0
1677888000000,0.6239,0.6239,0.6239,0.6239,0
1677884400000,0.6239,0.6239,0.6239,0.6239,0
1677880800000,0.6239,0.6239,0.6239,0.6239,0
1677877200000,0.6239,0.6239,0.6239,0.6239,0
1677873600000,0.6239,0.6239,0.6239,0.6239,0
1677870000000,0.6239,0.6239,0.6239,0.6239,0
1677866400000,0.6239,0.6239,0.6239,0.6239,0
1677862800000,0.6239,0.6239,0.6239,0.6239,0
1677859200000,0.6239,0.6239,0.6239,0.6239,0
1677855600000,0.6239,0.6239,0.6239,0.6239,0
1677852000000,0.6239,0.6239,0.6239,0.6239,0
1677848400000,0.6239,0.6239,0.6239,0.6239,0
1677844800000,0.6239,0.6239,0.6239,0.6239,0
1677841200000,0.6239,0.6239,0.6239,0.6239,0
1677837600000,0.6239,0.6239,0.6239,0.6239,0
1677834000000,0.6239,0.6239,0.6239,0.6239,0
1677830400000,0.6239,0.6239,0.6239,0.6239,0
1677826800000,0.6239,0.6239,0.6239,0.6239,0
1677823200000,0.6239,0.6239,0.6239,0.6239,0
1677819600000,0.6239,0.6239,0.6239,0.6239,0
1677816000000,0.6239,0.6239,0.6239,0.6239,0
1677812400000,0.6239,0.6239,0.6239,0.6239,0
1677808800000,0.6239,0.6239,0.6239,0.6239,0
1677805200000,0.6239,0.6239,0.6239,0.6239,0
1677801600000,0.6239,0.6239,0.6239,0.6239,0
1677798000000,0.6239,0.6239,0.6239,0.6239,0
1677794400000,0.6239,0.6239,0.6239,0.6239,0
1677790800000,0.6239,0.6239,0.6239,0.6239,0
1677787200000,0.6239,0.6239,0.6239,0.6239,0
1677783600000,0.6239,0.6239,0.6239,0.6239,0
1677780000000,0.6239,0.6239,0.6239,0.6239,0
1677776400000,0.6239,0.6239,0.6239,0.6239,0
1677772800000,0.6239,0.6239,0.6239,0.6239,0
1677769200000,0.6239,0.6239,0.6239,0.6239,0
1677765600000,0.6239,0.6239,0.6239,0.6239,0
1677762000000,0.6239,0.6239,0.6239,0.6239,0
1677758400000,0.6239,0.6239,0.6239,0.6239,0
1677754800000,0.6239,0.6239,0.6239,0.6239,0
1677751200000,0.6239,0.6239,0.6239,0.6239,0
1677747600000,0.6239,0.6239,0.6239,0.6239,0
1677744000000,0.6239,0.6239,0.6239,0.6239,0
1677740400000,0.6239,0.6239,0.6239,0.6239,0
1677736800000,0.6239,0.6239,0.6239,0.6239,0
1677733200000,0.6239,0.6239,0.6239,0.6239,0
1677729600000,0.6239,0.6239,0.6239,0.6239,0
1677726000000,0.6239,0.6239,0.6239,0.6239,0
1677722400000,0.6239,0.6239,0.6239,0.6239,0
1677718800000,0.6239,0.6239,0.6239,0.6239,0
1677715200000,0.6239,0.6239,0.6239,0.6239,0
1677711600000,0.6239,0.6239,0.6239,0.6239,0
1677708000000,0.6239,0.6239,0.6239,0.6239,0
1677704400000,0.6239,0.6239,0.6239,0.6239,0
1677700800000,0.6239,0.6239,0.6239,0.6239,0
1677697200000,0.6239,0.6239,0.6239,0.6239,0
1677693600000,0.6239,0.6239,0.6239,0.6239,0
1677690000000,0.6239,0.6239,0.6239,0.6239,0
1677686400000,0.6239,0.6239,0.6239,0.6239,0
1677682800000,0.6239,0.6239,0.6239,0.6239,0
1677679200000,0.6239,0.6239,0.6239,0.6239,0
1677675600000,0.6239,0.6239,0.6239,0.6239,0
1677672000000,0.6239,0.6239,0.6239,0.6239,0
1677668400000,0.6239,0.6239,0.6239,0.6239,0
1677664800000,0.6239,0.6239,0.6239,0.6239,0
1677661200000,0.6239,0.6239,0.6239,0.6239,0
1677657600000,0.6239,0.6239,0.6239,0.6239,0
1677654000000,0.6239,0.6239,0.6239,0.6239,0
1677650400000,0.6239,0.6239,0.6239,0.6239,0
1677646800000,0.6239,0.6239,0.6239,0.6239,0
1677643200000,0.6239,0.6239,0.6239,0.6239,0
1677639600000,0.6239,0.6239,0.6239,0.6239,0
1677636000000,0.6239,0.6239,0.6239,0.6239,0
1677632400000,0.6239,0.6239,0.6239,0.6239,0
1677628800000,0.6239,0.6239,0.6239,0.6239,0
1677625200000,0.6239,0.6239,0.6239,0.6239,0
1677621600000,0.6239,0.6239,0.6239,0.6239,0
1677618000000,0.6239,0.6239,0.6239,0.6239,0
1677614400000,0.6239,0.6239,0.6239,0.6239,0
1677610800000,0.6239,0.6239,0.6239,0.6239,0
1677607200000,0.6239,0.6239,0.6239,0.6239,0
1677603600000,0.6239,0.6239,0.6239,0.6239,0
1677600000000,0.6239,0.6239,0.6239,0.6239,0
1677596400000,0.6239,0.6239,0.6239,0.6239,0
1677592800000,0.6239,0.6239,0.6239,0.6239,0
1677589200000,0.6239,0.6239,0.6239,0.6239,0
1677585600000,0.6239,0.6239,0.6239,0.6239,0
1677582000000,0.6239,0.6239,0.6239,0.6239,0
1677578400000,0.6239,0.6239,0.6239,0.6239,0
1677574800000,0.6239,0.6239,0.6239,0.6239,0
1677571200000,0.6239,0.6239,0.6239,0.6239,0
1677567600000,0.6239,0.6239,0.6239,0.6239,0
1677564000000,0.6239,0.6239,0.6239,0.6239,0
1677560400000,0.6239,0.6239,0.6239,0.6239,0
1677556800000,0.6239,0.6239,0.6239,0.6239,0
1677553200000,0.6239,0.6239,0.6239,0.6239,0
1677549600000,0.6239,0.6239,0.6239,0.6239,0
1677546000000,0.6239,0.6239,0.6239,0.6239,0
1677542400000,0.6239,0.6239,0.6239,0.6239,0
1677538800000,0.6239,0.6239,0.6239,0.6239,0
1677535200000,0.6239,0.6239,0.6239,0.6239,0
1677531600000,0.6239,0.6239,0.6239,0.6239,0
1677528000000,0.6239,0.6239,0.6239,0.6239,0
1677524400000,0.6239,0.6239,0.6239,0.6239,0
1677520800000,0.6239,0.6239,0.6239,0.6239,0
1677517200000,0.6239,0.6239,0.6239,0.6239,0
1677513600000,0.6239,0.6239,0.6239,0.6239,0
1677510000000,0.6239,0.6239,0.6239,0.6239,0
1677506400000,0.6239,0.6239,0.6239,0.6239,0
1677502800000,0.6239,0.6239,0.6239,0.6239,0
1677499200000,0.6239,0.6239,0.6239,0.6239,0
1677495600000,0.6239,0.6239,0.6239,0.6239,0
1677492000000,0.6239,0.6239,0.6239,0.6239,0
1677488400000,0.6239,0.6239,0.6239,0.6239,0
1677484800000,0.6239,0.6239,0.6239,0.6239,0
1677481200000,0.6239,0.6239,0.6239,0.6239,0
1677477600000,0.6239,0.6239,0.6239,0.6239,0
1677474000000,0.6239,0.6239,0.6239,0.6239,0
1677470400000,0.6239,0.6239,0.6239,0.6239,0
1677466800000,0.6239,0.6239,0.6239,0.6239,0
1677463200000,0.6239,0.6239,0.6239,0.6239,0
1677459600000,0.6239,0.6239,0.6239,0.6239,0
1677456000000,0.6239,0.6239,0.6239,0.6239,0
1677452400000,0.6239,0.6239,0.6239,0.6239,0
1677448800000,0.6239,0.6239,0.6239,0.6239,0
1677445200000,0.6239,0.6239,0.6239,0.6239,0
1677441600000,0.6239,0.6239,0.6239,0.6239,0
1677438000000,0.6239,0.6239,0.6239,0.6239,0
1677434400000,0.6239,0.6239,0.6239,0.6239,0
1677430800000,0.6239,0.6239,0.6239,0.6239,0
1677427200000,0.6239,0.6239,0.6239,0.6239,0
1677423600000,0.6239,0.6239,0.6239,0.6239,0
1677420000000,0.6239,0.6239,0.6239,0.6239,0
1677416400000,0.6239,0.6239,0.6239,0.6239,0
1677412800000,0.6239,0.6239,0.6239,0.6239,0
1677409200000,0.6239,0.6239,0.6239,0.6239,0
1677405600000,0.6239,0.6239,0.6239,0.6239,0
1677402000000,0.6239,0.6239,0.6239,0.6239,0
1677398400000,0.6239,0.6239,0.6239,0.6239,0
1677394800000,0.6239,0.6239,0.6239,0.6239,0
1677391200000,0.6239,0.6239,0.6239,0.6239,0
1677387600000,0.6239,0.6239,0.6239,0.6239,0
1677384000000,0.6239,0.6239,0.6239,0.6239,0
1677380400000,0.6239,0.6239,0.6239,0.6239,0
1677376800000,0.6239,0.6239,0.6239,0.6239,0
1677373200000,0.6239,0.6239,0.6239,0.6239,0
1677369600000,0.6239,0.6239,0.6239,0.6239,0
1677366000000,0.6239,0.6239,0.6239,0.6239,0
1677362400000,0.6239,0.6239,0.6239,0.6239,0
1677358800000,0.6239,0.6239,0.6239,0.6239,0
1677355200000,0.6239,0.6239,0.6239,0.6239,0
1677351600000,0.6239,0.6239,0.6239,0.6239,0
1677348000000,0.6239,0.6239,0.6239,0.6239,0
1677344400000,0.6239,0.6239,0.6239,0.6239,0
1677340800000,0.6239,0.6239,0.6239,0.6239,0
1677337200000,0.6239,0.6239,0.6239,0.6239,0
1677333600000,0.6239,0.6239,0.6239,0.6239,0
1677330000000,0.6239,0.6239,0.6239,0.6239,0
1677326400000,0.6239,0.6239,0.6239,0.6239,0
1677322800000,0.6239,0.6239,0.6239,0.6239,0
1677319200000,0.6239,0.6239,0.6239,0.6239,0
1677315600000,0.6239,0.6239,0.6239,0.6239,0
1677312000000,0.6239,0.6239,0.6239,0.6239,0
1677308400000,0.6239,0.6239,0.6239,0.6239,0
1677304800000,0.6239,0.6239,0.6239,0.6239,0
1677301200000,0.6239,0.6239,0.6239,0.6239,0
1677297600000,0.6239,0.6239,0.6239,0.6239,0
1677294000000,0.6239,0.6239,0.6239,0.6239,0
1677290400000,0.6239,0.6239,0.6239,0.6239,0
1677286800000,0.6239,0.6239,0.6239,0.6239,0
1677283200000,0.6239,0.6239,0.6239,0.6239,0
1677279600000,0.6239,0.6239,0.6239,0.6239,0
1677276000000,0.6239,0.6239,0.6239,0.6239,0
1677272400000,0.6239,0.6239,0.6239,0.6239,0
1677268800000,0.6239,0.6239,0.6239,0.6239,0
1677265200000,0.6239,0.6239,0.6239,0.6239,0
1677261600000,0.6239,0.6239,0.6239,0.6239,0
1677258000000,0.6239,0.6239,0.6239,0.6239,0
1677254400000,0.6239,0.6239,0.6239,0.6239,0
1677250800000,0.6239,0.6239,0.6239,0.6239,0
1677247200000,0.6239,0.6239,0.6239,0.6239,0
1677243600000,0.6239,0.6239,0.6239,0.6239,0
1677240000000,0.6239,0.6239,0.6239,0.6239,0
1677236400000,0.6239,0.6239,0.6239,0.6239,0
1677232800000,0.6239,0.6239,0.6239,0.6239,0
1677229200000,0.6239,0.6239,0.6239,0.6239,0
1677225600000,0.6239,0.6239,0.6239,0.6239,0
1677222000000,0.6239,0.6239,0.6239,0.6239,0
1677218400000,0.6239,0.6239,0.6239,0.6239,0
1677214800000,0.6239,0.6239,0.6239,0.6239,0
1677211200000,0.6239,0.6239,0.6239,0.6239,0
1677207600000,0.6239,0.6239,0.6239,0.6239,0
1677204000000,0.6239,0.6239,0.6239,0.6239,0
1677200400000,0.6239,0.6239,0.6239,0.6239,0
1677196800000,0.6239,0.6239,0.6239,0.6239,0
1677193200000,0.6239,0.6239,0.6239,0.6239,0
1677189600000,0.6239,0.6239,0.6239,0.6239,0
1677186000000,0.6239,0.6239,0.6239,0.6239,0
1677182400000,0.4594,0.6239,0.4594,0.6239,0.01218
1677178800000,0.6731,0.6731,0.4594,0.4594,0.0254
1677175200000,0.6888,0.7099,0.6731,0.6731,0.07238
1677171600000,0.7115,0.7115,0.6888,0.6888,0.01235
1677168000000,0.7115,0.7115,0.7115,0.7115,0
1677164400000,0.6919,0.7115,0.6919,0.7115,0.02393
1677160800000,0.6919,0.6919,0.6919,0.6919,0
1677157200000,0.6919,0.6919,0.6919,0.6919,0
1677153600000,0.6919,0.6919,0.6919,0.6919,0
1677150000000,0.6919,0.6919,0.6919,0.6919,0
1677146400000,0.6698,0.6919,0.6698,0.6919,0.01236
1677142800000,0.6698,0.6698,0.6698,0.6698,0
1677139200000,0.6698,0.6698,0.6698,0.6698,0
1677135600000,0.6698,0.6698,0.6698,0.6698,0
1677132000000,0.6698,0.6698,0.6698,0.6698,0
1677128400000,0.6698,0.6698,0.6698,0.6698,0
1677124800000,0.6698,0.6698,0.6698,0.6698,0
1677121200000,0.6698,0.6698,0.6698,0.6698,0
1677117600000,0.6698,0.6698,0.6698,0.6698,0
1677114000000,0.6698,0.6698,0.6698,0.6698,0
1677110400000,0.6698,0.6698,0.6698,0.6698,0
1677106800000,0.6698,0.6698,0.6698,0.6698,0
1677103200000,0.6698,0.6698,0.6698,0.6698,0
1677099600000,0.6698,0.6698,0.6698,0.6698,0
1677096000000,0.6698,0.6698,0.6698,0.6698,0
1677092400000,0.6698,0.6698,0.6698,0.6698,0
1677088800000,0.6698,0.6698,0.6698,0.6698,0
1677085200000,0.6698,0.6698,0.6698,0.6698,0
1677081600000,0.6698,0.6698,0.6698,0.6698,0
1677078000000,0.7071,0.7071,0.661,0.6698,0.09664
1677074400000,0.7071,0.7071,0.7071,0.7071,0
1677070800000,0.7071,0.7071,0.7071,0.7071,0
1677067200000,0.7071,0.7071,0.7071,0.7071,0
1677063600000,0.7071,0.7071,0.7071,0.7071,0
1677060000000,0.7071,0.7071,0.7071,0.7071,0
1677056400000,0.7071,0.7071,0.7071,0.7071,0
1677052800000,0.7071,0.7071,0.7071,0.7071,0
1677049200000,0.7071,0.7071,0.7071,0.7071,0
1677045600000,0.7071,0.7071,0.7071,0.7071,0
1677042000000,0.7071,0.7071,0.7071,0.7071,0
1677038400000,0.7071,0.7071,0.7071,0.7071,0
1677034800000,0.7071,0.7071,0.7071,0.7071,0
1677031200000,0.7071,0.7071,0.7071,0.7071,0
1677027600000,0.7071,0.7071,0.7071,0.7071,0
1677024000000,0.7694,0.7694,0.7071,0.7071,0.10306
1677020400000,0.7694,0.7694,0.7694,0.7694,0
1677016800000,0.7694,0.7694,0.7694,0.7694,0
1677013200000,0.7694,0.7694,0.7694,0.7694,0
1677009600000,0.7694,0.7694,0.7694,0.7694,0
1677006000000,0.7694,0.7694,0.7694,0.7694,0
1677002400000,0.7694,0.7694,0.7694,0.7694,0
1676998800000,0.7694,0.7694,0.7694,0.7694,0
1676995200000,0.7694,0.7694,0.7694,0.7694,0
1676991600000,0.7694,0.7694,0.7694,0.7694,0
1676988000000,0.7694,0.7694,0.7694,0.7694,0
1676984400000,0.7694,0.7694,0.7694,0.7694,0
1676980800000,0.7694,0.7694,0.7694,0.7694,0
1676977200000,0.7694,0.7694,0.7694,0.7694,0
1676973600000,0.7694,0.7694,0.7694,0.7694,0
1676970000000,0.7694,0.7694,0.7694,0.7694,0
1676966400000,0.7694,0.7694,0.7694,0.7694,0
1676962800000,0.7694,0.7694,0.7694,0.7694,0
1676959200000,0.7694,0.7694,0.7694,0.7694,0
1676955600000,0.7694,0.7694,0.7694,0.7694,0
1676952000000,0.7694,0.7694,0.7694,0.7694,0
1676948400000,0.7694,0.7694,0.7694,0.7694,0
1676944800000,0.7694,0.7694,0.7694,0.7694,0
1676941200000,0.7694,0.7694,0.7694,0.7694,0
1676937600000,0.7694,0.7694,0.7694,0.7694,0
1676934000000,0.7694,0.7694,0.7694,0.7694,0
1676930400000,0.7694,0.7694,0.7694,0.7694,0
1676926800000,0.7694,0.7694,0.7694,0.7694,0
1676923200000,0.7694,0.7694,0.7694,0.7694,0
1676919600000,0.7694,0.7694,0.7694,0.7694,0
1676916000000,0.7694,0.7694,0.7694,0.7694,0
1676912400000,0.7694,0.7694,0.7694,0.7694,0
1676908800000,0.7694,0.7694,0.7694,0.7694,0
1676905200000,0.7694,0.7694,0.7694,0.7694,0
1676901600000,0.7694,0.7694,0.7694,0.7694,0
1676898000000,0.7694,0.7694,0.7694,0.7694,0
1676894400000,0.7694,0.7694,0.7694,0.7694,0
1676890800000,0.7694,0.7694,0.7694,0.7694,0
1676887200000,0.7694,0.7694,0.7694,0.7694,0
1676883600000,0.7694,0.7694,0.7694,0.7694,0
1676880000000,0.7694,0.7694,0.7694,0.7694,0
1676876400000,0.7694,0.7694,0.7694,0.7694,0
1676872800000,0.7694,0.7694,0.7694,0.7694,0
1676869200000,0.7694,0.7694,0.7694,0.7694,0
1676865600000,0.7694,0.7694,0.7694,0.7694,0
1676862000000,0.7694,0.7694,0.7694,0.7694,0
1676858400000,0.7694,0.7694,0.7694,0.7694,0
1676854800000,0.7694,0.7694,0.7694,0.7694,0
1676851200000,0.7694,0.7694,0.7694,0.7694,0
1676847600000,0.7694,0.7694,0.7694,0.7694,0
1676844000000,0.7694,0.7694,0.7694,0.7694,0
1676840400000,0.7694,0.7694,0.7694,0.7694,0
1676836800000,0.7694,0.7694,0.7694,0.7694,0
1676833200000,0.7694,0.7694,0.7694,0.7694,0
1676829600000,0.7694,0.7694,0.7694,0.7694,0
1676826000000,0.7694,0.7694,0.7694,0.7694,0
1676822400000,0.7694,0.7694,0.7694,0.7694,0
1676818800000,0.7694,0.7694,0.7694,0.7694,0
1676815200000,0.7694,0.7694,0.7694,0.7694,0
1676811600000,0.7694,0.7694,0.7694,0.7694,0
1676808000000,0.7694,0.7694,0.7694,0.7694,0
1676804400000,0.7694,0.7694,0.7694,0.7694,0
1676800800000,0.7694,0.7694,0.7694,0.7694,0
1676797200000,0.7694,0.7694,0.7694,0.7694,0
1676793600000,0.7694,0.7694,0.7694,0.7694,0
1676790000000,0.7694,0.7694,0.7694,0.7694,0
1676786400000,0.7694,0.7694,0.7694,0.7694,0
1676782800000,0.7694,0.7694,0.7694,0.7694,0
1676779200000,0.7694,0.7694,0.7694,0.7694,0
1676775600000,0.7694,0.7694,0.7694,0.7694,0
1676772000000,0.7694,0.7694,0.7694,0.7694,0
1676768400000,0.7694,0.7694,0.7694,0.7694,0
1676764800000,0.7694,0.7694,0.7694,0.7694,0
1676761200000,0.7694,0.7694,0.7694,0.7694,0
1676757600000,0.7694,0.7694,0.7694,0.7694,0
1676754000000,0.7694,0.7694,0.7694,0.7694,0
1676750400000,0.7694,0.7694,0.7694,0.7694,0
1676746800000,0.7694,0.7694,0.7694,0.7694,0
1676743200000,0.7694,0.7694,0.7694,0.7694,0
1676739600000,0.7694,0.7694,0.7694,0.7694,0
1676736000000,0.7694,0.7694,0.7694,0.7694,0
1676732400000,0.7694,0.7694,0.7694,0.7694,0
1676728800000,0.7694,0.7694,0.7694,0.7694,0
1676725200000,0.7694,0.7694,0.7694,0.7694,0
1676721600000,0.7694,0.7694,0.7694,0.7694,0
1676718000000,0.7694,0.7694,0.7694,0.7694,0
1676714400000,0.7694,0.7694,0.7694,0.7694,0
1676710800000,0.7694,0.7694,0.7694,0.7694,0
1676707200000,0.7694,0.7694,0.7694,0.7694,0
1676703600000,0.7694,0.7694,0.7694,0.7694,0
1676700000000,0.7694,0.7694,0.7694,0.7694,0
1676696400000,0.7694,0.7694,0.7694,0.7694,0
1676692800000,0.7694,0.7694,0.7694,0.7694,0
1676689200000,0.7694,0.7694,0.7694,0.7694,0
1676685600000,0.7694,0.7694,0.7694,0.7694,0
1676682000000,0.7694,0.7694,0.7694,0.7694,0
1676678400000,0.7694,0.7694,0.7694,0.7694,0
1676674800000,0.7694,0.7694,0.7694,0.7694,0
1676671200000,0.7694,0.7694,0.7694,0.7694,0
1676667600000,0.7694,0.7694,0.7694,0.7694,0
1676664000000,0.7694,0.7694,0.7694,0.7694,0
1676660400000,0.7694,0.7694,0.7694,0.7694,0
1676656800000,0.7694,0.7694,0.7694,0.7694,0
1676653200000,0.7694,0.7694,0.7694,0.7694,0
1676649600000,0.7694,0.7694,0.7694,0.7694,0
1676646000000,0.7694,0.7694,0.7694,0.7694,0
1676642400000,0.7694,0.7694,0.7694,0.7694,0
1676638800000,0.7694,0.7694,0.7694,0.7694,0
1676635200000,0.7694,0.7694,0.7694,0.7694,0
1676631600000,0.7694,0.7694,0.7694,0.7694,0
1676628000000,0.7694,0.7694,0.7694,0.7694,0
1676624400000,0.7694,0.7694,0.7694,0.7694,0
1676620800000,0.7694,0.7694,0.7694,0.7694,0
1676617200000,0.7694,0.7694,0.7694,0.7694,0
1676613600000,0.7694,0.7694,0.7694,0.7694,0
1676610000000,0.7694,0.7694,0.7694,0.7694,0
1676606400000,0.7694,0.7694,0.7694,0.7694,0
1676602800000,0.7694,0.7694,0.7694,0.7694,0
1676599200000,0.7694,0.7694,0.7694,0.7694,0
1676595600000,0.7694,0.7694,0.7694,0.7694,0
1676592000000,0.7694,0.7694,0.7694,0.7694,0
1676588400000,0.7694,0.7694,0.7694,0.7694,0
1676584800000,0.7694,0.7694,0.7694,0.7694,0
1676581200000,0.7694,0.7694,0.7694,0.7694,0
1676577600000,0.7694,0.7694,0.7694,0.7694,0
1676574000000,0.7694,0.7694,0.7694,0.7694,0
1676570400000,0.7694,0.7694,0.7694,0.7694,0
1676566800000,0.7694,0.7694,0.7694,0.7694,0
1676563200000,0.7694,0.7694,0.7694,0.7694,0
1676559600000,0.7694,0.7694,0.7694,0.7694,0
1676556000000,0.7694,0.7694,0.7694,0.7694,0
1676552400000,0.7694,0.7694,0.7694,0.7694,0
1676548800000,0.7694,0.7694,0.7694,0.7694,0
1676545200000,0.7694,0.7694,0.7694,0.7694,0
1676541600000,0.7694,0.7694,0.7694,0.7694,0
1676538000000,0.7694,0.7694,0.7694,0.7694,0
1676534400000,0.7694,0.7694,0.7694,0.7694,0
1676530800000,0.7694,0.7694,0.7694,0.7694,0
1676527200000,0.7694,0.7694,0.7694,0.7694,0.01
1676523600000,0.7694,0.7694,0.7694,0.7694,0
1676520000000,0.7694,0.7694,0.7694,0.7694,0
1676516400000,0.7694,0.7694,0.7694,0.7694,0
1676512800000,0.7694,0.7694,0.7694,0.7694,0
1676509200000,0.7694,0.7694,0.7694,0.7694,0
1676505600000,0.7694,0.7694,0.7694,0.7694,0
1676502000000,0.7694,0.7694,0.7694,0.7694,0
1676498400000,0.7694,0.7694,0.7694,0.7694,0
1676494800000,0.7694,0.7694,0.7694,0.7694,0
1676491200000,0.7694,0.7694,0.7694,0.7694,0
1676487600000,0.7694,0.7694,0.7694,0.7694,0
1676484000000,0.7694,0.7694,0.7694,0.7694,0
1676480400000,0.7694,0.7694,0.7694,0.7694,0
1676476800000,0.7694,0.7694,0.7694,0.7694,0
1676473200000,0.7694,0.7694,0.7694,0.7694,0
1676469600000,0.7694,0.7694,0.7694,0.7694,0
1676466000000,0.7694,0.7694,0.7694,0.7694,0
1676462400000,0.7694,0.7694,0.7694,0.7694,0
1676458800000,0.7694,0.7694,0.7694,0.7694,0
1676455200000,0.7694,0.7694,0.7694,0.7694,0
1676451600000,0.7694,0.7694,0.7694,0.7694,0
1676448000000,0.7694,0.7694,0.7694,0.7694,0
1676444400000,0.7694,0.7694,0.7694,0.7694,0
1676440800000,0.7694,0.7694,0.7694,0.7694,0
1676437200000,0.7694,0.7694,0.7694,0.7694,0
1676433600000,0.7694,0.7694,0.7694,0.7694,0
1676430000000,0.7694,0.7694,0.7694,0.7694,0
1676426400000,0.7694,0.7694,0.7694,0.7694,0
1676422800000,0.7694,0.7694,0.7694,0.7694,0
1676419200000,0.7694,0.7694,0.7694,0.7694,0
1676415600000,0.7694,0.7694,0.7694,0.7694,0
1676412000000,0.7694,0.7694,0.7694,0.7694,0
1676408400000,0.7694,0.7694,0.7694,0.7694,0
1676404800000,0.7694,0.7694,0.7694,0.7694,0
1676401200000,0.7694,0.7694,0.7694,0.7694,0
1676397600000,0.7694,0.7694,0.7694,0.7694,0
1676394000000,0.7694,0.7694,0.7694,0.7694,0
1676390400000,0.7694,0.7694,0.7694,0.7694,0
1676386800000,0.7202,0.7694,0.7188,0.7694,0.03692
1676383200000,0.7202,0.7202,0.7202,0.7202,0
1676379600000,0.7202,0.7202,0.7202,0.7202,0
1676376000000,0.7202,0.7202,0.7202,0.7202,0
1676372400000,0.7202,0.7202,0.7202,0.7202,0
1676368800000,0.7202,0.7202,0.7202,0.7202,0
1676365200000,0.7202,0.7202,0.7202,0.7202,0
1676361600000,0.7202,0.7202,0.7202,0.7202,0
1676358000000,0.7202,0.7202,0.7202,0.7202,0
1676354400000,0.7202,0.7202,0.7202,0.7202,0
1676350800000,0.7202,0.7202,0.7202,0.7202,0
1676347200000,0.7202,0.7202,0.7202,0.7202,0
1676343600000,0.7202,0.7202,0.7202,0.7202,0
1676340000000,0.7202,0.7202,0.7202,0.7202,0
1676336400000,0.7202,0.7202,0.7202,0.7202,0
1676332800000,0.7202,0.7202,0.7202,0.7202,0
1676329200000,0.7202,0.7202,0.7202,0.7202,0
1676325600000,0.7202,0.7202,0.7202,0.7202,0
1676322000000,0.7202,0.7202,0.7202,0.7202,0
1676318400000,0.7202,0.7202,0.7202,0.7202,0
1676314800000,0.7202,0.7202,0.7202,0.7202,0
1676311200000,0.7202,0.7202,0.7202,0.7202,0
1676307600000,0.7202,0.7202,0.7202,0.7202,0
1676304000000,0.7202,0.7202,0.7202,0.7202,0
1676300400000,0.7202,0.7202,0.7202,0.7202,0
1676296800000,0.7202,0.7202,0.7202,0.7202,0
1676293200000,0.7202,0.7202,0.7202,0.7202,0
1676289600000,0.7202,0.7202,0.7202,0.7202,0
1676286000000,0.7202,0.7202,0.7202,0.7202,0
1676282400000,0.7202,0.7202,0.7202,0.7202,0
1676278800000,0.7202,0.7202,0.7202,0.7202,0
1676275200000,0.7202,0.7202,0.7202,0.7202,0
1676271600000,0.7202,0.7202,0.7202,0.7202,0
1676268000000,0.7202,0.7202,0.7202,0.7202,0
1676264400000,0.7202,0.7202,0.7202,0.7202,0
1676260800000,0.7202,0.7202,0.7202,0.7202,0
1676257200000,0.7202,0.7202,0.7202,0.7202,0
1676253600000,0.7202,0.7202,0.7202,0.7202,0
1676250000000,0.7202,0.7202,0.7202,0.7202,0
1676246400000,0.7202,0.7202,0.7202,0.7202,0
1676242800000,0.7202,0.7202,0.7202,0.7202,0
1676239200000,0.7202,0.7202,0.7202,0.7202,0
1676235600000,0.7202,0.7202,0.7202,0.7202,0
1676232000000,0.7202,0.7202,0.7202,0.7202,0
1676228400000,0.7202,0.7202,0.7202,0.7202,0
1676224800000,0.7202,0.7202,0.7202,0.7202,0
1676221200000,0.7202,0.7202,0.7202,0.7202,0
1676217600000,0.7202,0.7202,0.7202,0.7202,0
1676214000000,0.7202,0.7202,0.7202,0.7202,0
1676210400000,0.7202,0.7202,0.7202,0.7202,0
1676206800000,0.7202,0.7202,0.7202,0.7202,0
1676203200000,0.7202,0.7202,0.7202,0.7202,0
1676199600000,0.7202,0.7202,0.7202,0.7202,0
1676196000000,0.7202,0.7202,0.7202,0.7202,0
1676192400000,0.7202,0.7202,0.7202,0.7202,0
1676188800000,0.7202,0.7202,0.7202,0.7202,0
1676185200000,0.7202,0.7202,0.7202,0.7202,0
1676181600000,0.7202,0.7202,0.7202,0.7202,0
1676178000000,0.7202,0.7202,0.7202,0.7202,0
1676174400000,0.7202,0.7202,0.7202,0.7202,0
1676170800000,0.7202,0.7202,0.7202,0.7202,0
1676167200000,0.7202,0.7202,0.7202,0.7202,0
1676163600000,0.7202,0.7202,0.7202,0.7202,0
1676160000000,0.7202,0.7202,0.7202,0.7202,0
1676156400000,0.7202,0.7202,0.7202,0.7202,0
1676152800000,0.7202,0.7202,0.7202,0.7202,0
1676149200000,0.7202,0.7202,0.7202,0.7202,0
1676145600000,0.7202,0.7202,0.7202,0.7202,0
1676142000000,0.7202,0.7202,0.7202,0.7202,0
1676138400000,0.7202,0.7202,0.7202,0.7202,0
1676134800000,0.7202,0.7202,0.7202,0.7202,0
1676131200000,0.7202,0.7202,0.7202,0.7202,0
1676127600000,0.7202,0.7202,0.7202,0.7202,0
1676124000000,0.7202,0.7202,0.7202,0.7202,0
1676120400000,0.7202,0.7202,0.7202,0.7202,0
1676116800000,0.7202,0.7202,0.7202,0.7202,0
1676113200000,0.7202,0.7202,0.7202,0.7202,0
1676109600000,0.7202,0.7202,0.7202,0.7202,0
1676106000000,0.7202,0.7202,0.7202,0.7202,0
1676102400000,0.7202,0.7202,0.7202,0.7202,0
1676098800000,0.7202,0.7202,0.7202,0.7202,0
1676095200000,0.7202,0.7202,0.7202,0.7202,0
1676091600000,0.7202,0.7202,0.7202,0.7202,0
1676088000000,0.7202,0.7202,0.7202,0.7202,0
1676084400000,0.7202,0.7202,0.7202,0.7202,0
1676080800000,0.7202,0.7202,0.7202,0.7202,0
1676077200000,0.7202,0.7202,0.7202,0.7202,0
1676073600000,0.7202,0.7207,0.7202,0.7202,0.02385
1676070000000,0.7694,0.7694,0.7202,0.7202,0.12824
1676066400000,0.7694,0.7694,0.7694,0.7694,0
1676062800000,0.7189,0.7694,0.7189,0.7694,0.02565
1676059200000,0.7189,0.7189,0.7189,0.7189,0
1676055600000,0.7189,0.7189,0.7189,0.7189,0
1676052000000,0.7185,0.7189,0.718,0.7189,0.02238
1676048400000,0.716,0.7632,0.6974,0.7185,0.24678
1676044800000,0.7245,0.7245,0.7075,0.716,0.05131
1676041200000,0.7536,0.7536,0.7058,0.7245,0.04283
1676037600000,0.7536,0.7536,0.7536,0.7536,0
1676034000000,0.6853,0.7536,0.6853,0.7536,0.01263
1676030400000,0.6853,0.6853,0.6853,0.6853,0
1676026800000,0.6853,0.6853,0.6853,0.6853,0
1676023200000,0.6853,0.6853,0.6853,0.6853,0
1676019600000,0.6853,0.6853,0.6853,0.6853,0
1676016000000,0.6853,0.6853,0.6853,0.6853,0
1676012400000,0.6853,0.6853,0.6853,0.6853,0
1676008800000,0.6853,0.6853,0.6853,0.6853,0
1676005200000,0.6853,0.6853,0.6853,0.6853,0
1676001600000,0.6853,0.6853,0.6853,0.6853,0
1675998000000,0.6853,0.6853,0.6853,0.6853,0
1675994400000,0.6853,0.6853,0.6853,0.6853,0
1675990800000,0.6853,0.6853,0.6853,0.6853,0
1675987200000,0.6853,0.6853,0.6853,0.6853,0
1675983600000,0.6853,0.6853,0.6853,0.6853,0
1675980000000,0.6853,0.6853,0.6853,0.6853,0
1675976400000,0.6853,0.6853,0.6853,0.6853,0
1675972800000,0.6853,0.6853,0.6853,0.6853,0
1675969200000,0.6853,0.6853,0.6853,0.6853,0
1675965600000,0.6853,0.6853,0.6853,0.6853,0
1675962000000,0.6853,0.6853,0.6853,0.6853,0
1675958400000,0.6853,0.6853,0.6853,0.6853,0
1675954800000,0.6853,0.6853,0.6853,0.6853,0
1675951200000,0.6853,0.6853,0.6853,0.6853,0
1675947600000,0.6853,0.6853,0.6853,0.6853,0
1675944000000,0.6853,0.6853,0.6853,0.6853,0
1675940400000,0.6853,0.6853,0.6853,0.6853,0
1675936800000,0.6853,0.6853,0.6853,0.6853,0
1675933200000,0.6853,0.6853,0.6853,0.6853,0
1675929600000,0.6853,0.6853,0.6853,0.6853,0
1675926000000,0.6853,0.6853,0.6853,0.6853,0
1675922400000,0.6853,0.6853,0.6853,0.6853,0
1675918800000,0.6853,0.6853,0.6853,0.6853,0
1675915200000,0.6853,0.6853,0.6853,0.6853,0
1675911600000,0.6853,0.6853,0.6853,0.6853,0
1675908000000,0.6853,0.6853,0.6853,0.6853,0
1675904400000,0.6853,0.6853,0.6853,0.6853,0
1675900800000,0.6853,0.6853,0.6853,0.6853,0
1675897200000,0.6853,0.6853,0.6853,0.6853,0
1675893600000,0.6853,0.6853,0.6853,0.6853,0
1675890000000,0.6853,0.6853,0.6853,0.6853,0
1675886400000,0.6853,0.6853,0.6853,0.6853,0
1675882800000,0.6853,0.6853,0.6853,0.6853,0
1675879200000,0.6853,0.6853,0.6853,0.6853,0
1675875600000,0.6853,0.6853,0.6853,0.6853,0
1675872000000,0.6853,0.6853,0.6853,0.6853,0
1675868400000,0.6853,0.6853,0.6853,0.6853,0
1675864800000,0.6853,0.6853,0.6853,0.6853,0
1675861200000,0.6853,0.6853,0.6853,0.6853,0
1675857600000,0.6853,0.6853,0.6853,0.6853,0
1675854000000,0.6853,0.6853,0.6853,0.6853,0
1675850400000,0.6853,0.6853,0.6853,0.6853,0
1675846800000,0.6853,0.6853,0.6853,0.6853,0
1675843200000,0.6853,0.6853,0.6853,0.6853,0
1675839600000,0.6853,0.6853,0.6853,0.6853,0
1675836000000,0.6853,0.6853,0.6853,0.6853,0
1675832400000,0.6853,0.6853,0.6853,0.6853,0
1675828800000,0.6853,0.6853,0.6853,0.6853,0
1675825200000,0.6853,0.6853,0.6853,0.6853,0
1675821600000,0.6853,0.6853,0.6853,0.6853,0
1675818000000,0.6853,0.6853,0.6853,0.6853,0
1675814400000,0.6853,0.6853,0.6853,0.6853,0
1675810800000,0.6853,0.6853,0.6853,0.6853,0
1675807200000,0.6853,0.6853,0.6853,0.6853,0
1675803600000,0.6853,0.6853,0.6853,0.6853,0
1675800000000,0.6853,0.6853,0.6853,0.6853,0
1675796400000,0.6853,0.6853,0.6853,0.6853,0
1675792800000,0.6853,0.6853,0.6853,0.6853,0
1675789200000,0.6853,0.6853,0.6853,0.6853,0
1675785600000,0.6853,0.6853,0.6853,0.6853,0
1675782000000,0.6853,0.6853,0.6853,0.6853,0
1675778400000,0.6853,0.6853,0.6853,0.6853,0
1675774800000,0.6853,0.6853,0.6853,0.6853,0
1675771200000,0.6853,0.6853,0.6853,0.6853,0
1675767600000,0.6853,0.6853,0.6853,0.6853,0
1675764000000,0.6853,0.6853,0.6853,0.6853,0
1675760400000,0.6853,0.6853,0.6853,0.6853,0
1675756800000,0.6853,0.6853,0.6853,0.6853,0
1675753200000,0.6853,0.6853,0.6853,0.6853,0
1675749600000,0.6853,0.6853,0.6853,0.6853,0
1675746000000,0.6853,0.6853,0.6853,0.6853,0
1675742400000,0.6853,0.6853,0.6853,0.6853,0
1675738800000,0.6853,0.6853,0.6853,0.6853,0
1675735200000,0.6853,0.6853,0.6853,0.6853,0
1675731600000,0.6853,0.6853,0.6853,0.6853,0
1675728000000,0.6853,0.6853,0.6853,0.6853,0
1675724400000,0.6853,0.6853,0.6853,0.6853,0
1675720800000,0.6853,0.6853,0.6853,0.6853,0
1675717200000,0.6853,0.6853,0.6853,0.6853,0
1675713600000,0.6853,0.6853,0.6853,0.6853,0
1675710000000,0.6853,0.6853,0.6853,0.6853,0
1675706400000,0.6853,0.6853,0.6853,0.6853,0
1675702800000,0.6853,0.6853,0.6853,0.6853,0
1675699200000,0.6853,0.6853,0.6853,0.6853,0
1675695600000,0.6853,0.6853,0.6853,0.6853,0
1675692000000,0.6853,0.6853,0.6853,0.6853,0
1675688400000,0.6853,0.6853,0.6853,0.6853,0
1675684800000,0.6853,0.6853,0.6853,0.6853,0
1675681200000,0.6853,0.6853,0.6853,0.6853,0
1675677600000,0.6853,0.6853,0.6853,0.6853,0
1675674000000,0.6853,0.6853,0.6853,0.6853,0
1675670400000,0.6853,0.6853,0.6853,0.6853,0
1675666800000,0.6853,0.6853,0.6853,0.6853,0
1675663200000,0.6853,0.6853,0.6853,0.6853,0
1675659600000,0.6853,0.6853,0.6853,0.6853,0
1675656000000,0.6853,0.6853,0.6853,0.6853,0
1675652400000,0.6853,0.6853,0.6853,0.6853,0
1675648800000,0.6853,0.6853,0.6853,0.6853,0
1675645200000,0.6853,0.6853,0.6853,0.6853,0
1675641600000,0.6853,0.6853,0.6853,0.6853,0
1675638000000,0.6853,0.6853,0.6853,0.6853,0
1675634400000,0.6853,0.6853,0.6853,0.6853,0
1675630800000,0.6853,0.6853,0.6853,0.6853,0
1675627200000,0.6853,0.6853,0.6853,0.6853,0
1675623600000,0.6853,0.6853,0.6853,0.6853,0
1675620000000,0.6853,0.6853,0.6853,0.6853,0
1675616400000,0.6853,0.6853,0.6853,0.6853,0
1675612800000,0.6853,0.6853,0.6853,0.6853,0
1675609200000,0.6853,0.6853,0.6853,0.6853,0
1675605600000,0.6853,0.6853,0.6853,0.6853,0
1675602000000,0.6853,0.6853,0.6853,0.6853,0
1675598400000,0.6853,0.6853,0.6853,0.6853,0
1675594800000,0.6853,0.6853,0.6853,0.6853,0
1675591200000,0.6853,0.6853,0.6853,0.6853,0
1675587600000,0.6853,0.6853,0.6853,0.6853,0
1675584000000,0.6853,0.6853,0.6853,0.6853,0
1675580400000,0.6853,0.6853,0.6853,0.6853,0
1675576800000,0.6853,0.6853,0.6853,0.6853,0
1675573200000,0.6853,0.6853,0.6853,0.6853,0
1675569600000,0.6853,0.6853,0.6853,0.6853,0
1675566000000,0.6853,0.6853,0.6853,0.6853,0
1675562400000,0.6853,0.6853,0.6853,0.6853,0
1675558800000,0.6853,0.6853,0.6853,0.6853,0
1675555200000,0.6853,0.6853,0.6853,0.6853,0
1675551600000,0.6853,0.6853,0.6853,0.6853,0
1675548000000,0.6853,0.6853,0.6853,0.6853,0
1675544400000,0.6853,0.6853,0.6853,0.6853,0
1675540800000,0.6853,0.6853,0.6853,0.6853,0
1675537200000,0.6853,0.6853,0.6853,0.6853,0
1675533600000,0.6853,0.6853,0.6853,0.6853,0
1675530000000,0.6853,0.6853,0.6853,0.6853,0
1675526400000,0.6853,0.6853,0.6853,0.6853,0
1675522800000,0.6853,0.6853,0.6853,0.6853,0
1675519200000,0.6853,0.6853,0.6853,0.6853,0
1675515600000,0.6853,0.6853,0.6853,0.6853,0
1675512000000,0.6853,0.6853,0.6853,0.6853,0
1675508400000,0.6853,0.6853,0.6853,0.6853,0
1675504800000,0.6853,0.6853,0.6853,0.6853,0
1675501200000,0.6853,0.6853,0.6853,0.6853,0
1675497600000,0.6853,0.6853,0.6853,0.6853,0
1675494000000,0.6853,0.6853,0.6853,0.6853,0
1675490400000,0.6853,0.6853,0.6853,0.6853,0
1675486800000,0.6853,0.6853,0.6853,0.6853,0
1675483200000,0.6853,0.6853,0.6853,0.6853,0
1675479600000,0.6853,0.6853,0.6853,0.6853,0
1675476000000,0.6853,0.6853,0.6853,0.6853,0
1675472400000,0.6853,0.6853,0.6853,0.6853,0
1675468800000,0.6853,0.6853,0.6853,0.6853,0
1675465200000,0.6853,0.6853,0.6853,0.6853,0
1675461600000,0.6853,0.6853,0.6853,0.6853,0
1675458000000,0.6853,0.6853,0.6853,0.6853,0
1675454400000,0.6853,0.6853,0.6853,0.6853,0
1675450800000,0.6853,0.6853,0.6853,0.6853,0
1675447200000,0.6853,0.6853,0.6853,0.6853,0
1675443600000,0.6853,0.6853,0.6853,0.6853,0
1675440000000,0.6853,0.6853,0.6853,0.6853,0
1675436400000,0.6853,0.6853,0.6853,0.6853,0
1675432800000,0.6853,0.6853,0.6853,0.6853,0
1675429200000,0.6853,0.6853,0.6853,0.6853,0
1675425600000,0.6853,0.6853,0.6853,0.6853,0
1675422000000,0.6853,0.6853,0.6853,0.6853,0
1675418400000,0.6853,0.6853,0.6853,0.6853,0
1675414800000,0.6853,0.6853,0.6853,0.6853,0
1675411200000,0.6853,0.6853,0.6853,0.6853,0
1675407600000,0.6853,0.6853,0.6853,0.6853,0
1675404000000,0.6853,0.6853,0.6853,0.6853,0
1675400400000,0.6853,0.6853,0.6853,0.6853,0
1675396800000,0.6853,0.6853,0.6853,0.6853,0
1675393200000,0.6853,0.6853,0.6853,0.6853,0
1675389600000,0.6853,0.6853,0.6853,0.6853,0
1675386000000,0.6853,0.6853,0.6853,0.6853,0
1675382400000,0.6853,0.6853,0.6853,0.6853,0
1675378800000,0.6853,0.6853,0.6853,0.6853,0
1675375200000,0.6853,0.6853,0.6853,0.6853,0
1675371600000,0.6853,0.6853,0.6853,0.6853,0
1675368000000,0.6853,0.6853,0.6853,0.6853,0
1675364400000,0.6853,0.6853,0.6853,0.6853,0
1675360800000,0.6853,0.6853,0.6853,0.6853,0
1675357200000,0.6853,0.6853,0.6853,0.6853,0
1675353600000,0.6853,0.6853,0.6853,0.6853,0
1675350000000,0.6853,0.6853,0.6853,0.6853,0
1675346400000,0.6853,0.6853,0.6853,0.6853,0
1675342800000,0.6853,0.6853,0.6853,0.6853,0
1675339200000,0.6853,0.6853,0.6853,0.6853,0
1675335600000,0.6853,0.6853,0.6853,0.6853,0
1675332000000,0.6853,0.6853,0.6853,0.6853,0
1675328400000,0.6853,0.6853,0.6853,0.6853,0
1675324800000,0.6853,0.6853,0.6853,0.6853,0
1675321200000,0.6853,0.6853,0.6853,0.6853,0
1675317600000,0.6853,0.6853,0.6853,0.6853,0
1675314000000,0.6853,0.6853,0.6853,0.6853,0
1675310400000,0.6853,0.6853,0.6853,0.6853,0
1675306800000,0.6853,0.6853,0.6853,0.6853,0
1675303200000,0.6853,0.6853,0.6853,0.6853,0
1675299600000,0.6853,0.6853,0.6853,0.6853,0
1675296000000,0.6853,0.6853,0.6853,0.6853,0
1675292400000,0.6853,0.6853,0.6853,0.6853,0
1675288800000,0.6853,0.6853,0.6853,0.6853,0
1675285200000,0.6853,0.6853,0.6853,0.6853,0
1675281600000,0.6853,0.6853,0.6853,0.6853,0
1675278000000,0.6853,0.6853,0.6853,0.6853,0
1675274400000,0.6853,0.6853,0.6853,0.6853,0
1675270800000,0.6853,0.6853,0.6853,0.6853,0
1675267200000,0.6853,0.6853,0.6853,0.6853,0
1675263600000,0.6853,0.6853,0.6853,0.6853,0
1675260000000,0.6853,0.6853,0.6853,0.6853,0
1675256400000,0.6853,0.6853,0.6853,0.6853,0
1675252800000,0.6853,0.6853,0.6853,0.6853,0
1675249200000,0.6853,0.6853,0.6853,0.6853,0
1675245600000,0.6853,0.6853,0.6853,0.6853,0
1675242000000,0.6853,0.6853,0.6853,0.6853,0
1675238400000,0.6853,0.6853,0.6853,0.6853,0
1675234800000,0.6853,0.6853,0.6853,0.6853,0
1675231200000,0.6853,0.6853,0.6853,0.6853,0
1675227600000,0.6853,0.6853,0.6853,0.6853,0
1675224000000,0.6853,0.6853,0.6853,0.6853,0
1675220400000,0.6853,0.6853,0.6853,0.6853,0
1675216800000,0.6853,0.6853,0.6853,0.6853,0
1675213200000,0.6853,0.6853,0.6853,0.6853,0
1675209600000,0.6853,0.6853,0.6853,0.6853,0
1675206000000,0.6853,0.6853,0.6853,0.6853,0
1675202400000,0.6853,0.6853,0.6853,0.6853,0
1675198800000,0.6853,0.6853,0.6853,0.6853,0
1675195200000,0.6853,0.6853,0.6853,0.6853,0
1675191600000,0.6853,0.6853,0.6853,0.6853,0
1675188000000,0.6853,0.6853,0.6853,0.6853,0
1675184400000,0.6853,0.6853,0.6853,0.6853,0
1675180800000,0.6853,0.6853,0.6853,0.6853,0
1675177200000,0.6853,0.6853,0.6853,0.6853,0
1675173600000,0.6853,0.6853,0.6853,0.6853,0
1675170000000,0.6853,0.6853,0.6853,0.6853,0
1675166400000,0.6853,0.6853,0.6853,0.6853,0
1675162800000,0.6853,0.6853,0.6853,0.6853,0
1675159200000,0.6853,0.6853,0.6853,0.6853,0
1675155600000,0.6853,0.6853,0.6853,0.6853,0
1675152000000,0.6853,0.6853,0.6853,0.6853,0
1675148400000,0.6853,0.6853,0.6853,0.6853,0
1675144800000,0.6853,0.6853,0.6853,0.6853,0
1675141200000,0.6853,0.6853,0.6853,0.6853,0
1675137600000,0.6853,0.6853,0.6853,0.6853,0
1675134000000,0.6853,0.6853,0.6853,0.6853,0
1675130400000,0.6853,0.6853,0.6853,0.6853,0
1675126800000,0.6853,0.6853,0.6853,0.6853,0
1675123200000,0.6853,0.6853,0.6853,0.6853,0
1675119600000,0.6853,0.6853,0.6853,0.6853,0
1675116000000,0.6853,0.6853,0.6853,0.6853,0
1675112400000,0.6853,0.6853,0.6853,0.6853,0
1675108800000,0.6853,0.6853,0.6853,0.6853,0
1675105200000,0.6853,0.6853,0.6853,0.6853,0
1675101600000,0.6853,0.6853,0.6853,0.6853,0
1675098000000,0.6853,0.6853,0.6853,0.6853,0
1675094400000,0.6853,0.6853,0.6853,0.6853,0
1675090800000,0.6853,0.6853,0.6853,0.6853,0
1675087200000,0.6853,0.6853,0.6853,0.6853,0
1675083600000,0.6853,0.6853,0.6853,0.6853,0
1675080000000,0.6853,0.6853,0.6853,0.6853,0
1675076400000,0.6853,0.6853,0.6853,0.6853,0
1675072800000,0.6853,0.6853,0.6853,0.6853,0
1675069200000,0.6853,0.6853,0.6853,0.6853,0
1675065600000,0.6853,0.6853,0.6853,0.6853,0
1675062000000,0.6853,0.6853,0.6853,0.6853,0
1675058400000,0.6853,0.6853,0.6853,0.6853,0
1675054800000,0.6853,0.6853,0.6853,0.6853,0
1675051200000,0.6853,0.6853,0.6853,0.6853,0
1675047600000,0.6853,0.6853,0.6853,0.6853,0
1675044000000,0.6853,0.6853,0.6853,0.6853,0
1675040400000,0.6853,0.6853,0.6853,0.6853,0
1675036800000,0.6853,0.6853,0.6853,0.6853,0
1675033200000,0.6853,0.6853,0.6853,0.6853,0
1675029600000,0.6853,0.6853,0.6853,0.6853,0
1675026000000,0.6853,0.6853,0.6853,0.6853,0
1675022400000,0.6853,0.6853,0.6853,0.6853,0
1675018800000,0.6853,0.6853,0.6853,0.6853,0
1675015200000,0.6853,0.6853,0.6853,0.6853,0
1675011600000,0.6853,0.6853,0.6853,0.6853,0
1675008000000,0.6853,0.6853,0.6853,0.6853,0
1675004400000,0.6853,0.6853,0.6853,0.6853,0
1675000800000,0.6853,0.6853,0.6853,0.6853,0
1674997200000,0.6853,0.6853,0.6853,0.6853,0
1674993600000,0.6853,0.6853,0.6853,0.6853,0
1674990000000,0.6853,0.6853,0.6853,0.6853,0
1674986400000,0.6853,0.6853,0.6853,0.6853,0
1674982800000,0.6853,0.6853,0.6853,0.6853,0
1674979200000,0.6853,0.6853,0.6853,0.6853,0
1674975600000,0.6853,0.6853,0.6853,0.6853,0
1674972000000,0.6853,0.6853,0.6853,0.6853,0
1674968400000,0.6853,0.6853,0.6853,0.6853,0
1674964800000,0.6853,0.6853,0.6853,0.6853,0
1674961200000,0.6853,0.6853,0.6853,0.6853,0
1674957600000,0.6853,0.6853,0.6853,0.6853,0
1674954000000,0.6853,0.6853,0.6853,0.6853,0
1674950400000,0.6853,0.6853,0.6853,0.6853,0
1674946800000,0.6853,0.6853,0.6853,0.6853,0
1674943200000,0.6853,0.6853,0.6853,0.6853,0
1674939600000,0.6853,0.6853,0.6853,0.6853,0
1674936000000,0.6853,0.6853,0.6853,0.6853,0
1674932400000,0.6853,0.6853,0.6853,0.6853,0
1674928800000,0.6853,0.6853,0.6853,0.6853,0
1674925200000,0.6853,0.6853,0.6853,0.6853,0
1674921600000,0.6853,0.6853,0.6853,0.6853,0
1674918000000,0.6853,0.6853,0.6853,0.6853,0
1674914400000,0.6853,0.6853,0.6853,0.6853,0
1674910800000,0.6853,0.6853,0.6853,0.6853,0
1674907200000,0.6853,0.6853,0.6853,0.6853,0
1674903600000,0.6853,0.6853,0.6853,0.6853,0
1674900000000,0.6853,0.6853,0.6853,0.6853,0
1674896400000,0.6853,0.6853,0.6853,0.6853,0
1674892800000,0.6853,0.6853,0.6853,0.6853,0
1674889200000,0.6853,0.6853,0.6853,0.6853,0
1674885600000,0.6575,0.6853,0.6575,0.6853,0.01432
1674882000000,0.6575,0.6575,0.6575,0.6575,0
1674878400000,0.6575,0.6575,0.6575,0.6575,0
1674874800000,0.6551,0.6575,0.6551,0.6575,0.2548
1674871200000,0.6551,0.6551,0.6551,0.6551,0
1674867600000,0.6551,0.6551,0.6551,0.6551,0
1674864000000,0.6551,0.6551,0.6551,0.6551,0
1674860400000,0.6551,0.6551,0.6551,0.6551,0
1674856800000,0.6551,0.6551,0.6551,0.6551,0
1674853200000,0.6551,0.6551,0.6551,0.6551,0
1674849600000,0.6551,0.6551,0.6551,0.6551,0
1674846000000,0.6521,0.6551,0.6521,0.6551,0.03341
1674842400000,0.615,0.6521,0.615,0.6521,0.02305
1674838800000,0.615,0.615,0.615,0.615,0
1674835200000,0.615,0.615,0.615,0.615,0
1674831600000,0.615,0.615,0.615,0.615,0
1674828000000,0.615,0.615,0.615,0.615,0
1674824400000,0.615,0.615,0.615,0.615,0
1674820800000,0.615,0.615,0.615,0.615,0
1674817200000,0.615,0.615,0.615,0.615,0
1674813600000,0.615,0.615,0.615,0.615,0
1674810000000,0.615,0.615,0.615,0.615,0
1674806400000,0.615,0.615,0.615,0.615,0
1674802800000,0.615,0.615,0.615,0.615,0
1674799200000,0.615,0.615,0.615,0.615,0
1674795600000,0.615,0.615,0.615,0.615,0
1674792000000,0.615,0.615,0.615,0.615,0
1674788400000,0.615,0.615,0.615,0.615,0
1674784800000,0.615,0.615,0.615,0.615,0
1674781200000,0.615,0.615,0.615,0.615,0
1674777600000,0.615,0.615,0.615,0.615,0
1674774000000,0.615,0.615,0.615,0.615,0
1674770400000,0.615,0.615,0.615,0.615,0
1674766800000,0.615,0.615,0.615,0.615,0
1674763200000,0.615,0.615,0.615,0.615,0
1674759600000,0.615,0.615,0.615,0.615,0
1674756000000,0.615,0.615,0.615,0.615,0
1674752400000,0.615,0.615,0.615,0.615,0
1674748800000,0.615,0.615,0.615,0.615,0
1674745200000,0.615,0.615,0.615,0.615,0
1674741600000,0.615,0.615,0.615,0.615,0
1674738000000,0.615,0.615,0.615,0.615,0
1674734400000,0.615,0.615,0.615,0.615,0
1674730800000,0.615,0.615,0.615,0.615,0
1674727200000,0.615,0.615,0.615,0.615,0
1674723600000,0.615,0.615,0.615,0.615,0
1674720000000,0.615,0.615,0.615,0.615,0
1674716400000,0.615,0.615,0.615,0.615,0
1674712800000,0.615,0.615,0.615,0.615,0
1674709200000,0.615,0.615,0.615,0.615,0
1674705600000,0.615,0.615,0.615,0.615,0
1674702000000,0.615,0.615,0.615,0.615,0
1674698400000,0.615,0.615,0.615,0.615,0
1674694800000,0.615,0.615,0.615,0.615,0
1674691200000,0.615,0.615,0.615,0.615,0
1674687600000,0.615,0.615,0.615,0.615,0
1674684000000,0.615,0.615,0.615,0.615,0
1674680400000,0.615,0.615,0.615,0.615,0
1674676800000,0.615,0.615,0.615,0.615,0
1674673200000,0.615,0.615,0.615,0.615,0
1674669600000,0.615,0.615,0.615,0.615,0
1674666000000,0.615,0.615,0.615,0.615,0
1674662400000,0.615,0.615,0.615,0.615,0
1674658800000,0.615,0.615,0.615,0.615,0
1674655200000,0.615,0.615,0.615,0.615,0
1674651600000,0.615,0.615,0.615,0.615,0
1674648000000,0.615,0.615,0.615,0.615,0
1674644400000,0.615,0.615,0.615,0.615,0
1674640800000,0.615,0.615,0.615,0.615,0
1674637200000,0.615,0.615,0.615,0.615,0
1674633600000,0.615,0.615,0.615,0.615,0
1674630000000,0.615,0.615,0.615,0.615,0
1674626400000,0.615,0.615,0.615,0.615,0
1674622800000,0.615,0.615,0.615,0.615,0
1674619200000,0.615,0.615,0.615,0.615,0
1674615600000,0.615,0.615,0.615,0.615,0
1674612000000,0.615,0.615,0.615,0.615,0
1674608400000,0.615,0.615,0.615,0.615,0
1674604800000,0.615,0.615,0.615,0.615,0
1674601200000,0.615,0.615,0.615,0.615,0
1674597600000,0.615,0.615,0.615,0.615,0
1674594000000,0.615,0.615,0.615,0.615,0
1674590400000,0.615,0.615,0.615,0.615,0
1674586800000,0.615,0.615,0.615,0.615,0
1674583200000,0.615,0.615,0.615,0.615,0
1674579600000,0.615,0.615,0.615,0.615,0
1674576000000,0.615,0.615,0.615,0.615,0
1674572400000,0.615,0.615,0.615,0.615,0
1674568800000,0.615,0.615,0.615,0.615,0
1674565200000,0.615,0.615,0.615,0.615,0
1674561600000,0.615,0.615,0.615,0.615,0
1674558000000,0.615,0.615,0.615,0.615,0
1674554400000,0.615,0.615,0.615,0.615,0
1674550800000,0.615,0.615,0.615,0.615,0
1674547200000,0.615,0.615,0.615,0.615,0
1674543600000,0.615,0.615,0.615,0.615,0
1674540000000,0.615,0.615,0.615,0.615,0
1674536400000,0.615,0.615,0.615,0.615,0
1674532800000,0.615,0.615,0.615,0.615,0
1674529200000,0.615,0.615,0.615,0.615,0
1674525600000,0.615,0.615,0.615,0.615,0
1674522000000,0.615,0.615,0.615,0.615,0
1674518400000,0.615,0.615,0.615,0.615,0
1674514800000,0.615,0.615,0.615,0.615,0
1674511200000,0.615,0.615,0.615,0.615,0
1674507600000,0.615,0.615,0.615,0.615,0
1674504000000,0.615,0.615,0.615,0.615,0
1674500400000,0.615,0.615,0.615,0.615,0
1674496800000,0.615,0.615,0.615,0.615,0
1674493200000,0.615,0.615,0.615,0.615,0
1674489600000,0.615,0.615,0.615,0.615,0
1674486000000,0.615,0.615,0.615,0.615,0
1674482400000,0.615,0.615,0.615,0.615,0
1674478800000,0.615,0.615,0.615,0.615,0
1674475200000,0.615,0.615,0.615,0.615,0
1674471600000,0.615,0.615,0.615,0.615,0
1674468000000,0.615,0.615,0.615,0.615,0
1674464400000,0.615,0.615,0.615,0.615,0
1674460800000,0.615,0.615,0.615,0.615,0
1674457200000,0.615,0.615,0.615,0.615,0
1674453600000,0.615,0.615,0.615,0.615,0
1674450000000,0.7,0.7,0.615,0.615,1.34835
1674446400000,0.7,0.7,0.7,0.7,0
1674442800000,0.7,0.7,0.7,0.7,0
1674439200000,0.7,0.7,0.7,0.7,0
1674435600000,0.7,0.7,0.7,0.7,0
1674432000000,0.7,0.7,0.7,0.7,0
1674428400000,0.7,0.7,0.7,0.7,0
1674424800000,0.7,0.7,0.7,0.7,0
1674421200000,0.7,0.7,0.7,0.7,0
1674417600000,0.7,0.7,0.7,0.7,0
1674414000000,0.7,0.7,0.7,0.7,0
1674410400000,0.7,0.7,0.7,0.7,0
1674406800000,0.7,0.7,0.7,0.7,0
1674403200000,0.7,0.7,0.7,0.7,0
1674399600000,0.7,0.7,0.7,0.7,0
1674396000000,0.7,0.7,0.7,0.7,0
1674392400000,0.7,0.7,0.7,0.7,0
1674388800000,0.7,0.7,0.7,0.7,0
1674385200000,0.7,0.7,0.7,0.7,0
1674381600000,0.7,0.7,0.7,0.7,0
1674378000000,0.7,0.7,0.7,0.7,0
1674374400000,0.7,0.7,0.7,0.7,0
1674370800000,0.7,0.7,0.7,0.7,0
1674367200000,0.7,0.7,0.7,0.7,0
1674363600000,0.7,0.7,0.7,0.7,0
1674360000000,0.7,0.7,0.7,0.7,0
1674356400000,0.7,0.7,0.7,0.7,0
1674352800000,0.7,0.7,0.7,0.7,0
1674349200000,0.7,0.7,0.7,0.7,0
1674345600000,0.7,0.7,0.7,0.7,0
1674342000000,0.7,0.7,0.7,0.7,0
1674338400000,0.7,0.7,0.7,0.7,0
1674334800000,0.7,0.7,0.7,0.7,0
1674331200000,0.7,0.7,0.7,0.7,0
1674327600000,0.7,0.7,0.7,0.7,0
1674324000000,0.7,0.7,0.7,0.7,0
1674320400000,0.7,0.7,0.7,0.7,0
1674316800000,0.7,0.7,0.7,0.7,0
1674313200000,0.7,0.7,0.7,0.7,0
1674309600000,0.7,0.7,0.7,0.7,0
1674306000000,0.7,0.7,0.7,0.7,0
1674302400000,0.7,0.7,0.7,0.7,0
1674298800000,0.7,0.7,0.7,0.7,0
1674295200000,0.7,0.7,0.7,0.7,0
1674291600000,0.7,0.7,0.7,0.7,0
1674288000000,0.7,0.7,0.7,0.7,0
1674284400000,0.7,0.7,0.7,0.7,0
1674280800000,0.7,0.7,0.7,0.7,0
1674277200000,0.7,0.7,0.7,0.7,0
1674273600000,0.7,0.7,0.7,0.7,0
1674270000000,0.7,0.7,0.7,0.7,0
1674266400000,0.7,0.7,0.7,0.7,0
1674262800000,0.7,0.7,0.7,0.7,0
1674259200000,0.7,0.7,0.7,0.7,0
1674255600000,0.7,0.7,0.7,0.7,0
1674252000000,0.7,0.7,0.7,0.7,0
1674248400000,0.7,0.7,0.7,0.7,0
1674244800000,0.7,0.7,0.7,0.7,0
1674241200000,0.7,0.7,0.7,0.7,0
1674237600000,0.7,0.7,0.7,0.7,0
1674234000000,0.7,0.7,0.7,0.7,0
1674230400000,0.7,0.7,0.7,0.7,0
1674226800000,0.7,0.7,0.7,0.7,0
1674223200000,0.7,0.7,0.7,0.7,0
1674219600000,0.7,0.7,0.7,0.7,0
1674216000000,0.7,0.7,0.7,0.7,0
1674212400000,0.7,0.7,0.7,0.7,0
1674208800000,0.7,0.7,0.7,0.7,0
1674205200000,0.7,0.7,0.7,0.7,0
1674201600000,0.7,0.7,0.7,0.7,0
1674198000000,0.7,0.7,0.7,0.7,0
1674194400000,0.7,0.7,0.7,0.7,0
1674190800000,0.7,0.7,0.7,0.7,0
1674187200000,0.7,0.7,0.7,0.7,0
1674183600000,0.7,0.7,0.7,0.7,0
1674180000000,0.7,0.7,0.7,0.7,0
1674176400000,0.7,0.7,0.7,0.7,0
1674172800000,0.7,0.7,0.7,0.7,0
1674169200000,0.7,0.7,0.7,0.7,0
1674165600000,0.7,0.7,0.7,0.7,0
1674162000000,0.7,0.7,0.7,0.7,0
1674158400000,0.7,0.7,0.7,0.7,0
1674154800000,0.7,0.7,0.7,0.7,0
1674151200000,0.7,0.7,0.7,0.7,0
1674147600000,0.7,0.7,0.7,0.7,0
1674144000000,0.7,0.7,0.7,0.7,0
1674140400000,0.7,0.7,0.7,0.7,0
1674136800000,0.7,0.7,0.7,0.7,0
1674133200000,0.7,0.7,0.7,0.7,0
1674129600000,0.7,0.7,0.7,0.7,0
1674126000000,0.7,0.7,0.7,0.7,0
1674122400000,0.7,0.7,0.7,0.7,0
1674118800000,0.7,0.7,0.7,0.7,0
1674115200000,0.7,0.7,0.7,0.7,0
1674111600000,0.7,0.7,0.7,0.7,0
1674108000000,0.7,0.7,0.7,0.7,0
1674104400000,0.7,0.7,0.7,0.7,0
1674100800000,0.7,0.7,0.7,0.7,0
1674097200000,0.7,0.7,0.7,0.7,0
1674093600000,0.7,0.7,0.7,0.7,0
1674090000000,0.7,0.7,0.7,0.7,0
1674086400000,0.7,0.7,0.7,0.7,0
1674082800000,0.7,0.7,0.7,0.7,0
1674079200000,0.7,0.7,0.7,0.7,0
1674075600000,0.7,0.7,0.7,0.7,0
1674072000000,0.7,0.7,0.7,0.7,0
1674068400000,0.7,0.7,0.7,0.7,0
1674064800000,0.7,0.7,0.7,0.7,0
1674061200000,0.7,0.7,0.7,0.7,0
1674057600000,0.7,0.7,0.7,0.7,0
1674054000000,0.7,0.7,0.7,0.7,0
1674050400000,0.7,0.7,0.7,0.7,0
1674046800000,0.7,0.7,0.7,0.7,0
1674043200000,0.7,0.7,0.7,0.7,0
1674039600000,0.7,0.7,0.7,0.7,0
1674036000000,0.7,0.7,0.7,0.7,0
1674032400000,0.7,0.7,0.7,0.7,0
1674028800000,0.7,0.7,0.7,0.7,0
1674025200000,0.7,0.7,0.7,0.7,0
1674021600000,0.7,0.7,0.7,0.7,0
1674018000000,0.7,0.7,0.7,0.7,0
1674014400000,0.7,0.7,0.7,0.7,0
1674010800000,0.7,0.7,0.7,0.7,0
1674007200000,0.7,0.7,0.7,0.7,0