1679104800000,0.00013315,0.0001339,0.00013279,0.0001332,571084.721784
1679103000000,0.00013419,0.00013419,0.00013223,0.00013315,7918.304861
1679101200000,0.0001327,0.00013419,0.0001327,0.00013419,52660.638398
1679099400000,0.00013085,0.00013297,0.00013065,0.0001327,5489.604368
1679097600000,0.000132,0.000132,0.00013056,0.00013085,684.878029
1679095800000,0.00013091,0.000132,0.00013091,0.000132,14673.453443
1679094000000,0.0001308,0.0001318,0.0001308,0.00013091,3478.141028
1679092200000,0.00013,0.0001312,0.00012992,0.0001308,15420.721415
1679090400000,0.0001299,0.00013,0.00012917,0.00013,50288.334583
1679088600000,0.0001289,0.0001299,0.00012882,0.0001299,154445.515458
1679086800000,0.000128,0.0001289,0.000128,0.0001289,720.269183
1679085000000,0.00012921,0.00012921,0.00012768,0.000128,105345847.47361
1679083200000,0.00012924,0.00012924,0.00012847,0.00012921,400414.922684
1679081400000,0.00012951,0.00012951,0.00012924,0.00012924,3677.102034
1679079600000,0.00012846,0.00012951,0.00012846,0.00012951,2531.562248
1679077800000,0.00012812,0.0001287,0.00012812,0.00012846,3754.670985
1679076000000,0.00012846,0.00012907,0.00012812,0.00012812,6283950.89132
1679074200000,0.0001283,0.00012846,0.00012812,0.00012846,27260.376289
1679072400000,0.000132,0.000132,0.000128,0.0001283,7783239.536856
1679070600000,0.000132,0.000132,0.000132,0.000132,19985.621457
1679068800000,0.0001358,0.0001358,0.00013076,0.000132,163487.725038
1679067000000,0.00013401,0.0001358,0.00012882,0.0001358,3174232.552651
1679065200000,0.000135,0.000135,0.00013401,0.00013401,1152894.543294
1679063400000,0.000135,0.0001355,0.000135,0.000135,41221.491724
1679061600000,0.0001355,0.00013557,0.000135,0.000135,3434.094822
1679059800000,0.000135,0.0001355,0.000135,0.0001355,2851.751574
1679058000000,0.000135,0.000135,0.000135,0.000135,747.652131
1679056200000,0.000135,0.000135,0.000135,0.000135,14383.165139
1679054400000,0.00013557,0.00013557,0.000135,0.000135,981.804646
1679052600000,0.00013557,0.00013557,0.000135,0.00013557,4787.162297
1679050800000,0.00013557,0.00013557,0.000135,0.00013557,252.690282
1679049000000,0.000135,0.00013557,0.000135,0.00013557,20863.287741
1679047200000,0.0001349,0.000135,0.0001349,0.000135,5429.77466
1679045400000,0.000134,0.000135,0.0001339,0.0001349,7067812.02414
1679043600000,0.0001339,0.000134,0.0001339,0.000134,348116.683083
1679041800000,0.0001339,0.0001339,0.0001339,0.0001339,756699.532066
1679040000000,0.000134,0.000134,0.0001339,0.0001339,657015.934947
1679038200000,0.00013078,0.000134,0.00013078,0.000134,926745.745576
1679036400000,0.000134,0.000134,0.00013078,0.00013078,61.782325
1679034600000,0.00013272,0.000134,0.00013272,0.000134,28887.079368
1679032800000,0.00013002,0.00013272,0.00013002,0.00013272,1177.943432
1679031000000,0.000132,0.00013205,0.00013002,0.00013002,17643.130931
1679029200000,0.000132,0.000132,0.000132,0.000132,1832.103448
1679027400000,0.000132,0.000132,0.000132,0.000132,4536.158101
1679025600000,0.000132,0.000132,0.000132,0.000132,4176.32488
1679023800000,0.00013002,0.000132,0.00013002,0.000132,8092.387829
1679022000000,0.000132,0.000132,0.00013002,0.00013002,1096.42493
1679020200000,0.000132,0.000132,0.000132,0.000132,7272.309433
1679018400000,0.000132,0.000132,0.000132,0.000132,3460.073439
1679016600000,0.000131,0.000132,0.000131,0.000132,20213.128742
1679014800000,0.00013,0.000131,0.00013,0.000131,1191.450063
1679013000000,0.00013,0.00013,0.00013,0.00013,37977.659381
1679011200000,0.00013,0.00013,0.00013,0.00013,31805.000656
1679009400000,0.00012906,0.00013,0.000126,0.00013,22962.617653
1679007600000,0.000126,0.00012906,0.000126,0.00012906,128.881691
1679005800000,0.000127,0.0001355,0.000126,0.000126,23339.5174
1679004000000,0.000127,0.000127,0.000127,0.000127,55616.944208
1679002200000,0.000127,0.000127,0.000127,0.000127,7841.519761
1679000400000,0.00013001,0.00013001,0.000126,0.000127,1823183.012786
1678998600000,0.0001301,0.0001339,0.00013001,0.00013001,17026.452273
1678996800000,0.000131,0.00013297,0.0001301,0.0001301,452.969942
1678995000000,0.000131,0.000131,0.000131,0.000131,9522.667722
1678993200000,0.000131,0.000131,0.000131,0.000131,0
1678991400000,0.000131,0.000131,0.00013078,0.000131,6807.702997
1678989600000,0.00013075,0.000131,0.0001301,0.000131,1753.807002
1678987800000,0.000131,0.000131,0.00013075,0.00013075,2741.460663
1678986000000,0.000131,0.000131,0.0001309,0.000131,17523.554317
1678984200000,0.00013186,0.00013439,0.0001309,0.000131,357240.210908
1678982400000,0.0001355,0.0001355,0.00013186,0.00013186,686.101025
1678980600000,0.0001339,0.0001355,0.00013385,0.0001355,16875.738214
1678978800000,0.0001301,0.0001339,0.0001301,0.0001339,1750.711349
1678977000000,0.0001355,0.0001355,0.0001301,0.0001301,14889.811975
1678975200000,0.0001355,0.0001355,0.00013272,0.0001355,3740.682788
1678973400000,0.00013186,0.0001355,0.0001301,0.0001355,15100.304155
1678971600000,0.0001339,0.0001339,0.00013186,0.00013186,5685.720071
1678969800000,0.00013212,0.0001339,0.00013212,0.0001339,8354.725857
1678968000000,0.00013001,0.00013212,0.00013001,0.00013212,5315.781511
1678966200000,0.0001342,0.0001355,0.00013001,0.00013001,9785.639354
1678964400000,0.0001342,0.0001342,0.0001342,0.0001342,2.566932
1678962600000,0.0001355,0.0001355,0.0001342,0.0001342,2472951.739297
1678960800000,0.00013186,0.0001355,0.00013186,0.0001355,2359.112412
1678959000000,0.0001355,0.0001355,0.00013186,0.00013186,2363.597821
1678957200000,0.00013186,0.0001355,0.00013186,0.0001355,6138.549963
1678955400000,0.0001355,0.0001355,0.00013186,0.00013186,3671.164712
1678953600000,0.00013186,0.0001355,0.00013186,0.0001355,3154.287966
1678951800000,0.00013186,0.00013419,0.00013186,0.00013186,323.237793
1678950000000,0.0001339,0.0001355,0.00013186,0.00013186,5813.457493
1678948200000,0.0001339,0.0001339,0.0001339,0.0001339,4287.333545
1678946400000,0.0001301,0.0001339,0.0001301,0.0001339,285.827234
1678944600000,0.00013186,0.0001355,0.0001301,0.0001301,14222.003917
1678942800000,0.00013001,0.00013186,0.00013001,0.00013186,646.184863
1678941000000,0.00013297,0.00013497,0.00013001,0.00013001,15489.019114
1678939200000,0.00013001,0.00013297,0.00013001,0.00013297,473.821706
1678937400000,0.000128,0.00013291,0.000128,0.00013001,15115.466106
1678935600000,0.00013399,0.0001349,0.000128,0.000128,758419.130708
1678933800000,0.00013075,0.00013399,0.000128,0.00013399,19425.153201
1678932000000,0.00013395,0.00013399,0.00013075,0.00013075,3615.095246
1678930200000,0.00013297,0.00013399,0.00013177,0.00013395,122843.034662
1678928400000,0.00013399,0.00013399,0.000128,0.00013297,23171.309699
1678926600000,0.0001349,0.0001349,0.00013399,0.00013399,6555.943478
1678924800000,0.000128,0.0001349,0.000128,0.0001349,1087.166232
1678923000000,0.0001355,0.0001355,0.000128,0.000128,4758.662049
1678921200000,0.0001355,0.0001355,0.000131,0.0001355,1227.405097
1678919400000,0.00013413,0.0001355,0.00013272,0.0001355,5109.378458
1678917600000,0.0001355,0.0001355,0.00013413,0.00013413,1172.170316
1678915800000,0.0001355,0.0001355,0.00013276,0.0001355,38798.023048
1678914000000,0.00013297,0.00013557,0.00013297,0.0001355,121891.738091
1678912200000,0.00013497,0.00013497,0.000128,0.00013297,2200460.890834
1678910400000,0.00013281,0.00013497,0.000132,0.00013497,112931.658862
1678908600000,0.00013579,0.00013579,0.00013281,0.00013281,3038.836014
1678906800000,0.00013579,0.00013579,0.00013579,0.00013579,7875.804462
1678905000000,0.00013497,0.00013579,0.00013497,0.00013579,695.557141
1678903200000,0.000132,0.00013497,0.000132,0.00013497,453.738518
1678901400000,0.00013204,0.0001358,0.000132,0.000132,23411.179504
1678899600000,0.0001358,0.0001358,0.00013204,0.00013204,3244.510042
1678897800000,0.000132,0.0001358,0.000132,0.0001358,5744.400009
1678896000000,0.00013583,0.00013583,0.000132,0.000132,4043.04486
1678894200000,0.00013583,0.00013589,0.00013583,0.00013583,1940445.963192
1678892400000,0.00013402,0.00013583,0.00013401,0.00013583,54587.644297
1678890600000,0.0001341,0.00013466,0.000134,0.00013402,4034094.319399
1678888800000,0.00013585,0.00013585,0.00013401,0.0001341,3925.04395
1678887000000,0.00013599,0.00013599,0.00013411,0.00013585,37551.940518
1678885200000,0.00013411,0.00013599,0.00013411,0.00013599,1725.549936
1678883400000,0.000134,0.00013599,0.000134,0.00013411,68801.557941
1678881600000,0.00013299,0.00013497,0.00013299,0.000134,7986.427095
1678879800000,0.00013703,0.00013703,0.0001307,0.00013299,7002773.560542
1678878000000,0.000138,0.000138,0.00013703,0.00013703,13390.61211
1678876200000,0.000138,0.000138,0.000138,0.000138,13780.994493
1678874400000,0.000138,0.000138,0.000138,0.000138,2093.782231
1678872600000,0.000138,0.000138,0.000138,0.000138,16421.329285
1678870800000,0.00013828,0.00013828,0.000138,0.000138,1562.304916
1678869000000,0.00013827,0.00013832,0.000138,0.00013828,219097.628709
1678867200000,0.000138,0.00013827,0.000138,0.00013827,736.63099
1678865400000,0.00013829,0.00013832,0.000138,0.000138,2308.74932
1678863600000,0.000138,0.00013829,0.000138,0.00013829,1022.864959
1678861800000,0.00013808,0.00013809,0.000138,0.000138,4094.114272
1678860000000,0.00013832,0.00013832,0.00013808,0.00013808,2132.787492
1678858200000,0.00013836,0.00013836,0.0001381,0.00013832,2002566.690115
1678856400000,0.00013835,0.00013836,0.00013835,0.00013836,1004150.72912
1678854600000,0.0001383,0.00013835,0.0001383,0.00013835,4448.804982
1678852800000,0.0001383,0.0001383,0.0001383,0.0001383,183.522138
1678851000000,0.0001383,0.00013834,0.0001383,0.0001383,4225.140363
1678849200000,0.0001383,0.0001383,0.0001383,0.0001383,13.834957
1678847400000,0.00013829,0.00013831,0.00013819,0.0001383,73611.642133
1678845600000,0.00013829,0.00013829,0.00013829,0.00013829,946.530071
1678843800000,0.00013835,0.00013835,0.00013829,0.00013829,30158.216668
1678842000000,0.00013836,0.00013836,0.00013835,0.00013835,544871.247862
1678840200000,0.0001384,0.0001384,0.00013836,0.00013836,9485.804748
1678838400000,0.00013849,0.00013849,0.0001384,0.0001384,4402.424133
1678836600000,0.00013849,0.00013849,0.00013849,0.00013849,3380.575601
1678834800000,0.00013849,0.00013849,0.00013849,0.00013849,6666.635847
1678833000000,0.00013849,0.0001385,0.00013849,0.00013849,8190.963512
1678831200000,0.00013836,0.00013849,0.00013836,0.00013849,579.284924
1678829400000,0.00013837,0.00013837,0.00013836,0.00013836,136255.699849
1678827600000,0.00013868,0.00013884,0.00013837,0.00013837,4146.052475
1678825800000,0.00013862,0.00013909,0.00013837,0.00013868,7671.96914
1678824000000,0.00013836,0.00013868,0.00013836,0.00013862,1502.095288
1678822200000,0.00013836,0.00013855,0.00013836,0.00013836,54627.110285
1678820400000,0.00013889,0.00013889,0.00013836,0.00013836,10052490.730613
1678818600000,0.00013872,0.00013893,0.00013848,0.00013889,5285.042843
1678816800000,0.00013851,0.00013878,0.00013848,0.00013872,506.894822
1678815000000,0.00013938,0.00013992,0.00013851,0.00013851,75375.417869
1678813200000,0.00013953,0.00013957,0.00013938,0.00013938,1782.019967
1678811400000,0.00014021,0.00014021,0.00013914,0.00013953,528257.557789
1678809600000,0.00014045,0.0001408,0.00014021,0.00014021,415.578049
1678807800000,0.00014031,0.00014045,0.00014021,0.00014045,246724.836171
1678806000000,0.00014157,0.000142,0.00014022,0.00014031,5037625.354621
1678804200000,0.00013848,0.00014157,0.00013848,0.00014157,6768110.759384
1678802400000,0.00013847,0.00013848,0.00013847,0.00013848,3405.069724
1678800600000,0.0001384,0.00013857,0.0001384,0.00013847,13345.306587
1678798800000,0.000137,0.00013855,0.000137,0.0001384,17165996.299278
1678797000000,0.0001325,0.000137,0.0001325,0.000137,1914686.038664
1678795200000,0.0001333,0.0001333,0.00013238,0.0001325,918802.029235
1678793400000,0.00013296,0.0001333,0.00013238,0.0001333,7154.187929
1678791600000,0.00013261,0.00013296,0.00013261,0.00013296,752175.289988
1678789800000,0.00013238,0.00013333,0.00013238,0.00013261,4324.136038
1678788000000,0.00013195,0.00013238,0.00013195,0.00013238,101.29091
1678786200000,0.000132,0.00013209,0.00013163,0.00013195,12497.618145
1678784400000,0.0001336,0.0001336,0.00013164,0.000132,10002185.902033
1678782600000,0.00013354,0.0001336,0.00013354,0.0001336,3998.770683
1678780800000,0.0001337,0.0001337,0.00013354,0.00013354,754.699458
1678779000000,0.0001345,0.0001345,0.00013354,0.0001337,54571.957877
1678777200000,0.00013473,0.00013473,0.00013448,0.0001345,193.418017
1678775400000,0.000135,0.000135,0.00013421,0.00013473,15003423.456972
1678773600000,0.0001342,0.00013535,0.0001342,0.000135,1000520.652574
1678771800000,0.00013422,0.00013481,0.00013402,0.0001342,3220.80509
1678770000000,0.00013524,0.00013558,0.00013422,0.00013422,500837.412994
1678768200000,0.00013457,0.00013524,0.00013402,0.00013524,533101.416175
1678766400000,0.00013457,0.00013457,0.00013457,0.00013457,332.471858
1678764600000,0.00013457,0.00013457,0.00013444,0.00013457,1845.572172
1678762800000,0.00013457,0.00013457,0.00013457,0.00013457,476.033538
1678761000000,0.00013418,0.00013457,0.00013311,0.00013457,7120.706772
1678759200000,0.00013496,0.00013496,0.0001338,0.00013418,25746.128094
1678757400000,0.00013365,0.00013496,0.00013365,0.00013496,5699707.158536
1678755600000,0.0001336,0.00013365,0.00013299,0.00013365,412.084073
1678753800000,0.00013406,0.00013488,0.00013324,0.0001336,2557.152692
1678752000000,0.0001324,0.00013497,0.0001324,0.00013406,341595.653958
1678750200000,0.00013275,0.00013275,0.00013212,0.0001324,8804.083017
1678748400000,0.00013408,0.00013408,0.00013275,0.00013275,21094634.37092
1678746600000,0.00013413,0.00013413,0.0001335,0.00013408,159431.732529
1678744800000,0.0001336,0.0001344,0.0001336,0.00013413,1859536.149002
1678743000000,0.0001336,0.0001336,0.00013283,0.0001336,1755.382322
1678741200000,0.0001332,0.00013428,0.0001332,0.0001336,15218.182373
1678739400000,0.0001334,0.0001334,0.00013261,0.0001332,28398306.017531
1678737600000,0.00013396,0.0001365,0.0001334,0.0001334,10506697.317529
1678735800000,0.00013396,0.0001364,0.00013396,0.00013396,9424.844944
1678734000000,0.0001365,0.0001365,0.00013396,0.00013396,633.775493
1678732200000,0.0001365,0.0001365,0.00013354,0.0001365,15903.330252
1678730400000,0.0001365,0.0001365,0.0001364,0.0001365,7119.868278
1678728600000,0.0001365,0.0001365,0.00013386,0.0001365,4137.314201
1678726800000,0.00013557,0.0001365,0.00013371,0.0001365,695.298739
1678725000000,0.00013591,0.00013591,0.00013429,0.00013557,7158.590651
1678723200000,0.00013391,0.00013656,0.00013391,0.00013591,22036996.454433
1678721400000,0.00013592,0.00013656,0.00013391,0.00013391,2314.74298
1678719600000,0.00013357,0.00013651,0.00013357,0.00013592,46379442.536253
1678717800000,0.00013297,0.00013568,0.00013292,0.00013357,17124539.948875
1678716000000,0.00013061,0.00013297,0.00012975,0.00013297,364548.29879
1678714200000,0.00013102,0.00013102,0.00012999,0.00013061,4549915.734197
1678712400000,0.00012801,0.00013128,0.00012801,0.00013102,49833434.879646
1678710600000,0.00012957,0.00012957,0.000128,0.00012801,3630.127678
1678708800000,0.00012919,0.00013029,0.00012919,0.00012957,381683.6569
1678707000000,0.00012939,0.00012939,0.00012906,0.00012919,4572879.424928
1678705200000,0.00012852,0.00012939,0.00012852,0.00012939,50
1678703400000,0.00012828,0.00012852,0.00012828,0.00012852,2497.253443
1678701600000,0.00012859,0.00012859,0.00012828,0.00012828,116.629305
1678699800000,0.00012989,0.00012989,0.00012859,0.00012859,6924.410489
1678698000000,0.00013114,0.00013114,0.00012984,0.00012989,10138054.082273
1678696200000,0.00013154,0.0001316,0.00013114,0.00013114,782.757487
1678694400000,0.00013231,0.00013269,0.00013154,0.00013154,173.75564
1678692600000,0.00013181,0.00013246,0.00013181,0.00013231,802.540701
1678690800000,0.00013151,0.00013181,0.0001314,0.00013181,296796.837986
1678689000000,0.00013175,0.000132,0.00013151,0.00013151,152.75932
1678687200000,0.00013175,0.00013175,0.00013175,0.00013175,0
1678685400000,0.00013221,0.00013221,0.00013175,0.00013175,5050835.954838
1678683600000,0.00013221,0.00013221,0.00013221,0.00013221,0
1678681800000,0.00013175,0.00013221,0.00013175,0.00013221,4759.091746
1678680000000,0.00013268,0.00013268,0.00013175,0.00013175,208.6671
1678678200000,0.00013081,0.00013283,0.00013081,0.00013268,1007851.620483
1678676400000,0.00013208,0.00013286,0.00013081,0.00013081,1000124.49491
1678674600000,0.00013208,0.00013337,0.00013208,0.00013208,16708.360669
1678672800000,0.00013208,0.00013208,0.00013208,0.00013208,0
1678671000000,0.00013524,0.00013524,0.0001316,0.00013208,644796.400287
1678669200000,0.0001342,0.00013524,0.00013354,0.00013524,5668.262597
1678667400000,0.00013221,0.00013525,0.00013221,0.0001342,15018287.261093
1678665600000,0.00012828,0.00013245,0.00012828,0.00013221,7450237.480738
1678663800000,0.00012879,0.00012879,0.000128,0.00012828,14385.32487
1678662000000,0.0001287,0.00012879,0.0001287,0.00012879,22.533697
1678660200000,0.0001287,0.0001287,0.0001287,0.0001287,66791.527095
1678658400000,0.0001287,0.0001287,0.0001266,0.0001287,26520.853756
1678656600000,0.0001287,0.0001287,0.0001287,0.0001287,4590.788115
1678654800000,0.000125,0.0001287,0.000125,0.0001287,3693292.529431
1678653000000,0.000125,0.00012543,0.000125,0.000125,3059.362419
1678651200000,0.00012543,0.00012543,0.000125,0.000125,885.5784
1678649400000,0.00012543,0.00012543,0.00012543,0.00012543,6039.821312
1678647600000,0.00012543,0.00012543,0.00012543,0.00012543,874.614069
1678645800000,0.00012519,0.00012543,0.00012519,0.00012543,10445.93977
1678644000000,0.000124,0.00012519,0.000124,0.00012519,620.270833
1678642200000,0.000124,0.000124,0.00012262,0.000124,998445.11795
1678640400000,0.000124,0.000124,0.000124,0.000124,209.550929
1678638600000,0.00012329,0.000124,0.00012315,0.000124,654720.907495
1678636800000,0.00012329,0.00012329,0.00012329,0.00012329,4.338404
1678635000000,0.00012193,0.00012329,0.00012146,0.00012329,16104.830188
1678633200000,0.0001233,0.0001233,0.00012193,0.00012193,919.602539
1678631400000,0.0001233,0.0001233,0.00012193,0.0001233,12081.221813
1678629600000,0.0001233,0.0001233,0.0001233,0.0001233,3625.741241
1678627800000,0.00012202,0.0001233,0.00012202,0.0001233,18326.188393
1678626000000,0.0001233,0.0001233,0.00012202,0.00012202,318.057622
1678624200000,0.00012202,0.0001233,0.00012202,0.0001233,8884.84174
1678622400000,0.0001233,0.0001233,0.00012202,0.00012202,1134.348525
1678620600000,0.00012193,0.0001233,0.00012193,0.0001233,3825.586247
1678618800000,0.0001233,0.0001233,0.00012193,0.00012193,563.637283
1678617000000,0.00012195,0.0001233,0.00012193,0.0001233,9029.424913
1678615200000,0.0001233,0.0001233,0.00012195,0.00012195,531.034566
1678613400000,0.00012195,0.0001233,0.00012195,0.0001233,7827.793926
1678611600000,0.0001233,0.0001233,0.00012195,0.00012195,860.52823
1678609800000,0.0001233,0.0001233,0.0001233,0.0001233,18169.407052
1678608000000,0.0001233,0.0001233,0.0001233,0.0001233,2095.696603
1678606200000,0.00012389,0.00012389,0.00012146,0.0001233,3190.696253
1678604400000,0.00012389,0.00012389,0.00012203,0.00012389,396.938974
1678602600000,0.00012389,0.00012389,0.00012389,0.00012389,14069.599433
1678600800000,0.00012389,0.00012389,0.00012089,0.00012389,10389647.833152
1678599000000,0.00012342,0.00012389,0.00012342,0.00012389,16556.273098
1678597200000,0.00012342,0.00012342,0.00012342,0.00012342,1504.613346
1678595400000,0.00012279,0.00012342,0.00012279,0.00012342,8189.073686
1678593600000,0.00012342,0.00012342,0.00012279,0.00012279,31661.724809
1678591800000,0.00012279,0.00012342,0.00012279,0.00012342,2620.970432
1678590000000,0.000122,0.00012279,0.000122,0.00012279,100285.185334
1678588200000,0.000122,0.000122,0.000122,0.000122,11619.331073
1678586400000,0.00012329,0.00012329,0.000122,0.000122,100618.696179
1678584600000,0.00012342,0.00012342,0.00012175,0.00012329,184762.676561
1678582800000,0.00012342,0.00012342,0.00012175,0.00012342,138612.360479
1678581000000,0.00012226,0.00012342,0.00012226,0.00012342,8709.151916
1678579200000,0.00012226,0.00012226,0.00012226,0.00012226,1560.947882
1678577400000,0.00012226,0.00012226,0.0001208,0.00012226,13128061.910528
1678575600000,0.00012423,0.00012423,0.00012226,0.00012226,2082.933223
1678573800000,0.0001215,0.00012423,0.0001215,0.00012423,1740.717602
1678572000000,0.00012492,0.00012497,0.0001215,0.0001215,6494710.234085
1678570200000,0.00012423,0.00012499,0.0001215,0.00012492,1670690.486326
1678568400000,0.0001216,0.00012423,0.0001216,0.00012423,151.704437
1678566600000,0.00012427,0.00012509,0.0001216,0.0001216,177716.908168
1678564800000,0.00012369,0.00012427,0.0001216,0.00012427,62.471257
1678563000000,0.0001216,0.00012369,0.0001216,0.00012369,26093.517027
1678561200000,0.00012204,0.00012343,0.0001216,0.0001216,4088.760768
1678559400000,0.00012225,0.00012225,0.000119,0.00012204,342876.870655
1678557600000,0.0001188,0.00012229,0.0001188,0.00012225,918.482216
1678555800000,0.0001185,0.00011967,0.0001185,0.0001188,2500600.063752
1678554000000,0.00011957,0.00012408,0.0001176,0.0001185,51712613.847103
1678552200000,0.00012,0.00012006,0.00011957,0.00011957,130002.511315
1678550400000,0.0001219,0.000122,0.00012,0.00012,15870829.653853
1678548600000,0.0001219,0.0001219,0.00012,0.0001219,4577.487778
1678546800000,0.000122,0.000122,0.0001219,0.0001219,4110.339329
1678545000000,0.00012,0.0001229,0.00012,0.000122,4926.3778
1678543200000,0.0001229,0.0001229,0.00012,0.00012,1313.002119
1678541400000,0.000123,0.000123,0.0001229,0.0001229,7223.690654
1678539600000,0.0001225,0.000123,0.00011933,0.000123,22858271.924674
1678537800000,0.000122,0.0001225,0.000122,0.0001225,226822.357684
1678536000000,0.000122,0.000122,0.00012,0.000122,5002682.991824
1678534200000,0.00012,0.000122,0.00012,0.000122,10924.273383
1678532400000,0.0001225,0.0001225,0.00012,0.00012,267303.073296
1678530600000,0.0001225,0.0001225,0.0001225,0.0001225,15391.415977
1678528800000,0.0001225,0.0001225,0.0001225,0.0001225,43628.253647
1678527000000,0.000122,0.0001225,0.000122,0.0001225,11600.243347
1678525200000,0.000122,0.0001225,0.000122,0.000122,329351.553058
1678523400000,0.0001236,0.0001236,0.00012177,0.000122,2238483.499557
1678521600000,0.0001238,0.00012482,0.000123,0.0001236,4990881.929329
1678519800000,0.000128,0.000128,0.0001238,0.0001238,2231438.324787
1678518000000,0.0001262,0.000128,0.000126,0.000128,29725.032194
1678516200000,0.0001262,0.0001267,0.0001262,0.0001262,182614.792432
1678514400000,0.00012451,0.0001262,0.00012451,0.0001262,90305.178245
1678512600000,0.0001243,0.00012485,0.0001243,0.00012451,7768214.114732
1678510800000,0.00012417,0.00012479,0.00012417,0.0001243,21625958.598282
1678509000000,0.00012409,0.0001243,0.00012401,0.00012417,1117733.750419
1678507200000,0.00012515,0.00012515,0.000124,0.00012409,56733.42325
1678505400000,0.00012492,0.00012541,0.0001247,0.00012515,21509307.155298
1678503600000,0.00012652,0.00012652,0.00012492,0.00012492,1747381.278585
1678501800000,0.00012661,0.00012696,0.00012643,0.00012652,10873.462068
1678500000000,0.00012758,0.00012758,0.00012642,0.00012661,3251085.893196
1678498200000,0.00012586,0.00012798,0.00012586,0.00012758,6127867.086691
1678496400000,0.00012509,0.000126,0.00012509,0.00012586,10275278.346049
1678494600000,0.00012578,0.00012587,0.00012509,0.00012509,5005505.567542
1678492800000,0.0001256,0.00012578,0.00012524,0.00012578,795339.056993
1678491000000,0.0001254,0.00012575,0.0001253,0.0001256,5954.937728
1678489200000,0.00012528,0.00012567,0.00012528,0.0001254,1016.31965
1678487400000,0.0001243,0.00012528,0.00012419,0.00012528,3456.684935
1678485600000,0.00012301,0.0001243,0.00012301,0.0001243,69.30319
1678483800000,0.000123,0.00012324,0.000123,0.00012301,10011736.776386
1678482000000,0.00012354,0.00012354,0.000123,0.000123,386885.500863
1678480200000,0.00012364,0.00012378,0.00012347,0.00012354,7811.777541
1678478400000,0.00012321,0.000124,0.00012321,0.00012364,1673.994428
1678476600000,0.000123,0.00012424,0.000123,0.00012321,3451.146358
1678474800000,0.000123,0.000123,0.000123,0.000123,40.946412
1678473000000,0.000123,0.00012307,0.000123,0.000123,1751346.612361
1678471200000,0.000123,0.000123,0.000123,0.000123,488983.527749
1678469400000,0.00012235,0.0001235,0.00012235,0.000123,683217.116064
1678467600000,0.00012402,0.00012402,0.00012204,0.00012235,13238786.159033
1678465800000,0.00012353,0.00012558,0.00012353,0.00012402,6223562.787274
1678464000000,0.00012353,0.00012353,0.00012353,0.00012353,1299850.187481
1678462200000,0.00012204,0.00012353,0.00012201,0.00012353,2551611.537803
1678460400000,0.000122,0.00012284,0.00012163,0.00012204,105555732.149456
1678458600000,0.00012395,0.00012395,0.00012158,0.000122,23327809.244501
1678456800000,0.00012524,0.00012524,0.0001235,0.00012395,1262181.639297
1678455000000,0.00012201,0.0001259,0.00012201,0.00012524,11564526.501208
1678453200000,0.0001223,0.0001223,0.00012195,0.00012201,5026215.621653
1678451400000,0.0001213,0.0001223,0.0001209,0.0001223,1689345.263057
1678449600000,0.00012116,0.00012153,0.0001204,0.0001213,345467.443951
1678447800000,0.00011941,0.00012123,0.00011941,0.00012116,224783.004285
1678446000000,0.00011826,0.00011991,0.00011826,0.00011941,12909379.681631
1678444200000,0.00011983,0.00011983,0.000117,0.00011826,36469229.365693
1678442400000,0.0001232,0.0001232,0.00011983,0.00011983,6673036.933471
1678440600000,0.00012399,0.00012411,0.0001232,0.0001232,1953247.593643
1678438800000,0.0001249,0.0001249,0.00012385,0.00012399,4955967.038078
1678437000000,0.00012558,0.00012558,0.0001247,0.0001249,980.566198
1678435200000,0.00012626,0.00012626,0.00012537,0.00012558,16209582.244516
1678433400000,0.0001257,0.0001263,0.00012546,0.00012626,7306996.013543
1678431600000,0.00012501,0.00012585,0.00012458,0.0001257,19749208.005096
1678429800000,0.0001252,0.00012527,0.000125,0.00012501,1958710.247647
1678428000000,0.00012582,0.0001264,0.0001252,0.0001252,5516802.59158
1678426200000,0.000128,0.0001287,0.0001258,0.00012582,33082177.549471
1678424400000,0.0001287,0.0001287,0.000128,0.000128,356.851538
1678422600000,0.0001287,0.0001287,0.000128,0.0001287,84408.791577
1678420800000,0.0001287,0.0001287,0.000128,0.0001287,158982.775284
1678419000000,0.0001287,0.0001287,0.0001287,0.0001287,308907.931748
1678417200000,0.00012879,0.00012879,0.00012692,0.0001287,155838.549721
1678415400000,0.0001288,0.0001288,0.00012775,0.00012879,3868.655054
1678413600000,0.00012879,0.0001288,0.0001287,0.0001288,2001215.501165
1678411800000,0.00012879,0.00012879,0.0001287,0.00012879,48363.484789
1678410000000,0.00012879,0.00012879,0.000125,0.00012879,11185056.04155
1678408200000,0.00013101,0.00013488,0.00012879,0.00012879,8037664.9447
1678406400000,0.00013488,0.00013488,0.00013101,0.00013101,495.437666
1678404600000,0.00013192,0.00013488,0.00013192,0.00013488,151073.444779
1678402800000,0.00013488,0.00013488,0.00013192,0.00013192,76.353899
1678401000000,0.000131,0.00013488,0.000131,0.00013488,351828.435749
1678399200000,0.000131,0.00013488,0.00013075,0.000131,261949.128527
1678397400000,0.00013809,0.00013904,0.00013,0.000131,33480374.31439
1678395600000,0.00013,0.00013809,0.00013,0.00013809,15236591.136211
1678393800000,0.00013499,0.00013499,0.00013,0.00013,23134089.624994
1678392000000,0.00013899,0.00013899,0.00013499,0.00013499,2300933.67049
1678390200000,0.000139,0.000139,0.00013501,0.00013899,6818.216851
1678388400000,0.00013905,0.00013905,0.000139,0.000139,38069.282868
1678386600000,0.0001431,0.0001431,0.00013546,0.00013905,10316585.416795
1678384800000,0.00014,0.0001431,0.00014,0.0001431,140.983021
1678383000000,0.00014,0.00014,0.00014,0.00014,58478.137666
1678381200000,0.0001432,0.0001432,0.00014,0.00014,13349.448017
1678379400000,0.00013499,0.00014326,0.00013499,0.0001432,149556.653885
1678377600000,0.00014326,0.00014326,0.00013499,0.00013499,8746.198188
1678375800000,0.00014326,0.00014326,0.00014326,0.00014326,97574.725907
1678374000000,0.00014,0.00014326,0.000136,0.00014326,461642.100677
1678372200000,0.00014,0.00014326,0.00014,0.00014,363076.083789
1678370400000,0.00014326,0.00014326,0.00014,0.00014,312690.677932
1678368600000,0.0001361,0.00014326,0.0001361,0.00014326,268682.337542
1678366800000,0.00014,0.00014,0.0001361,0.0001361,26577.05847
1678365000000,0.00014,0.00014,0.00014,0.00014,1738.422611
1678363200000,0.00014,0.00014,0.00014,0.00014,57.798378
1678361400000,0.0001361,0.00014,0.0001361,0.00014,2473.839841
1678359600000,0.00014,0.00014,0.0001361,0.0001361,301.794279
1678357800000,0.0001361,0.00014,0.0001361,0.00014,13823.767285
1678356000000,0.0001361,0.0001361,0.0001361,0.0001361,0
1678354200000,0.00014,0.00014,0.0001361,0.0001361,2339.853171
1678352400000,0.000136,0.00014,0.000136,0.00014,340.975473
1678350600000,0.000136,0.000136,0.000136,0.000136,3750.741239
1678348800000,0.00014,0.00014,0.000136,0.000136,704.465044
1678347000000,0.00014,0.00014,0.00013971,0.00014,2716.977074
1678345200000,0.00013732,0.00014,0.00013732,0.00014,1069.408543
1678343400000,0.0001387,0.0001387,0.00013717,0.00013732,1331306.760836
1678341600000,0.000137,0.00013905,0.000137,0.0001387,53885.579122
1678339800000,0.00013601,0.000137,0.00013601,0.000137,1238083.472726
1678338000000,0.0001359,0.00013601,0.0001359,0.00013601,1738533.402585
1678336200000,0.00013611,0.00013612,0.0001359,0.0001359,102184.923881
1678334400000,0.000137,0.000137,0.00013611,0.00013611,10.99101
1678332600000,0.000137,0.000137,0.00013656,0.000137,2681598.291817
1678330800000,0.000137,0.000137,0.000137,0.000137,37969.439828
1678329000000,0.000137,0.000137,0.000137,0.000137,8942.745721
1678327200000,0.000137,0.000137,0.000137,0.000137,139593.769925
1678325400000,0.000137,0.000137,0.000137,0.000137,1327.010201
1678323600000,0.0001369,0.000137,0.0001369,0.000137,560079.240282
1678321800000,0.000136,0.0001369,0.000136,0.0001369,997.180548
1678320000000,0.0001369,0.0001369,0.000136,0.000136,36132.976198
1678318200000,0.0001369,0.0001369,0.0001369,0.0001369,75535.414376
1678316400000,0.0001389,0.0001389,0.000135,0.0001369,11862862.371044
1678314600000,0.0001389,0.0001389,0.00013888,0.0001389,355670.764829
1678312800000,0.0001389,0.0001389,0.0001389,0.0001389,2595808.271562
1678311000000,0.0001389,0.0001389,0.0001389,0.0001389,9509.667595
1678309200000,0.0001389,0.0001389,0.0001389,0.0001389,23891.728491
1678307400000,0.0001388,0.0001389,0.0001388,0.0001389,1292.988996
1678305600000,0.0001389,0.0001389,0.0001388,0.0001388,3033545.800941
1678303800000,0.0001389,0.0001389,0.0001389,0.0001389,18329.990902
1678302000000,0.00013881,0.0001389,0.00013881,0.0001389,32.1931
1678300200000,0.00014001,0.00014143,0.00013881,0.00013881,1254567.38375
1678298400000,0.000142,0.000142,0.00014001,0.00014001,1090.35161
1678296600000,0.000142,0.000142,0.00014,0.000142,9813.749622
1678294800000,0.000142,0.000142,0.00014001,0.000142,2612.832322
1678293000000,0.00014074,0.000142,0.00014,0.000142,26784.575964
1678291200000,0.00014,0.00014074,0.00014,0.00014074,5183.67276
1678289400000,0.00014,0.00014,0.00014,0.00014,4228432.511755
1678287600000,0.0001399,0.00014,0.0001399,0.00014,22501.786991
1678285800000,0.0001399,0.0001399,0.0001399,0.0001399,62298.178956
1678284000000,0.00014326,0.00014326,0.000139,0.0001399,3872304.603574
1678282200000,0.0001429,0.00014326,0.00014,0.00014326,4997860.006329
1678280400000,0.0001461,0.0001461,0.0001429,0.0001429,43790.01727
1678278600000,0.000144,0.0001461,0.000144,0.0001461,3822.150571
1678276800000,0.0001461,0.0001461,0.000144,0.000144,83.967312
1678275000000,0.0001461,0.0001461,0.0001461,0.0001461,3976.067173
1678273200000,0.0001461,0.0001461,0.0001461,0.0001461,0
1678271400000,0.0001461,0.0001461,0.0001461,0.0001461,665302.971775
1678269600000,0.0001461,0.0001461,0.0001461,0.0001461,0
1678267800000,0.000144,0.0001461,0.000144,0.0001461,3114.582017
1678266000000,0.0001461,0.0001461,0.000144,0.000144,53.209614
1678264200000,0.000146,0.0001461,0.000146,0.0001461,5289880.851141
1678262400000,0.00014271,0.000146,0.00014271,0.000146,2000321.505783
1678260600000,0.00014541,0.00014541,0.00014271,0.00014271,26211.784013
1678258800000,0.00014271,0.00014541,0.00014271,0.00014541,3119.594727
1678257000000,0.00014271,0.00014474,0.00014271,0.00014271,1886.511091
1678255200000,0.00014271,0.00014541,0.00014271,0.00014271,164.97693
1678253400000,0.00014299,0.00014299,0.00014271,0.00014271,13047.468953
1678251600000,0.000146,0.000146,0.00014299,0.00014299,546.858408
1678249800000,0.00014541,0.000146,0.00014541,0.000146,40644.052297
1678248000000,0.00014272,0.00014541,0.00014272,0.00014541,20.511942
1678246200000,0.00014299,0.00014299,0.00014271,0.00014272,10081.357149
1678244400000,0.000146,0.000146,0.00014299,0.00014299,1204.867364
1678242600000,0.000146,0.000146,0.00014544,0.000146,1533.210633
1678240800000,0.00014271,0.000146,0.00014271,0.000146,373.987615
1678239000000,0.00014367,0.00014441,0.0001426,0.00014271,3688.458192
1678237200000,0.00014367,0.00014367,0.00014367,0.00014367,380.966232
1678235400000,0.000146,0.000146,0.00014367,0.00014367,1415.030893
1678233600000,0.0001423,0.000146,0.0001423,0.000146,1004.545966
1678231800000,0.00014541,0.00014541,0.0001421,0.0001423,4431.466614
1678230000000,0.000142,0.00014541,0.000142,0.00014541,63.314804
1678228200000,0.000142,0.000142,0.000142,0.000142,1207.873397
1678226400000,0.000142,0.000142,0.00014161,0.000142,1553632.743413
1678224600000,0.000142,0.000142,0.00014161,0.000142,2759.180215
1678222800000,0.000142,0.000142,0.000142,0.000142,0
1678221000000,0.000142,0.000142,0.00014161,0.000142,827130.604643
1678219200000,0.000142,0.000142,0.000142,0.000142,343.238462
1678217400000,0.0001459,0.0001459,0.000142,0.000142,24625912.337144
1678215600000,0.0001459,0.0001459,0.0001459,0.0001459,0
1678213800000,0.0001459,0.0001459,0.00014524,0.0001459,7486.288868
1678212000000,0.0001459,0.0001459,0.0001459,0.0001459,0
1678210200000,0.0001459,0.0001459,0.0001459,0.0001459,10871.14298
1678208400000,0.0001459,0.0001459,0.00014373,0.0001459,7249900.39483
1678206600000,0.0001459,0.000146,0.0001452,0.0001459,997492.972365
1678204800000,0.000148,0.00014811,0.0001452,0.0001459,167656.913811
1678203000000,0.000144,0.000148,0.000144,0.000148,88277.23708
1678201200000,0.0001448,0.0001448,0.000144,0.000144,463405.85943
1678199400000,0.0001452,0.0001452,0.0001448,0.0001448,12445.323895
1678197600000,0.0001458,0.0001458,0.00014513,0.0001452,7332352.257275
1678195800000,0.0001457,0.0001459,0.00014568,0.0001458,1315.654641
1678194000000,0.0001456,0.0001457,0.0001456,0.0001457,62.471396
1678192200000,0.0001458,0.0001458,0.0001456,0.0001456,1925.029428
1678190400000,0.0001456,0.0001458,0.0001456,0.0001458,558.194604
1678188600000,0.0001456,0.0001456,0.0001456,0.0001456,3774.359266
1678186800000,0.00014623,0.00014623,0.0001456,0.0001456,94.659299
1678185000000,0.00014618,0.00014632,0.00014607,0.00014623,4149.783072
1678183200000,0.00014603,0.00014618,0.00014583,0.00014618,1564451.898985
1678181400000,0.000146,0.00014603,0.000146,0.00014603,3760.839362
1678179600000,0.00014633,0.00014633,0.000146,0.000146,178.056898
1678177800000,0.000146,0.0001472,0.000146,0.00014633,513.148899
1678176000000,0.00014631,0.00014635,0.000146,0.000146,978.95853
1678174200000,0.00014643,0.0001472,0.00014631,0.00014631,934.02833
1678172400000,0.0001466,0.00014678,0.00014643,0.00014643,111.170597
1678170600000,0.00014693,0.0001472,0.00014642,0.0001466,408585.186674
1678168800000,0.0001472,0.0001472,0.00014693,0.00014693,1108411.08262
1678167000000,0.00014713,0.0001472,0.00014713,0.0001472,2292.131604
1678165200000,0.0001472,0.0001472,0.00014713,0.00014713,66.977453
1678163400000,0.0001472,0.0001472,0.00014713,0.0001472,107100.794565
1678161600000,0.00014737,0.00014737,0.0001472,0.0001472,4888772
1678159800000,0.00014755,0.00014835,0.00014737,0.00014737,1672.972683
1678158000000,0.00014765,0.00014765,0.00014755,0.00014755,82.569243
1678156200000,0.00014794,0.00014829,0.0001475,0.00014765,1822.580561
1678154400000,0.00014767,0.00014794,0.00014767,0.00014794,278.536779
1678152600000,0.00014799,0.00014835,0.00014767,0.00014767,11923.401485
1678150800000,0.00014713,0.00014799,0.00014713,0.00014799,4.513127
1678149000000,0.00014747,0.00014747,0.00014713,0.00014713,50
1678147200000,0.00014747,0.00014747,0.00014747,0.00014747,0
1678145400000,0.00014747,0.00014747,0.00014747,0.00014747,0
1678143600000,0.00014747,0.00014747,0.00014747,0.00014747,0
1678141800000,0.00014747,0.00014747,0.00014747,0.00014747,0
1678140000000,0.0001483,0.00014835,0.00014725,0.00014747,2885.838904
1678138200000,0.000147,0.00014833,0.00014674,0.0001483,341394.185908
1678136400000,0.000147,0.000147,0.000147,0.000147,685590.906119
1678134600000,0.00014835,0.00014835,0.000147,0.000147,5873.731268
1678132800000,0.00014827,0.00014835,0.00014827,0.00014835,706.457124
1678131000000,0.00014835,0.00014835,0.000147,0.00014827,178492.427965
1678129200000,0.00014792,0.00014835,0.0001479,0.00014835,2661.651233
1678127400000,0.00014835,0.00014835,0.00014769,0.00014792,399.573785
1678125600000,0.000147,0.00014835,0.000147,0.00014835,4637511.297633
1678123800000,0.0001483,0.0001483,0.000147,0.000147,77.857107
1678122000000,0.000147,0.0001483,0.000147,0.0001483,12465.950998
1678120200000,0.0001483,0.0001483,0.000147,0.000147,2277.664701
1678118400000,0.0001483,0.0001483,0.0001483,0.0001483,110648.154176
1678116600000,0.0001483,0.0001483,0.000147,0.0001483,311.61099
1678114800000,0.00014719,0.0001483,0.00014714,0.0001483,1354330.569643
1678113000000,0.00014582,0.00014757,0.00014582,0.00014719,1003017.836927
1678111200000,0.00014802,0.00014802,0.00014582,0.00014582,1841245.509633
1678109400000,0.000148,0.0001483,0.0001461,0.00014802,26006.277042
1678107600000,0.0001455,0.000148,0.0001455,0.000148,4157.437443
1678105800000,0.000148,0.000148,0.0001455,0.0001455,892.77162
1678104000000,0.0001448,0.000148,0.0001448,0.000148,2409.18629
1678102200000,0.0001448,0.000148,0.0001448,0.0001448,3569.382071
1678100400000,0.000148,0.000148,0.0001448,0.0001448,5853.905354
1678098600000,0.000148,0.000148,0.0001449,0.000148,6040.429214
1678096800000,0.0001448,0.000148,0.0001448,0.000148,22297.297297
1678095000000,0.00014513,0.00014572,0.0001448,0.0001448,2051.600507
1678093200000,0.000148,0.000148,0.00014513,0.00014513,1.792665
1678091400000,0.000148,0.000148,0.0001448,0.000148,5173.128785
1678089600000,0.000145,0.000148,0.000145,0.000148,4979376.050904
1678087800000,0.00014548,0.00014548,0.000145,0.000145,795.437393
1678086000000,0.0001456,0.0001456,0.0001451,0.00014548,7370.117138
1678084200000,0.0001452,0.0001456,0.0001452,0.0001456,22966.674776
1678082400000,0.0001448,0.0001452,0.0001448,0.0001452,681.889387
1678080600000,0.0001448,0.0001448,0.00014462,0.0001448,23455.395505
1678078800000,0.00014462,0.00014502,0.00014462,0.0001448,932.67054
1678077000000,0.00014479,0.0001448,0.00014462,0.00014462,948958.510961
1678075200000,0.00014529,0.00014529,0.00014479,0.00014479,45940.809726
1678073400000,0.00014462,0.0001453,0.00014462,0.00014529,4402.014056
1678071600000,0.00014878,0.0001488,0.0001441,0.00014462,21549649.688602
1678069800000,0.00014807,0.00014928,0.00014588,0.00014878,12552104.158481
1678068000000,0.00015007,0.00015007,0.00014807,0.00014807,7024.734359
1678066200000,0.00014807,0.00015007,0.00014807,0.00015007,3207.8022
1678064400000,0.00014999,0.00015237,0.00014807,0.00014807,5011184.426532
1678062600000,0.0001499,0.00014999,0.0001499,0.00014999,2990.481796
1678060800000,0.00015106,0.00015106,0.0001499,0.0001499,76717.852244
1678059000000,0.0001525,0.0001525,0.00014993,0.00015106,2148897.892487
1678057200000,0.00015151,0.0001525,0.00015151,0.0001525,164.347576
1678055400000,0.00015237,0.00015237,0.00015151,0.00015151,274814.632959
1678053600000,0.00014993,0.00015237,0.00014993,0.00015237,443547.061222
1678051800000,0.00015,0.00015,0.00014993,0.00014993,10273.801139
1678050000000,0.00015,0.00015,0.00015,0.00015,2211.377432
1678048200000,0.00014993,0.00015,0.00014993,0.00015,1973.364371
1678046400000,0.00014995,0.00014995,0.00014993,0.00014993,900.475108
1678044600000,0.00015,0.00015,0.00014993,0.00014995,943.671529
1678042800000,0.00015,0.00015,0.00015,0.00015,1331632.175828
1678041000000,0.00015,0.00015,0.00014993,0.00015,112.804001
1678039200000,0.00015,0.00015,0.00015,0.00015,6641844.744654
1678037400000,0.00014993,0.00015,0.00014993,0.00015,200271.276685
1678035600000,0.000151,0.000151,0.00014993,0.00014993,315474.621486
1678033800000,0.00014993,0.000151,0.00014993,0.000151,1410.523756
1678032000000,0.00014993,0.00015163,0.00014993,0.00014993,1763.120944
1678030200000,0.0001519,0.000152,0.00014993,0.00014993,603.382695
1678028400000,0.0001519,0.0001519,0.0001519,0.0001519,3945.613099
1678026600000,0.0001519,0.0001519,0.0001501,0.0001519,953.362244
1678024800000,0.0001519,0.0001519,0.0001519,0.0001519,2012.210734
1678023000000,0.0001501,0.0001519,0.0001501,0.0001519,979.819948
1678021200000,0.00015178,0.00015178,0.0001501,0.0001501,1298.925032
1678019400000,0.0001519,0.0001519,0.00015178,0.00015178,644.93759
1678017600000,0.0001501,0.0001519,0.0001501,0.0001519,18170.427043
1678015800000,0.0001519,0.0001519,0.0001501,0.0001501,464.994939
1678014000000,0.0001519,0.0001519,0.0001519,0.0001519,181324.417642
1678012200000,0.0001519,0.0001519,0.0001501,0.0001519,1446.659972
1678010400000,0.0001519,0.0001519,0.0001519,0.0001519,6302.272288
1678008600000,0.0001501,0.0001519,0.0001501,0.0001519,923.819503
1678006800000,0.00015151,0.00015165,0.0001501,0.0001501,3567649.596264
1678005000000,0.00015151,0.00015171,0.00015151,0.00015151,1754.426868
1678003200000,0.00015151,0.00015163,0.00015151,0.00015151,1215.563981
1678001400000,0.00015151,0.000152,0.00015151,0.00015151,1742.804292
1677999600000,0.000152,0.000152,0.00015151,0.00015151,141.646387
1677997800000,0.00015283,0.00015283,0.00015151,0.000152,1510.25694
1677996000000,0.00015151,0.00015283,0.00015151,0.00015283,1625.426706
1677994200000,0.00015283,0.00015283,0.00015151,0.00015151,3572.583872
1677992400000,0.00015283,0.00015283,0.00015283,0.00015283,2688.845537
1677990600000,0.000152,0.00015283,0.00015151,0.00015283,2370320.431998
1677988800000,0.000152,0.000152,0.00014993,0.000152,4758.210574
1677987000000,0.00015025,0.000152,0.00014993,0.000152,3804679.023224
1677985200000,0.00014993,0.00015068,0.00014993,0.00015025,1052.017508
1677983400000,0.00015033,0.00015033,0.00014993,0.00014993,13642.669497
1677981600000,0.00015034,0.00015188,0.00015033,0.00015033,27820.366995
1677979800000,0.00015019,0.00015072,0.00015019,0.00015034,4216.522576
1677978000000,0.00014993,0.00015199,0.00014993,0.00015019,426.554938
1677976200000,0.00014982,0.00015093,0.00014976,0.00014993,666170.655894
1677974400000,0.00014991,0.00015206,0.00014982,0.00014982,107224.743975
1677972600000,0.00015034,0.00015034,0.0001495,0.00014991,2651298.20793
1677970800000,0.0001511,0.0001511,0.00015034,0.00015034,7298.853346
1677969000000,0.0001505,0.00015133,0.00015038,0.0001511,22937.513578
1677967200000,0.0001501,0.0001505,0.0001501,0.0001505,6803719.077609
1677965400000,0.0001501,0.0001504,0.0001501,0.0001501,1167409.918265
1677963600000,0.0001501,0.0001501,0.0001501,0.0001501,0
1677961800000,0.0001501,0.00015015,0.0001501,0.0001501,265931.079009
1677960000000,0.0001501,0.0001501,0.0001501,0.0001501,352055.583259
1677958200000,0.00015028,0.00015029,0.0001501,0.0001501,2720380.469311
1677956400000,0.00015044,0.00015044,0.00015028,0.00015028,2002121.057803
1677954600000,0.00015059,0.00015059,0.00015028,0.00015044,281.935287
1677952800000,0.00015054,0.00015061,0.00015049,0.00015059,5647.579106
1677951000000,0.0001506,0.0001506,0.00015054,0.00015054,167.847899
1677949200000,0.00015073,0.00015073,0.0001506,0.0001506,50
1677947400000,0.00015054,0.00015076,0.00015054,0.00015073,1063.897852
1677945600000,0.00015049,0.00015066,0.00015049,0.00015054,744.888451
1677943800000,0.00015096,0.00015096,0.00015049,0.00015049,2722.181621
1677942000000,0.00015101,0.00015114,0.00015096,0.00015096,683367.56822
1677940200000,0.00015462,0.00015462,0.00015037,0.00015101,7019079.172659
1677938400000,0.00015319,0.00015462,0.00015319,0.00015462,6980.814603
1677936600000,0.00015462,0.00015462,0.00015319,0.00015319,2573.959414
1677934800000,0.00015319,0.00015462,0.00015319,0.00015462,2133.783173
1677933000000,0.00015151,0.0001551,0.00015151,0.00015319,1092343.835368
1677931200000,0.00015186,0.00015186,0.00015151,0.00015151,3295.662955
1677929400000,0.00015151,0.00015276,0.00015151,0.00015186,2375.479991
1677927600000,0.00015151,0.00015151,0.00015151,0.00015151,0
1677925800000,0.00015181,0.00015292,0.00015101,0.00015151,26884805.360423
1677924000000,0.00015204,0.00015204,0.00015181,0.00015181,275.928538
1677922200000,0.00015174,0.00015247,0.00015111,0.00015204,2007145.719938
1677920400000,0.0001511,0.00015177,0.00015098,0.00015174,311434.986957
1677918600000,0.00015107,0.0001511,0.0001509,0.0001511,1020.151974
1677916800000,0.00015107,0.00015107,0.00015107,0.00015107,0
1677915000000,0.00015116,0.00015128,0.00015087,0.00015107,1547.015956
1677913200000,0.00015127,0.00015127,0.00015114,0.00015116,93446.720009
1677911400000,0.000151,0.00015128,0.00015087,0.00015127,209.005513
1677909600000,0.00015087,0.000151,0.00015087,0.000151,19994528.317983
1677907800000,0.00015117,0.00015117,0.00015087,0.00015087,2402.765362
1677906000000,0.00015117,0.00015117,0.00015117,0.00015117,8762.21977
1677904200000,0.0001516,0.0001516,0.00015117,0.00015117,10228.081474
1677902400000,0.00015132,0.00015172,0.00015121,0.0001516,3284717.940125
1677900600000,0.00015174,0.00015174,0.0001512,0.00015132,46.8863
1677898800000,0.00015139,0.00015174,0.00015117,0.00015174,1212.729136
1677897000000,0.00015195,0.00015195,0.00015131,0.00015139,381.652194
1677895200000,0.000152,0.00015229,0.00015195,0.00015195,1466.283087
1677893400000,0.00015292,0.00015292,0.00015176,0.000152,151070.095248
1677891600000,0.00015227,0.00015292,0.00015227,0.00015292,3579.662685
1677889800000,0.00015206,0.00015231,0.00015206,0.00015227,3691.584816
1677888000000,0.00015169,0.00015206,0.00015169,0.00015206,16712446.457328
1677886200000,0.00015292,0.00015292,0.00015169,0.00015169,72894.284987
1677884400000,0.00015292,0.00015292,0.00015292,0.00015292,4326.397013
1677882600000,0.00015348,0.00015348,0.0001503,0.00015292,686871.496246
1677880800000,0.0001529,0.00015348,0.0001529,0.00015348,15666.241481
1677879000000,0.00015253,0.000153,0.00015253,0.0001529,8001171.377791
1677877200000,0.00015395,0.00015395,0.00015253,0.00015253,6120071.640791
1677875400000,0.00015519,0.00015519,0.00015375,0.00015395,3214.595232
1677873600000,0.00015519,0.00015519,0.00015519,0.00015519,1510.87276
1677871800000,0.00015375,0.00015519,0.00015375,0.00015519,4144.087708
1677870000000,0.00015462,0.00015634,0.00015375,0.00015375,238453.435232
1677868200000,0.00015603,0.00015603,0.00015333,0.00015462,3973050.043495
1677866400000,0.0001597,0.0001597,0.00015603,0.00015603,206877.342642
1677864600000,0.0001597,0.0001597,0.00015835,0.0001597,3274.045394
1677862800000,0.00015808,0.0001597,0.00015482,0.0001597,9325203.826296
1677861000000,0.00015713,0.00015808,0.00015713,0.00015808,24228.086702
1677859200000,0.0001607,0.00016161,0.00015713,0.00015713,2456743.056144
1677857400000,0.0001621,0.0001621,0.0001607,0.0001607,1218982.835195
1677855600000,0.00015893,0.0001621,0.00015893,0.0001621,635476.600917
1677853800000,0.0001574,0.00016011,0.00015672,0.00015893,12676251.206688
1677852000000,0.00015603,0.0001574,0.00015603,0.0001574,48198.810674
1677850200000,0.00015577,0.000157,0.00015375,0.00015603,258085.994805
1677848400000,0.00015139,0.00015577,0.00015066,0.00015577,89667912.297069
1677846600000,0.000151,0.00015158,0.00015028,0.00015139,11167212.648268
1677844800000,0.00015205,0.00015219,0.000151,0.000151,233086.8693
1677843000000,0.00015252,0.00015252,0.0001519,0.00015205,545062.76463
1677841200000,0.0001525,0.00015314,0.00015237,0.00015252,1910304.660275
1677839400000,0.00015186,0.00015267,0.00015186,0.0001525,4654349.445166
1677837600000,0.0001522,0.00015228,0.00015186,0.00015186,3990.386857
1677835800000,0.00015167,0.0001524,0.00015167,0.0001522,67379.257077
1677834000000,0.00015193,0.00015215,0.00015167,0.00015167,5227.195862
1677832200000,0.00015262,0.00015287,0.0001513,0.00015193,350803.899865
1677830400000,0.0001535,0.00015396,0.00015262,0.00015262,72975.635883
1677828600000,0.00015206,0.00015392,0.00015206,0.0001535,4702982.032661
1677826800000,0.00015138,0.00015206,0.00015138,0.00015206,713.287364
1677825000000,0.00015176,0.00015176,0.00015121,0.00015138,2475.160154
1677823200000,0.00015106,0.00015176,0.0001509,0.00015176,3299.285648
1677821400000,0.0001509,0.0001512,0.0001509,0.00015106,375314.001293
1677819600000,0.00015107,0.0001516,0.0001509,0.0001509,27388972.173538
1677817800000,0.00015058,0.00015115,0.00015015,0.00015107,1524041.341527
1677816000000,0.00014914,0.00015058,0.0001488,0.00015058,10866203.522448
1677814200000,0.00014617,0.00014914,0.00014617,0.00014914,15524097.700719
1677812400000,0.0001461,0.00014617,0.00014496,0.00014617,7231118.74656
1677810600000,0.000142,0.0001461,0.00014025,0.0001461,12529523.474262
1677808800000,0.00016368,0.00016368,0.00013924,0.000142,134025603.388281
1677807000000,0.00016829,0.00016829,0.00016368,0.00016368,5379675.072818
1677805200000,0.00016697,0.00016829,0.00016697,0.00016829,5255.836691
1677803400000,0.00016829,0.00016829,0.00016697,0.00016697,21220.026134
1677801600000,0.00016697,0.00016829,0.00016697,0.00016829,52
1677799800000,0.00016709,0.00016829,0.00016697,0.00016697,3557838.164923
1677798000000,0.000167,0.00016709,0.000167,0.00016709,2911447.30711
1677796200000,0.00016697,0.000167,0.00016697,0.000167,130325.947721
1677794400000,0.00016644,0.00016697,0.00016642,0.00016697,3155019.902337
1677792600000,0.00016589,0.00016644,0.00016589,0.00016644,39648.186974
1677790800000,0.00016603,0.00016627,0.0001655,0.00016589,1141715.87352
1677789000000,0.00016654,0.00016659,0.00016598,0.00016603,529.832859
1677787200000,0.00016659,0.00016659,0.00016645,0.00016654,1515.242539
1677785400000,0.00016582,0.00016697,0.00016582,0.00016659,40988.128617
1677783600000,0.00016635,0.00016635,0.00016582,0.00016582,984.928487
1677781800000,0.00016558,0.00016643,0.00016558,0.00016635,2667806.521939
1677780000000,0.00016582,0.00016582,0.00016558,0.00016558,6412.574817
1677778200000,0.00016469,0.00016582,0.0001645,0.00016582,2710623.260346
1677776400000,0.00016568,0.0001661,0.00016429,0.00016469,4221267.801728
1677774600000,0.00016796,0.00016845,0.00016489,0.00016568,5205557.75111
1677772800000,0.00016934,0.00016934,0.00016796,0.00016796,678432.807663
1677771000000,0.0001692,0.00016959,0.0001692,0.00016934,6217.373919
1677769200000,0.00016796,0.00017141,0.0001668,0.0001692,4267766.098056
1677767400000,0.0001695,0.0001695,0.00016796,0.00016796,7248.852674
1677765600000,0.00016783,0.0001695,0.00016783,0.0001695,450062.105781
1677763800000,0.00016891,0.00016891,0.00016783,0.00016783,5140.373676
1677762000000,0.00016849,0.00016891,0.00016842,0.00016891,48600.72816
1677760200000,0.00016837,0.00016849,0.00016711,0.00016849,420696.572649
1677758400000,0.0001714,0.0001714,0.00016837,0.00016837,581997.721184
1677756600000,0.00017115,0.0001714,0.00017108,0.0001714,46406.742601
1677754800000,0.00017206,0.00017206,0.00017108,0.00017115,97694.597762
1677753000000,0.00016968,0.0001721,0.00016968,0.00017206,2703079.989852
1677751200000,0.00016861,0.00016982,0.00016858,0.00016968,2308304.297532
1677749400000,0.00017212,0.00017212,0.00016859,0.00016861,7750844.431146
1677747600000,0.00016956,0.00017212,0.00016956,0.00017212,16588588.791584
1677745800000,0.00016281,0.00016959,0.00016281,0.00016956,15886548.605812
1677744000000,0.00016262,0.00016281,0.00016249,0.00016281,8041081.085857
1677742200000,0.00016246,0.00016262,0.00016222,0.00016262,627201.322354
1677740400000,0.0001621,0.00016246,0.00016203,0.00016246,155488.199747
1677738600000,0.00016174,0.00016225,0.00016174,0.0001621,1097.781878
1677736800000,0.00016189,0.00016189,0.00016174,0.00016174,659949.064211
1677735000000,0.0001629,0.0001629,0.00016189,0.00016189,107175.281066
1677733200000,0.00016283,0.0001629,0.00016283,0.0001629,865.197134
1677731400000,0.00016249,0.00016291,0.00016238,0.00016283,3000123.919129
1677729600000,0.00016229,0.00016249,0.00016229,0.00016249,4738.019284
1677727800000,0.00016199,0.00016245,0.00016199,0.00016229,200166.915736
1677726000000,0.00016208,0.00016208,0.00016183,0.00016199,1000079.913766
1677724200000,0.00016261,0.00016316,0.00016189,0.00016208,3589386.657649
1677722400000,0.00016261,0.00016261,0.00016261,0.00016261,0
1677720600000,0.00016385,0.00016385,0.00016226,0.00016261,167769.684244
1677718800000,0.00016385,0.00016385,0.00016373,0.00016385,96558.207113
1677717000000,0.000164,0.000164,0.00016385,0.00016385,33692.34268
1677715200000,0.000164,0.000164,0.000164,0.000164,157.269442
1677713400000,0.000164,0.000164,0.00016394,0.000164,265.97983
1677711600000,0.00016384,0.000164,0.00016384,0.000164,17391.891262
1677709800000,0.0001634,0.00016384,0.00016336,0.00016384,32373.98372
1677708000000,0.0001634,0.0001634,0.0001634,0.0001634,2170.069072
1677706200000,0.0001634,0.0001634,0.0001634,0.0001634,7922.108227
1677704400000,0.00016339,0.0001634,0.00016339,0.0001634,306673.791148
1677702600000,0.00016319,0.00016339,0.00016307,0.00016339,213.410509
1677700800000,0.00016248,0.00016319,0.000162,0.00016319,26465898.492369
1677699000000,0.00016358,0.00016358,0.00016248,0.00016248,5905.524137
1677697200000,0.00016358,0.00016358,0.00016358,0.00016358,324.796463
1677695400000,0.00016399,0.00016399,0.00016328,0.00016358,394.029999
1677693600000,0.00016399,0.00016399,0.00016399,0.00016399,0
1677691800000,0.000164,0.000164,0.00016365,0.00016399,2068.401916
1677690000000,0.00016384,0.000164,0.00016384,0.000164,189.583497
1677688200000,0.0001631,0.00016393,0.0001631,0.00016384,41599.224376
1677686400000,0.00016384,0.00016394,0.00016226,0.0001631,13711791.196198
1677684600000,0.00016371,0.00016384,0.0001636,0.00016384,1054.686138
1677682800000,0.00016406,0.00016406,0.00016371,0.00016371,671621.696198
1677681000000,0.00016371,0.0001641,0.00016371,0.00016406,818.111982
1677679200000,0.00016351,0.00016389,0.00016351,0.00016371,515606.006412
1677677400000,0.0001632,0.00016389,0.0001632,0.00016351,10000150.096712
1677675600000,0.00016419,0.00016419,0.0001632,0.0001632,67016.103487
1677673800000,0.00016447,0.0001645,0.00016397,0.00016419,996.286619
1677672000000,0.00016449,0.00016449,0.00016447,0.00016447,796.078723
1677670200000,0.00016461,0.00016462,0.00016435,0.00016449,389.48683
1677668400000,0.00016455,0.00016462,0.00016455,0.00016461,2781403.819194
1677666600000,0.00016415,0.00016462,0.00016415,0.00016455,2041091.514794
1677664800000,0.00016409,0.00016415,0.00016389,0.00016415,211.028236
1677663000000,0.00016409,0.00016409,0.00016387,0.00016409,446.075226
1677661200000,0.00016409,0.00016409,0.00016409,0.00016409,0
1677659400000,0.00016409,0.0001645,0.00016409,0.00016409,11006047.297719
1677657600000,0.0001639,0.00016409,0.0001639,0.00016409,368949.789752
1677655800000,0.0001638,0.000164,0.0001638,0.0001639,301.218385
1677654000000,0.000164,0.000164,0.0001638,0.0001638,826.493273
1677652200000,0.00016398,0.00016409,0.00016398,0.000164,2224.233934
1677650400000,0.00016384,0.00016398,0.00016384,0.00016398,182.793089
1677648600000,0.0001637,0.0001639,0.0001637,0.00016384,2129.491667
1677646800000,0.00016409,0.00016409,0.0001637,0.0001637,1843459.862855
1677645000000,0.00016439,0.00016439,0.00016378,0.00016409,6742974.159659
1677643200000,0.00016439,0.00016439,0.00016439,0.00016439,4920.482166
1677641400000,0.00016392,0.00016439,0.00016389,0.00016439,184.108212
1677639600000,0.00016423,0.00016423,0.00016392,0.00016392,20131.771595
1677637800000,0.00016252,0.00016433,0.00016252,0.00016423,3415450.834684
1677636000000,0.0001621,0.00016252,0.0001621,0.00016252,3756397.851906
1677634200000,0.00016195,0.00016248,0.00016189,0.0001621,4772.972541
1677632400000,0.00016147,0.00016195,0.00016147,0.00016195,2500285.173588
1677630600000,0.00016259,0.00016259,0.00016137,0.00016147,30338.318531
1677628800000,0.00016259,0.00016259,0.00016259,0.00016259,0
1677627000000,0.00016237,0.00016259,0.000162,0.00016259,137780.434138
1677625200000,0.0001622,0.00016281,0.0001622,0.00016237,5539219.202196
1677623400000,0.00016211,0.0001622,0.00016186,0.0001622,2477.651334
1677621600000,0.0001614,0.00016211,0.0001614,0.00016211,39567.800788
1677619800000,0.00016248,0.00016248,0.00016064,0.0001614,8843973.868524
1677618000000,0.00016403,0.00016403,0.00016248,0.00016248,581223.011891
1677616200000,0.000164,0.00016415,0.00016344,0.00016403,12558.343706
1677614400000,0.0001633,0.000164,0.0001633,0.000164,81203.450622
1677612600000,0.00016308,0.0001633,0.00016248,0.0001633,47401.009427
1677610800000,0.00016341,0.0001637,0.00016308,0.00016308,29068.471158
1677609000000,0.00016462,0.00016462,0.00016341,0.00016341,1354916.223433
1677607200000,0.00016313,0.00016462,0.00016308,0.00016462,3568312.328345
1677605400000,0.0001627,0.0001646,0.0001627,0.00016313,5683920.822676
1677603600000,0.0001621,0.0001627,0.0001621,0.0001627,41.074439
1677601800000,0.00016306,0.00016306,0.00016196,0.0001621,581.461099
1677600000000,0.0001632,0.00016324,0.00016306,0.00016306,178338.392099
1677598200000,0.0001627,0.0001632,0.0001627,0.0001632,2988.086172
1677596400000,0.0001629,0.0001634,0.0001627,0.0001627,2536.429923
1677594600000,0.00016284,0.0001631,0.00016235,0.0001629,698042.236614
1677592800000,0.00016282,0.00016284,0.00016282,0.00016284,9476.867538
1677591000000,0.00016424,0.00016424,0.00016282,0.00016282,54182.329223
1677589200000,0.00016096,0.0001646,0.00016096,0.00016424,21389441.304997
1677587400000,0.00016089,0.00016096,0.00016089,0.00016096,216892.613638
1677585600000,0.00016069,0.00016089,0.00016069,0.00016089,107579.345975
1677583800000,0.00016051,0.00016069,0.00016048,0.00016069,567.219879
1677582000000,0.00016042,0.00016062,0.00016042,0.00016051,590293.63106
1677580200000,0.00015978,0.00016042,0.00015978,0.00016042,384.002124
1677578400000,0.00015993,0.00015993,0.00015978,0.00015978,2649.810364
1677576600000,0.00016004,0.00016027,0.00015993,0.00015993,195.485495
1677574800000,0.00015944,0.00016004,0.00015944,0.00016004,715.963288
1677573000000,0.00015926,0.00015944,0.00015926,0.00015944,59.470031
1677571200000,0.00015952,0.00015952,0.00015926,0.00015926,42894.740069
1677569400000,0.00016089,0.00016089,0.00015952,0.00015952,12388818.208656
1677567600000,0.00016089,0.00016089,0.00016089,0.00016089,576.899678
1677565800000,0.00016096,0.00016096,0.0001607,0.00016089,649.000904
1677564000000,0.00016096,0.00016096,0.00016096,0.00016096,4344.306464
1677562200000,0.00016096,0.00016096,0.00016095,0.00016096,352250.034502
1677560400000,0.0001609,0.00016096,0.0001608,0.00016096,314805.761959
1677558600000,0.000161,0.000161,0.0001607,0.0001609,392.723895
1677556800000,0.0001614,0.0001615,0.000161,0.000161,504889.83482
1677555000000,0.0001614,0.00016151,0.0001614,0.0001614,1109.898182
1677553200000,0.0001616,0.0001616,0.00016115,0.0001614,514.174835
1677551400000,0.00016161,0.00016161,0.00016115,0.0001616,1189.270586
1677549600000,0.00016132,0.00016161,0.00016121,0.00016161,4053.582925
1677547800000,0.00016119,0.00016161,0.00016119,0.00016132,45506.4871
1677546000000,0.00016056,0.00016119,0.00016056,0.00016119,40583.139388
1677544200000,0.0001606,0.0001606,0.00016056,0.00016056,1249.767556
1677542400000,0.00016066,0.00016066,0.0001606,0.0001606,181.814939
1677540600000,0.00016102,0.00016102,0.00016056,0.00016066,2314.114786
1677538800000,0.0001605,0.00016102,0.0001605,0.00016102,971.669071
1677537000000,0.00016037,0.0001605,0.00016017,0.0001605,42586.253796
1677535200000,0.00016019,0.00016037,0.00016019,0.00016037,1016.562636
1677533400000,0.00015942,0.00016019,0.00015942,0.00016019,353.294279
1677531600000,0.00015942,0.00015942,0.00015942,0.00015942,0
1677529800000,0.0001598,0.0001598,0.00015925,0.00015942,1808.78369
1677528000000,0.00015976,0.0001601,0.00015976,0.0001598,777851.125994
1677526200000,0.00015982,0.00015982,0.00015954,0.00015976,1095.643772
1677524400000,0.00015918,0.00015982,0.00015918,0.00015982,55638.251578
1677522600000,0.00015835,0.00015925,0.00015835,0.00015918,578090.199414
1677520800000,0.00016003,0.00016022,0.00015835,0.00015835,10980608.053217
1677519000000,0.0001607,0.00016076,0.00016003,0.00016003,607178.350456
1677517200000,0.00016049,0.0001607,0.00016049,0.0001607,2766.11114
1677515400000,0.00016065,0.00016065,0.00016026,0.00016049,2651064.535362
1677513600000,0.00016101,0.00016148,0.00016065,0.00016065,511591.122041
1677511800000,0.00016235,0.00016235,0.00016101,0.00016101,106550.432061
1677510000000,0.00016216,0.00016281,0.00016212,0.00016235,1112232.886578
1677508200000,0.0001622,0.0001622,0.000162,0.00016216,2086.43109
1677506400000,0.00016161,0.0001622,0.00016161,0.0001622,41715.495059
1677504600000,0.00016113,0.00016161,0.00016113,0.00016161,9049.190394
1677502800000,0.00016091,0.00016113,0.00016091,0.00016113,2459.835707
1677501000000,0.00016161,0.00016161,0.00016091,0.00016091,2322.460731
1677499200000,0.00016148,0.00016161,0.00016148,0.00016161,1735.412714
1677497400000,0.00016161,0.00016161,0.00016113,0.00016148,835.562831
1677495600000,0.00016072,0.00016161,0.00016072,0.00016161,66.78634
1677493800000,0.0001613,0.0001613,0.00016022,0.00016072,501140.167461
1677492000000,0.00016072,0.0001613,0.0001607,0.0001613,2250.307634
1677490200000,0.00016027,0.0001608,0.00016027,0.00016072,1567.745655
1677488400000,0.00016012,0.00016049,0.00016012,0.00016027,1120.378739
1677486600000,0.0001607,0.0001607,0.00016012,0.00016012,277.232431
1677484800000,0.000161,0.00016118,0.0001607,0.0001607,2285731.288546
1677483000000,0.0001616,0.0001616,0.000161,0.000161,1058.468918
1677481200000,0.00016075,0.0001616,0.00016075,0.0001616,622.612603
1677479400000,0.00016111,0.00016122,0.00016075,0.00016075,216.895284
1677477600000,0.00016126,0.00016126,0.00016075,0.00016111,1233.792958
1677475800000,0.00016146,0.00016146,0.00016075,0.00016126,500294.56678
1677474000000,0.00016138,0.00016146,0.00016138,0.00016146,2234.53349
1677472200000,0.00016162,0.00016174,0.0001613,0.00016138,8973040.760337
1677470400000,0.00016162,0.00016162,0.00016162,0.00016162,499946.052109
1677468600000,0.0001622,0.0001622,0.00016162,0.00016162,1317.914086
1677466800000,0.00016151,0.0001622,0.00016151,0.0001622,188.397268
1677465000000,0.00016222,0.00016222,0.00016075,0.00016151,27720302.754882
1677463200000,0.0001615,0.00016225,0.0001615,0.00016222,28219915.317326
1677461400000,0.00016171,0.00016171,0.00016127,0.0001615,1219.526828
1677459600000,0.00016127,0.00016171,0.00016127,0.00016171,386.616866
1677457800000,0.00016175,0.00016175,0.00016127,0.00016127,90.535095
1677456000000,0.00016207,0.0001622,0.00016175,0.00016175,1002727.826337
1677454200000,0.000162,0.00016207,0.00016175,0.00016207,123.033387
1677452400000,0.0001605,0.000162,0.0001605,0.000162,15261481.495028
1677450600000,0.00016119,0.0001612,0.0001605,0.0001605,41958.352482
1677448800000,0.00016187,0.00016187,0.00016119,0.00016119,23383561.520717
1677447000000,0.00016187,0.0001623,0.00016187,0.00016187,388.610524
1677445200000,0.0001625,0.0001625,0.00016187,0.00016187,610748.248092
1677443400000,0.00016161,0.0001625,0.00016161,0.0001625,40911.66242
1677441600000,0.00016128,0.00016161,0.00016128,0.00016161,91162.601601
1677439800000,0.00016128,0.00016128,0.00016128,0.00016128,121910.952124
1677438000000,0.00016125,0.0001616,0.00016114,0.00016128,14327970.180578
1677436200000,0.0001609,0.00016161,0.00016047,0.00016125,10683702.377365
1677434400000,0.0001604,0.0001609,0.00016038,0.0001609,460295.605547
1677432600000,0.00016065,0.00016065,0.00015999,0.0001604,917.962438
1677430800000,0.00016025,0.00016102,0.00016025,0.00016065,443.0123
1677429000000,0.00016024,0.00016057,0.00016024,0.00016025,151.72617
1677427200000,0.0001603,0.00016059,0.00016024,0.00016024,1907.418168
1677425400000,0.00016077,0.00016077,0.0001602,0.0001603,2273.906594
1677423600000,0.00016029,0.00016077,0.00016029,0.00016077,2349.317254
1677421800000,0.0001604,0.0001606,0.0001602,0.00016029,299.387036
1677420000000,0.0001603,0.00016049,0.0001603,0.0001604,3810.652391
1677418200000,0.00016028,0.00016035,0.00015977,0.0001603,411.090589
1677416400000,0.00016003,0.00016028,0.00016003,0.00016028,273.140447
1677414600000,0.00016057,0.00016057,0.0001598,0.00016003,18805562.139276
1677412800000,0.0001606,0.0001606,0.00016057,0.00016057,238.076317
1677411000000,0.0001602,0.00016069,0.0001602,0.0001606,312553.100254
1677409200000,0.00016,0.0001602,0.00016,0.0001602,343.24841
1677407400000,0.0001603,0.00016077,0.00016,0.00016,2000.533291
1677405600000,0.0001603,0.0001603,0.0001603,0.0001603,973.748066
1677403800000,0.00016003,0.0001603,0.00016003,0.0001603,351.673152
1677402000000,0.00015968,0.00016003,0.00015968,0.00016003,1565.194401
1677400200000,0.00016003,0.00016003,0.00015965,0.00015968,600.808285
1677398400000,0.00016003,0.00016003,0.00016003,0.00016003,2326.307028
1677396600000,0.00015952,0.00016003,0.00015952,0.00016003,248.164969
1677394800000,0.00015966,0.00015966,0.00015952,0.00015952,91.449401
1677393000000,0.0001599,0.00016003,0.00015966,0.00015966,226.454432
1677391200000,0.00016006,0.00016006,0.00015965,0.0001599,125511.414271
1677389400000,0.00016,0.00016031,0.00015975,0.00016006,409.482795
1677387600000,0.00016005,0.00016018,0.00016,0.00016,1332190.181103
1677385800000,0.00016075,0.00016075,0.00016,0.00016005,3207.297906
1677384000000,0.00016068,0.00016087,0.00016068,0.00016075,570.661283
1677382200000,0.00016073,0.00016086,0.00016068,0.00016068,284.637356
1677380400000,0.00016073,0.00016073,0.00016073,0.00016073,5134.679764
1677378600000,0.00016008,0.00016073,0.00016,0.00016073,1264.364167
1677376800000,0.00016003,0.0001606,0.00015993,0.00016008,2146550.476861
1677375000000,0.0001603,0.00016057,0.00015999,0.00016003,48307527.345595
1677373200000,0.00016102,0.00016102,0.00016,0.0001603,72067651.883816
1677371400000,0.00016281,0.00016281,0.0001601,0.00016102,109592856.442847
1677369600000,0.00016266,0.00016281,0.00016237,0.00016281,3712.513949
1677367800000,0.0001624,0.0001628,0.0001624,0.00016266,792.105981
1677366000000,0.0001616,0.00016281,0.0001616,0.0001624,4421469.045402
1677364200000,0.00016042,0.0001622,0.00016042,0.0001616,84275.28898
1677362400000,0.00016013,0.00016042,0.00015996,0.00016042,41319.135102
1677360600000,0.00016041,0.00016041,0.00015941,0.00016013,4494158.52242
1677358800000,0.0001595,0.00016041,0.00015925,0.00016041,24920283.138807
1677357000000,0.0001587,0.0001595,0.00015777,0.0001595,113455838.072325
1677355200000,0.0001601,0.00016077,0.00015835,0.0001587,41577901.740759
1677353400000,0.00016,0.00016019,0.00015963,0.0001601,2070.621187
1677351600000,0.0001604,0.00016124,0.00016,0.00016,92848.833539
1677349800000,0.00016128,0.0001613,0.00016016,0.0001604,1456615.862715
1677348000000,0.00016104,0.00016128,0.00016104,0.00016128,3466.345361
1677346200000,0.00016161,0.00016163,0.0001608,0.00016104,2042.459827
1677344400000,0.0001605,0.00016161,0.0001605,0.00016161,41335.937219
1677342600000,0.00016045,0.000161,0.00016045,0.0001605,204.51342
1677340800000,0.00016038,0.00016045,0.00016038,0.00016045,1051.09932
1677339000000,0.00016116,0.00016116,0.00016033,0.00016038,42823.943094
1677337200000,0.00016114,0.00016159,0.00016114,0.00016116,8496.771167
1677335400000,0.0001612,0.0001614,0.00016114,0.00016114,50349.046984
1677333600000,0.00016172,0.00016172,0.0001612,0.0001612,65116834.289915
1677331800000,0.000161,0.00016179,0.000161,0.00016172,25052960.31233
1677330000000,0.00016251,0.00016251,0.000161,0.000161,49108613.516982
1677328200000,0.00016187,0.00016251,0.00016108,0.00016251,81621.980091
1677326400000,0.00016279,0.00016297,0.00016187,0.00016187,4298910.312612
1677324600000,0.00016245,0.00016279,0.00016245,0.00016279,1148.995796
1677322800000,0.0001629,0.00016295,0.00016245,0.00016245,174191.194792
1677321000000,0.00016559,0.00016559,0.0001629,0.0001629,4339276.093131
1677319200000,0.00016525,0.00016576,0.00016525,0.00016559,2149.168499
1677317400000,0.00016705,0.00016705,0.00016525,0.00016525,84145.554545
1677315600000,0.0001655,0.00016705,0.0001655,0.00016705,236779.304546
1677313800000,0.00016509,0.0001662,0.00016509,0.0001655,762.354582
1677312000000,0.0001651,0.00016536,0.00016489,0.00016509,2702582.855114
1677310200000,0.00016606,0.00016606,0.0001651,0.0001651,2222.301481
1677308400000,0.00016529,0.00016617,0.00016529,0.00016606,9486.80904
1677306600000,0.00016644,0.00016644,0.00016529,0.00016529,2042.192375
1677304800000,0.0001658,0.00016644,0.0001658,0.00016644,41872.279644
1677303000000,0.00016595,0.00016595,0.0001648,0.0001658,98901.67446
1677301200000,0.00016649,0.00016705,0.00016595,0.00016595,7808.526628
1677299400000,0.000166,0.0001669,0.000166,0.00016649,65343.450127
1677297600000,0.00016836,0.00016836,0.000166,0.000166,59831403.015455
1677295800000,0.000169,0.000169,0.00016734,0.00016836,2759804.628963
1677294000000,0.00016709,0.000169,0.00016709,0.000169,27747491.156012
1677292200000,0.00016729,0.00016729,0.00016611,0.00016709,465221.858672
1677290400000,0.00016762,0.00016813,0.00016729,0.00016729,4257823.371675
1677288600000,0.00016734,0.00016767,0.00016672,0.00016762,9590.119493
1677286800000,0.00016796,0.00016796,0.00016734,0.00016734,39748.359327
1677285000000,0.00016705,0.00016954,0.00016705,0.00016796,338182.357101
1677283200000,0.00016594,0.00016705,0.00016594,0.00016705,2865675.890471
1677281400000,0.00016611,0.00016653,0.00016594,0.00016594,60274.921452
1677279600000,0.00016709,0.00016709,0.00016611,0.00016611,10750023.197943
1677277800000,0.0001671,0.0001671,0.00016709,0.00016709,30463650.480573
1677276000000,0.00016709,0.0001671,0.00016709,0.0001671,6970272.533624
1677274200000,0.00016687,0.00016709,0.00016667,0.00016709,1391850.864577
1677272400000,0.00016645,0.0001669,0.00016645,0.00016687,18047135.272646
1677270600000,0.00016644,0.00016645,0.00016644,0.00016645,2389209.812432
1677268800000,0.00016644,0.00016645,0.00016644,0.00016644,5385314.445278
1677267000000,0.00016644,0.00016649,0.00016644,0.00016644,17801371.364719
1677265200000,0.00016231,0.00016709,0.00016231,0.00016644,12922697.577093
1677263400000,0.00016188,0.00016274,0.00016188,0.00016231,391260.332771
1677261600000,0.00016187,0.00016188,0.00016187,0.00016188,535020.867267
1677259800000,0.00016187,0.00016199,0.00016187,0.00016187,1775809.075736
1677258000000,0.00016211,0.00016216,0.00016187,0.00016187,5450050.210817
1677256200000,0.00016187,0.00016241,0.00016187,0.00016211,41987.719339
1677254400000,0.00016242,0.00016242,0.00016187,0.00016187,51705823.522763
1677252600000,0.000163,0.0001633,0.000162,0.00016242,43847546.172545
1677250800000,0.000164,0.000164,0.000163,0.000163,56680705.710337
1677249000000,0.00016388,0.000164,0.0001636,0.000164,1292.449305
1677247200000,0.00016396,0.000164,0.00016317,0.00016388,12395.960186
1677245400000,0.00016368,0.00016399,0.00016308,0.00016396,8531489.52983
1677243600000,0.00016543,0.00016543,0.00016368,0.00016368,97993.351306
1677241800000,0.00016489,0.0001658,0.00016461,0.00016543,4713.773181
1677240000000,0.0001655,0.0001655,0.00016489,0.00016489,75010.400245
1677238200000,0.0001669,0.0001669,0.0001655,0.0001655,8880.286771
1677236400000,0.0001663,0.0001669,0.00016577,0.0001669,21728249.064588
1677234600000,0.00016644,0.00016644,0.00016493,0.0001663,25515146.605395
1677232800000,0.0001663,0.00016644,0.0001663,0.00016644,2039648.220761
1677231000000,0.00015976,0.0001663,0.00015976,0.0001663,10698947.921578
1677229200000,0.00016008,0.00016028,0.00015976,0.00015976,238.5381
1677227400000,0.0001596,0.00016011,0.00015955,0.00016008,3537.943057
1677225600000,0.00016051,0.00016069,0.0001596,0.0001596,23162649.857121
1677223800000,0.00016058,0.00016058,0.0001605,0.00016051,243.40333
1677222000000,0.00016058,0.00016088,0.00016058,0.00016058,4266.594978
1677220200000,0.00015971,0.00016058,0.00015971,0.00016058,742.692183
1677218400000,0.00015971,0.00015971,0.00015971,0.00015971,3967.624285
1677216600000,0.00015971,0.00016009,0.00015971,0.00015971,1001478.666593
1677214800000,0.0001603,0.00016039,0.00015971,0.00015971,11257843.694069
1677213000000,0.0001607,0.0001607,0.00016011,0.0001603,406.821332
1677211200000,0.0001602,0.0001607,0.0001601,0.0001607,1228.143979
1677209400000,0.0001604,0.00016077,0.00016012,0.0001602,784.518403
1677207600000,0.00016004,0.0001604,0.00015972,0.0001604,1362.276781
1677205800000,0.0001609,0.0001609,0.00015981,0.00016004,750.729511
1677204000000,0.00016044,0.0001609,0.00016039,0.0001609,9607710.965463
1677202200000,0.00016099,0.00016099,0.00016044,0.00016044,2233.803814
1677200400000,0.00016076,0.00016099,0.00016076,0.00016099,1027.154543
1677198600000,0.00016099,0.00016099,0.00015971,0.00016076,1618.327137
1677196800000,0.00016042,0.00016099,0.00016042,0.00016099,4133611.601158
1677195000000,0.00016014,0.00016042,0.00016014,0.00016042,802.576711
1677193200000,0.00016015,0.00016016,0.0001597,0.00016014,1303341.143513
1677191400000,0.00015939,0.00016022,0.00015939,0.00016015,1896.316886
1677189600000,0.00015995,0.00015995,0.00015939,0.00015939,2246.490109
1677187800000,0.0001602,0.0001602,0.00015995,0.00015995,4154.635306
1677186000000,0.00015999,0.0001602,0.00015991,0.0001602,741.979076
1677184200000,0.00015998,0.00016011,0.00015985,0.00015999,2291.344092
1677182400000,0.00015998,0.00015998,0.00015997,0.00015998,2742.900652
1677180600000,0.00015903,0.00015998,0.00015903,0.00015998,1031.872263
1677178800000,0.0001592,0.0001592,0.00015901,0.00015903,1111.67428
1677177000000,0.000159,0.00015934,0.000159,0.0001592,5004473.395581
1677175200000,0.000159,0.00015915,0.000159,0.000159,45205989.892437
1677173400000,0.00015908,0.00015945,0.000159,0.000159,8144917.871185
1677171600000,0.00015907,0.00015908,0.00015907,0.00015908,1555.904264
1677169800000,0.0001598,0.00016013,0.00015907,0.00015907,6495.619768
1677168000000,0.00015933,0.00016,0.00015933,0.0001598,254.535163
1677166200000,0.00015998,0.00015998,0.00015927,0.00015933,1248268.324294
1677164400000,0.00016041,0.00016042,0.00015997,0.00015998,1740265.330467
1677162600000,0.0001609,0.0001609,0.00015952,0.00016041,45091.811066
1677160800000,0.00016061,0.0001609,0.0001605,0.0001609,2033.408043
1677159000000,0.00016098,0.00016099,0.00016059,0.00016061,2988.037
1677157200000,0.00016028,0.00016098,0.00016028,0.00016098,6744466.546723
1677155400000,0.00015983,0.00016042,0.00015978,0.00016028,692462.424173
1677153600000,0.00015923,0.00015983,0.0001592,0.00015983,83205.499214
1677151800000,0.00015863,0.00015923,0.000158,0.00015923,1045482.586095
1677150000000,0.00016122,0.0001621,0.00015863,0.00015863,6637857.574587
1677148200000,0.000161,0.00016159,0.000161,0.00016122,3753.185385
1677146400000,0.00016108,0.00016115,0.000161,0.000161,780.81321
1677144600000,0.000162,0.000162,0.00016095,0.00016108,19429.765381
1677142800000,0.0001618,0.000162,0.0001617,0.000162,44630.443431
1677141000000,0.0001612,0.0001622,0.0001612,0.0001618,2627.091368
1677139200000,0.00016143,0.00016143,0.0001612,0.0001612,1071.471338
1677137400000,0.00016193,0.00016193,0.0001612,0.00016143,1684820.789982
1677135600000,0.00016095,0.0001622,0.00016095,0.00016193,10006167.416181
1677133800000,0.0001611,0.0001611,0.00016044,0.00016095,51449.890526
1677132000000,0.00016135,0.00016135,0.0001611,0.0001611,38.476957
1677130200000,0.0001622,0.0001622,0.0001611,0.00016135,42991.239458
1677128400000,0.0001622,0.0001622,0.00016211,0.0001622,161068.670423
1677126600000,0.0001621,0.0001622,0.00016198,0.0001622,272264.759141
1677124800000,0.00016191,0.0001621,0.00016191,0.0001621,591.409929
1677123000000,0.0001622,0.0001622,0.00016191,0.00016191,96140.58364
1677121200000,0.0001622,0.0001622,0.0001622,0.0001622,0
1677119400000,0.0001621,0.0001622,0.0001621,0.0001622,507498.280033
1677117600000,0.00016136,0.0001621,0.00016132,0.0001621,83656.682464
1677115800000,0.00016106,0.0001616,0.00016106,0.00016136,1911.078092
1677114000000,0.00016125,0.00016125,0.00016079,0.00016106,10002248.950467
1677112200000,0.00016099,0.00016161,0.00016011,0.00016125,45334.10434
1677110400000,0.00016099,0.00016099,0.00016099,0.00016099,14364.833876
1677108600000,0.00016042,0.00016099,0.00016042,0.00016099,2029649.933865
1677106800000,0.00016042,0.00016042,0.00016042,0.00016042,36032.257644
1677105000000,0.00016,0.00016042,0.00016,0.00016042,17002896.664298
1677103200000,0.00015983,0.00016,0.00015983,0.00016,17039848.243953
1677101400000,0.00015945,0.00015983,0.00015945,0.00015983,7912448.782943
1677099600000,0.00015944,0.0001598,0.00015933,0.00015945,2030316.91775
1677097800000,0.00015935,0.00015978,0.00015835,0.00015944,3696.804229
1677096000000,0.00015969,0.00015971,0.00015935,0.00015935,2564.501672
1677094200000,0.0001598,0.0001598,0.00015958,0.00015969,6082095.666191
1677092400000,0.00015851,0.0001598,0.00015791,0.0001598,17071877.31234
1677090600000,0.00015866,0.0001591,0.00015792,0.00015851,3403.063557
1677088800000,0.0001579,0.00015866,0.0001578,0.00015866,7913521.001434
1677087000000,0.0001577,0.00015831,0.00015698,0.0001579,2207368.314722
1677085200000,0.00015709,0.0001577,0.00015699,0.0001577,10354707.07086
1677083400000,0.0001575,0.0001575,0.00015661,0.00015709,162631.12171
1677081600000,0.00015718,0.0001575,0.00015704,0.0001575,41903.006151
1677079800000,0.00015661,0.00015737,0.00015661,0.00015718,7812.23138
1677078000000,0.000158,0.00015835,0.00015661,0.00015661,53717481.78299
1677076200000,0.0001583,0.0001591,0.000158,0.000158,17634881.355807
1677074400000,0.00015841,0.00015915,0.0001583,0.0001583,23692167.190687
1677072600000,0.00015925,0.00015925,0.00015841,0.00015841,447.454912
1677070800000,0.00015826,0.00015925,0.00015826,0.00015925,414.788798
1677069000000,0.0001584,0.000159,0.00015794,0.00015826,2710.169336
1677067200000,0.00015816,0.0001584,0.00015816,0.0001584,823.038412
1677065400000,0.0001582,0.00015864,0.00015816,0.00015816,1406.842008
1677063600000,0.0001592,0.0001592,0.0001582,0.0001582,6.316829
1677061800000,0.0001591,0.0001592,0.0001585,0.0001592,3500.7535
1677060000000,0.00015841,0.0001591,0.00015841,0.0001591,7800.242804
1677058200000,0.0001571,0.00015866,0.0001571,0.00015841,2083916.803549
1677056400000,0.0001571,0.00015808,0.00015698,0.0001571,1073988.54841
1677054600000,0.00015835,0.00015835,0.00015623,0.0001571,5223084.440499
1677052800000,0.00015939,0.00015939,0.00015835,0.00015835,41617.929266
1677051000000,0.00015866,0.00015939,0.00015866,0.00015939,42235.790009
1677049200000,0.00015777,0.00015866,0.0001575,0.00015866,1041718.206927
1677047400000,0.00016018,0.00016018,0.00015777,0.00015777,3434119.175413
1677045600000,0.0001602,0.0001602,0.00016018,0.00016018,192.655479
1677043800000,0.00016099,0.00016099,0.00015952,0.0001602,3177251.284243
1677042000000,0.0001599,0.00016099,0.0001599,0.00016099,1000297.152414
1677040200000,0.00016081,0.00016081,0.00015977,0.0001599,2971102.07243
1677038400000,0.00016081,0.00016081,0.00016081,0.00016081,0
1677036600000,0.0001603,0.00016099,0.0001603,0.00016081,3431.838661
1677034800000,0.00016042,0.00016099,0.0001601,0.0001603,152863.994258
1677033000000,0.00015937,0.00016042,0.00015835,0.00016042,124813.65589
1677031200000,0.00016023,0.00016068,0.00015761,0.00015937,14821492.068765
1677029400000,0.00016274,0.00016274,0.00016018,0.00016023,113404.314106
1677027600000,0.000162,0.00016274,0.000162,0.00016274,628.912632
1677025800000,0.00016262,0.00016262,0.00016129,0.000162,6031913.925543
1677024000000,0.00016252,0.00016262,0.0001622,0.00016262,17824.047758
1677022200000,0.0001622,0.00016262,0.0001622,0.00016252,31115.887954
1677020400000,0.0001622,0.0001622,0.0001622,0.0001622,11051.793502
1677018600000,0.0001612,0.0001622,0.00016096,0.0001622,243668.174985
1677016800000,0.00016104,0.00016161,0.00016099,0.0001612,4119281.529724
1677015000000,0.0001607,0.00016157,0.0001607,0.00016104,11479909.187886
1677013200000,0.00016324,0.00016355,0.0001607,0.0001607,31870201.876205
1677011400000,0.00016376,0.00016376,0.00016322,0.00016324,3020.633412
1677009600000,0.00016376,0.00016379,0.00016375,0.00016376,72604.968175
1677007800000,0.00016461,0.00016461,0.00016376,0.00016376,435881.820084
1677006000000,0.00016461,0.00016461,0.0001646,0.00016461,1772.859757
1677004200000,0.0001644,0.00016461,0.00016306,0.00016461,25443304.043866
1677002400000,0.00016461,0.00016461,0.0001644,0.0001644,3862.342517
1677000600000,0.000164,0.00016461,0.00016365,0.00016461,2790441.948356
1676998800000,0.000164,0.000164,0.00016379,0.000164,817.739502
1676997000000,0.000164,0.000164,0.00016304,0.000164,3827.980747
1676995200000,0.00016461,0.00016461,0.00016308,0.000164,2705105.870743
1676993400000,0.00016361,0.00016461,0.00016361,0.00016461,1950395.417305
1676991600000,0.00016458,0.00016461,0.00016361,0.00016361,16425.190378
1676989800000,0.0001631,0.00016458,0.00016248,0.00016458,19810346.766459
1676988000000,0.00016263,0.0001631,0.00016248,0.0001631,850.247498
1676986200000,0.00016462,0.000165,0.00016263,0.00016263,81595.817071
1676984400000,0.0001644,0.00016462,0.00016368,0.00016462,363.23322
1676982600000,0.00016362,0.000165,0.00016362,0.0001644,1961.20913
1676980800000,0.00016311,0.00016362,0.00016311,0.00016362,755.47001
1676979000000,0.00016387,0.00016444,0.00016308,0.00016311,5691.197081
1676977200000,0.00016311,0.00016387,0.00016311,0.00016387,122.637262
1676975400000,0.00016461,0.00016461,0.00016309,0.00016311,6358920.467465
1676973600000,0.00016456,0.00016461,0.00016456,0.00016461,40089
1676971800000,0.000164,0.0001646,0.000164,0.00016456,24631.868557
1676970000000,0.00016267,0.000164,0.00016267,0.000164,40787.971165
1676968200000,0.00016692,0.00016692,0.00016233,0.00016267,23759227.039436
1676966400000,0.00016683,0.00016692,0.00016631,0.00016692,3007865.051948
1676964600000,0.00016658,0.00016683,0.00016658,0.00016683,844.826162
1676962800000,0.00016761,0.00016761,0.00016658,0.00016658,3292.332846
1676961000000,0.00016705,0.00016761,0.00016687,0.00016761,39933.883582
1676959200000,0.00016705,0.00016705,0.00016705,0.00016705,111.730535
1676957400000,0.00016597,0.00016705,0.00016597,0.00016705,530.858759
1676955600000,0.0001655,0.000166,0.0001655,0.00016597,1507980.234482
1676953800000,0.00016637,0.00016672,0.0001655,0.0001655,39635.986048
1676952000000,0.00016621,0.00016637,0.0001662,0.00016637,2618.341148
1676950200000,0.00016611,0.00016662,0.00016611,0.00016621,5223.752608
1676948400000,0.00016611,0.00016611,0.00016611,0.00016611,457.987587
1676946600000,0.0001663,0.00016709,0.00016611,0.00016611,31532419.766187
1676944800000,0.00016591,0.00016632,0.00016591,0.0001663,7986826.715607
1676943000000,0.0001655,0.00016631,0.0001655,0.00016591,4371511.335287
1676941200000,0.0001662,0.0001662,0.0001655,0.0001655,75974.968294
1676939400000,0.00016611,0.0001662,0.00016611,0.0001662,62348.955848
1676937600000,0.0001663,0.0001663,0.00016611,0.00016611,577544.728818
1676935800000,0.00016612,0.0001663,0.00016612,0.0001663,1326.960674
1676934000000,0.00016612,0.00016686,0.00016611,0.00016612,899245.266499
1676932200000,0.00016627,0.0001664,0.00016611,0.00016612,502279.338429
1676930400000,0.00016637,0.00016692,0.00016611,0.00016627,2859.001299
1676928600000,0.00016639,0.00016639,0.00016635,0.00016637,214.434541
1676926800000,0.00016621,0.00016639,0.00016621,0.00016639,2557.686675
1676925000000,0.0001667,0.0001667,0.00016611,0.00016621,2501974.493668
1676923200000,0.0001667,0.00016697,0.0001667,0.0001667,80753.079317
1676921400000,0.000167,0.000167,0.00016612,0.0001667,1156.680734
1676919600000,0.00016659,0.00016709,0.00016659,0.000167,443.570337
1676917800000,0.000167,0.000167,0.0001662,0.00016659,715.697209
1676916000000,0.00016631,0.000167,0.00016621,0.000167,8172.793646
1676914200000,0.00016701,0.00016701,0.00016631,0.00016631,7900.291644
1676912400000,0.000165,0.00016709,0.00016451,0.00016701,239282.440796
1676910600000,0.00016582,0.00016582,0.00016489,0.000165,46247.413556
1676908800000,0.00016583,0.00016583,0.00016582,0.00016582,3004197.071401
1676907000000,0.00016583,0.00016594,0.00016583,0.00016583,2297.399348
1676905200000,0.00016584,0.00016594,0.00016583,0.00016583,63051.43137
1676903400000,0.00016582,0.00016594,0.00016582,0.00016584,12430.260486
1676901600000,0.00016564,0.00016582,0.00016564,0.00016582,2281.88079
1676899800000,0.00016485,0.00016582,0.00016447,0.00016564,2202.675872
1676898000000,0.00016491,0.00016491,0.00016433,0.00016485,4373.151668
1676896200000,0.00016582,0.00016582,0.00016489,0.00016491,7190.001263
1676894400000,0.00016581,0.00016582,0.00016581,0.00016582,1832.93726
1676892600000,0.00016581,0.00016582,0.0001649,0.00016581,500548.856414
1676890800000,0.00016581,0.00016581,0.00016581,0.00016581,729.529192
1676889000000,0.00016582,0.00016582,0.00016581,0.00016581,2869.64699
1676887200000,0.00016582,0.00016582,0.00016582,0.00016582,12412.766505
1676885400000,0.00016431,0.00016582,0.00016431,0.00016582,7160.476808
1676883600000,0.00016503,0.00016503,0.00016429,0.00016431,5271.633174
1676881800000,0.00016582,0.00016582,0.00016429,0.00016503,8228.787528
1676880000000,0.00016478,0.00016582,0.00016398,0.00016582,89987.130728
1676878200000,0.0001642,0.000165,0.0001642,0.00016478,421069.307834
1676876400000,0.00016462,0.00016462,0.0001642,0.0001642,37452.324963
1676874600000,0.00016462,0.00016462,0.00016462,0.00016462,379.106082
1676872800000,0.00016431,0.00016462,0.00016399,0.00016462,130.827173
1676871000000,0.00016462,0.00016462,0.00016431,0.00016431,1209.008537
1676869200000,0.00016462,0.00016462,0.00016462,0.00016462,752.560707
1676867400000,0.00016461,0.00016462,0.00016461,0.00016462,1225572.628657
1676865600000,0.00016427,0.00016461,0.00016427,0.00016461,4559.196168
1676863800000,0.0001642,0.00016427,0.0001642,0.00016427,138102.837029
1676862000000,0.0001642,0.0001642,0.00016411,0.0001642,496231.628521
1676860200000,0.00016427,0.00016427,0.00016419,0.0001642,400515.013462
1676858400000,0.00016399,0.00016427,0.00016317,0.00016427,39158.7138
1676856600000,0.0001613,0.000164,0.0001613,0.00016399,83051.413716
1676854800000,0.00016401,0.00016416,0.0001613,0.0001613,4719171.365729
1676853000000,0.000164,0.00016461,0.000164,0.00016401,963.466333
1676851200000,0.00016418,0.00016431,0.000164,0.000164,101.850616
1676849400000,0.00016462,0.00016462,0.00016404,0.00016418,5638.199061
1676847600000,0.00016462,0.00016462,0.00016462,0.00016462,378740.503901
1676845800000,0.00016462,0.00016462,0.0001643,0.00016462,1542.465198
1676844000000,0.00016462,0.00016462,0.00016462,0.00016462,3947.349266
1676842200000,0.00016462,0.00016462,0.00016462,0.00016462,305169.668322
1676840400000,0.0001646,0.00016462,0.000164,0.00016462,11072955.547944
1676838600000,0.00016308,0.00016461,0.00016308,0.0001646,545561.32764
1676836800000,0.0001646,0.0001646,0.00016308,0.00016308,24673131.328884
1676835000000,0.0001646,0.00016462,0.0001646,0.0001646,1226151.797939
1676833200000,0.00016308,0.0001646,0.00016308,0.0001646,381725.477246
1676831400000,0.0001634,0.00016461,0.0001623,0.00016308,1084018.036119
1676829600000,0.0001623,0.0001634,0.0001623,0.0001634,1660.407973
1676827800000,0.0001622,0.00016231,0.0001622,0.0001623,6723.538672
1676826000000,0.00016368,0.0001641,0.0001622,0.0001622,12873221.828501
1676824200000,0.00016462,0.00016462,0.00016368,0.00016368,37542279.407261
1676822400000,0.0001646,0.00016462,0.0001646,0.00016462,787565.959304
1676820600000,0.0001646,0.00016462,0.00016408,0.0001646,2886162.406343
1676818800000,0.0001622,0.0001646,0.00016211,0.0001646,6309549.43803
1676817000000,0.00016161,0.0001622,0.00016161,0.0001622,663864.410515
1676815200000,0.00016093,0.0001622,0.00016093,0.00016161,2658750.977613
1676813400000,0.00015952,0.00016161,0.00015952,0.00016093,4306774.955213
1676811600000,0.0001612,0.0001612,0.00015952,0.00015952,7204315.618917
1676809800000,0.0001612,0.0001612,0.0001612,0.0001612,944.408989
1676808000000,0.00016119,0.0001612,0.00016119,0.0001612,2226.436954
1676806200000,0.0001611,0.0001612,0.0001611,0.00016119,1854.739555
1676804400000,0.0001612,0.0001612,0.0001611,0.0001611,617.906831
1676802600000,0.0001612,0.0001612,0.00016108,0.0001612,370.266533
1676800800000,0.0001607,0.0001612,0.0001607,0.0001612,2715.019216
1676799000000,0.0001612,0.0001612,0.0001607,0.0001607,156.986037
1676797200000,0.0001607,0.0001612,0.0001607,0.0001612,2858.968541
1676795400000,0.0001612,0.0001612,0.0001607,0.0001607,386.52042
1676793600000,0.0001607,0.0001612,0.0001607,0.0001612,93091.476356
1676791800000,0.0001607,0.00016117,0.0001607,0.0001607,1805.962049
1676790000000,0.0001607,0.0001607,0.0001607,0.0001607,1124.964412
1676788200000,0.00016129,0.00016129,0.0001607,0.0001607,339.589316
1676786400000,0.00016129,0.00016129,0.00016129,0.00016129,3632.092121
1676784600000,0.00016129,0.00016129,0.00016129,0.00016129,323.696725
1676782800000,0.00016114,0.00016129,0.0001609,0.00016129,212.908223
1676781000000,0.0001607,0.00016129,0.0001607,0.00016114,791327.102635
1676779200000,0.0001607,0.0001607,0.0001607,0.0001607,7201.44721
1676777400000,0.0001622,0.0001622,0.0001607,0.0001607,721133.618458
1676775600000,0.0001595,0.0001622,0.0001595,0.0001622,2424248.713892
1676773800000,0.00015949,0.00015973,0.00015939,0.0001595,2084456.325569
1676772000000,0.00015949,0.00015949,0.00015948,0.00015949,860957.718758
1676770200000,0.00015948,0.00015949,0.00015948,0.00015949,3032865.522711
1676768400000,0.00015949,0.00015949,0.00015948,0.00015948,521112.424503
1676766600000,0.00015949,0.00015949,0.00015948,0.00015949,296439.199334
1676764800000,0.00016482,0.00016522,0.00015948,0.00015949,19154677.111741
1676763000000,0.00016482,0.00016518,0.00016482,0.00016482,826.995682
1676761200000,0.00016522,0.00016522,0.00016482,0.00016482,350267.103883
1676759400000,0.0001652,0.00016522,0.00016368,0.00016522,1274.137701
1676757600000,0.00016461,0.0001652,0.00016461,0.0001652,17349.548809
1676755800000,0.00016308,0.00016461,0.00016308,0.00016461,44035.885203
1676754000000,0.00016308,0.00016308,0.00016308,0.00016308,0
1676752200000,0.00016522,0.00016522,0.00016308,0.00016308,40650.898525
1676750400000,0.00016368,0.00016522,0.00016368,0.00016522,2433.555859
1676748600000,0.00016522,0.00016522,0.00016368,0.00016368,1731.761895
1676746800000,0.00016484,0.00016522,0.00016368,0.00016522,1545.017368
1676745000000,0.0001647,0.00016522,0.0001647,0.00016484,1292.639683
1676743200000,0.0001647,0.00016473,0.0001647,0.0001647,6438.666685
1676741400000,0.00016461,0.00016522,0.00016461,0.0001647,43932.989759
1676739600000,0.00016461,0.00016461,0.00016308,0.00016461,3764.439148
1676737800000,0.00016309,0.00016461,0.00016309,0.00016461,5668.078135
1676736000000,0.00016506,0.00016582,0.00016309,0.00016309,502511.900362
1676734200000,0.00016582,0.00016582,0.00016468,0.00016506,83.262039
1676732400000,0.00016522,0.00016582,0.0001652,0.00016582,36551.332231
1676730600000,0.0001649,0.00016522,0.00016445,0.00016522,1964.621731
1676728800000,0.00016429,0.00016522,0.00016429,0.0001649,2136206.824866
1676727000000,0.00016429,0.00016522,0.00016429,0.00016429,211.556244
1676725200000,0.00016522,0.00016522,0.00016429,0.00016429,1993463.618358
1676723400000,0.000164,0.00016522,0.000164,0.00016522,48239.90857
1676721600000,0.00016284,0.000164,0.00016284,0.000164,63116.094289
1676719800000,0.000164,0.000164,0.00016284,0.00016284,744.418375
1676718000000,0.000164,0.000164,0.00016324,0.000164,3643.634972
1676716200000,0.00016673,0.00016673,0.000163,0.000164,254775.101225
1676714400000,0.00016632,0.00016673,0.00016573,0.00016673,339.310808
1676712600000,0.00016637,0.000167,0.00016564,0.00016632,3941661.711023
1676710800000,0.00016613,0.00016637,0.00016564,0.00016637,4455381.754197
1676709000000,0.00016634,0.00016664,0.00016603,0.00016613,9717.826797
1676707200000,0.00016567,0.000167,0.00016564,0.00016634,307542.962562
1676705400000,0.00016102,0.00016791,0.00016102,0.00016567,16403404.379022
1676703600000,0.00016084,0.00016102,0.00015953,0.00016102,41758.810497
1676701800000,0.0001621,0.0001621,0.00016083,0.00016084,2801.415418
1676700000000,0.0001607,0.0001621,0.0001607,0.0001621,5093.354908
1676698200000,0.0001622,0.0001622,0.0001607,0.0001607,42646.248273
1676696400000,0.0001603,0.0001622,0.00015953,0.0001622,156317.848751
1676694600000,0.00016262,0.00016262,0.00016011,0.0001603,399523.668632
1676692800000,0.00016081,0.00016262,0.00016081,0.00016262,134430.729625
1676691000000,0.00016001,0.00016102,0.00016001,0.00016081,1657.906957
1676689200000,0.00016001,0.00016001,0.00016001,0.00016001,49.250835
1676687400000,0.00016734,0.00016734,0.00016001,0.00016001,10336127.591372
1676685600000,0.00016042,0.0001698,0.00016041,0.00016734,2262824.599706
1676683800000,0.00016042,0.00016042,0.00016042,0.00016042,1249.339631
1676682000000,0.00016042,0.00016042,0.00016042,0.00016042,3038.710378
1676680200000,0.00015983,0.00016042,0.00015983,0.00016042,3346.004067
1676678400000,0.00015939,0.00015983,0.00015866,0.00015983,42063.463427
1676676600000,0.00015939,0.00015983,0.00015939,0.00015939,143947.959521
1676674800000,0.00015925,0.00015939,0.00015925,0.00015939,42509.874966
1676673000000,0.00016429,0.00016429,0.0001575,0.00015925,2842175.270363
1676671200000,0.00016429,0.00016429,0.00016429,0.00016429,37132.238505
1676669400000,0.00015719,0.0001692,0.00015604,0.00016429,6379453.588593
1676667600000,0.0001595,0.0001595,0.00015719,0.00015719,4785926.191102
1676665800000,0.0001595,0.0001595,0.0001595,0.0001595,7585.753556
1676664000000,0.0001595,0.0001595,0.00015878,0.0001595,30439701.644277
1676662200000,0.0001595,0.0001596,0.0001595,0.0001595,4814539.761431
1676660400000,0.0001595,0.0001595,0.0001595,0.0001595,1565251.761951
1676658600000,0.0001595,0.0001595,0.00015909,0.0001595,5003.186736
1676656800000,0.0001599,0.00016,0.0001595,0.0001595,30087307.312272
1676655000000,0.00015952,0.00016,0.00015952,0.0001599,25138.97076
1676653200000,0.0001635,0.0001635,0.00015952,0.00015952,8578897.812606
1676651400000,0.000164,0.000164,0.00016306,0.0001635,63769.456687
1676649600000,0.000164,0.00016423,0.000164,0.000164,1563873.688867
1676647800000,0.000164,0.000164,0.000164,0.000164,15695.974696
1676646000000,0.00016248,0.000164,0.00016248,0.000164,5097.910252
1676644200000,0.00016248,0.00016388,0.00016248,0.00016248,2425.297793
1676642400000,0.00016248,0.00016248,0.00016248,0.00016248,9323.252804
1676640600000,0.00016162,0.0001647,0.00016162,0.00016248,1094589.520678
1676638800000,0.00016162,0.00016162,0.00016162,0.00016162,830.750784
1676637000000,0.00016162,0.00016162,0.00016162,0.00016162,35012.162959
1676635200000,0.00015814,0.00016162,0.00015777,0.00016162,359306.920845
1676633400000,0.00015925,0.00015925,0.00015777,0.00015814,1358003.524678
1676631600000,0.000159,0.00015925,0.000159,0.00015925,4399.960368
1676629800000,0.00015808,0.000159,0.0001575,0.000159,211044.303188
1676628000000,0.00015794,0.00015808,0.00015794,0.00015808,2243.261159
1676626200000,0.00015808,0.00015808,0.00015794,0.00015794,870.844016
1676624400000,0.00015808,0.00015808,0.00015808,0.00015808,945.349165
1676622600000,0.00015808,0.00015808,0.0001575,0.00015808,19410.725064
1676620800000,0.000158,0.00015808,0.000158,0.00015808,652765.339573
1676619000000,0.000158,0.00015808,0.000158,0.000158,424334.892503
1676617200000,0.0001575,0.000158,0.0001575,0.000158,2646.758985
1676615400000,0.0001575,0.0001575,0.0001575,0.0001575,0
1676613600000,0.0001575,0.0001575,0.0001575,0.0001575,2153.981508
1676611800000,0.0001575,0.00015788,0.0001575,0.0001575,827.760434
1676610000000,0.0001575,0.0001575,0.0001575,0.0001575,363923.939571
1676608200000,0.0001575,0.000158,0.0001575,0.0001575,34833.921113
1676606400000,0.000157,0.0001575,0.000157,0.0001575,123042.880091
1676604600000,0.0001575,0.0001575,0.0001569,0.000157,11471520.106418
1676602800000,0.0001575,0.0001575,0.0001575,0.0001575,7685.496263
1676601000000,0.0001574,0.0001575,0.0001574,0.0001575,3027.300751
1676599200000,0.0001575,0.0001575,0.0001574,0.0001574,19187.540215
1676597400000,0.00015807,0.00015807,0.00015604,0.0001575,585887.068639
1676595600000,0.00015807,0.00015807,0.00015807,0.00015807,8963.30443
1676593800000,0.00015779,0.00015807,0.00015779,0.00015807,2742.56272
1676592000000,0.0001575,0.00015779,0.0001575,0.00015779,100695.311455
1676590200000,0.000151,0.0001575,0.000149,0.0001575,2305506.048587
1676588400000,0.00016276,0.00016281,0.000151,0.000151,13956706.849856
1676586600000,0.0001635,0.0001635,0.00016157,0.00016276,152788.306467
1676584800000,0.00016461,0.00016461,0.0001635,0.0001635,105640.050019
1676583000000,0.00016611,0.00016612,0.0001635,0.00016461,6101765.38977
1676581200000,0.00016611,0.00016611,0.00016611,0.00016611,1597.154864
1676579400000,0.0001681,0.0001681,0.00016611,0.00016611,54160.689103
1676577600000,0.00016522,0.0001681,0.00016522,0.0001681,298474.634491
1676575800000,0.00016582,0.00016582,0.00016522,0.00016522,6080.695192
1676574000000,0.00016552,0.00016582,0.00016522,0.00016582,1902.21821
1676572200000,0.00016582,0.00016582,0.00016522,0.00016552,1231.135402
1676570400000,0.00016522,0.00016582,0.00016522,0.00016582,2395.212783
1676568600000,0.00016513,0.00016522,0.00016513,0.00016522,15072.9624
1676566800000,0.00016502,0.00016513,0.00016475,0.00016513,134000
1676565000000,0.00016522,0.00016522,0.0001511,0.00016502,22810785.615314
1676563200000,0.000164,0.00016522,0.000164,0.00016522,107431.217021
1676561400000,0.000162,0.000164,0.000162,0.000164,125347.988858
1676559600000,0.000162,0.000162,0.000162,0.000162,7294.457842
1676557800000,0.00016281,0.0001646,0.0001607,0.000162,6921299.993734
1676556000000,0.0001628,0.00016281,0.0001628,0.00016281,211.020838
1676554200000,0.00016281,0.00016281,0.0001628,0.0001628,15817.651822
1676552400000,0.00016281,0.00016281,0.00016281,0.00016281,3776.744883
1676550600000,0.0001622,0.00016281,0.0001622,0.00016281,43802.389885
1676548800000,0.00016161,0.0001622,0.00016161,0.0001622,24230.207971
1676547000000,0.00017016,0.00017016,0.00016011,0.00016161,823390.919989
1676545200000,0.00017,0.00017016,0.00017,0.00017016,150.891131
1676543400000,0.00016644,0.00017014,0.00016644,0.00017,322950.421557
1676541600000,0.00016644,0.00016644,0.00016644,0.00016644,1315.33822
1676539800000,0.00016644,0.00016644,0.00016644,0.00016644,2953.414487
1676538000000,0.00016567,0.00016644,0.00016567,0.00016644,1107.312692
1676536200000,0.00016644,0.00016644,0.00016489,0.00016567,1960.519358
1676534400000,0.00016644,0.00016644,0.00016644,0.00016644,88.853744
1676532600000,0.00016644,0.00016644,0.00016489,0.00016644,7415.143094
1676530800000,0.00016582,0.00016644,0.00016582,0.00016644,29467.260948
1676529000000,0.0001733,0.0001733,0.00016489,0.00016582,5514338.671358
1676527200000,0.00017331,0.00017331,0.0001733,0.0001733,3139.837036
1676525400000,0.00017332,0.00017332,0.0001733,0.00017331,3699.404535
1676523600000,0.00017332,0.00017332,0.00017332,0.00017332,0
1676521800000,0.00017315,0.00017396,0.00017171,0.00017332,3149771.109187
1676520000000,0.00017045,0.00017522,0.00017045,0.00017315,9174157.565396
1676518200000,0.00017045,0.00017045,0.00016844,0.00017045,37518483.442172
1676516400000,0.00017205,0.0001725,0.00017045,0.00017045,653650.784047
1676514600000,0.00017205,0.0001726,0.00017205,0.00017205,11073.871216