1679105700000,0.37532,0.37879,0.37532,0.37871,231.43009
1679104800000,0.37677,0.37678,0.37532,0.37532,246.419096
1679103900000,0.37532,0.37794,0.37532,0.37677,4067.751278
1679103000000,0.37917,0.37917,0.37532,0.37532,200.704321
1679102100000,0.37941,0.37941,0.37917,0.37917,58.537708
1679101200000,0.37991,0.38143,0.37941,0.37941,722.375438
1679100300000,0.37734,0.37991,0.37734,0.37991,193.937828
1679099400000,0.37469,0.37734,0.37464,0.37734,522.703208
1679098500000,0.3803,0.3803,0.37469,0.37469,727.185564
1679097600000,0.37917,0.3803,0.37692,0.3803,1440.75661
1679096700000,0.37632,0.37917,0.37632,0.37917,126.172546
1679095800000,0.37469,0.37778,0.37469,0.37632,651.665592
1679094900000,0.37543,0.37856,0.37465,0.37469,13618.788444
1679094000000,0.37159,0.37543,0.37159,0.37543,1258.845278
1679093100000,0.37048,0.37352,0.37048,0.37159,2326.391608
1679092200000,0.36889,0.37048,0.36836,0.37048,84.15246
1679091300000,0.36889,0.36889,0.36889,0.36889,0
1679090400000,0.36795,0.36889,0.36795,0.36889,256.132947
1679089500000,0.36181,0.36795,0.36181,0.36795,2587.53579
1679088600000,0.36181,0.36181,0.36181,0.36181,0
1679087700000,0.36181,0.36181,0.36181,0.36181,0
1679086800000,0.36054,0.36233,0.36054,0.36181,101.249515
1679085900000,0.36054,0.36054,0.36054,0.36054,0
1679085000000,0.36341,0.36341,0.36054,0.36054,133.87395
1679084100000,0.36127,0.36341,0.36127,0.36341,270.483854
1679083200000,0.36224,0.36224,0.36127,0.36127,2990.234616
1679082300000,0.36233,0.36265,0.36224,0.36224,8.380515
1679081400000,0.36138,0.36233,0.36138,0.36233,62.037845
1679080500000,0.36051,0.36138,0.36051,0.36138,70.894415
1679079600000,0.35806,0.36051,0.35806,0.36051,564.768348
1679078700000,0.35704,0.35806,0.35704,0.35806,62.2328
1679077800000,0.3563,0.35704,0.3559,0.35704,84.849197
1679076900000,0.3563,0.3563,0.3563,0.3563,0
1679076000000,0.35747,0.35747,0.3563,0.3563,62.295096
1679075100000,0.35747,0.35747,0.35747,0.35747,0
1679074200000,0.35728,0.35747,0.35728,0.35747,0.172016
1679073300000,0.35884,0.35884,0.35728,0.35728,0.608876
1679072400000,0.35489,0.35884,0.35489,0.35884,841.902573
1679071500000,0.35192,0.35489,0.35192,0.35489,1447.690152
1679070600000,0.35616,0.35616,0.35192,0.35192,6059.210426
1679069700000,0.35526,0.35616,0.35509,0.35616,5047.347947
1679068800000,0.35448,0.35526,0.35448,0.35526,101.240857
1679067900000,0.35448,0.35448,0.35448,0.35448,0
1679067000000,0.35532,0.35563,0.35444,0.35448,101.824561
1679066100000,0.35603,0.36139,0.35532,0.35532,43442.738432
1679065200000,0.35319,0.35603,0.35319,0.35603,9.286073
1679064300000,0.35321,0.35563,0.35231,0.35319,14171.491743
1679063400000,0.35705,0.35836,0.35321,0.35321,184.391835
1679062500000,0.36188,0.36188,0.35705,0.35705,388.919269
1679061600000,0.36065,0.36342,0.36065,0.36188,3191.435806
1679060700000,0.36372,0.36372,0.36065,0.36065,9.112631
1679059800000,0.36234,0.36372,0.36096,0.36372,19.558553
1679058900000,0.36018,0.36234,0.36018,0.36234,180.133283
1679058000000,0.36154,0.36203,0.36018,0.36018,15745.5
1679057100000,0.36069,0.36154,0.36069,0.36154,90
1679056200000,0.36065,0.36069,0.36065,0.36069,0.556253
1679055300000,0.36355,0.36355,0.36065,0.36065,18.180007
1679054400000,0.36523,0.36523,0.36341,0.36355,1514.4
1679053500000,0.36434,0.36523,0.36434,0.36523,20.33998
1679052600000,0.36138,0.36434,0.36138,0.36434,76.337176
1679051700000,0.36138,0.36138,0.36138,0.36138,0
1679050800000,0.36138,0.36138,0.36138,0.36138,0.101839
1679049900000,0.36138,0.36138,0.36138,0.36138,0.303059
1679049000000,0.36138,0.36138,0.36137,0.36138,1176.03107
1679048100000,0.35964,0.36138,0.35964,0.36138,0.131347
1679047200000,0.35964,0.35964,0.35964,0.35964,0
1679046300000,0.35951,0.35964,0.35951,0.35964,0.147239
1679045400000,0.3572,0.35951,0.3572,0.35951,0.282902
1679044500000,0.3572,0.3572,0.3572,0.3572,0
1679043600000,0.3572,0.3572,0.3572,0.3572,0
1679042700000,0.3572,0.36138,0.3572,0.3572,14.9602
1679041800000,0.36137,0.36137,0.3572,0.3572,0.220536
1679040900000,0.36137,0.36137,0.36137,0.36137,0
1679040000000,0.3578,0.36137,0.3578,0.36137,24.808634
1679039100000,0.3578,0.3578,0.3578,0.3578,0.190405
1679038200000,0.3578,0.3578,0.3578,0.3578,0.503908
1679037300000,0.3578,0.3578,0.3578,0.3578,0
1679036400000,0.3578,0.3578,0.3578,0.3578,0
1679035500000,0.3578,0.3578,0.3578,0.3578,0.135772
1679034600000,0.35601,0.3578,0.35601,0.3578,0.269099
1679033700000,0.35616,0.35616,0.35601,0.35601,1542.8
1679032800000,0.35545,0.35627,0.35545,0.35616,7136.302743
1679031900000,0.35545,0.35545,0.35545,0.35545,0
1679031000000,0.35666,0.35666,0.35532,0.35545,9.987852
1679030100000,0.35666,0.35666,0.35666,0.35666,0
1679029200000,0.35705,0.35705,0.35666,0.35666,209
1679028300000,0.35705,0.35705,0.35705,0.35705,0
1679027400000,0.35761,0.35761,0.35661,0.35705,0.340405
1679026500000,0.35761,0.35761,0.35761,0.35761,0
1679025600000,0.3578,0.3578,0.35761,0.35761,0.191947
1679024700000,0.35659,0.3578,0.3564,0.3578,220.640075
1679023800000,0.35603,0.35659,0.35603,0.35659,0.318584
1679022900000,0.35603,0.35603,0.35603,0.35603,0
1679022000000,0.35356,0.35603,0.35356,0.35603,9.286073
1679021100000,0.35532,0.35532,0.35356,0.35356,9.295368
1679020200000,0.35804,0.35804,0.35532,0.35532,9.536846
1679019300000,0.35603,0.35804,0.35603,0.35804,160.520671
1679018400000,0.35251,0.35603,0.35251,0.35603,244.086417
1679017500000,0.35138,0.35251,0.35138,0.35251,9.378917
1679016600000,0.34839,0.35138,0.34839,0.35138,87.806065
1679015700000,0.34446,0.34839,0.34446,0.34839,209.51951
1679014800000,0.34446,0.34446,0.34446,0.34446,0
1679013900000,0.34408,0.34446,0.34408,0.34446,0.134572
1679013000000,0.3466,0.3466,0.34401,0.34408,584.372895
1679012100000,0.34902,0.34902,0.3466,0.3466,9.482026
1679011200000,0.34902,0.34902,0.34902,0.34902,0
1679010300000,0.34902,0.34902,0.34902,0.34902,1.432582
1679009400000,0.34659,0.34902,0.34659,0.34902,9.754334
1679008500000,0.34659,0.34659,0.34659,0.34659,0
1679007600000,0.3473,0.3473,0.34659,0.34659,0.207825
1679006700000,0.34684,0.3473,0.34684,0.3473,9.51951
1679005800000,0.34684,0.34684,0.34684,0.34684,0
1679004900000,0.34558,0.34684,0.34558,0.34684,1514.1
1679004000000,0.34558,0.34558,0.344,0.34558,1319.497575
1679003100000,0.34522,0.34558,0.34522,0.34558,0.269369
1679002200000,0.34118,0.34522,0.34118,0.34522,0.169635
1679001300000,0.34118,0.34118,0.34118,0.34118,0
1679000400000,0.34118,0.34118,0.34118,0.34118,0
1678999500000,0.3466,0.3466,0.34094,0.34118,2059.146241
1678998600000,0.3466,0.3466,0.3466,0.3466,0
1678997700000,0.34666,0.34666,0.3466,0.3466,9.482026
1678996800000,0.34666,0.34666,0.34666,0.34666,0
1678995900000,0.34666,0.34666,0.34666,0.34666,0
1678995000000,0.34902,0.34902,0.34666,0.34666,0.483669
1678994100000,0.34558,0.34902,0.34558,0.34902,18.992054
1678993200000,0.34221,0.34558,0.34221,0.34558,1603.866944
1678992300000,0.3435,0.3435,0.34221,0.34221,50.40117
1678991400000,0.3435,0.3435,0.3435,0.3435,0
1678990500000,0.3435,0.3435,0.3435,0.3435,0
1678989600000,0.34408,0.34408,0.3435,0.3435,0.232306
1678988700000,0.34402,0.3441,0.34327,0.34408,117.166452
1678987800000,0.34318,0.34423,0.34318,0.34402,0.279856
1678986900000,0.34318,0.34318,0.34318,0.34318,0
1678986000000,0.3458,0.3458,0.34318,0.34318,9.57652
1678985100000,0.34529,0.3458,0.34515,0.3458,713.868008
1678984200000,0.34528,0.34529,0.34451,0.34529,1.15131
1678983300000,0.34489,0.34528,0.34489,0.34528,28.962002
1678982400000,0.3473,0.34745,0.34489,0.34489,1879.829039
1678981500000,0.3458,0.3473,0.3458,0.3473,9.706528
1678980600000,0.34528,0.34637,0.34528,0.3458,1589.873628
1678979700000,0.34683,0.34683,0.34476,0.34528,2545.939424
1678978800000,0.34778,0.34778,0.3466,0.34683,409.482026
1678977900000,0.3473,0.34941,0.3473,0.34778,1589.357324
1678977000000,0.34558,0.3473,0.34548,0.3473,10.276141
1678976100000,0.34318,0.34558,0.34177,0.34558,362.467568
1678975200000,0.34558,0.3458,0.34318,0.34318,10.588666
1678974300000,0.34336,0.34558,0.34236,0.34558,3178.666571
1678973400000,0.34046,0.34336,0.34046,0.34336,10.234451
1678972500000,0.34068,0.34236,0.3381,0.34046,3222.003446
1678971600000,0.34068,0.34068,0.34068,0.34068,0
1678970700000,0.34321,0.34321,0.34068,0.34068,1466.8
1678969800000,0.34684,0.34684,0.34318,0.34321,1747.123113
1678968900000,0.3466,0.34688,0.34424,0.34684,557.429039
1678968000000,0.34902,0.34902,0.3466,0.3466,9.482026
1678967100000,0.34902,0.34902,0.34902,0.34902,0
1678966200000,0.34902,0.34902,0.34902,0.34902,0
1678965300000,0.34766,0.34902,0.34766,0.34902,9.472544
1678964400000,0.35001,0.35001,0.3466,0.34766,257.482026
1678963500000,0.34698,0.35001,0.34698,0.35001,10.56083
1678962600000,0.34722,0.34722,0.34675,0.34698,1.981574
1678961700000,0.34684,0.3473,0.34684,0.34722,9.629253
1678960800000,0.3473,0.3473,0.34489,0.34684,125.829039
1678959900000,0.3473,0.3473,0.3473,0.3473,0
1678959000000,0.342,0.3473,0.342,0.3473,267.086453
1678958100000,0.3432,0.3432,0.342,0.342,155.77535
1678957200000,0.34633,0.3465,0.3432,0.3432,1944.748143
1678956300000,0.34633,0.34633,0.34633,0.34633,0
1678955400000,0.34489,0.34633,0.34489,0.34633,248.284371
1678954500000,0.34788,0.34788,0.34489,0.34489,50.601651
1678953600000,0.34788,0.34788,0.34788,0.34788,0
1678952700000,0.34788,0.34788,0.34788,0.34788,0
1678951800000,0.34839,0.34839,0.34711,0.34788,0.650229
1678950900000,0.34669,0.34839,0.34669,0.34839,897.519509
1678950000000,0.34323,0.34669,0.34323,0.34669,6707.307144
1678949100000,0.34318,0.34422,0.34318,0.34323,25.165878
1678948200000,0.34558,0.34558,0.34318,0.34318,13.156013
1678947300000,0.34558,0.34558,0.34558,0.34558,0
1678946400000,0.34387,0.34558,0.34387,0.34558,9.566944
1678945500000,0.34387,0.34387,0.34387,0.34387,0
1678944600000,0.34215,0.34387,0.34215,0.34387,3915.952645
1678943700000,0.33898,0.34215,0.33898,0.34215,1571.945292
1678942800000,0.33898,0.33898,0.33898,0.33898,0
1678941900000,0.33893,0.33898,0.3381,0.33898,10.103173
1678941000000,0.34158,0.34158,0.33813,0.33893,1902.385092
1678940100000,0.34256,0.34256,0.34142,0.34158,26.408758
1678939200000,0.34256,0.34256,0.34256,0.34256,0
1678938300000,0.34166,0.34256,0.34166,0.34256,0.444973
1678937400000,0.34332,0.34332,0.34166,0.34166,9.77643
1678936500000,0.34352,0.34352,0.34332,0.34332,100
1678935600000,0.34666,0.34666,0.34352,0.34352,3001.307235
1678934700000,0.34829,0.34829,0.34666,0.34666,86.2
1678933800000,0.34177,0.34829,0.34177,0.34829,1600.369605
1678932900000,0.34215,0.34215,0.34177,0.34177,44.917372
1678932000000,0.34147,0.34215,0.34147,0.34215,9.662676
1678931100000,0.33915,0.34147,0.33915,0.34147,10.33213
1678930200000,0.33915,0.33915,0.33915,0.33915,0
1678929300000,0.34084,0.34084,0.33643,0.33915,745.866019
1678928400000,0.33978,0.34084,0.33978,0.34084,369
1678927500000,0.34202,0.34231,0.33978,0.33978,3223.572348
1678926600000,0.34558,0.34558,0.34202,0.34202,127.54888
1678925700000,0.34272,0.34558,0.34272,0.34558,9.566944
1678924800000,0.34272,0.34272,0.34272,0.34272,0
1678923900000,0.34201,0.34272,0.34177,0.34272,1457.695651
1678923000000,0.34322,0.34322,0.34201,0.34201,369
1678922100000,0.34331,0.34331,0.34322,0.34322,53.661506
1678921200000,0.34331,0.34331,0.34331,0.34331,0
1678920300000,0.34079,0.34332,0.34079,0.34331,2.069676
1678919400000,0.34497,0.34497,0.34079,0.34079,2714.202983
1678918500000,0.34558,0.34558,0.34497,0.34497,0.141265
1678917600000,0.34372,0.34558,0.34315,0.34558,185.566944
1678916700000,0.34102,0.34372,0.34102,0.34372,88.798996
1678915800000,0.34102,0.34102,0.34102,0.34102,0
1678914900000,0.34102,0.34102,0.34102,0.34102,0
1678914000000,0.34102,0.34102,0.34102,0.34102,0
1678913100000,0.34102,0.34102,0.34102,0.34102,0
1678912200000,0.34236,0.34236,0.34102,0.34102,0.612647
1678911300000,0.33978,0.34236,0.33978,0.34236,199.208061
1678910400000,0.33978,0.33978,0.33978,0.33978,0
1678909500000,0.33978,0.33978,0.33978,0.33978,0
1678908600000,0.34215,0.34284,0.33978,0.33978,15.378712
1678907700000,0.34215,0.34215,0.34215,0.34215,0
1678906800000,0.34215,0.34215,0.34215,0.34215,0
1678905900000,0.34068,0.34215,0.34046,0.34215,1337.423315
1678905000000,0.34046,0.34119,0.34046,0.34068,2011.840464
1678904100000,0.33643,0.34046,0.33643,0.34046,1429.469581
1678903200000,0.34046,0.34046,0.33643,0.33643,19.489069
1678902300000,0.33962,0.34046,0.3381,0.34046,136.831097
1678901400000,0.34095,0.34095,0.33915,0.33962,9204.469849
1678900500000,0.34046,0.34095,0.34046,0.34095,26.294285
1678899600000,0.33592,0.34046,0.33592,0.34046,398.277155
1678898700000,0.33822,0.33822,0.33476,0.33592,4446.887639
1678897800000,0.34119,0.3438,0.3381,0.33822,24.47539
1678896900000,0.34065,0.34369,0.34065,0.34119,3637.399317
1678896000000,0.34386,0.34407,0.33306,0.34065,35811.047796
1678895100000,0.34494,0.34494,0.34318,0.34386,309.57652
1678894200000,0.34992,0.35133,0.34489,0.34494,1272.611377
1678893300000,0.35485,0.35575,0.33706,0.34992,43023.539642
1678892400000,0.35603,0.35603,0.33958,0.35485,131198.425878
1678891500000,0.35181,0.35603,0.35181,0.35603,18.618337
1678890600000,0.36001,0.36001,0.35181,0.35181,58.600085
1678889700000,0.36317,0.36317,0.36001,0.36001,147.712631
1678888800000,0.36065,0.36317,0.35864,0.36317,28.38092
1678887900000,0.36426,0.36426,0.36065,0.36065,18.323813
1678887000000,0.36722,0.36722,0.36426,0.36426,386.576541
1678886100000,0.3668,0.36722,0.3668,0.36722,0.170342
1678885200000,0.36317,0.3668,0.36317,0.3668,18.071606
1678884300000,0.36245,0.36317,0.35887,0.36317,36.522649
1678883400000,0.36069,0.36789,0.36069,0.36245,7734.113493
1678882500000,0.36065,0.36069,0.35887,0.36069,10.597688
1678881600000,0.36362,0.36362,0.36065,0.36065,9.112631
1678880700000,0.36018,0.36362,0.36018,0.36362,3313.35219
1678879800000,0.35709,0.36018,0.35646,0.36018,9.887459
1678878900000,0.36065,0.36065,0.35709,0.35709,170.256476
1678878000000,0.36455,0.36455,0.36065,0.36065,27.202327
1678877100000,0.36455,0.36455,0.36455,0.36455,0
1678876200000,0.36608,0.36608,0.36455,0.36455,0.239042
1678875300000,0.36777,0.36777,0.36608,0.36608,386.171817
1678874400000,0.36777,0.36777,0.36777,0.36777,0
1678873500000,0.36777,0.36777,0.36777,0.36777,0
1678872600000,0.36975,0.36975,0.36777,0.36777,90.758115
1678871700000,0.3714,0.3714,0.36975,0.36975,8.888358
1678870800000,0.37147,0.37147,0.3714,0.3714,0.18271
1678869900000,0.37113,0.37189,0.37113,0.37147,3.469333
1678869000000,0.37274,0.37274,0.37113,0.37113,4.462039
1678868100000,0.37274,0.37274,0.37274,0.37274,0
1678867200000,0.37274,0.37274,0.37274,0.37274,0
1678866300000,0.37274,0.37274,0.37274,0.37274,0
1678865400000,0.37274,0.37274,0.37274,0.37274,0
1678864500000,0.37199,0.37274,0.37016,0.37274,109.335912
1678863600000,0.37199,0.37199,0.37199,0.37199,0
1678862700000,0.36995,0.37233,0.36995,0.37199,9.172159
1678861800000,0.3696,0.37174,0.3696,0.36995,0.678714
1678860900000,0.37039,0.37039,0.36905,0.3696,251.288358
1678860000000,0.37346,0.37346,0.37039,0.37039,89.91359
1678859100000,0.37515,0.37515,0.37346,0.37346,9.363929
1678858200000,0.37607,0.37607,0.37515,0.37515,0.283686
1678857300000,0.37607,0.37607,0.37607,0.37607,0
1678856400000,0.37435,0.37607,0.37435,0.37607,8.79126
1678855500000,0.37435,0.37435,0.37435,0.37435,0
1678854600000,0.37282,0.37435,0.37282,0.37435,0.256349
1678853700000,0.37282,0.37282,0.37282,0.37282,0
1678852800000,0.37283,0.37499,0.37282,0.37282,2211.6
1678851900000,0.37427,0.37427,0.37283,0.37283,200.789182
1678851000000,0.37408,0.37427,0.37285,0.37427,1021.786938
1678850100000,0.37493,0.37493,0.37408,0.37408,1468.4
1678849200000,0.37493,0.37493,0.37493,0.37493,0
1678848300000,0.37464,0.37493,0.37464,0.37493,79.1
1678847400000,0.37352,0.37505,0.37352,0.37464,0.30527
1678846500000,0.37352,0.37352,0.37352,0.37352,0
1678845600000,0.37352,0.37352,0.37352,0.37352,0
1678844700000,0.37366,0.37366,0.37343,0.37352,2785.9
1678843800000,0.3731,0.37366,0.3731,0.37366,0.252746
1678842900000,0.37233,0.3742,0.37233,0.3731,385.835263
1678842000000,0.37048,0.37233,0.37048,0.37233,1653.87947
1678841100000,0.36707,0.37048,0.36707,0.37048,1367.563242
1678840200000,0.36791,0.36791,0.36707,0.36707,0.114781
1678839300000,0.36979,0.36979,0.36791,0.36791,8.93281
1678838400000,0.36979,0.36979,0.36979,0.36979,0
1678837500000,0.37184,0.37184,0.36979,0.36979,0.588286
1678836600000,0.37018,0.37184,0.37018,0.37184,1.486071
1678835700000,0.37048,0.37048,0.37018,0.37018,377
1678834800000,0.36905,0.37048,0.36905,0.37048,9.733637
1678833900000,0.36827,0.36905,0.36827,0.36905,0.107106
1678833000000,0.36864,0.36864,0.36821,0.36827,0.626265
1678832100000,0.3668,0.36864,0.3668,0.36864,8.968487
1678831200000,0.3668,0.3668,0.3668,0.3668,0
1678830300000,0.36498,0.3668,0.36498,0.3668,9.013298
1678829400000,0.36065,0.36498,0.36065,0.36498,346.27577
1678828500000,0.36317,0.36317,0.36065,0.36065,9.112631
1678827600000,0.36934,0.36934,0.36065,0.36317,256.678486
1678826700000,0.36807,0.36934,0.36807,0.36934,36.585965
1678825800000,0.3699,0.37098,0.36707,0.36807,3202.146568
1678824900000,0.37015,0.37015,0.36952,0.3699,80.254743
1678824000000,0.36981,0.37015,0.36961,0.37015,1352.167491
1678823100000,0.36568,0.36981,0.36245,0.36981,2376.373756
1678822200000,0.36608,0.36608,0.36426,0.36568,1518.008164
1678821300000,0.36727,0.36864,0.36245,0.36608,1863.08472
1678820400000,0.3716,0.37607,0.36727,0.36727,3022.891858
1678819500000,0.37983,0.37983,0.3716,0.3716,1012.113653
1678818600000,0.37834,0.37983,0.37834,0.37983,9.23304
1678817700000,0.37346,0.37834,0.37346,0.37834,17.986275
1678816800000,0.37867,0.37867,0.37346,0.37346,317.556509
1678815900000,0.37867,0.37867,0.37867,0.37867,0
1678815000000,0.37532,0.37867,0.37532,0.37867,9.388817
1678814100000,0.37983,0.37983,0.37532,0.37532,17.469486
1678813200000,0.37794,0.37983,0.37794,0.37983,8.704323
1678812300000,0.3757,0.37794,0.3757,0.37794,8.747693
1678811400000,0.37482,0.37648,0.37482,0.3757,648
1678810500000,0.38053,0.38053,0.37482,0.37482,1424.23931
1678809600000,0.37983,0.38172,0.37983,0.38053,1972.761155
1678808700000,0.37719,0.37983,0.37594,0.37983,6585.104324
1678807800000,0.37719,0.38036,0.37719,0.37719,5405.268462
1678806900000,0.38052,0.38052,0.37719,0.37719,8.713037
1678806000000,0.37794,0.38052,0.37737,0.38052,1218.940823
1678805100000,0.376,0.37794,0.376,0.37794,8.894357
1678804200000,0.37794,0.37794,0.37532,0.376,393.415623
1678803300000,0.37296,0.37794,0.37296,0.37794,2092.48657
1678802400000,0.37191,0.37315,0.37127,0.37296,590.622068
1678801500000,0.37206,0.3742,0.3716,0.37191,175.060349
1678800600000,0.36809,0.37206,0.36809,0.37206,144.488891
1678799700000,0.37246,0.37246,0.36763,0.36809,1218.149177
1678798800000,0.36889,0.37257,0.36889,0.37246,407.21001
1678797900000,0.36161,0.36889,0.36161,0.36889,1767.516612
1678797000000,0.352,0.36215,0.352,0.36161,1947.616418
1678796100000,0.35268,0.35268,0.352,0.352,800
1678795200000,0.35263,0.35268,0.35263,0.35268,152.540055
1678794300000,0.35263,0.35263,0.35263,0.35263,0
1678793400000,0.35272,0.35426,0.35194,0.35263,3405.366274
1678792500000,0.35272,0.35272,0.35272,0.35272,0
1678791600000,0.35272,0.35272,0.35272,0.35272,0
1678790700000,0.35272,0.35272,0.35272,0.35272,0
1678789800000,0.35276,0.35276,0.35272,0.35272,0.215586
1678788900000,0.35296,0.35296,0.35276,0.35276,2329.7
1678788000000,0.35139,0.35296,0.35139,0.35296,1464.378917
1678787100000,0.35172,0.35172,0.35139,0.35139,1.071939
1678786200000,0.35006,0.35172,0.35006,0.35172,0.415328
1678785300000,0.35181,0.35181,0.35006,0.35006,9.388306
1678784400000,0.35366,0.35366,0.35181,0.35181,9.341606
1678783500000,0.35427,0.35427,0.35366,0.35366,0.665618
1678782600000,0.35425,0.35427,0.35425,0.35427,9.332265
1678781700000,0.34943,0.35425,0.34943,0.35425,110.878917
1678780800000,0.35299,0.35299,0.34943,0.34943,719.020095
1678779900000,0.3564,0.3564,0.35299,0.35299,18.749722
1678779000000,0.36072,0.36072,0.3564,0.3564,223.761308
1678778100000,0.36138,0.36138,0.36054,0.36072,1358.49629
1678777200000,0.35908,0.36138,0.35908,0.36138,9.148671
1678776300000,0.35935,0.35935,0.35856,0.35908,378.760559
1678775400000,0.35981,0.35981,0.35935,0.35935,0.207489
1678774500000,0.35981,0.35981,0.35981,0.35981,0
1678773600000,0.35887,0.35981,0.35887,0.35981,0.101312
1678772700000,0.35887,0.35887,0.35887,0.35887,0
1678771800000,0.35887,0.36138,0.35887,0.35887,19.46286
1678770900000,0.36248,0.36248,0.35887,0.35887,118.27046
1678770000000,0.36162,0.36248,0.36162,0.36248,0.109834
1678769100000,0.36197,0.36197,0.36162,0.36162,0.467225
1678768200000,0.36247,0.36259,0.36197,0.36197,2.341539
1678767300000,0.36247,0.36247,0.36247,0.36247,0
1678766400000,0.36317,0.36317,0.36247,0.36247,53.729774
1678765500000,0.36317,0.36317,0.36317,0.36317,0
1678764600000,0.36241,0.36317,0.36241,0.36317,10.105465
1678763700000,0.3616,0.36241,0.3616,0.36241,584.21688
1678762800000,0.3616,0.3616,0.3616,0.3616,0
1678761900000,0.36167,0.36167,0.3616,0.3616,0.164701
1678761000000,0.36125,0.36251,0.3607,0.36167,1.547764
1678760100000,0.36138,0.36258,0.36125,0.36125,50.10696
1678759200000,0.36028,0.36138,0.36028,0.36138,9.148671
1678758300000,0.36019,0.36028,0.36019,0.36028,267.916816
1678757400000,0.35943,0.36019,0.35943,0.36019,1.205817
1678756500000,0.3595,0.3595,0.35943,0.35943,0.378469
1678755600000,0.35844,0.3595,0.35844,0.3595,699
1678754700000,0.36189,0.36189,0.35844,0.35844,318.631535
1678753800000,0.36126,0.36497,0.36087,0.36189,3564.942882
1678752900000,0.35804,0.36126,0.35687,0.36126,1424.432669
1678752000000,0.35307,0.35804,0.35307,0.35804,517.362648
1678751100000,0.35307,0.35307,0.35307,0.35307,0
1678750200000,0.35205,0.35427,0.35205,0.35307,284.720353
1678749300000,0.35561,0.35561,0.35205,0.35205,548.210469
1678748400000,0.35561,0.35561,0.35561,0.35561,0
1678747500000,0.35696,0.35696,0.35561,0.35561,3471.198347
1678746600000,0.35603,0.35696,0.35603,0.35696,30.112951
1678745700000,0.35603,0.35603,0.35603,0.35603,0
1678744800000,0.35536,0.35603,0.35435,0.35603,9.423923
1678743900000,0.35463,0.35536,0.35463,0.35536,2.622038
1678743000000,0.35427,0.35463,0.35427,0.35463,0.254631
1678742100000,0.35427,0.35427,0.35427,0.35427,0.460919
1678741200000,0.35338,0.35427,0.35338,0.35427,9.332265
1678740300000,0.35177,0.35338,0.35177,0.35338,263.978917
1678739400000,0.35168,0.35177,0.35136,0.35177,86.267435
1678738500000,0.35168,0.35168,0.35168,0.35168,0
1678737600000,0.35168,0.35168,0.35168,0.35168,0
1678736700000,0.3525,0.3525,0.35166,0.35168,1.016335
1678735800000,0.35099,0.3525,0.35099,0.3525,1741.408973
1678734900000,0.35251,0.35251,0.34988,0.35099,6913.96356
1678734000000,0.3525,0.35251,0.3525,0.35251,9.306957
1678733100000,0.35251,0.35251,0.3525,0.3525,425.7
1678732200000,0.35075,0.35251,0.35075,0.35251,911.764818
1678731300000,0.34885,0.35075,0.34885,0.35075,78.814259
1678730400000,0.34885,0.34885,0.34885,0.34885,0
1678729500000,0.34855,0.34885,0.34855,0.34885,0.154862
1678728600000,0.34805,0.34855,0.34805,0.34855,0.197527
1678727700000,0.34805,0.34805,0.34805,0.34805,0
1678726800000,0.35075,0.35075,0.34805,0.34805,100
1678725900000,0.34663,0.35075,0.34663,0.35075,141.2
1678725000000,0.35179,0.35179,0.34663,0.34663,20.343385
1678724100000,0.35026,0.35304,0.35026,0.35179,378.828828
1678723200000,0.35026,0.35026,0.35026,0.35026,0
1678722300000,0.35181,0.35181,0.35026,0.35026,0.265267
1678721400000,0.351,0.35451,0.351,0.35181,3897.678634
1678720500000,0.34902,0.351,0.34902,0.351,21.178704
1678719600000,0.34215,0.34902,0.34215,0.34902,51.255494
1678718700000,0.3407,0.34215,0.3407,0.34215,9.662676
1678717800000,0.3371,0.3407,0.3371,0.3407,733.095505
1678716900000,0.33046,0.3371,0.33046,0.3371,58.278241
1678716000000,0.32781,0.33046,0.32781,0.33046,21.226479
1678715100000,0.32655,0.32781,0.32643,0.32781,0.689624
1678714200000,0.32883,0.32883,0.32655,0.32655,10.064218
1678713300000,0.3252,0.32883,0.3252,0.32883,10.054154
1678712400000,0.3252,0.3252,0.3252,0.3252,0
1678711500000,0.3252,0.3252,0.3252,0.3252,0
1678710600000,0.32536,0.32536,0.3252,0.3252,0.252659
1678709700000,0.32536,0.32536,0.32536,0.32536,0
1678708800000,0.32536,0.32536,0.32536,0.32536,0
1678707900000,0.32634,0.32634,0.32536,0.32536,0.922127
1678707000000,0.32634,0.32634,0.32634,0.32634,0
1678706100000,0.32634,0.32634,0.32634,0.32634,0
1678705200000,0.32749,0.32749,0.32634,0.32634,61
1678704300000,0.32634,0.32749,0.32634,0.32749,0.379149
1678703400000,0.32536,0.32696,0.32536,0.32634,0.265369
1678702500000,0.32536,0.32536,0.32536,0.32536,0
1678701600000,0.32438,0.32536,0.32389,0.32536,188.703739
1678700700000,0.32655,0.32655,0.32438,0.32438,125.2
1678699800000,0.32656,0.32656,0.32655,0.32655,10.064218
1678698900000,0.329,0.32936,0.32656,0.32656,498.647041
1678698000000,0.32981,0.32981,0.3285,0.329,184
1678697100000,0.33145,0.33145,0.32981,0.32981,844.295888
1678696200000,0.334,0.334,0.33145,0.33145,859.181531
1678695300000,0.335,0.335,0.334,0.334,0.181165
1678694400000,0.335,0.335,0.335,0.335,0
1678693500000,0.335,0.335,0.335,0.335,0
1678692600000,0.335,0.335,0.335,0.335,0
1678691700000,0.335,0.335,0.335,0.335,0
1678690800000,0.335,0.335,0.335,0.335,0.273072
1678689900000,0.33459,0.335,0.33459,0.335,0.272284
1678689000000,0.33459,0.33459,0.33459,0.33459,0
1678688100000,0.3366,0.3366,0.33459,0.33459,281.364109
1678687200000,0.3366,0.3366,0.3366,0.3366,0
1678686300000,0.33695,0.33695,0.3366,0.3366,700
1678685400000,0.33694,0.33699,0.336,0.33695,794.405136
1678684500000,0.3365,0.33694,0.3365,0.33694,70.8
1678683600000,0.33545,0.33662,0.33545,0.3365,770.9
1678682700000,0.33545,0.33545,0.33545,0.33545,0
1678681800000,0.33545,0.33545,0.33545,0.33545,0
1678680900000,0.33545,0.33545,0.33545,0.33545,0
1678680000000,0.3331,0.33545,0.3331,0.33545,0.401246
1678679100000,0.33377,0.33377,0.3331,0.3331,0.104331
1678678200000,0.33377,0.33377,0.33377,0.33377,0
1678677300000,0.33377,0.33377,0.33377,0.33377,0
1678676400000,0.33643,0.33643,0.32086,0.33377,10069.734716
1678675500000,0.3381,0.3381,0.33643,0.33643,17.298451
1678674600000,0.33926,0.33926,0.3381,0.3381,0.371667
1678673700000,0.33926,0.33926,0.33926,0.33926,0
1678672800000,0.33883,0.33926,0.33883,0.33926,3.125654
1678671900000,0.33872,0.33939,0.33872,0.33883,25.210701
1678671000000,0.3381,0.33872,0.3381,0.33872,0.102236
1678670100000,0.3381,0.3381,0.3381,0.3381,0
1678669200000,0.34273,0.3441,0.3381,0.3381,304.858735
1678668300000,0.3407,0.34342,0.3407,0.34273,186.110094
1678667400000,0.33878,0.3407,0.33878,0.3407,20.947189
1678666500000,0.33629,0.33878,0.33629,0.33878,30.802966
1678665600000,0.33543,0.3363,0.33543,0.33629,177.335465
1678664700000,0.33211,0.33543,0.33211,0.33543,30.998468
1678663800000,0.32962,0.33211,0.32962,0.33211,15.86577
1678662900000,0.33046,0.33046,0.32962,0.32962,1.811651
1678662000000,0.33046,0.33046,0.33046,0.33046,3.316126
1678661100000,0.32715,0.33046,0.32715,0.33046,0.777399
1678660200000,0.33069,0.33069,0.32715,0.32715,50.010463
1678659300000,0.32655,0.33069,0.32655,0.33069,41.861591
1678658400000,0.32742,0.32742,0.32564,0.32655,187.336137
1678657500000,0.32407,0.32742,0.32407,0.32742,0.670084
1678656600000,0.32407,0.32407,0.32407,0.32407,0
1678655700000,0.31577,0.32407,0.31577,0.32407,59.78206
1678654800000,0.31577,0.31577,0.31577,0.31577,0
1678653900000,0.32277,0.32277,0.31577,0.31577,0.656916
1678653000000,0.32277,0.32277,0.32277,0.32277,0
1678652100000,0.32277,0.32277,0.32277,0.32277,0
1678651200000,0.32277,0.32277,0.32277,0.32277,0
1678650300000,0.32215,0.32277,0.32215,0.32277,0.126871
1678649400000,0.32537,0.32537,0.32215,0.32215,0.536265
1678648500000,0.32537,0.32537,0.32537,0.32537,0
1678647600000,0.32436,0.32698,0.32436,0.32537,16530.5
1678646700000,0.32098,0.32573,0.32098,0.32436,12165.5
1678645800000,0.31865,0.32098,0.31865,0.32098,12.691226
1678644900000,0.31816,0.31976,0.31816,0.31865,589.1
1678644000000,0.31968,0.31968,0.31791,0.31816,5346.2
1678643100000,0.31699,0.32016,0.31699,0.31968,26947.5
1678642200000,0.3102,0.31806,0.3102,0.31699,27274.513089
1678641300000,0.3102,0.3102,0.3102,0.3102,0
1678640400000,0.3102,0.3102,0.3102,0.3102,0
1678639500000,0.30502,0.31182,0.30502,0.3102,15160.096533
1678638600000,0.31282,0.31282,0.30502,0.30502,1.315997
1678637700000,0.30813,0.31282,0.30749,0.31282,12523.37609
1678636800000,0.30819,0.30819,0.30813,0.30813,0.411878
1678635900000,0.30819,0.30819,0.30819,0.30819,0
1678635000000,0.30815,0.30819,0.30815,0.30819,0.239703
1678634100000,0.31269,0.31269,0.30774,0.30815,7183.9
1678633200000,0.31269,0.31269,0.31269,0.31269,0
1678632300000,0.31523,0.31523,0.31269,0.31269,0.285784
1678631400000,0.314,0.31523,0.314,0.31523,1.41697
1678630500000,0.314,0.314,0.314,0.314,0
1678629600000,0.316,0.316,0.3136,0.314,1.711396
1678628700000,0.31776,0.31776,0.316,0.316,0.245092
1678627800000,0.3156,0.31776,0.3156,0.31776,2.004008
1678626900000,0.31398,0.3156,0.31398,0.3156,0.491757
1678626000000,0.31398,0.31398,0.31398,0.31398,0
1678625100000,0.31839,0.31839,0.31398,0.31398,3.171274
1678624200000,0.31839,0.31839,0.31839,0.31839,0
1678623300000,0.31839,0.31839,0.31839,0.31839,0
1678622400000,0.31676,0.31839,0.31676,0.31839,0.597626
1678621500000,0.31676,0.31676,0.31676,0.31676,0
1678620600000,0.31676,0.31676,0.31676,0.31676,0
1678619700000,0.31046,0.31676,0.31046,0.31676,0.45868
1678618800000,0.31046,0.31046,0.31046,0.31046,0
1678617900000,0.31046,0.31046,0.31046,0.31046,69.82769
1678617000000,0.31758,0.31758,0.31046,0.31046,2.511782
1678616100000,0.31758,0.31758,0.31758,0.31758,0
1678615200000,0.31758,0.31758,0.31758,0.31758,0
1678614300000,0.31872,0.31872,0.31758,0.31758,3.074281
1678613400000,0.31872,0.31872,0.31872,0.31872,0
1678612500000,0.31872,0.31872,0.31872,0.31872,0
1678611600000,0.31754,0.31872,0.31739,0.31872,3543.875298
1678610700000,0.31696,0.31763,0.31632,0.31754,295.740396
1678609800000,0.3168,0.3172,0.3168,0.31696,2.077378
1678608900000,0.30361,0.31781,0.30361,0.3168,343.1107
1678608000000,0.31256,0.31314,0.30361,0.30361,121.573671
1678607100000,0.31412,0.31412,0.31256,0.31256,289.681645
1678606200000,0.31467,0.31467,0.31412,0.31412,1396.066498
1678605300000,0.31255,0.31467,0.31255,0.31467,1.008955
1678604400000,0.31255,0.31255,0.31255,0.31255,0
1678603500000,0.31255,0.31255,0.31255,0.31255,0
1678602600000,0.31255,0.31255,0.31255,0.31255,0
1678601700000,0.31157,0.3131,0.31157,0.31255,6005.7
1678600800000,0.31465,0.31465,0.31157,0.31157,0.506485
1678599900000,0.31387,0.31465,0.31387,0.31465,0.383968
1678599000000,0.31348,0.31439,0.31348,0.31387,101.052463
1678598100000,0.31253,0.31348,0.31253,0.31348,200
1678597200000,0.30866,0.31348,0.30866,0.31253,15825.7
1678596300000,0.30866,0.30866,0.30866,0.30866,0
1678595400000,0.30866,0.30866,0.30866,0.30866,0
1678594500000,0.30866,0.30866,0.30866,0.30866,0
1678593600000,0.30866,0.30866,0.30866,0.30866,0
1678592700000,0.30901,0.30901,0.30866,0.30866,100.061878
1678591800000,0.30866,0.30901,0.30866,0.30901,0.773139
1678590900000,0.30866,0.30866,0.30866,0.30866,0
1678590000000,0.30605,0.30884,0.30605,0.30866,351.5
1678589100000,0.30605,0.30605,0.30605,0.30605,0
1678588200000,0.30709,0.30709,0.30605,0.30605,0.808612
1678587300000,0.30709,0.30709,0.30709,0.30709,0
1678586400000,0.30709,0.30709,0.30709,0.30709,0
1678585500000,0.30237,0.30784,0.30237,0.30709,1.595297
1678584600000,0.30237,0.30237,0.30237,0.30237,0
1678583700000,0.30237,0.30237,0.30237,0.30237,0
1678582800000,0.30919,0.30919,0.30237,0.30237,83.933032
1678581900000,0.3078,0.30919,0.30722,0.30919,0.365141
1678581000000,0.3078,0.3078,0.3078,0.3078,0
1678580100000,0.3078,0.3078,0.3078,0.3078,0
1678579200000,0.3078,0.3078,0.3078,0.3078,0
1678578300000,0.30866,0.30866,0.3078,0.3078,1806.101926
1678577400000,0.30728,0.30866,0.30728,0.30866,0.246888
1678576500000,0.30544,0.30728,0.30544,0.30728,2370.939663
1678575600000,0.30495,0.30544,0.30452,0.30544,12991.987915
1678574700000,0.29993,0.30495,0.29993,0.30495,0.125991
1678573800000,0.29993,0.29993,0.29993,0.29993,0
1678572900000,0.29993,0.29993,0.29993,0.29993,0
1678572000000,0.30747,0.30747,0.29894,0.29993,2.820776
1678571100000,0.30747,0.30747,0.30747,0.30747,0
1678570200000,0.31219,0.31219,0.30294,0.30747,0.76044
1678569300000,0.31219,0.31219,0.31219,0.31219,0
1678568400000,0.30791,0.31219,0.30791,0.31219,323.194618
1678567500000,0.30074,0.30791,0.30074,0.30791,24.161883
1678566600000,0.30074,0.30074,0.30074,0.30074,0
1678565700000,0.30074,0.30074,0.30074,0.30074,0
1678564800000,0.30074,0.30074,0.30074,0.30074,0
1678563900000,0.30074,0.30074,0.30074,0.30074,0
1678563000000,0.3024,0.30266,0.30074,0.30074,2.236483
1678562100000,0.3024,0.3024,0.3024,0.3024,0
1678561200000,0.30357,0.30357,0.30131,0.3024,11350.3
1678560300000,0.30357,0.30357,0.30357,0.30357,0
1678559400000,0.30327,0.30357,0.3015,0.30357,20110.652799
1678558500000,0.30189,0.3033,0.30186,0.30327,2146.337842
1678557600000,0.29926,0.30189,0.29926,0.30189,2050.217896
1678556700000,0.29926,0.29926,0.29926,0.29926,0
1678555800000,0.30801,0.30801,0.29926,0.29926,1.524191
1678554900000,0.3006,0.30801,0.3006,0.30801,2.675586
1678554000000,0.29612,0.30803,0.29612,0.3006,2635.794537
1678553100000,0.29612,0.29612,0.29612,0.29612,0
1678552200000,0.29601,0.297,0.29601,0.29612,5218
1678551300000,0.28904,0.29656,0.28904,0.29601,1875.016355
1678550400000,0.28904,0.28904,0.28904,0.28904,0
1678549500000,0.30905,0.30905,0.28904,0.28904,305.0589
1678548600000,0.31135,0.31135,0.29308,0.30905,156.779231
1678547700000,0.31135,0.31135,0.31135,0.31135,0
1678546800000,0.31135,0.31135,0.31135,0.31135,0
1678545900000,0.29614,0.31135,0.29614,0.31135,5.302334
1678545000000,0.29614,0.29614,0.29614,0.29614,0
1678544100000,0.29516,0.29614,0.29516,0.29614,0.9948
1678543200000,0.3015,0.3015,0.29516,0.29516,0.994795
1678542300000,0.29595,0.3015,0.29557,0.3015,3689.897226
1678541400000,0.29897,0.30848,0.29595,0.29595,112.117769
1678540500000,0.29897,0.29897,0.29897,0.29897,0
1678539600000,0.29897,0.29897,0.29897,0.29897,0
1678538700000,0.29897,0.29897,0.29897,0.29897,0
1678537800000,0.29897,0.29897,0.29897,0.29897,0.14956
1678536900000,0.29897,0.29897,0.29897,0.29897,0
1678536000000,0.30417,0.30417,0.29897,0.29897,3.285335
1678535100000,0.29897,0.30447,0.29897,0.30417,0.86619
1678534200000,0.29897,0.29897,0.29897,0.29897,0
1678533300000,0.29897,0.29897,0.29897,0.29897,0
1678532400000,0.31133,0.31133,0.29897,0.29897,0.810476
1678531500000,0.29897,0.31133,0.29897,0.31133,153.440506
1678530600000,0.31133,0.31133,0.29897,0.29897,2.769694
1678529700000,0.31134,0.31134,0.31133,0.31133,4.429146
1678528800000,0.31134,0.31134,0.31134,0.31134,0
1678527900000,0.29898,0.31134,0.29898,0.31134,1.460249
1678527000000,0.30687,0.30687,0.29898,0.29898,51
1678526100000,0.30687,0.30687,0.30687,0.30687,0
1678525200000,0.30687,0.30687,0.30687,0.30687,0
1678524300000,0.29897,0.30687,0.29897,0.30687,0.222764
1678523400000,0.30678,0.30678,0.29897,0.29897,4.17844
1678522500000,0.30678,0.30678,0.30678,0.30678,0
1678521600000,0.30678,0.30678,0.30678,0.30678,0
1678520700000,0.3035,0.30678,0.30099,0.30678,100.231424
1678519800000,0.30585,0.30585,0.3035,0.3035,27.42995
1678518900000,0.30585,0.30585,0.30585,0.30585,0
1678518000000,0.31226,0.31226,0.30585,0.30585,0.270828
1678517100000,0.30602,0.31226,0.30602,0.31226,1.243156
1678516200000,0.31159,0.31159,0.30602,0.30602,49.10698
1678515300000,0.31159,0.31159,0.31159,0.31159,0
1678514400000,0.30912,0.31164,0.30912,0.31159,26656.193772
1678513500000,0.30912,0.30912,0.30912,0.30912,0
1678512600000,0.30866,0.30912,0.30849,0.30912,2835.513818
1678511700000,0.30613,0.30867,0.30613,0.30866,371
1678510800000,0.30599,0.30613,0.30599,0.30613,0.395142
1678509900000,0.30599,0.30599,0.30599,0.30599,0
1678509000000,0.30596,0.30599,0.30596,0.30599,1.209766
1678508100000,0.30652,0.30652,0.30583,0.30596,1113.366836
1678507200000,0.30788,0.30788,0.30652,0.30652,1.107674
1678506300000,0.30773,0.30788,0.30773,0.30788,371
1678505400000,0.30859,0.30859,0.30773,0.30773,55.009717
1678504500000,0.30793,0.30931,0.30793,0.30859,742
1678503600000,0.31255,0.31255,0.30793,0.30793,1513.347803
1678502700000,0.3128,0.3128,0.31201,0.31255,4318.7
1678501800000,0.31255,0.3128,0.31202,0.3128,227.073335
1678500900000,0.31537,0.31537,0.31255,0.31255,2557.068351
1678500000000,0.31495,0.31537,0.31495,0.31537,692.504388
1678499100000,0.31639,0.31639,0.31495,0.31495,2800.100074
1678498200000,0.31104,0.31639,0.31104,0.31639,420.19226
1678497300000,0.30853,0.31125,0.30853,0.31104,0.363867
1678496400000,0.30853,0.30853,0.30853,0.30853,0
1678495500000,0.30847,0.30853,0.30847,0.30853,0.660754
1678494600000,0.30759,0.30847,0.30759,0.30847,11.053266
1678493700000,0.30759,0.30759,0.30759,0.30759,0
1678492800000,0.30847,0.30847,0.30759,0.30759,0.524105
1678491900000,0.30789,0.30847,0.30789,0.30847,0.408367
1678491000000,0.30591,0.30789,0.30591,0.30789,0.365892
1678490100000,0.30591,0.30591,0.30591,0.30591,0
1678489200000,0.30591,0.30591,0.30591,0.30591,0
1678488300000,0.3062,0.3062,0.3057,0.30591,1.183451
1678487400000,0.30395,0.3062,0.30395,0.3062,2.14317
1678486500000,0.30395,0.30395,0.30395,0.30395,0
1678485600000,0.30395,0.30395,0.30395,0.30395,0
1678484700000,0.30075,0.30395,0.3007,0.30395,469.431942
1678483800000,0.30353,0.30353,0.30075,0.30075,1114.236174
1678482900000,0.30353,0.30353,0.30353,0.30353,0
1678482000000,0.30353,0.30353,0.30353,0.30353,0
1678481100000,0.30353,0.30353,0.30353,0.30353,0
1678480200000,0.30542,0.30542,0.30353,0.30353,0.19782
1678479300000,0.30542,0.30542,0.30542,0.30542,0
1678478400000,0.30452,0.30542,0.30386,0.30542,11.992499
1678477500000,0.30083,0.30452,0.30083,0.30452,421.6
1678476600000,0.30123,0.30123,0.30083,0.30083,0.124997
1678475700000,0.3016,0.3016,0.30123,0.30123,0.278531
1678474800000,0.30203,0.30203,0.3016,0.3016,210.8
1678473900000,0.3025,0.3025,0.30203,0.30203,0.562251
1678473000000,0.3025,0.3025,0.3025,0.3025,0
1678472100000,0.30295,0.30295,0.3025,0.3025,3471.198347
1678471200000,0.30295,0.30295,0.30295,0.30295,0
1678470300000,0.30105,0.30295,0.30105,0.30295,1650.437365
1678469400000,0.30178,0.30178,0.30105,0.30105,0.641129
1678468500000,0.30015,0.30178,0.30015,0.30178,371
1678467600000,0.30302,0.30302,0.30015,0.30015,0.340564
1678466700000,0.30406,0.30406,0.30302,0.30302,3.010449
1678465800000,0.30397,0.30541,0.30397,0.30406,6395.279585
1678464900000,0.29906,0.30397,0.29906,0.30397,8402.2
1678464000000,0.30105,0.30105,0.29906,0.29906,10644.719398
1678463100000,0.29981,0.30105,0.28769,0.30105,142909.466949
1678462200000,0.29677,0.29981,0.29677,0.29981,0.530108
1678461300000,0.29755,0.29755,0.29677,0.29677,817.175726
1678460400000,0.29562,0.29775,0.29562,0.29755,3.475545
1678459500000,0.29562,0.29562,0.29562,0.29562,0
1678458600000,0.30045,0.30066,0.29562,0.29562,100.706801
1678457700000,0.30012,0.30046,0.29903,0.30045,1262
1678456800000,0.30618,0.30618,0.30012,0.30012,900
1678455900000,0.3024,0.30618,0.3024,0.30618,12.313498
1678455000000,0.29392,0.3024,0.29392,0.3024,12.51313
1678454100000,0.29392,0.29392,0.29392,0.29392,0
1678453200000,0.29392,0.29392,0.29392,0.29392,0
1678452300000,0.29392,0.29392,0.29392,0.29392,0
1678451400000,0.29292,0.29392,0.29292,0.29392,0.812649
1678450500000,0.29292,0.29292,0.29292,0.29292,0
1678449600000,0.2926,0.29436,0.2926,0.29292,1.197604
1678448700000,0.29037,0.2926,0.29037,0.2926,273.4
1678447800000,0.28862,0.29037,0.28862,0.29037,215.915505
1678446900000,0.2893,0.2893,0.28862,0.28862,0.381882
1678446000000,0.28979,0.28979,0.2893,0.2893,283
1678445100000,0.28806,0.28992,0.28806,0.28979,98.506623
1678444200000,0.28737,0.28806,0.28731,0.28806,2679.414843
1678443300000,0.29431,0.29431,0.28737,0.28737,1368.806168
1678442400000,0.29393,0.29431,0.29137,0.29431,2688.482064
1678441500000,0.29233,0.29436,0.29233,0.29393,5001.2
1678440600000,0.29897,0.29897,0.29233,0.29233,2784.487588
1678439700000,0.30324,0.3042,0.29897,0.29897,3107.410054
1678438800000,0.30451,0.30451,0.30324,0.30324,0.127101
1678437900000,0.30329,0.30451,0.30329,0.30451,100
1678437000000,0.30682,0.30682,0.30329,0.30329,268.18002
1678436100000,0.3081,0.3081,0.30655,0.30682,1597.321312
1678435200000,0.3081,0.3081,0.3081,0.3081,0
1678434300000,0.30845,0.30845,0.3081,0.3081,0.103091
1678433400000,0.30662,0.30845,0.30662,0.30845,0.760734
1678432500000,0.30662,0.30662,0.30662,0.30662,0
1678431600000,0.30651,0.30662,0.30514,0.30662,200.268597
1678430700000,0.308,0.308,0.30651,0.30651,0.207453
1678429800000,0.30759,0.30808,0.30728,0.308,471.926508
1678428900000,0.30866,0.30866,0.30759,0.30759,81.277024
1678428000000,0.30866,0.30866,0.30866,0.30866,0
1678427100000,0.30866,0.30866,0.30866,0.30866,0
1678426200000,0.30782,0.30866,0.30751,0.30866,1684.948906
1678425300000,0.30554,0.30782,0.30554,0.30782,192.5
1678424400000,0.30554,0.30554,0.30554,0.30554,0
1678423500000,0.3035,0.30554,0.3035,0.30554,1.020202
1678422600000,0.30408,0.30445,0.3035,0.3035,571.05546
1678421700000,0.30548,0.30548,0.30408,0.30408,250.211367
1678420800000,0.30686,0.30686,0.305,0.30548,20.657401
1678419900000,0.30686,0.30686,0.30686,0.30686,0
1678419000000,0.3078,0.30912,0.30662,0.30686,5240.857433
1678418100000,0.30854,0.30854,0.3078,0.3078,227.215726
1678417200000,0.30874,0.30876,0.30854,0.30854,0.599632
1678416300000,0.30874,0.30874,0.30874,0.30874,0
1678415400000,0.30728,0.30874,0.30728,0.30874,213.240362
1678414500000,0.30882,0.30882,0.30682,0.30728,3052.5
1678413600000,0.30924,0.30924,0.30882,0.30882,359.432159
1678412700000,0.30831,0.30924,0.30831,0.30924,718
1678411800000,0.30225,0.30875,0.30225,0.30831,3.377266
1678410900000,0.30651,0.30651,0.30225,0.30225,2165.602651
1678410000000,0.3075,0.30773,0.30559,0.30651,1712.68725
1678409100000,0.30894,0.30894,0.3075,0.3075,142.149916
1678408200000,0.31075,0.31075,0.30866,0.30894,485.423291
1678407300000,0.31075,0.31075,0.31075,0.31075,0
1678406400000,0.3122,0.31443,0.31075,0.31075,12053.307434
1678405500000,0.31211,0.3122,0.31211,0.3122,192.6
1678404600000,0.31064,0.3122,0.31064,0.31211,2.932141
1678403700000,0.31125,0.31125,0.31064,0.31064,1525
1678402800000,0.31008,0.31125,0.30951,0.31125,2829.5
1678401900000,0.32523,0.32523,0.31008,0.31008,704.062787
1678401000000,0.32089,0.32523,0.31231,0.32523,30.28636
1678400100000,0.30776,0.32089,0.30776,0.32089,4119.770378
1678399200000,0.3075,0.30776,0.3075,0.30776,359
1678398300000,0.31046,0.31145,0.3075,0.3075,5272.45094
1678397400000,0.31645,0.31645,0.31046,0.31046,4362.410123
1678396500000,0.31568,0.31645,0.31568,0.31645,0.225037
1678395600000,0.31304,0.31614,0.31304,0.31568,5.422805
1678394700000,0.32219,0.32219,0.31304,0.31304,3625.779892
1678393800000,0.32451,0.32835,0.32212,0.32219,2064.673432
1678392900000,0.32981,0.3303,0.3245,0.32451,455.844728
1678392000000,0.33241,0.33251,0.32981,0.32981,149.193832
1678391100000,0.33476,0.33476,0.33226,0.33241,236.41522
1678390200000,0.33545,0.33545,0.33476,0.33476,9.817392
1678389300000,0.33665,0.33723,0.33543,0.33545,400.110007
1678388400000,0.33965,0.33965,0.33639,0.33665,5154.589069
1678387500000,0.33988,0.33988,0.33952,0.33965,101.589457
1678386600000,0.34375,0.34375,0.33978,0.33988,568.859248
1678385700000,0.34375,0.34375,0.34375,0.34375,0
1678384800000,0.34498,0.34498,0.34375,0.34375,151.338429
1678383900000,0.34498,0.34498,0.34498,0.34498,0
1678383000000,0.34398,0.34498,0.34398,0.34498,110.194914
1678382100000,0.34398,0.34398,0.34398,0.34398,0
1678381200000,0.3435,0.34398,0.3435,0.34398,696.678526
1678380300000,0.34489,0.34489,0.34318,0.3435,577.57652
1678379400000,0.34677,0.34677,0.34489,0.34489,9.768321
1678378500000,0.34638,0.34677,0.34638,0.34677,100
1678377600000,0.3472,0.3472,0.34581,0.34638,0.316284
1678376700000,0.3472,0.3472,0.3472,0.3472,0
1678375800000,0.34581,0.34728,0.34581,0.3472,369.051021
1678374900000,0.35072,0.35072,0.34581,0.34581,118.916959
1678374000000,0.34697,0.35096,0.34697,0.35072,12569.756833
1678373100000,0.34733,0.34902,0.34697,0.34697,79.804572
1678372200000,0.3475,0.3475,0.34733,0.34733,0.125201
1678371300000,0.3473,0.34864,0.3473,0.3475,476.9
1678370400000,0.34558,0.3473,0.34558,0.3473,9.51951
1678369500000,0.34374,0.34558,0.34374,0.34558,9.566943
1678368600000,0.342,0.34374,0.342,0.34374,507.505439
1678367700000,0.342,0.342,0.342,0.342,0
1678366800000,0.342,0.342,0.342,0.342,0
1678365900000,0.34263,0.34263,0.342,0.342,0.427957
1678365000000,0.34263,0.34263,0.34263,0.34263,0
1678364100000,0.34558,0.34558,0.34263,0.34263,377.57652
1678363200000,0.34558,0.34558,0.34558,0.34558,0
1678362300000,0.34467,0.34558,0.34448,0.34558,10.105021
1678361400000,0.34215,0.34467,0.34215,0.34467,368.601742
1678360500000,0.34215,0.34215,0.34215,0.34215,0
1678359600000,0.34046,0.34215,0.34046,0.34215,9.662676
1678358700000,0.3397,0.34046,0.3381,0.34046,19.431098
1678357800000,0.3397,0.3397,0.3397,0.3397,0
1678356900000,0.33959,0.3397,0.33959,0.3397,0.236172
1678356000000,0.33959,0.33959,0.33959,0.33959,0
1678355100000,0.33959,0.33959,0.33959,0.33959,0
1678354200000,0.34046,0.34046,0.33959,0.33959,0.896168
1678353300000,0.34046,0.34046,0.34046,0.34046,0
1678352400000,0.34046,0.34046,0.34046,0.34046,0
1678351500000,0.3395,0.34046,0.3395,0.34046,9.917739
1678350600000,0.3395,0.33998,0.3395,0.3395,147.537623
1678349700000,0.33992,0.33992,0.3395,0.3395,0.131353
1678348800000,0.3381,0.33992,0.3381,0.33992,0.307565
1678347900000,0.33934,0.33971,0.3381,0.3381,9.969586
1678347000000,0.34228,0.34228,0.33934,0.33934,9.976085
1678346100000,0.34228,0.34228,0.34228,0.34228,0
1678345200000,0.34228,0.34228,0.34228,0.34228,0
1678344300000,0.34228,0.34228,0.34228,0.34228,0
1678343400000,0.34307,0.34307,0.34221,0.34228,0.360317
1678342500000,0.34307,0.34307,0.34307,0.34307,0
1678341600000,0.34307,0.34307,0.34307,0.34307,0
1678340700000,0.34272,0.34307,0.34255,0.34307,0.656433
1678339800000,0.34272,0.34272,0.34272,0.34272,0
1678338900000,0.34272,0.34272,0.34272,0.34272,0
1678338000000,0.34285,0.34285,0.34272,0.34272,71.899609
1678337100000,0.34285,0.34285,0.34285,0.34285,0
1678336200000,0.34318,0.34318,0.34285,0.34285,0.875018
1678335300000,0.34383,0.34383,0.34318,0.34318,9.57652
1678334400000,0.34451,0.34451,0.34383,0.34383,26.252171
1678333500000,0.34451,0.34451,0.34451,0.34451,0
1678332600000,0.34558,0.34558,0.34451,0.34451,0.369818
1678331700000,0.34558,0.34558,0.34558,0.34558,0
1678330800000,0.34476,0.34558,0.34415,0.34558,435.13627
1678329900000,0.34476,0.34476,0.34476,0.34476,0
1678329000000,0.34147,0.34476,0.34147,0.34476,0.334543
1678328100000,0.34147,0.34147,0.34147,0.34147,0
1678327200000,0.34188,0.34188,0.34147,0.34147,2.855987
1678326300000,0.34188,0.34188,0.34188,0.34188,0
1678325400000,0.34258,0.34258,0.34188,0.34188,0.151251
1678324500000,0.33966,0.34258,0.33966,0.34258,9.792726
1678323600000,0.34046,0.34046,0.33966,0.33966,1.14796
1678322700000,0.33697,0.34046,0.33644,0.34046,27.09405
1678321800000,0.33697,0.33697,0.33697,0.33697,0
1678320900000,0.33697,0.33697,0.33697,0.33697,0
1678320000000,0.33697,0.33697,0.33697,0.33697,0
1678319100000,0.33916,0.33916,0.33697,0.33697,177.982965
1678318200000,0.33973,0.3403,0.33916,0.33916,100.310083
1678317300000,0.33878,0.34024,0.33878,0.33973,15.709963
1678316400000,0.3371,0.33878,0.3371,0.33878,2620.821318
1678315500000,0.33898,0.33898,0.33386,0.3371,438.539027
1678314600000,0.34432,0.34432,0.33898,0.33898,1288.248396
1678313700000,0.34432,0.34432,0.34432,0.34432,0
1678312800000,0.34435,0.34655,0.34432,0.34432,162.180447
1678311900000,0.34819,0.34819,0.34435,0.34435,310.011065
1678311000000,0.34928,0.34928,0.34819,0.34819,9.568599
1678310100000,0.35076,0.35076,0.34928,0.34928,4408.057416
1678309200000,0.34934,0.35076,0.34934,0.35076,9.425499
1678308300000,0.34871,0.34941,0.34871,0.34934,0.87625
1678307400000,0.3466,0.34929,0.3466,0.34871,378.725206
1678306500000,0.3466,0.3466,0.3466,0.3466,0
1678305600000,0.3479,0.3479,0.3466,0.3466,9.482026
1678304700000,0.3473,0.34928,0.3473,0.3479,3069.672543
1678303800000,0.3459,0.3473,0.34568,0.3473,9.802352
1678302900000,0.34461,0.34591,0.34461,0.3459,10.535821
1678302000000,0.34318,0.34467,0.34318,0.34461,2211.160124
1678301100000,0.34318,0.34318,0.34318,0.34318,0
1678300200000,0.34534,0.34534,0.34318,0.34318,388.272026
1678299300000,0.34797,0.34797,0.34474,0.34534,2048.91318
1678298400000,0.34877,0.34877,0.34797,0.34797,109.434933
1678297500000,0.35167,0.35167,0.34877,0.34877,0.327099
1678296600000,0.35167,0.35167,0.35167,0.35167,0
1678295700000,0.35167,0.35167,0.35167,0.35167,0
1678294800000,0.35167,0.35167,0.35167,0.35167,0
1678293900000,0.34965,0.35167,0.34965,0.35167,0.340605
1678293000000,0.35427,0.35427,0.34965,0.34965,19.707298
1678292100000,0.35427,0.35427,0.35427,0.35427,0
1678291200000,0.35213,0.35427,0.35213,0.35427,9.332265
1678290300000,0.35291,0.35291,0.35213,0.35213,1.083742
1678289400000,0.35104,0.35357,0.35104,0.35291,10.777534
1678288500000,0.34902,0.35104,0.34902,0.35104,1572.725499
1678287600000,0.34603,0.34902,0.34489,0.34902,29.534469
1678286700000,0.34734,0.34734,0.34603,0.34603,1.320104
1678285800000,0.34489,0.34734,0.34489,0.34734,341.355553
1678284900000,0.34489,0.34489,0.34489,0.34489,0
1678284000000,0.34489,0.34489,0.34489,0.34489,0
1678283100000,0.34928,0.34928,0.34489,0.34489,5047.419092
1678282200000,0.34736,0.34928,0.34736,0.34928,0.240332
1678281300000,0.34736,0.34736,0.34736,0.34736,0
1678280400000,0.35006,0.35066,0.34736,0.34736,1809.107966
1678279500000,0.35118,0.35118,0.35006,0.35006,9.388306
1678278600000,0.35118,0.35118,0.35118,0.35118,0
1678277700000,0.35213,0.35213,0.35118,0.35118,54.722778
1678276800000,0.35213,0.35213,0.35213,0.35213,0
1678275900000,0.35213,0.35213,0.35213,0.35213,0
1678275000000,0.35251,0.35251,0.35213,0.35213,0.644855
1678274100000,0.35251,0.35251,0.35251,0.35251,0
1678273200000,0.35251,0.35251,0.35251,0.35251,0
1678272300000,0.35251,0.35251,0.35251,0.35251,0
1678271400000,0.35153,0.35251,0.35153,0.35251,9.378917
1678270500000,0.35123,0.35198,0.35123,0.35153,1.274836
1678269600000,0.35123,0.35123,0.35123,0.35123,0
1678268700000,0.35123,0.35123,0.35123,0.35123,0
1678267800000,0.35123,0.35123,0.35123,0.35123,0
1678266900000,0.35179,0.35179,0.35123,0.35123,0.223866
1678266000000,0.35179,0.35179,0.35179,0.35179,0
1678265100000,0.35164,0.35179,0.35164,0.35179,0.369884
1678264200000,0.35104,0.35166,0.35104,0.35164,2.60598
1678263300000,0.35,0.35104,0.35,0.35104,9.341606
1678262400000,0.35401,0.35401,0.35,0.35,3178.704505
1678261500000,0.35467,0.35467,0.35401,0.35401,0.618359
1678260600000,0.35667,0.35667,0.35467,0.35467,0.483344
1678259700000,0.35667,0.35667,0.35667,0.35667,0
1678258800000,0.35667,0.35667,0.35667,0.35667,0
1678257900000,0.35603,0.35667,0.35603,0.35667,0.324186
1678257000000,0.35339,0.35603,0.35339,0.35603,9.462632
1678256100000,0.35339,0.35339,0.35339,0.35339,0
1678255200000,0.35456,0.35456,0.35339,0.35339,0.40185
1678254300000,0.35356,0.35459,0.35356,0.35456,1174
1678253400000,0.35634,0.35634,0.35356,0.35356,31.178933
1678252500000,0.35993,0.35993,0.35634,0.35634,398.585022
1678251600000,0.36023,0.36023,0.35936,0.35993,338.95791
1678250700000,0.36018,0.36023,0.36018,0.36023,0.447628
1678249800000,0.36091,0.36091,0.36018,0.36018,0.147663
1678248900000,0.36091,0.36091,0.36091,0.36091,0
1678248000000,0.36091,0.36091,0.36091,0.36091,0
1678247100000,0.35991,0.36091,0.35991,0.36091,0.589109
1678246200000,0.35887,0.35991,0.35887,0.35991,0.16244
1678245300000,0.36027,0.36027,0.35887,0.35887,9.157829
1678244400000,0.36065,0.36065,0.36027,0.36027,0.11525
1678243500000,0.3618,0.36181,0.36065,0.36065,10.170375
1678242600000,0.3618,0.3618,0.3618,0.3618,0
1678241700000,0.3618,0.3618,0.3618,0.3618,0
1678240800000,0.3616,0.3618,0.3616,0.3618,176.157045
1678239900000,0.36271,0.36271,0.3616,0.3616,528.5
1678239000000,0.36358,0.36358,0.36271,0.36271,0.178304
1678238100000,0.36152,0.36358,0.36152,0.36358,2965.544608
1678237200000,0.36245,0.36245,0.36152,0.36152,1.842174
1678236300000,0.36409,0.36409,0.36245,0.36245,173.167376
1678235400000,0.36535,0.36535,0.36409,0.36409,2.079301
1678234500000,0.36535,0.36535,0.36535,0.36535,0
1678233600000,0.36498,0.36535,0.36498,0.36535,0.974956
1678232700000,0.36498,0.36498,0.36498,0.36498,0
1678231800000,0.36317,0.36498,0.36317,0.36498,9.724124
1678230900000,0.36138,0.36317,0.36138,0.36317,9.103519
1678230000000,0.36066,0.36138,0.36066,0.36138,9.148671
1678229100000,0.359,0.36066,0.359,0.36066,0.337722
1678228200000,0.35991,0.35991,0.359,0.359,0.118587
1678227300000,0.35991,0.35991,0.35991,0.35991,0
1678226400000,0.36044,0.36044,0.35991,0.35991,0.116972
1678225500000,0.36044,0.36044,0.36044,0.36044,0
1678224600000,0.35887,0.36044,0.35887,0.36044,738.500812
1678223700000,0.36066,0.36066,0.35887,0.35887,540.608669
1678222800000,0.36066,0.36066,0.36066,0.36066,0
1678221900000,0.36051,0.36201,0.36051,0.36066,0.513882
1678221000000,0.36051,0.36051,0.36051,0.36051,0
1678220100000,0.36051,0.36051,0.36051,0.36051,0
1678219200000,0.36131,0.36131,0.36051,0.36051,209.112631
1678218300000,0.36397,0.36397,0.36131,0.36131,610.161588
1678217400000,0.36397,0.36397,0.36397,0.36397,0
1678216500000,0.36426,0.36426,0.36397,0.36397,0.65283
1678215600000,0.36426,0.36426,0.36426,0.36426,0
1678214700000,0.36426,0.36426,0.36426,0.36426,0
1678213800000,0.36646,0.36646,0.36426,0.36426,279.039153
1678212900000,0.36646,0.36646,0.36646,0.36646,0
1678212000000,0.3668,0.3668,0.36646,0.36646,0.854383
1678211100000,0.36641,0.3668,0.36641,0.3668,9.013297
1678210200000,0.36498,0.36641,0.36498,0.36641,0.27423
1678209300000,0.36181,0.36498,0.36181,0.36498,9.058309
1678208400000,0.36181,0.36181,0.36181,0.36181,0
1678207500000,0.36181,0.36181,0.36181,0.36181,0
1678206600000,0.36358,0.36358,0.36181,0.36181,409.452328
1678205700000,0.36649,0.36649,0.36357,0.36358,1017.999785
1678204800000,0.36836,0.36836,0.36649,0.36649,200
1678203900000,0.36836,0.36836,0.36836,0.36836,0
1678203000000,0.36608,0.36952,0.36608,0.36836,1336.30133
1678202100000,0.36049,0.36864,0.36049,0.36608,36.017558
1678201200000,0.3674,0.3674,0.35973,0.36049,1846.596426
1678200300000,0.36575,0.36796,0.36575,0.3674,1857.157957
1678199400000,0.36534,0.36618,0.36534,0.36575,1670
1678198500000,0.36534,0.36534,0.36534,0.36534,0
1678197600000,0.36607,0.36607,0.36534,0.36534,44.570082
1678196700000,0.37023,0.37023,0.36607,0.36607,1710.610275
1678195800000,0.37092,0.37092,0.3693,0.37023,0.972501
1678194900000,0.37092,0.37092,0.37092,0.37092,0
1678194000000,0.37092,0.37092,0.37092,0.37092,0
1678193100000,0.36791,0.37092,0.36791,0.37092,700.082077
1678192200000,0.36791,0.36791,0.36791,0.36791,0
1678191300000,0.36791,0.36791,0.36791,0.36791,0
1678190400000,0.36791,0.36791,0.36791,0.36791,0
1678189500000,0.36994,0.36994,0.36791,0.36791,8.93281
1678188600000,0.36975,0.36994,0.36975,0.36994,0.993708
1678187700000,0.3716,0.3716,0.36975,0.36975,169.888358
1678186800000,0.3716,0.3716,0.3716,0.3716,0
1678185900000,0.3743,0.3743,0.3716,0.3716,8.844107
1678185000000,0.3742,0.3743,0.3742,0.3743,0.332479
1678184100000,0.37173,0.3742,0.37173,0.3742,8.978938
1678183200000,0.37173,0.37173,0.37173,0.37173,0
1678182300000,0.37218,0.37218,0.3716,0.37173,170.244107
1678181400000,0.37532,0.37532,0.37218,0.37218,9.32827
1678180500000,0.37678,0.37678,0.37532,0.37532,8.756449
1678179600000,0.37678,0.37678,0.37678,0.37678,0
1678178700000,0.3757,0.37678,0.3757,0.37678,256.647598
1678177800000,0.37618,0.37618,0.3757,0.3757,0.506529
1678176900000,0.37719,0.37719,0.37618,0.37618,132.2
1678176000000,0.37785,0.37785,0.37719,0.37719,8.713037
1678175100000,0.37735,0.37815,0.37735,0.37785,0.266622
1678174200000,0.37974,0.37974,0.37735,0.37735,0.301307
1678173300000,0.37974,0.37974,0.37974,0.37974,0
1678172400000,0.37974,0.37974,0.37974,0.37974,0
1678171500000,0.37907,0.37974,0.37907,0.37974,0.340163
1678170600000,0.37907,0.37907,0.37907,0.37907,0
1678169700000,0.37907,0.37907,0.37907,0.37907,0
1678168800000,0.38003,0.38003,0.37907,0.37907,8.669824
1678167900000,0.38052,0.38052,0.38003,0.38003,1.057884
1678167000000,0.38129,0.38129,0.38052,0.38052,0.118408
1678166100000,0.38129,0.38129,0.38129,0.38129,0
1678165200000,0.38105,0.38133,0.38105,0.38129,363
1678164300000,0.38105,0.38105,0.38105,0.38105,0
1678163400000,0.38145,0.38145,0.38105,0.38105,0.291264
1678162500000,0.38145,0.38145,0.38145,0.38145,0
1678161600000,0.38145,0.38145,0.38145,0.38145,0
1678160700000,0.38145,0.38145,0.38145,0.38145,0
1678159800000,0.38172,0.38172,0.38128,0.38145,1.536214
1678158900000,0.38076,0.38172,0.38076,0.38172,8.661154
1678158000000,0.38096,0.38096,0.38076,0.38076,0.122176
1678157100000,0.38096,0.38096,0.38096,0.38096,0
1678156200000,0.38019,0.38145,0.38019,0.38096,0.558227
1678155300000,0.38039,0.38039,0.38019,0.38019,12.791683
1678154400000,0.38039,0.38039,0.38039,0.38039,61.20229
1678153500000,0.38039,0.38039,0.38039,0.38039,0
1678152600000,0.37983,0.38106,0.37983,0.38039,3979.947092
1678151700000,0.37983,0.37983,0.37983,0.37983,0
1678150800000,0.37615,0.37983,0.37615,0.37983,8.704324
1678149900000,0.37615,0.37615,0.37615,0.37615,0
1678149000000,0.37615,0.37615,0.37615,0.37615,0
1678148100000,0.37835,0.37835,0.37615,0.37615,1089
1678147200000,0.37835,0.37835,0.37835,0.37835,0
1678146300000,0.37835,0.37835,0.37835,0.37835,0
1678145400000,0.37835,0.37835,0.37835,0.37835,0
1678144500000,0.37835,0.37835,0.37835,0.37835,0
1678143600000,0.37835,0.37835,0.37835,0.37835,0
1678142700000,0.37835,0.37835,0.37835,0.37835,0
1678141800000,0.3779,0.37835,0.3779,0.37835,264.961164
1678140900000,0.37794,0.37794,0.3779,0.3779,0.323914
1678140000000,0.37794,0.37794,0.37794,0.37794,0
1678139100000,0.37751,0.37794,0.37679,0.37794,1141.740896
1678138200000,0.37528,0.37751,0.37528,0.37751,100
1678137300000,0.37528,0.37528,0.37528,0.37528,0
1678136400000,0.37532,0.37532,0.37528,0.37528,0.248183
1678135500000,0.37576,0.37612,0.37532,0.37532,8.870184
1678134600000,0.37631,0.37631,0.3757,0.37576,1466.4
1678133700000,0.3779,0.3779,0.37631,0.37631,0.193106
1678132800000,0.3779,0.3779,0.3779,0.3779,0
1678131900000,0.37811,0.37811,0.3779,0.3779,0.15544
1678131000000,0.37811,0.37811,0.37811,0.37811,0
1678130100000,0.37933,0.37933,0.37811,0.37811,126.33878
1678129200000,0.37954,0.37954,0.37805,0.37933,619.059686
1678128300000,0.37954,0.37954,0.37954,0.37954,0
1678127400000,0.37954,0.37954,0.37954,0.37954,0
1678126500000,0.37905,0.37954,0.37905,0.37954,0.345672
1678125600000,0.37905,0.37905,0.37905,0.37905,0
1678124700000,0.37872,0.3792,0.37872,0.37905,109.932476
1678123800000,0.37885,0.37885,0.37872,0.37872,0.147784
1678122900000,0.37862,0.37885,0.37862,0.37885,0.410626
1678122000000,0.37737,0.37862,0.37737,0.37862,0.143223
1678121100000,0.37734,0.37737,0.37734,0.37737,0.119516
1678120200000,0.3795,0.3795,0.37734,0.37734,256.468113
1678119300000,0.3795,0.3795,0.3795,0.3795,0
1678118400000,0.37794,0.3795,0.37794,0.3795,0.218498
1678117500000,0.37657,0.37794,0.37657,0.37794,9.257866
1678116600000,0.37657,0.37657,0.37657,0.37657,0
1678115700000,0.37632,0.37657,0.37632,0.37657,0.141737
1678114800000,0.37607,0.37632,0.37607,0.37632,0.92964
1678113900000,0.37408,0.37607,0.37408,0.37607,8.79126
1678113000000,0.37408,0.37408,0.37408,0.37408,0
1678112100000,0.37347,0.37408,0.37346,0.37408,0.32838
1678111200000,0.37347,0.37347,0.37347,0.37347,0
1678110300000,0.37408,0.3742,0.37347,0.37347,1116.284669
1678109400000,0.37233,0.37408,0.37233,0.37408,235.943278
1678108500000,0.37223,0.37233,0.37223,0.37233,8.879469
1678107600000,0.37112,0.37223,0.37112,0.37223,100.444235
1678106700000,0.37155,0.37181,0.37112,0.37112,1.797089
1678105800000,0.36869,0.37155,0.36869,0.37155,1581.443243
1678104900000,0.36869,0.36869,0.36869,0.36869,0
1678104000000,0.37194,0.37194,0.36869,0.36869,117.375564
1678103100000,0.37194,0.37194,0.37194,0.37194,0
1678102200000,0.37194,0.37194,0.37194,0.37194,0
1678101300000,0.37194,0.37194,0.37194,0.37194,0
1678100400000,0.37311,0.37311,0.37194,0.37194,0.678369
1678099500000,0.37095,0.37311,0.37095,0.37311,9.096583
1678098600000,0.37095,0.37095,0.37095,0.37095,0
1678097700000,0.37095,0.37095,0.37095,0.37095,0
1678096800000,0.37039,0.37095,0.37039,0.37095,0.157615
1678095900000,0.37039,0.37039,0.37039,0.37039,0
1678095000000,0.37039,0.37039,0.37039,0.37039,0
1678094100000,0.37039,0.37039,0.37039,0.37039,0
1678093200000,0.37033,0.37128,0.37033,0.37039,2751.133014
1678092300000,0.37033,0.37033,0.37033,0.37033,0
1678091400000,0.3685,0.37033,0.3685,0.37033,128.97242
1678090500000,0.371,0.371,0.3685,0.3685,1363.4
1678089600000,0.371,0.371,0.371,0.371,0
1678088700000,0.37153,0.37153,0.371,0.371,0.279021
1678087800000,0.37153,0.37153,0.37153,0.37153,0
1678086900000,0.37153,0.37153,0.37153,0.37153,0
1678086000000,0.37153,0.37153,0.37153,0.37153,0
1678085100000,0.37048,0.37153,0.37048,0.37153,0.406237
1678084200000,0.37048,0.37048,0.37048,0.37048,0
1678083300000,0.36985,0.37048,0.36985,0.37048,8.923878
1678082400000,0.36743,0.36985,0.36743,0.36985,482.468487
1678081500000,0.36608,0.36765,0.36608,0.36743,0.68826
1678080600000,0.3668,0.3668,0.36608,0.36608,9.122212
1678079700000,0.36791,0.36791,0.3668,0.3668,82.963902
1678078800000,0.36975,0.36975,0.36791,0.36791,8.93281
1678077900000,0.36975,0.36975,0.36975,0.36975,81.031709
1678077000000,0.37257,0.37257,0.36975,0.36975,9.587602
1678076100000,0.37183,0.37257,0.37183,0.37257,0.15994
1678075200000,0.37183,0.37183,0.37183,0.37183,0
1678074300000,0.37083,0.37183,0.37083,0.37183,0.1258
1678073400000,0.37083,0.37083,0.37083,0.37083,0
1678072500000,0.37239,0.37239,0.37083,0.37083,1.00578
1678071600000,0.37012,0.37239,0.37012,0.37239,58.664594
1678070700000,0.37012,0.37012,0.37012,0.37012,0
1678069800000,0.36741,0.37012,0.36741,0.37012,367.295519
1678068900000,0.36741,0.36741,0.36741,0.36741,0
1678068000000,0.36975,0.36975,0.36741,0.36741,628.376252
1678067100000,0.37346,0.37346,0.36975,0.36975,192.815387
1678066200000,0.37607,0.37607,0.37346,0.37346,8.80006
1678065300000,0.37532,0.37607,0.3716,0.37607,37.240678
1678064400000,0.37651,0.37663,0.37532,0.37532,56.856449
1678063500000,0.37794,0.37794,0.37651,0.37651,2298.258794
1678062600000,0.37629,0.37794,0.37629,0.37794,8.747693
1678061700000,0.37688,0.37688,0.37629,0.37629,0.851452
1678060800000,0.3742,0.37748,0.3742,0.37688,1811.987675
1678059900000,0.3742,0.3742,0.3742,0.3742,0
1678059000000,0.3716,0.3742,0.3716,0.3742,8.835263
1678058100000,0.37185,0.37255,0.3716,0.3716,9.141548
1678057200000,0.37532,0.37644,0.37185,0.37185,809.084293
1678056300000,0.37532,0.37532,0.37532,0.37532,0
1678055400000,0.37719,0.37719,0.37532,0.37532,9.254847
1678054500000,0.37874,0.37874,0.37719,0.37719,8.713037
1678053600000,0.37874,0.37874,0.37874,0.37874,0
1678052700000,0.37907,0.37907,0.37874,0.37874,0.269966
1678051800000,0.3823,0.3823,0.37907,0.37907,8.669824
1678050900000,0.38172,0.3823,0.38172,0.3823,0.566241
1678050000000,0.38076,0.38172,0.38076,0.38172,8.661154
1678049100000,0.38048,0.38076,0.38048,0.38076,0.140345
1678048200000,0.38048,0.38048,0.38048,0.38048,0
1678047300000,0.37894,0.38048,0.37894,0.38048,366.558394
1678046400000,0.37894,0.37894,0.37894,0.37894,0
1678045500000,0.38,0.38,0.37894,0.37894,26.31047
1678044600000,0.38,0.38,0.38,0.38,0
1678043700000,0.37848,0.38,0.37848,0.38,0.491084
1678042800000,0.37848,0.37848,0.37848,0.37848,0
1678041900000,0.37848,0.37848,0.37848,0.37848,0
1678041000000,0.37848,0.37848,0.37848,0.37848,0
1678040100000,0.37869,0.37869,0.37801,0.37848,1295.002181
1678039200000,0.37869,0.37869,0.37869,0.37869,0
1678038300000,0.37952,0.37952,0.37869,0.37869,0.612628
1678037400000,0.37952,0.37952,0.37952,0.37952,0.207497
1678036500000,0.37952,0.37952,0.37952,0.37952,0
1678035600000,0.37952,0.37952,0.37952,0.37952,0
1678034700000,0.37943,0.37952,0.37943,0.37952,0.878697
1678033800000,0.37952,0.37952,0.37943,0.37943,0.115551
1678032900000,0.37952,0.37952,0.37952,0.37952,0
1678032000000,0.38055,0.38055,0.37937,0.37952,132.823832
1678031100000,0.38158,0.38158,0.38055,0.38055,0.465971
1678030200000,0.38082,0.38158,0.38082,0.38158,0.162018
1678029300000,0.37891,0.38082,0.37891,0.38082,0.333218
1678028400000,0.37948,0.37948,0.37891,0.37891,1.30565
1678027500000,0.38071,0.38071,0.37948,0.37948,0.421408
1678026600000,0.38071,0.38071,0.38071,0.38071,0
1678025700000,0.38071,0.38071,0.38071,0.38071,0
1678024800000,0.38071,0.38071,0.38071,0.38071,0
1678023900000,0.37983,0.38083,0.37983,0.38071,0.736745
1678023000000,0.37983,0.37983,0.37983,0.37983,0
1678022100000,0.37772,0.37983,0.37772,0.37983,8.704323
1678021200000,0.37772,0.37772,0.37772,0.37772,0
1678020300000,0.37772,0.37772,0.37772,0.37772,0
1678019400000,0.37772,0.37772,0.37772,0.37772,0
1678018500000,0.37817,0.37817,0.37772,0.37772,0.232052
1678017600000,0.37828,0.37828,0.37817,0.37817,0.101474
1678016700000,0.37828,0.37828,0.37828,0.37828,0
1678015800000,0.37828,0.37828,0.37828,0.37828,0
1678014900000,0.37856,0.37856,0.37828,0.37828,0.563346
1678014000000,0.37856,0.37856,0.37856,0.37856,0
1678013100000,0.37794,0.37883,0.37794,0.37856,0.922893
1678012200000,0.37794,0.37794,0.37794,0.37794,0
1678011300000,0.37794,0.37794,0.37794,0.37794,0
1678010400000,0.37794,0.37794,0.37794,0.37794,0
1678009500000,0.37758,0.37794,0.37758,0.37794,8.747693
1678008600000,0.37607,0.37758,0.37607,0.37758,0.371267
1678007700000,0.37607,0.37607,0.37607,0.37607,0
1678006800000,0.37719,0.37719,0.37532,0.37607,2064.756449
1678005900000,0.37734,0.37734,0.37719,0.37719,8.713037
1678005000000,0.37734,0.37734,0.37734,0.37734,0
1678004100000,0.37798,0.37798,0.37734,0.37734,1.286738
1678003200000,0.37798,0.37798,0.37798,0.37798,0
1678002300000,0.378,0.378,0.37791,0.37798,128.087046
1678001400000,0.37878,0.37878,0.37784,0.378,1.022217
1678000500000,0.37878,0.37878,0.37878,0.37878,0
1677999600000,0.37878,0.37878,0.37878,0.37878,0
1677998700000,0.37878,0.37878,0.37878,0.37878,0
1677997800000,0.37878,0.37878,0.37878,0.37878,0
1677996900000,0.37941,0.37941,0.3785,0.37878,0.669211
1677996000000,0.37941,0.37941,0.37941,0.37941,0
1677995100000,0.37907,0.37941,0.37907,0.37941,0.208487
1677994200000,0.38002,0.38002,0.37907,0.37907,8.669824
1677993300000,0.38043,0.38043,0.38002,0.38002,3.023203
1677992400000,0.38534,0.38534,0.38042,0.38043,6369.20455
1677991500000,0.38396,0.38621,0.38396,0.38534,14169.964796
1677990600000,0.38396,0.38396,0.38396,0.38396,0
1677989700000,0.38396,0.38396,0.38396,0.38396,0
1677988800000,0.38352,0.38396,0.38352,0.38396,0.20402
1677987900000,0.38352,0.38352,0.38352,0.38352,0
1677987000000,0.38352,0.38352,0.38352,0.38352,0
1677986100000,0.38172,0.38362,0.38172,0.38352,9.159321
1677985200000,0.38172,0.38172,0.38172,0.38172,0
1677984300000,0.38172,0.38172,0.38172,0.38172,0
1677983400000,0.38511,0.38511,0.37907,0.38172,834.8164
1677982500000,0.38538,0.38538,0.38511,0.38511,0.295627
1677981600000,0.38554,0.38554,0.38538,0.38538,8.514973
1677980700000,0.38483,0.38554,0.38483,0.38554,0.262048
1677979800000,0.38532,0.38532,0.38481,0.38483,2.546945
1677978900000,0.37983,0.38532,0.37983,0.38532,689.457711
1677978000000,0.37532,0.37983,0.37532,0.37983,18.123126
1677977100000,0.37646,0.37646,0.37532,0.37532,8.998473
1677976200000,0.3783,0.3783,0.37646,0.37646,0.580404
1677975300000,0.37794,0.3783,0.37794,0.3783,0.18849
1677974400000,0.37685,0.37794,0.37685,0.37794,8.747693
1677973500000,0.37762,0.37762,0.37685,0.37685,0.677436
1677972600000,0.37601,0.37762,0.37601,0.37762,0.270322
1677971700000,0.37642,0.37642,0.37601,0.37601,1.956534
1677970800000,0.37385,0.37674,0.37385,0.37642,79.103063
1677969900000,0.37612,0.37612,0.37385,0.37385,515.662971
1677969000000,0.3744,0.37612,0.3744,0.37612,1338.154228
1677968100000,0.37145,0.3744,0.37145,0.3744,1353.184818
1677967200000,0.3687,0.37145,0.3687,0.37145,337.157494
1677966300000,0.36791,0.37048,0.36791,0.3687,1587.823877
1677965400000,0.37353,0.37353,0.36791,0.36791,129.331073
1677964500000,0.37017,0.37353,0.37017,0.37353,200.21902
1677963600000,0.37408,0.37408,0.37017,0.37017,200
1677962700000,0.37078,0.37408,0.36913,0.37408,225.108541
1677961800000,0.3766,0.3766,0.37078,0.37078,898.479253
1677960900000,0.37532,0.3771,0.37532,0.3766,1.744493
1677960000000,0.37751,0.37751,0.37532,0.37532,46.836326
1677959100000,0.37915,0.37994,0.37622,0.37751,224.36257
1677958200000,0.3816,0.3816,0.37915,0.37915,0.248361
1677957300000,0.38144,0.3816,0.38144,0.3816,0.401711
1677956400000,0.38327,0.38342,0.38144,0.38144,1.153533
1677955500000,0.38327,0.38327,0.38327,0.38327,0
1677954600000,0.38327,0.38327,0.38327,0.38327,0
1677953700000,0.38096,0.38343,0.38096,0.38327,1.815334
1677952800000,0.38525,0.38525,0.38096,0.38096,17.322327
1677951900000,0.38525,0.38525,0.38525,0.38525,0
1677951000000,0.38551,0.38551,0.38525,0.38525,0.115905
1677950100000,0.38569,0.38569,0.38551,0.38551,0.525633
1677949200000,0.38569,0.38569,0.38569,0.38569,0
1677948300000,0.38477,0.38569,0.38477,0.38569,1041
1677947400000,0.38477,0.38477,0.38477,0.38477,0
1677946500000,0.38477,0.38477,0.38477,0.38477,0
1677945600000,0.38706,0.38706,0.38477,0.38477,8.541389
1677944700000,0.38777,0.38777,0.38706,0.38706,0.240218
1677943800000,0.38777,0.38777,0.38777,0.38777,0
1677942900000,0.38767,0.38777,0.38767,0.38777,0.181715
1677942000000,0.38742,0.38767,0.38742,0.38767,0.903366
1677941100000,0.38742,0.38742,0.38742,0.38742,0
1677940200000,0.38669,0.38742,0.38669,0.38742,0.498834
1677939300000,0.38669,0.38669,0.38669,0.38669,0
1677938400000,0.38792,0.38792,0.38669,0.38669,8.498979
1677937500000,0.38792,0.38792,0.38792,0.38792,0
1677936600000,0.38792,0.38792,0.38792,0.38792,0
1677935700000,0.38938,0.38938,0.38792,0.38792,0.275465
1677934800000,0.38836,0.38998,0.38836,0.38938,0.605665
1677933900000,0.38836,0.38836,0.38836,0.38836,0
1677933000000,0.38836,0.38836,0.38836,0.38836,0
1677932100000,0.38852,0.38852,0.38836,0.38836,0.590917
1677931200000,0.38852,0.38852,0.38852,0.38852,0
1677930300000,0.38939,0.38939,0.38852,0.38852,0.56164
1677929400000,0.38939,0.38939,0.38939,0.38939,0
1677928500000,0.38704,0.38939,0.38704,0.38939,8.49048
1677927600000,0.38669,0.38704,0.38669,0.38704,0.522765
1677926700000,0.38669,0.38669,0.38669,0.38669,0
1677925800000,0.38801,0.38801,0.38669,0.38669,8.498979
1677924900000,0.38801,0.38801,0.38801,0.38801,0
1677924000000,0.38801,0.38801,0.38801,0.38801,0
1677923100000,0.38801,0.38801,0.38801,0.38801,0
1677922200000,0.38801,0.38801,0.38801,0.38801,0
1677921300000,0.38773,0.38801,0.38773,0.38801,0.11372
1677920400000,0.38773,0.38773,0.38773,0.38773,0
1677919500000,0.38815,0.38815,0.38773,0.38773,0.322854
1677918600000,0.3886,0.3886,0.38815,0.38815,1.134084
1677917700000,0.38858,0.3886,0.38858,0.3886,0.325884
1677916800000,0.38858,0.38858,0.38858,0.38858,0
1677915900000,0.39043,0.39043,0.38858,0.38858,0.265744
1677915000000,0.39043,0.39043,0.39043,0.39043,0
1677914100000,0.39092,0.39092,0.39043,0.39043,1.062047
1677913200000,0.38939,0.39092,0.38939,0.39092,0.342151
1677912300000,0.38939,0.38939,0.38939,0.38939,0
1677911400000,0.38939,0.38939,0.38939,0.38939,0
1677910500000,0.38713,0.38939,0.38713,0.38939,8.490481
1677909600000,0.38713,0.38713,0.38713,0.38713,0
1677908700000,0.38669,0.38772,0.38669,0.38713,384.1
1677907800000,0.38862,0.38886,0.38669,0.38669,6539.323536
1677906900000,0.38862,0.38862,0.38862,0.38862,0
1677906000000,0.38862,0.38862,0.38862,0.38862,0
1677905100000,0.39134,0.39134,0.38862,0.38862,8.806238
1677904200000,0.39134,0.39134,0.39134,0.39134,0
1677903300000,0.3911,0.39134,0.3911,0.39134,64.1
1677902400000,0.39099,0.3911,0.39099,0.3911,2.08432
1677901500000,0.39011,0.39099,0.39011,0.39099,0.334082
1677900600000,0.39011,0.39011,0.39011,0.39011,0
1677899700000,0.39018,0.39018,0.39011,0.39011,0.4092
1677898800000,0.39018,0.39018,0.39018,0.39018,0
1677897900000,0.39123,0.39123,0.39018,0.39018,0.621429
1677897000000,0.39072,0.39156,0.39072,0.39123,1.08232