1679112000000,2413.6,2415.37,2402.77,2410,2.757847
1679108400000,2400,2417.23,2391.9,2413.6,11.197728
1679104800000,2410,2414.25,2395,2400,21.988511
1679101200000,2404.26,2423.44,2400.63,2410,9.6635
1679097600000,2370,2404.26,2355,2404.26,58.591546
1679094000000,2350,2379.28,2350,2370,15.036274
1679090400000,2333.94,2364,2331.89,2350,38.049639
1679086800000,2320.65,2336.14,2320.65,2333.94,7.904032
1679083200000,2325.27,2341.72,2320.65,2320.65,1.455385
1679079600000,2314.45,2325.27,2314.45,2325.27,0.117413
1679076000000,2304.96,2314.45,2298,2314.45,0.679842
1679072400000,2300,2316.5,2300,2304.96,4.34479
1679068800000,2300.92,2304.84,2300,2300,2.204956
1679065200000,2297,2314.45,2295.29,2300.92,38.49324
1679061600000,2325.34,2335.48,2289.02,2297,6.809019
1679058000000,2331.24,2334.66,2321.3,2325.34,10.197595
1679054400000,2352,2352,2317.9,2331.24,28.33086
1679050800000,2333.75,2352.42,2323.01,2352,34.680192
1679047200000,2307.61,2335,2307.61,2333.75,23.010165
1679043600000,2303.3,2307.69,2296.4,2307.61,18.887845
1679040000000,2299.45,2305.19,2299.45,2303.3,28.674403
1679036400000,2310,2310,2297.7,2299.45,9.743787
1679032800000,2280.22,2315,2280.22,2310,13.034826
1679029200000,2287.7,2287.7,2280.22,2280.22,1.767552
1679025600000,2288.91,2288.91,2287.38,2287.7,0.94381
1679022000000,2287.71,2294.58,2282.82,2288.91,25.899748
1679018400000,2280,2314.45,2279.39,2287.71,21.36453
1679014800000,2246.5,2280,2246.5,2280,29.647617
1679011200000,2257.5,2257.5,2246.07,2246.5,4.003408
1679007600000,2253.08,2257.5,2253.08,2257.5,2.273913
1679004000000,2257.61,2257.61,2253.08,2253.08,0.044279
1679000400000,2231.4,2261.06,2231.4,2257.61,0.272059
1678996800000,2257.74,2261.97,2231.04,2231.4,2.367607
1678993200000,2235.19,2275,2235.19,2257.74,35.146051
1678989600000,2235.19,2235.19,2235.19,2235.19,0
1678986000000,2239.35,2239.35,2230,2235.19,5.254282
1678982400000,2244.99,2244.99,2233.86,2239.35,13.819752
1678978800000,2244.26,2244.99,2233.51,2244.99,38.047417
1678975200000,2240.05,2245,2229.56,2244.26,50.473891
1678971600000,2228.9,2240.05,2225.2,2240.05,36.087039
1678968000000,2244.45,2245.75,2226.48,2228.9,39.48851
1678964400000,2245,2246.77,2244,2244.45,8.69565
1678960800000,2228.84,2249.99,2221.24,2245,85.878107
1678957200000,2224.44,2230,2210.01,2228.84,26.441796
1678953600000,2225.62,2229.36,2223.08,2224.44,3.120389
1678950000000,2227.05,2235.77,2225.54,2225.62,18.110317
1678946400000,2217.78,2227.05,2217.78,2227.05,7.472332
1678942800000,2219.14,2226.01,2211.88,2217.78,54.281341
1678939200000,2220.59,2224.35,2219.14,2219.14,12.372693
1678935600000,2227.77,2228,2219.17,2220.59,28.137383
1678932000000,2216.85,2231,2216.85,2227.77,2.705978
1678928400000,2212.21,2216.85,2204.53,2216.85,0.706946
1678924800000,2224,2236.3,2212.21,2212.21,5.829031
1678921200000,2228.6,2228.6,2224,2224,0.210755
1678917600000,2232,2243,2225.2,2228.6,24.135967
1678914000000,2232,2232,2229.42,2232,17.066652
1678910400000,2214.84,2232,2214.63,2232,1.116805
1678906800000,2210.81,2232,2210.81,2214.84,30.325378
1678903200000,2204.18,2221.28,2194.44,2210.81,6.798404
1678899600000,2189.2,2204.18,2180,2204.18,1.268726
1678896000000,2202.2,2219.25,2184.05,2189.2,17.827619
1678892400000,2235,2235,2200.86,2202.2,75.126021
1678888800000,2232.23,2235,2208,2235,128.933938
1678885200000,2250.53,2261.06,2232.23,2232.23,48.038714
1678881600000,2250.53,2271.64,2230,2250.53,77.251243
1678878000000,2267.63,2267.63,2230,2250.53,41.883509
1678874400000,2272.04,2282.03,2256.58,2267.63,45.540589
1678870800000,2268.3,2274.19,2261.17,2272.04,20.800678
1678867200000,2271.16,2277.81,2268.08,2268.3,6.017114
1678863600000,2271.16,2271.76,2271.16,2271.16,0.68428
1678860000000,2270,2273,2257.2,2271.16,14.974675
1678856400000,2271.35,2280.98,2269.03,2270,2.879792
1678852800000,2270.87,2271.35,2270.87,2271.35,0.367126
1678849200000,2280.29,2281.23,2267.13,2270.87,10.620674
1678845600000,2289.46,2290,2276.64,2280.29,9.419813
1678842000000,2275.44,2296.56,2275.44,2289.46,20.707904
1678838400000,2269.94,2278.77,2255,2275.44,29.409257
1678834800000,2273.43,2275,2269.85,2269.94,11.840687
1678831200000,2250.03,2280.3,2250.03,2273.43,14.439504
1678827600000,2264.37,2264.37,2220,2250.03,11.907378
1678824000000,2292.49,2292.49,2256.58,2264.37,2.755137
1678820400000,2298,2298,2250.01,2292.49,14.59607
1678816800000,2333.81,2333.81,2298,2298,22.174842
1678813200000,2336.14,2341.59,2327.8,2333.81,13.943626
1678809600000,2345,2350,2315.29,2336.14,33.041968
1678806000000,2322,2350,2312.52,2345,65.736902
1678802400000,2293.67,2322,2288.93,2322,39.982937
1678798800000,2288.86,2299.98,2278,2293.67,47.820955
1678795200000,2247.47,2288.88,2243.62,2288.86,57.719971
1678791600000,2244.85,2248.16,2235.52,2247.47,5.88861
1678788000000,2233,2248,2233,2244.85,16.037022
1678784400000,2229.76,2233.34,2225,2233,23.340669
1678780800000,2220.01,2230.99,2220.01,2229.76,9.33396
1678777200000,2230.68,2231.58,2220.01,2220.01,9.925457
1678773600000,2229.21,2233.99,2215,2230.68,12.868174
1678770000000,2235.03,2236.53,2221.26,2229.21,11.507265
1678766400000,2225.21,2235.03,2225.21,2235.03,9.781614
1678762800000,2229.62,2237.76,2215.01,2225.21,29.973058
1678759200000,2230,2230,2174.49,2229.62,33.497173
1678755600000,2240,2240,2193.86,2230,4.573573
1678752000000,2229.87,2240,2229.87,2240,11.342562
1678748400000,2240,2243.3,2213.74,2229.87,4.126695
1678744800000,2226.8,2250,2225.2,2240,12.393408
1678741200000,2220.04,2228.61,2180.83,2226.8,5.22545
1678737600000,2232.74,2237.76,2188.99,2220.04,14.839916
1678734000000,2225,2248.51,2205.42,2232.74,30.527263
1678730400000,2224.99,2225,2221.25,2225,5.322434
1678726800000,2222.28,2224.99,2216.39,2224.99,5.400539
1678723200000,2184.47,2224.44,2184.47,2222.28,35.638894
1678719600000,2188.39,2207,2180.55,2184.47,40.918676
1678716000000,2137.91,2188.39,2137.91,2188.39,32.561266
1678712400000,2113.85,2148,2113.85,2137.91,17.65354
1678708800000,2120.19,2135.26,2113.85,2113.85,28.397898
1678705200000,2127,2132.22,2118,2120.19,6.309279
1678701600000,2107.89,2127,2107.89,2127,0.421886
1678698000000,2133.67,2133.67,2107.89,2107.89,13.646903
1678694400000,2148.6,2148.6,2133.67,2133.67,18.462003
1678690800000,2132.13,2149.89,2132.13,2148.6,33.440666
1678687200000,2129,2132.13,2118,2132.13,21.144799
1678683600000,2137.92,2143.52,2127.03,2129,0.81094
1678680000000,2104.88,2137.92,2104.88,2137.92,10.845378
1678676400000,2106.85,2114.25,2082.56,2104.88,56.389048
1678672800000,2133.24,2146.66,2075.45,2106.85,15.250513
1678669200000,2130,2148.81,2129.99,2133.24,10.857623
1678665600000,2115,2130,2110.67,2130,12.418219
1678662000000,2089.69,2115,2089.69,2115,11.678613
1678658400000,2090.31,2127.96,2070,2089.69,31.541866
1678654800000,2077.92,2096.07,2077.92,2090.31,7.502465
1678651200000,2051.7,2078.99,2051.7,2077.92,18.616992
1678647600000,2069.2,2078,2051.7,2051.7,14.16754
1678644000000,2040.44,2069.2,2040.44,2069.2,8.474094
1678640400000,1988.62,2050,1975,2040.44,44.404532
1678636800000,2002.85,2010.07,1981.01,1988.62,23.147864
1678633200000,1962.14,2002.85,1960.01,2002.85,18.820295
1678629600000,1978.28,1978.28,1961.18,1962.14,7.434553
1678626000000,1990.21,1990.21,1970,1978.28,17.350662
1678622400000,2018.52,2018.52,1979.99,1990.21,1.344742
1678618800000,2018.99,2018.99,2015.75,2018.52,12.961979
1678615200000,1972,2054.22,1922.29,2018.99,56.36664
1678611600000,1960,2053.18,1960,1972,47.28142
1678608000000,1960.31,1985,1955,1960,14.544423
1678604400000,1964.26,1985.99,1958,1960.31,3.27819
1678600800000,1971.82,1995,1964.26,1964.26,6.546937
1678597200000,1972.01,1985,1968.73,1971.82,34.093289
1678593600000,1972.01,1975,1972.01,1972.01,0.340377
1678590000000,1960.06,1975.55,1960.06,1972.01,4.04176
1678586400000,1962.71,1980,1960,1960.06,14.789744
1678582800000,1975.33,1982,1960,1962.71,35.62719
1678579200000,1972.5,1981.8,1972.5,1975.33,2.491943
1678575600000,1956.47,1980,1956.24,1972.5,8.952276
1678572000000,1970,1970,1951.86,1956.47,28.044584
1678568400000,1971.58,1971.58,1953.45,1970,15.543782
1678564800000,1945.51,1975.5,1945.51,1971.58,64.166038
1678561200000,1952.63,1952.63,1936.8,1945.51,3.361927
1678557600000,1946.55,1965,1943.32,1952.63,66.904585
1678554000000,1946.55,1977.6,1932,1946.55,35.495968
1678550400000,1950,1975,1928.4,1946.55,92.616643
1678546800000,1928.68,1966.31,1850,1950,90.525411
1678543200000,1929.81,1947.34,1923.37,1928.68,27.783362
1678539600000,1949,1949.99,1920,1929.81,53.329954
1678536000000,1911.82,1949.99,1911.82,1949,3.49022
1678532400000,1950,1950,1900.03,1911.82,13.688387
1678528800000,1928.13,1950,1928.13,1950,2.72858
1678525200000,1913.42,1947.99,1904.52,1928.13,38.45832
1678521600000,1964.39,1964.39,1890,1913.42,16.430059
1678518000000,1944.45,1990,1890.01,1964.39,97.627649
1678514400000,1956.59,1969,1929.81,1944.45,61.964584
1678510800000,1964.59,1970,1949.97,1956.59,64.597299
1678507200000,1969,1969,1952.62,1964.59,16.37663
1678503600000,1973.61,1981.08,1965.57,1969,41.652456
1678500000000,1989.98,1996,1973,1973.61,63.592415
1678496400000,1986.69,1989.98,1899.7,1989.98,70.9772
1678492800000,1907.36,1997.99,1900.16,1986.69,6.681368
1678489200000,1895.67,2000,1895.67,1907.36,21.925623
1678485600000,1895.67,1895.67,1895.67,1895.67,0
1678482000000,1899.33,1899.33,1887.22,1895.67,0.803837
1678478400000,1888.11,1905,1888.11,1899.33,1.872956
1678474800000,1869.39,1888.11,1869.39,1888.11,0.653402
1678471200000,1853.82,1908.9,1853.82,1869.39,24.205882
1678467600000,1878.73,1878.73,1853.82,1853.82,13.922931
1678464000000,1880,1888.11,1866.26,1878.73,18.482505
1678460400000,1843.42,1880,1843.42,1880,28.403551
1678456800000,1880,1880,1840,1843.42,15.283201
1678453200000,1865.58,1880,1836,1880,24.327989
1678449600000,1846,1880,1833.02,1865.58,9.477677
1678446000000,1840.8,1880,1822.51,1846,24.361428
1678442400000,1853.12,1880,1825,1840.8,18.250329
1678438800000,1880,1880,1850.01,1853.12,15.550648
1678435200000,1880,1880,1875,1880,11.457476
1678431600000,1886,1886.95,1870,1880,34.733646
1678428000000,1905.59,1906.18,1886,1886,20.664069
1678424400000,1902.11,1908.84,1900,1905.59,36.11777
1678420800000,1920.34,1923.09,1900.01,1902.11,23.632138
1678417200000,1927.54,1930,1918.42,1920.34,23.866679
1678413600000,1933.09,1938.43,1927.54,1927.54,14.369234
1678410000000,1924.21,1933.86,1910,1933.09,17.844232
1678406400000,1941.21,1942.35,1921,1924.21,20.643746
1678402800000,1938,1941.94,1933.85,1941.21,5.86838
1678399200000,1940,1953,1937.44,1938,2.656138
1678395600000,1906,1953,1906,1940,12.098344
1678392000000,2004,2004,1906,1906,42.599269
1678388400000,2029.28,2029.28,2000.5,2004,14.846031
1678384800000,2057,2057,2029.28,2029.28,27.18932
1678381200000,2055.48,2060.53,2053.83,2057,23.708867
1678377600000,2070,2070,2055.48,2055.48,5.446539
1678374000000,2077,2077,2070,2070,2.949947
1678370400000,2073.01,2083.64,2073.01,2077,11.810502
1678366800000,2066.18,2074.14,2065.3,2073.01,2.003196
1678363200000,2068.56,2068.56,2063.79,2066.18,9.403895
1678359600000,2069.83,2070.45,2067.96,2068.56,0.047017
1678356000000,2069.06,2071.6,2065.86,2069.83,7.264996
1678352400000,2072.07,2072.07,2066.48,2069.06,10.07514
1678348800000,2077.92,2079.14,2060,2072.07,7.120889
1678345200000,2082.08,2084.72,2077.92,2077.92,30.260458
1678341600000,2083.55,2083.55,2082.06,2082.08,1.665603
1678338000000,2083.33,2085.82,2083.33,2083.55,0.808178
1678334400000,2087.81,2088.6,2083.33,2083.33,2.035236
1678330800000,2090.6,2090.6,2087.81,2087.81,0.013344
1678327200000,2085.84,2090.6,2085.47,2090.6,0.529704
1678323600000,2065,2085.84,2065,2085.84,3.344856
1678320000000,2075.84,2119,2063.13,2065,2.467674
1678316400000,2090,2091.3,2065.1,2075.84,4.42292
1678312800000,2097.9,2102.1,2090,2090,0.273602
1678309200000,2110,2110.64,2097.9,2097.9,1.914751
1678305600000,2106.3,2110,2106.3,2110,0.128371
1678302000000,2097.9,2106.3,2097.9,2106.3,0.852309
1678298400000,2106.6,2106.6,2097.9,2097.9,5.537593
1678294800000,2108.8,2110.73,2106.6,2106.6,0.437767
1678291200000,2109.99,2118.44,2107.28,2108.8,3.16065
1678287600000,2097.75,2114,2097.34,2109.99,1.698182
1678284000000,2100.55,2100.86,2094.21,2097.75,3.114903
1678280400000,2103.65,2118.05,2100,2100.55,0.664315
1678276800000,2108.89,2112.81,2103.65,2103.65,0.399356
1678273200000,2114.22,2114.22,2108.89,2108.89,1.351426
1678269600000,2106.96,2114.22,2106.96,2114.22,6.270343
1678266000000,2107.41,2107.41,2101.56,2106.96,2.465448
1678262400000,2104.19,2107.41,2102.09,2107.41,1.337514
1678258800000,2107.89,2109.1,2101.56,2104.19,6.829464
1678255200000,2102.6,2107.89,2102,2107.89,0.73673
1678251600000,2116.47,2116.47,2102.6,2102.6,0.276498
1678248000000,2115.53,2121.58,2115.53,2116.47,0.823476
1678244400000,2119.99,2119.99,2115.53,2115.53,0.428852
1678240800000,2119.46,2119.99,2117.88,2119.99,0.388794
1678237200000,2124.24,2124.24,2119.46,2119.46,1.457868
1678233600000,2113,2124.24,2113,2124.24,2.570833
1678230000000,2103.77,2113,2103.77,2113,0.149504
1678226400000,2094.21,2103.77,2094.21,2103.77,2.252827
1678222800000,2094.21,2094.21,2094.21,2094.21,0
1678219200000,2107.99,2107.99,2094.21,2094.21,0.169633
1678215600000,2108.74,2108.74,2107.99,2107.99,0.031743
1678212000000,2110,2113.38,2106.82,2108.74,1.191956
1678208400000,2102.1,2110,2102.1,2110,0.030637
1678204800000,2113.73,2113.73,2099,2102.1,7.34399
1678201200000,2110.78,2124.77,2079,2113.73,89.616192
1678197600000,2113.11,2113.58,2098.85,2110.78,10.466815
1678194000000,2111.32,2114.22,2110,2113.11,2.381962
1678190400000,2112.11,2113.42,2111.32,2111.32,0.153459
1678186800000,2114.22,2114.22,2111.19,2112.11,2.536161
1678183200000,2110.63,2114.22,2110.63,2114.22,0.986109
1678179600000,2115.71,2117.88,2110.63,2110.63,8.185115
1678176000000,2117.88,2117.88,2115,2115.71,1.703207
1678172400000,2121.21,2121.21,2117.37,2117.88,3.029498
1678168800000,2122.1,2122.1,2118.25,2121.21,1.477217
1678165200000,2122.12,2122.12,2121.05,2122.1,0.124272
1678161600000,2125.02,2125.15,2122.12,2122.12,4.716565
1678158000000,2124.24,2132.7,2123.74,2125.02,8.361061
1678154400000,2123.27,2124.24,2120.54,2124.24,23.577925
1678150800000,2113.22,2123.27,2113.07,2123.27,0.510531
1678147200000,2109.56,2113.22,2108.71,2113.22,1.119333
1678143600000,2109.56,2109.56,2109.56,2109.56,0
1678140000000,2109.56,2109.56,2109.56,2109.56,0
1678136400000,2109.56,2109.56,2109.56,2109.56,0
1678132800000,2114.71,2115,2109.56,2109.56,0.125185
1678129200000,2125.28,2125.28,2113.1,2114.71,2.13716
1678125600000,2124.05,2125.28,2124.05,2125.28,0.046865
1678122000000,2122.12,2126.36,2122.12,2124.05,10.073763
1678118400000,2129.99,2129.99,2118.94,2122.12,1.207377
1678114800000,2120,2130,2117.88,2129.99,15.708956
1678111200000,2116,2120,2116,2120,1.551168
1678107600000,2111.12,2116,2111.12,2116,1.804743
1678104000000,2116.8,2116.8,2111.12,2111.12,0.060433
1678100400000,2110,2116.8,2110,2116.8,0.809909
1678096800000,2112.01,2112.01,2110,2110,1.458
1678093200000,2111.42,2112.11,2107.88,2112.01,0.709001
1678089600000,2106.06,2111.42,2102.82,2111.42,4.45415
1678086000000,2106.06,2106.06,2106.06,2106.06,0
1678082400000,2100,2107.64,2100,2106.06,0.717263
1678078800000,2102.1,2102.1,2100,2100,9.648779
1678075200000,2106,2106,2102.1,2102.1,1.564416
1678071600000,2107.89,2107.89,2106,2106,0.921123
1678068000000,2104.01,2111.21,2102.4,2107.89,7.305278
1678064400000,2116.28,2118.05,2104.01,2104.01,12.716217
1678060800000,2111.46,2116.28,2105.79,2116.28,6.993738
1678057200000,2109.28,2112.94,2102,2111.46,0.331227
1678053600000,2117.88,2117.88,2109.28,2109.28,0.282793
1678050000000,2112.11,2118.05,2102.48,2117.88,0.349961
1678046400000,2110,2112.11,2110,2112.11,0.116334
1678042800000,2114.22,2114.22,2110,2110,4.03332
1678039200000,2117.19,2117.19,2112.11,2114.22,2.425692
1678035600000,2115.76,2117.88,2115.76,2117.19,0.244417
1678032000000,2116.23,2116.87,2115.76,2115.76,2.621619
1678028400000,2118.01,2123.22,2116.1,2116.23,17.184045
1678024800000,2124.49,2127.96,2118.01,2118.01,11.605526
1678021200000,2119.5,2124.49,2115.37,2124.49,2.343464
1678017600000,2119.5,2121.05,2119.5,2119.5,2.184158
1678014000000,2103.94,2121.88,2103.94,2119.5,1.804722
1678010400000,2115.51,2116.33,2103.94,2103.94,6.079997
1678006800000,2107.89,2116.01,2107.89,2115.51,1.527506
1678003200000,2114.96,2116.11,2107.89,2107.89,3.572042
1677999600000,2118.67,2118.67,2114.18,2114.96,0.41884
1677996000000,2118.44,2118.67,2116.71,2118.67,0.146931
1677992400000,2118.05,2119,2116.82,2118.44,2.563976
1677988800000,2116.39,2118.05,2116.39,2118.05,0.138899
1677985200000,2099.27,2116.39,2099.27,2116.39,1.281419
1677981600000,2133.15,2133.15,2099.27,2099.27,2.73254
1677978000000,2115.14,2136.99,2112.12,2133.15,29.837025
1677974400000,2111.29,2115.14,2111.29,2115.14,0.598335
1677970800000,2108.5,2111.29,2105.78,2111.29,10.297163
1677967200000,2102.25,2110.84,2102.25,2108.5,0.200338
1677963600000,2092.09,2102.25,2092.09,2102.25,0.047378
1677960000000,2103.7,2103.7,2092.09,2092.09,3.571002
1677956400000,2104.01,2107.46,2103.67,2103.7,2.146383
1677952800000,2110.48,2110.48,2104.01,2104.01,1.606481
1677949200000,2109.59,2110.48,2106.91,2110.48,0.076193
1677945600000,2109,2109.67,2106,2109.59,1.205977
1677942000000,2114.22,2115.95,2109,2109,3.934805
1677938400000,2112.11,2116.03,2112.11,2114.22,2.922918
1677934800000,2116.64,2116.64,2112.11,2112.11,3.905038
1677931200000,2115.76,2117.88,2111.52,2116.64,20.833597
1677927600000,2115.13,2117.16,2114.5,2115.76,3.391306
1677924000000,2107.9,2117.35,2107.9,2115.13,0.799944
1677920400000,2116.33,2117.88,2107.9,2107.9,14.109581
1677916800000,2114.4,2118.06,2114.4,2116.33,1.917262
1677913200000,2119.07,2119.07,2114.4,2114.4,2.237072
1677909600000,2111.72,2119.07,2111.72,2119.07,0.196522
1677906000000,2116.69,2117.88,2108.57,2111.72,2.652289
1677902400000,2117.92,2120,2116.34,2116.69,2.308989
1677898800000,2120,2120,2117.92,2117.92,0.002356
1677895200000,2116.62,2122.93,2116.62,2120,2.973596
1677891600000,2116.33,2124.9,2116.33,2116.62,6.113006
1677888000000,2130,2130,2116.33,2116.33,0.025778
1677884400000,2109.54,2130,2109.54,2130,0.469599
1677880800000,2090,2112.1,2090,2109.54,2.074426
1677877200000,2102.1,2102.1,2090,2090,0.135752
1677873600000,2102.1,2102.1,2102.1,2102.1,0
1677870000000,2102.1,2102.1,2102.1,2102.1,0
1677866400000,2120.01,2120.01,2095.36,2102.1,24.451842
1677862800000,2119.15,2124.24,2119.15,2120.01,1.234505
1677859200000,2122.4,2122.4,2116,2119.15,3.267969
1677855600000,2121.49,2124.24,2121.49,2122.4,0.712672
1677852000000,2120,2127.96,2120,2121.49,2.044777
1677848400000,2111,2122.2,2107.89,2120,7.074473
1677844800000,2114.22,2116.46,2111,2111,2.28304
1677841200000,2116.33,2116.33,2112.81,2114.22,1.318649
1677837600000,2115.12,2122.05,2115.12,2116.33,32.634209
1677834000000,2120,2123.35,2115.12,2115.12,4.75101
1677830400000,2112.11,2129.02,2112.11,2120,7.900957
1677826800000,2115.55,2115.55,2111.47,2112.11,4.176748
1677823200000,2117.02,2119.38,2114.22,2115.55,5.757009
1677819600000,2123.57,2126.09,2117.02,2117.02,5.67008
1677816000000,2114.73,2123.57,2111,2123.57,24.003416
1677812400000,2111,2121.71,2107.89,2114.73,16.70961
1677808800000,2092,2120.79,2092,2111,46.668805
1677805200000,2215.54,2215.54,2077.88,2092,90.637387
1677801600000,2222.22,2223.02,2215.54,2215.54,1.947268
1677798000000,2222.62,2224,2222.22,2222.22,4.499026
1677794400000,2214.42,2225,2214.42,2222.62,0.382091
1677790800000,2224,2224,2214.42,2214.42,0.2024
1677787200000,2224,2224,2224,2224,0.02
1677783600000,2192.19,2224.1,2192.19,2224,0.888532
1677780000000,2192.19,2192.19,2192.19,2192.19,0
1677776400000,2190,2197.82,2190,2192.19,2.127267
1677772800000,2193.4,2202.2,2190,2190,13.603268
1677769200000,2194,2199.53,2190,2193.4,1.045594
1677765600000,2197.8,2199.86,2187.81,2194,8.171479
1677762000000,2201.95,2209.05,2197.8,2197.8,11.695873
1677758400000,2213.9,2215.37,2201.95,2201.95,0.606703
1677754800000,2212.21,2215.56,2212.21,2213.9,2.00271
1677751200000,2219.99,2219.99,2208.9,2212.21,5.44526
1677747600000,2210,2219.99,2210,2219.99,0.699552
1677744000000,2213.83,2219.96,2210,2210,5.829885
1677740400000,2220,2220,2213.83,2213.83,3.943874
1677736800000,2215,2220,2214.42,2220,17.388113
1677733200000,2220,2220,2215,2215,1.178913
1677729600000,2207.79,2220,2207.79,2220,9.57192
1677726000000,2217.78,2217.78,2207.79,2207.79,20.13
1677722400000,2213.34,2217.78,2213.34,2217.78,0.163573
1677718800000,2230.36,2230.36,2213.34,2213.34,2.755579
1677715200000,2232,2248,2230.36,2230.36,34.630866
1677711600000,2220.27,2232,2220.27,2232,0.712697
1677708000000,2222.97,2222.97,2211.52,2220.27,0.058972
1677704400000,2201.46,2222.97,2201.46,2222.97,0.705857
1677700800000,2194.26,2201.46,2194.26,2201.46,0.1285
1677697200000,2220,2222.72,2194.26,2194.26,20.384761
1677693600000,2225.54,2225.54,2220,2220,9.033195
1677690000000,2225.54,2225.54,2224.41,2225.54,0.093288
1677686400000,2228.37,2228.37,2210,2225.54,1.438406
1677682800000,2240,2240,2216.03,2228.37,12.380416
1677679200000,2217.63,2240,2215.87,2240,7.119685
1677675600000,2215.56,2218.87,2212.21,2217.63,0.546885
1677672000000,2220.45,2223,2215.56,2215.56,4.386258
1677668400000,2222.21,2222.21,2213.78,2220.45,5.309742
1677664800000,2220.66,2222.21,2218.57,2222.21,0.175667
1677661200000,2229.3,2229.3,2220.01,2220.66,3.078741
1677657600000,2224.29,2240,2220.01,2229.3,28.078973
1677654000000,2230.97,2230.97,2224.11,2224.29,0.967376
1677650400000,2222.42,2230.97,2222.42,2230.97,1.17619
1677646800000,2235,2235,2210.1,2222.42,23.515244
1677643200000,2208,2235,2206.86,2235,13.605293
1677639600000,2188.82,2210,2188.82,2208,5.86494
1677636000000,2183.36,2188.82,2182.17,2188.82,1.118319
1677632400000,2162.15,2183.36,2162.15,2183.36,2.861426
1677628800000,2172.17,2178.12,2161.56,2162.15,7.178818
1677625200000,2177.79,2177.79,2172.17,2172.17,12.032335
1677621600000,2166.29,2178.2,2161.8,2177.79,8.046895
1677618000000,2203.52,2203.52,2159.15,2166.29,9.225385
1677614400000,2192,2204.28,2192,2203.52,0.978741
1677610800000,2212.63,2214.42,2192,2192,1.417
1677607200000,2207.79,2220.83,2207.79,2212.63,1.066014
1677603600000,2207.79,2207.79,2207.79,2207.79,0
1677600000000,2213.74,2214.42,2206.31,2207.79,2.078305
1677596400000,2207.79,2214.42,2205.42,2213.74,1.676682
1677592800000,2204.4,2222.98,2203.04,2207.79,7.643139
1677589200000,2211.82,2217,2204.15,2204.4,1.91847
1677585600000,2203.04,2213.54,2203.04,2211.82,2.866482
1677582000000,2191.13,2203.04,2191.13,2203.04,7.220206
1677578400000,2192.19,2197.29,2191.13,2191.13,18.346441
1677574800000,2193,2193,2190,2192.19,9.169516
1677571200000,2202.2,2202.2,2189.98,2193,5.971221
1677567600000,2200,2202.2,2200,2202.2,25.456226
1677564000000,2204.4,2204.4,2198.4,2200,3.048674
1677560400000,2200,2204.4,2195.6,2204.4,12.121609
1677556800000,2205.88,2205.88,2195,2200,6.455283
1677553200000,2201.48,2206.15,2201.48,2205.88,0.955973
1677549600000,2201.58,2202.2,2200,2201.48,1.321641
1677546000000,2198.68,2204.26,2198.68,2201.58,1.494531
1677542400000,2204.05,2208.29,2198.68,2198.68,4.859966
1677538800000,2201.72,2205,2201.44,2204.05,2.465637
1677535200000,2191.87,2205,2181.42,2201.72,11.799039
1677531600000,2184.36,2196.56,2184.36,2191.87,0.490546
1677528000000,2190,2190,2175,2184.36,4.298347
1677524400000,2184.05,2192.11,2184.05,2190,0.692291
1677520800000,2208.8,2208.8,2184.05,2184.05,0.933559
1677517200000,2210,2210,2205.58,2208.8,1.121934
1677513600000,2213.01,2220.71,2196.66,2210,3.881781
1677510000000,2237.75,2243,2212.72,2213.01,15.070598
1677506400000,2243,2243,2236.65,2237.75,19.96261
1677502800000,2215.57,2245,2215.57,2243,32.640385
1677499200000,2217,2220,2215.57,2215.57,15.359202
1677495600000,2210.02,2217,2210.02,2217,12.422197
1677492000000,2215.41,2218.12,2208.93,2210.02,7.526532
1677488400000,2215.41,2215.41,2215.41,2215.41,0
1677484800000,2212.21,2215.46,2207.79,2215.41,9.319236
1677481200000,2214.2,2217.78,2212.21,2212.21,4.684599
1677477600000,2210,2214.2,2210,2214.2,1.923399
1677474000000,2213.9,2215.56,2210,2210,0.36963
1677470400000,2221.47,2221.47,2213.9,2213.9,10.016572
1677466800000,2214.99,2221.47,2214.99,2221.47,1
1677463200000,2213.53,2227.94,2213.53,2214.99,2.673954
1677459600000,2214.42,2214.42,2208.87,2213.53,0.087933
1677456000000,2220,2220,2212.74,2214.42,0.24125
1677452400000,2204.53,2222.22,2204.53,2220,0.583022
1677448800000,2220,2220,2204.53,2204.53,1.472121
1677445200000,2225.54,2228.84,2220,2220,2.706177
1677441600000,2210,2229.61,2210,2225.54,7.370564
1677438000000,2201.02,2210,2200,2210,7.496285
1677434400000,2165.66,2201.02,2165.66,2201.02,7.64855
1677430800000,2172.3,2172.3,2165.66,2165.66,0.584532
1677427200000,2170,2172.72,2170,2172.3,2.474328
1677423600000,2173.61,2173.61,2167.75,2170,3.169735
1677420000000,2175.67,2179,2168.41,2173.61,10.157925
1677416400000,2174.62,2176,2174.62,2175.67,0.314861
1677412800000,2175.99,2175.99,2174.59,2174.62,0.913585
1677409200000,2166.18,2175.99,2166.18,2175.99,0.278643
1677405600000,2170.37,2170.37,2166.18,2166.18,0.6607
1677402000000,2163.38,2174.34,2163.38,2170.37,0.587625
1677398400000,2163.02,2165.66,2163.02,2163.38,1.206525
1677394800000,2162.16,2163.02,2162.16,2163.02,0.080536
1677391200000,2166.64,2167.46,2160.99,2162.16,2.72673
1677387600000,2168.66,2168.66,2166.64,2166.64,0.610683
1677384000000,2170.67,2170.67,2167.13,2168.66,0.232218
1677380400000,2168.54,2176.48,2167.83,2170.67,4.466765
1677376800000,2151.67,2168.54,2150,2168.54,2.122958
1677373200000,2152.93,2156.45,2151.67,2151.67,1.147206
1677369600000,2160,2161.18,2152.93,2152.93,0.619764
1677366000000,2147.85,2160,2147.85,2160,0.368838
1677362400000,2115,2147.85,2115,2147.85,0.467725
1677358800000,2115,2115,2115,2115,0
1677355200000,2137.7,2142.96,2115,2115,18.518314
1677351600000,2147,2147,2135,2137.7,3.126134
1677348000000,2165.07,2165.07,2147,2147,2.080064
1677344400000,2161.94,2165.07,2160.67,2165.07,1.541667
1677340800000,2159.39,2162.16,2159.39,2161.94,0.026113
1677337200000,2163.4,2163.4,2159.39,2159.39,0.502137
1677333600000,2169.58,2169.58,2163.04,2163.4,3.356353
1677330000000,2169.58,2169.58,2169.58,2169.58,0
1677326400000,2166.48,2169.58,2161.19,2169.58,7.958628
1677322800000,2162.16,2167.83,2162.16,2166.48,4.888796
1677319200000,2168.21,2171.98,2162.16,2162.16,4.443352
1677315600000,2169.52,2170.49,2167.17,2168.21,2.030776
1677312000000,2167.83,2176.52,2167.83,2169.52,7.403433
1677308400000,2166.48,2169.39,2164.88,2167.83,0.798208
1677304800000,2159.4,2167.44,2159.4,2166.48,1.778003
1677301200000,2163.59,2164.4,2156.33,2159.4,11.405151
1677297600000,2161.05,2164.32,2160,2163.59,1.480725
1677294000000,2158.98,2166.48,2158.98,2161.05,9.45502
1677290400000,2171.35,2171.35,2158.98,2158.98,0.291295
1677286800000,2167.59,2172.17,2167.59,2171.35,8.813507
1677283200000,2174.34,2175.71,2167.59,2167.59,0.666267
1677279600000,2165.31,2174.34,2165.31,2174.34,1.150761
1677276000000,2170,2170,2164.89,2165.31,1.946538
1677272400000,2184.36,2184.36,2169.7,2170,0.609798
1677268800000,2169.18,2187,2169.18,2184.36,0.161185
1677265200000,2158.8,2169.18,2144.64,2169.18,15.71191
1677261600000,2151.59,2158.8,2151.59,2158.8,9.633747
1677258000000,2152,2152.15,2151.59,2151.59,1.832505
1677254400000,2165,2165,2131.33,2152,31.559519
1677250800000,2206.18,2206.18,2163.6,2165,19.973506
1677247200000,2204.56,2210.98,2195.7,2206.18,37.122578
1677243600000,2227.13,2227.13,2201,2204.56,19.508063
1677240000000,2214.16,2227.13,2214.16,2227.13,0.004485
1677236400000,2217.78,2218.31,2214.16,2214.16,0.592501
1677232800000,2217.09,2218.79,2206.54,2217.78,0.950843
1677229200000,2218.49,2224.44,2217.09,2217.09,2.907835
1677225600000,2223,2224.01,2216.52,2218.49,6.131334
1677222000000,2216.63,2223,2212.82,2223,2.522512
1677218400000,2210,2216.63,2210,2216.63,1.818403
1677214800000,2217.43,2217.43,2209.59,2210,1.270406
1677211200000,2213.24,2217.78,2213.24,2217.43,1.133515
1677207600000,2213.38,2217.78,2212.71,2213.24,2.601993
1677204000000,2224.74,2224.74,2213.38,2213.38,5.708926
1677200400000,2211.69,2227.01,2211.69,2224.74,38.980334
1677196800000,2208.59,2220,2208.59,2211.69,0.304207
1677193200000,2205.26,2211,2205.26,2208.59,0.065329
1677189600000,2223.2,2223.2,2201,2205.26,0.254884
1677186000000,2217.78,2223.2,2217.78,2223.2,1.416579
1677182400000,2218.97,2222.22,2217.78,2217.78,0.530858
1677178800000,2207.26,2218.97,2207.26,2218.97,0.022443
1677175200000,2207.79,2207.79,2207.26,2207.26,0.018501
1677171600000,2214.32,2226.99,2200,2207.79,29.980553
1677168000000,2219.1,2229.43,2214.32,2214.32,0.892529
1677164400000,2231.54,2231.54,2212.72,2219.1,4.855486
1677160800000,2210,2240,2210,2231.54,22.994056
1677157200000,2210,2238.92,2210,2210,15.218572
1677153600000,2192.62,2210,2185.62,2210,23.726029
1677150000000,2227,2227,2192.19,2192.62,6.938716
1677146400000,2225.54,2227,2225.54,2227,0.948
1677142800000,2229.67,2231.75,2225.54,2225.54,7.596574
1677139200000,2224.43,2229.67,2224.43,2229.67,6.74934
1677135600000,2224.44,2224.44,2220.37,2224.43,4.926227
1677132000000,2220.47,2224.44,2217.78,2224.44,2.18844
1677128400000,2222.74,2227.77,2220.47,2220.47,1.247069
1677124800000,2226.47,2227.06,2220.01,2222.74,15.435215
1677121200000,2232.23,2235,2224.44,2226.47,5.143941
1677117600000,2193.61,2233,2193.61,2232.23,28.507025
1677114000000,2190,2193.61,2186.89,2193.61,7.937054
1677110400000,2193,2197.8,2190,2190,0.135595
1677106800000,2184,2198.76,2184,2193,15.544494
1677103200000,2162.74,2184,2162.74,2184,0.069128
1677099600000,2157.84,2162.74,2157.84,2162.74,0.052673
1677096000000,2160.38,2160.38,2157.84,2157.84,0.23144
1677092400000,2156.35,2178.69,2153.52,2160.38,14.724187
1677088800000,2151.36,2159.5,2151.36,2156.35,11.932448
1677085200000,2145,2154,2145,2151.36,12.624104
1677081600000,2157.84,2157.84,2137.27,2145,11.59316
1677078000000,2172.58,2174.34,2150,2157.84,17.537008
1677074400000,2197.8,2197.8,2172.33,2172.58,5.33716
1677070800000,2195.6,2197.8,2193,2197.8,5.461848
1677067200000,2195,2200,2195,2195.6,7.081316
1677063600000,2196.24,2196.24,2190,2195,2.820707
1677060000000,2190,2196.24,2190,2196.24,6.745346
1677056400000,2172.17,2190,2172.17,2190,1.217394
1677052800000,2193.13,2194.38,2172.17,2172.17,2.843077
1677049200000,2180.68,2193.13,2176.95,2193.13,0.621518
1677045600000,2193.26,2193.26,2180.68,2180.68,3.643604
1677042000000,2195,2196.24,2183.43,2193.26,20.034309
1677038400000,2201.02,2201.04,2195,2195,1.254781
1677034800000,2195.6,2201.02,2193.4,2201.02,21.182702
1677031200000,2186.34,2200,2170,2195.6,4.958134
1677027600000,2211.4,2213.34,2186.34,2186.34,24.071401
1677024000000,2216.63,2222,2211.4,2211.4,0.981445
1677020400000,2208.96,2216.63,2203.37,2216.63,5.805395
1677016800000,2195.69,2209.94,2190.35,2208.96,8.739689
1677013200000,2225.54,2230,2189.12,2195.69,14.158898
1677009600000,2230,2232.99,2225.54,2225.54,4.924659
1677006000000,2239.34,2239.34,2222.19,2230,7.678661
1677002400000,2233.32,2245,2224.26,2239.34,16.439436
1676998800000,2218.12,2233.32,2217.17,2233.32,2.367667
1676995200000,2223.31,2225.86,2211.8,2218.12,1.246892
1676991600000,2232.72,2233,2208.51,2223.31,25.896577
1676988000000,2223.12,2237.05,2223.12,2232.72,8.041496
1676984400000,2238.55,2239.3,2223.12,2223.12,5.726505
1676980800000,2226.67,2240.61,2224.87,2238.55,12.453009
1676977200000,2228.82,2234.96,2226.67,2226.67,4.70304
1676973600000,2224,2230.29,2222.86,2228.82,8.764161
1676970000000,2230,2247.27,2224,2224,19.136263
1676966400000,2271.67,2281.42,2229.05,2230,8.530638
1676962800000,2271.67,2271.67,2271.67,2271.67,0.5
1676959200000,2260.43,2271.67,2259.59,2271.67,6.853869
1676955600000,2261.84,2262.25,2254.54,2260.43,8.415619
1676952000000,2271.38,2271.38,2261.84,2261.84,0.216681
1676948400000,2283.91,2283.91,2266.08,2271.38,10.372287
1676944800000,2272.27,2284.14,2272.27,2283.91,4.50261
1676941200000,2275.45,2275.45,2266.82,2272.27,7.785393
1676937600000,2270,2275.45,2266.02,2275.45,6.230895
1676934000000,2262.25,2270,2262.25,2270,0.253555
1676930400000,2270.86,2270.86,2258.69,2262.25,0.02644
1676926800000,2271.6,2271.6,2270.86,2270.86,0.174741
1676923200000,2273,2275,2270,2271.6,2.323942
1676919600000,2255,2273,2255,2273,0.03
1676916000000,2266.78,2266.78,2255,2255,2
1676912400000,2263.56,2266.78,2263.56,2266.78,4.394491
1676908800000,2270,2270,2244.51,2263.56,21.377292
1676905200000,2282.28,2282.28,2266.7,2270,5.603872
1676901600000,2270,2282.28,2260,2282.28,13.294568
1676898000000,2270,2276.2,2270,2270,3.175772
1676894400000,2281.66,2282.28,2270,2270,2.54764
1676890800000,2275.95,2285,2275.95,2281.66,7.617931
1676887200000,2280.01,2285,2275.95,2275.95,8.939008
1676883600000,2256.03,2285,2253.83,2280.01,7.964958
1676880000000,2259.47,2260,2256.03,2256.03,2.574015
1676876400000,2252.89,2260,2252.89,2259.47,0.369314
1676872800000,2247.75,2258,2247.75,2252.89,22.491574
1676869200000,2254.05,2255.31,2247.75,2247.75,15.786631
1676865600000,2248,2254.05,2248,2254.05,1.621912
1676862000000,2240.53,2248.93,2240,2248,1.406791
1676858400000,2226.35,2244.48,2223.31,2240.53,14.204572
1676854800000,2240,2240,2206.05,2226.35,14.157132
1676851200000,2249.21,2249.36,2240,2240,2.07773
1676847600000,2245.5,2250,2245.5,2249.21,2.720124
1676844000000,2248.49,2252.25,2245.5,2245.5,0.213284
1676840400000,2230,2248.49,2230,2248.49,5.064429
1676836800000,2250,2250,2230,2230,1.67164
1676833200000,2249.55,2250,2249.55,2250,1.130016
1676829600000,2238,2249.55,2238,2249.55,0.006632
1676826000000,2262.04,2266.63,2238,2238,12.473405
1676822400000,2280.15,2291.05,2257.25,2262.04,5.786701
1676818800000,2263.85,2290,2263.85,2280.15,34.933415
1676815200000,2261.55,2275.26,2261.55,2263.85,5.23888
1676811600000,2263.6,2263.6,2251.99,2261.55,5.058465
1676808000000,2255.46,2263.6,2255.46,2263.6,4.46158
1676804400000,2264.67,2264.67,2255.46,2255.46,7.584577
1676800800000,2259.38,2264.67,2258.35,2264.67,1.092184
1676797200000,2261,2262.09,2250,2259.38,5.259799
1676793600000,2256.67,2262.25,2255.48,2261,2.220141
1676790000000,2262.25,2262.25,2256.67,2256.67,2.504997
1676786400000,2263.98,2270.09,2262.25,2262.25,4.415871
1676782800000,2265.61,2275,2263.98,2263.98,3.037283
1676779200000,2262.25,2268.89,2262.25,2265.61,14.648494
1676775600000,2262.25,2262.88,2262.25,2262.25,0.557679
1676772000000,2261.08,2264.08,2260,2262.25,7.294211
1676768400000,2258.08,2263.56,2257.26,2261.08,1.815679
1676764800000,2252.77,2259.9,2252.77,2258.08,0.281014
1676761200000,2252.77,2252.77,2252.77,2252.77,0
1676757600000,2252.77,2252.77,2252.77,2252.77,0
1676754000000,2242.24,2252.77,2242.24,2252.77,0.039555
1676750400000,2247.96,2250,2242.24,2242.24,0.086184
1676746800000,2251.48,2256.57,2247.96,2247.96,2.311547
1676743200000,2258.41,2279.99,2251.48,2251.48,8.848896
1676739600000,2264.99,2264.99,2258.41,2258.41,3.349973
1676736000000,2266.54,2266.77,2264.06,2264.99,1.24045
1676732400000,2262.15,2267.25,2262.15,2266.54,0.511468
1676728800000,2265,2267.05,2260,2262.15,3.234448
1676725200000,2279.08,2279.08,2265,2265,2.078799
1676721600000,2263.81,2279.08,2260.54,2279.08,19.296244
1676718000000,2259.45,2263.81,2259.45,2263.81,1.02232
1676714400000,2269.64,2269.64,2257.94,2259.45,5.092884
1676710800000,2260,2270,2260,2269.64,3.765161
1676707200000,2246.72,2260,2241.45,2260,58.398633
1676703600000,2247.9,2247.9,2237.76,2246.72,14.259657
1676700000000,2246.3,2249,2243.25,2247.9,11.174453
1676696400000,2248.63,2248.63,2246.07,2246.3,1.885998
1676692800000,2243.45,2253.4,2243.45,2248.63,6.398173
1676689200000,2233.45,2243.45,2233.45,2243.45,17.515443
1676685600000,2250,2252.25,2224.99,2233.45,29.995645
1676682000000,2244.91,2250.65,2240.28,2250,10.380391
1676678400000,2239.86,2244.91,2233.28,2244.91,0.608946
1676674800000,2234.46,2246.35,2234.46,2239.86,0.565947
1676671200000,2240.9,2240.9,2211.13,2234.46,0.18971
1676667600000,2260.2,2260.2,2240.9,2240.9,4.804729
1676664000000,2253.98,2265,2253.98,2260.2,13.681293
1676660400000,2230,2253.98,2230,2253.98,14.596591
1676656800000,2237.76,2237.76,2230,2230,2
1676653200000,2211.24,2252.13,2211.24,2237.76,17.062679
1676649600000,2213.81,2226.66,2202.88,2211.24,8.113465
1676646000000,2190.04,2213.81,2190.04,2213.81,12.732048
1676642400000,2201.28,2225.93,2190.04,2190.04,22.156988
1676638800000,2204.4,2204.4,2193.4,2201.28,8.548869
1676635200000,2203.57,2209.42,2203.57,2204.4,1.974341
1676631600000,2213,2213,2200.03,2203.57,5.985634
1676628000000,2191.6,2213,2189.83,2213,22.65265
1676624400000,2190,2200,2190,2191.6,9.590397
1676620800000,2177.34,2190,2177.34,2190,0.248717
1676617200000,2187.85,2199,2177.34,2177.34,13.065425
1676613600000,2187.08,2187.85,2180,2187.85,7.595948
1676610000000,2183.43,2187.08,2182.18,2187.08,2.038612
1676606400000,2191.1,2192.19,2180.02,2183.43,5.800848
1676602800000,2185.43,2191.1,2183.33,2191.1,1.875391
1676599200000,2180.05,2188.81,2180,2185.43,4.989658
1676595600000,2169.19,2183,2169.19,2180.05,12.278939
1676592000000,2150,2219.11,2145,2169.19,9.97799
1676588400000,2164,2164,2150,2150,5.586282
1676584800000,2192.93,2196.45,2155.25,2164,3.608599
1676581200000,2213.81,2213.81,2189.86,2192.93,4.446547
1676577600000,2243.25,2245.32,2205.01,2213.81,6.879811
1676574000000,2247,2248.74,2240.32,2243.25,21.597699
1676570400000,2247.75,2256.57,2245.02,2247,25.351334
1676566800000,2257.74,2257.74,2237.87,2247.75,5.798587
1676563200000,2267,2275.88,2220.88,2257.74,63.465485
1676559600000,2206.32,2267,2205.04,2267,48.156875
1676556000000,2198.76,2206.32,2195,2206.32,20.414579
1676552400000,2214.67,2220,2198.76,2198.76,37.05535
1676548800000,2201.44,2216.63,2201.44,2214.67,25.396504
1676545200000,2210,2210,2179.68,2201.44,18.717602
1676541600000,2189,2213.12,2188.97,2210,40.479025
1676538000000,2188.88,2189,2185.51,2189,6.683509
1676534400000,2185.83,2188.99,2140,2188.88,10.12926
1676530800000,2180.04,2189,2142,2185.83,27.075793
1676527200000,2180.01,2196.78,2180,2180.04,3.318291
1676523600000,2216.05,2219.88,2180,2180.01,4.509235
1676520000000,2210.58,2217.44,2204.62,2216.05,2.85607
1676516400000,2190.94,2220,2188.72,2210.58,31.891114
1676512800000,2216.74,2220,2186,2190.94,27.2071
1676509200000,2224,2224,2216.74,2216.74,11.924882
1676505600000,2192,2224.69,2185.39,2224,16.553458
1676502000000,2192,2192,2185.4,2192,6.676098
1676498400000,2199.91,2203.07,2182.99,2192,6.380558
1676494800000,2209.34,2210.22,2199.91,2199.91,4.265853
1676491200000,2170.14,2227.75,2170.14,2209.34,29.078915
1676487600000,2126,2170.14,2126,2170.14,16.148735
1676484000000,2113.88,2126,2112.1,2126,4.022217
1676480400000,2107.88,2113.88,2104.29,2113.88,2.235589
1676476800000,2113.64,2115,2105.78,2107.88,6.533955
1676473200000,2098.49,2114.16,2098.49,2113.64,67.529648
1676469600000,2110.99,2113.51,2098.49,2098.49,25.025163
1676466000000,2115,2149.5,2105.67,2110.99,124.805
1676462400000,2101,2120,2099,2115,21.346363
1676458800000,2080,2101.01,2080,2101,22.559792
1676455200000,2068.46,2080,2068.46,2080,20.382199
1676451600000,2068.78,2068.78,2067.02,2068.46,0.122028
1676448000000,2067,2069.62,2067,2068.78,0.316573
1676444400000,2070,2070,2067,2067,4.835018
1676440800000,2066.46,2070,2066.46,2070,7.556393
1676437200000,2067.5,2068.68,2065.88,2066.46,8.131479
1676433600000,2063.13,2067.5,2063.13,2067.5,1.524
1676430000000,2060.18,2065,2059,2063.13,1.977735
1676426400000,2065,2065,2058.75,2060.18,20.135246
1676422800000,2066.17,2068.41,2062.06,2065,9.115375
1676419200000,2075.38,2075.63,2065.86,2066.17,2.240139
1676415600000,2073,2082.08,2071.49,2075.38,17.776377
1676412000000,2070.05,2073,2070.05,2073,0.01
1676408400000,2071.68,2071.68,2070.04,2070.05,1.203366
1676404800000,2080.5,2081,2071.68,2071.68,8.858752
1676401200000,2064.36,2080.5,2064.36,2080.5,2.870234
1676397600000,2064.79,2067.59,2064.36,2064.36,0.251451
1676394000000,2050.01,2064.79,2050.01,2064.79,0.474719
1676390400000,2059.1,2067,2050,2050.01,14.539677
1676386800000,2066.18,2080,2048.88,2059.1,26.554598
1676383200000,2007,2100,1985,2066.18,53.814339
1676379600000,2007.99,2009.99,1992.99,2007,1.885915
1676376000000,2001,2010,2001,2007.99,4.807234
1676372400000,2000.99,2001,2000,2001,9.398453
1676368800000,1993,2001,1993,2000.99,3.787724
1676365200000,1985.01,1993,1985.01,1993,1.973984
1676361600000,1989,1992.99,1985.01,1985.01,0.127754
1676358000000,1988.99,1989,1982.05,1989,6.10578
1676354400000,1988.99,1988.99,1988.99,1988.99,0.170102
1676350800000,1982.04,1989,1982.04,1988.99,7.414082
1676347200000,1986.98,1986.98,1982.04,1982.04,20.056246
1676343600000,1986.99,1986.99,1986.98,1986.98,0.115962
1676340000000,1981.96,1986.99,1981.96,1986.99,1.37281
1676336400000,1982.04,1982.04,1981.96,1981.96,8.924097
1676332800000,1986.99,1986.99,1981.96,1982.04,4.28722
1676329200000,1983.03,1987,1983.03,1986.99,5.149096
1676325600000,1974.87,1983.03,1974.87,1983.03,4.093457
1676322000000,1981.97,1981.97,1974.87,1974.87,0.44458
1676318400000,1987.92,1987.92,1978.6,1981.97,0.739959
1676314800000,1983,1987.92,1982,1987.92,13.701374
1676311200000,1950,1983,1950,1983,3.514483
1676307600000,1958.68,1965.65,1950,1950,1.62404
1676304000000,1969,1980,1950,1958.68,11.061005
1676300400000,1983.85,1983.85,1969,1969,24.971062
1676296800000,1975.91,1983.85,1970,1983.85,20.134225
1676293200000,1987,1987,1974.5,1975.91,29.304234
1676289600000,1983,1989.77,1978.02,1987,5.737603
1676286000000,1977.86,1984.85,1976.04,1983,22.469988
1676282400000,1985.08,1986.3,1962,1977.86,34.827127
1676278800000,2010.12,2010.12,1970,1985.08,44.752383
1676275200000,2029.07,2029.78,2010.12,2010.12,4.825426
1676271600000,2026.06,2030,2026.06,2029.07,0.27479
1676268000000,2028.22,2028.22,2025.94,2026.06,1.829336
1676264400000,2029,2029,2023.91,2028.22,6.031115
1676260800000,2022.33,2029,2022.33,2029,1.217665
1676257200000,2016.03,2024.7,2016.03,2022.33,2.156097
1676253600000,2012.01,2016.03,2005,2016.03,10.214159
1676250000000,2028,2028,2012.01,2012.01,4.278051
1676246400000,2016.21,2028,2011.88,2028,4.38823
1676242800000,2002,2019.99,2002,2016.21,5.465012
1676239200000,2016.5,2016.5,2000,2002,10.760681
1676235600000,2050.3,2050.3,2013.24,2016.5,5.504107
1676232000000,2054.09,2054.09,2050.3,2050.3,0.202515
1676228400000,2054.09,2054.09,2054.09,2054.09,0
1676224800000,2060,2060,2052.09,2054.09,0.113696
1676221200000,2060,2060,2054.45,2060,0.735946
1676217600000,2046.12,2060,2046.12,2060,4.566896
1676214000000,2041.01,2052,2041.01,2046.12,7.00119
1676210400000,2041.06,2051.99,2041.01,2041.01,2.945961
1676206800000,2041,2041.06,2041,2041.06,0.848374
1676203200000,2048.66,2048.66,2041,2041,3.485178
1676199600000,2050.51,2050.51,2048.66,2048.66,0.011279
1676196000000,2047.5,2050.51,2043.08,2050.51,4.154672
1676192400000,2047.5,2047.5,2047.5,2047.5,0.008706
1676188800000,2045.2,2047.5,2042.04,2047.5,0.144617
1676185200000,2045.23,2045.23,2041,2045.2,16.468672
1676181600000,2045.23,2047.08,2044.92,2045.23,4.115293
1676178000000,2043.61,2045.23,2041.78,2045.23,1.253713
1676174400000,2048.16,2048.16,2041,2043.61,1.303174
1676170800000,2046.11,2048.16,2042.64,2048.16,6.279205
1676167200000,2041.5,2046.11,2041,2046.11,5.208305
1676163600000,2045.69,2045.69,2041.5,2041.5,0.136443
1676160000000,2056.15,2056.15,2045.69,2045.69,0.039725
1676156400000,2037.67,2056.15,2037.67,2056.15,3.119848
1676152800000,2044.48,2044.48,2037.67,2037.67,0.05
1676149200000,2033.15,2044.48,2033.15,2044.48,0.496834
1676145600000,2023.87,2033.15,2023.87,2033.15,0.046982
1676142000000,2025.59,2029.36,2023.76,2023.87,2.262327
1676138400000,2024.04,2028.62,2020.08,2025.59,2.55246
1676134800000,2024.79,2024.79,2024,2024.04,0.369486
1676131200000,2034.06,2034.06,2024.79,2024.79,0.842392
1676127600000,2032.03,2035,2032.03,2034.06,8.846464
1676124000000,2032.03,2035.11,2028.52,2032.03,5.024567
1676120400000,2023.64,2032.03,2023.64,2032.03,3.653537
1676116800000,2025.63,2026.06,2022,2023.64,1.437276
1676113200000,2024.63,2025.63,2024.04,2025.63,9.436009
1676109600000,2028.65,2028.85,2024.63,2024.63,0.262838
1676106000000,2029.55,2030.92,2025.94,2028.65,7.679101
1676102400000,2023.91,2029.55,2023.91,2029.55,0.71451
1676098800000,2020.49,2027.28,2020.49,2023.91,2.804099
1676095200000,2020.7,2023.45,2020.01,2020.49,2.399498
1676091600000,2023.96,2026.79,2020.7,2020.7,4.694865
1676088000000,2023.96,2023.96,2023.91,2023.96,1.991217
1676084400000,2020,2027,2020,2023.96,0.624137
1676080800000,2015.98,2020,2015.98,2020,0.499538
1676077200000,2022,2022,2015.98,2015.98,8.058399
1676073600000,2020.38,2022,2014.53,2022,0.767707
1676070000000,1990,2020.38,1990,2020.38,0.792731
1676066400000,1990,1990,1990,1990,0
1676062800000,2044.62,2044.62,1990,1990,17.320301
1676059200000,2044.62,2044.62,2044.62,2044.62,0
1676055600000,2035.31,2049,2035.31,2044.62,0.476019
1676052000000,2029.01,2035.31,2029.01,2035.31,0.046932
1676048400000,2023.21,2032.03,2023.21,2029.01,3.558937
1676044800000,2024,2040,2023.21,2023.21,7.667289
1676041200000,2055.88,2056.25,2008.01,2024,10.51431
1676037600000,2044.96,2057.25,2035.35,2055.88,5.688266
1676034000000,2035.92,2046.12,2035.92,2044.96,3.652646
1676030400000,2041.08,2047.85,2035.92,2035.92,8.013853
1676026800000,2051.79,2054.62,2041.08,2041.08,16.93081
1676023200000,2055.06,2056.15,2050.01,2051.79,1.088214
1676019600000,2056.14,2058.14,2055,2055.06,0.375629
1676016000000,2059.6,2062.7,2056.14,2056.14,1.987429
1676012400000,2054.1,2059.6,2044.32,2059.6,21.007164
1676008800000,2035.3,2058.2,2035.3,2054.1,11.290973
1676005200000,2044.27,2046.26,2035.3,2035.3,4.810276
1676001600000,2050.5,2053.05,2040,2044.27,5.451215
1675998000000,2056,2056,2050.5,2050.5,8.538503
1675994400000,2055.49,2056.15,2050,2056,6.809437
1675990800000,2050.4,2056.15,2048.51,2055.49,19.284958
1675987200000,2048.94,2058.45,2048.94,2050.4,99.431947
1675983600000,2030.95,2051.61,2030.95,2048.94,16.092859
1675980000000,2030,2054.16,2030,2030.95,8.726009
1675976400000,2085,2090,2030,2030,14.473017
1675972800000,2082.86,2090.4,2082,2085,43.879915
1675969200000,2157.94,2157.94,2068.62,2082.86,60.733507
1675965600000,2143.54,2157.94,2143.54,2157.94,0.653389
1675962000000,2141,2151.55,2141,2143.54,1.584982
1675958400000,2160,2160,2141,2141,1.862541
1675954800000,2160.54,2161.29,2160,2160,4.6582
1675951200000,2160,2170,2160,2160.54,22.008056
1675947600000,2164.32,2167,2160,2160,4.58174
1675944000000,2158.17,2164.32,2150,2164.32,9.12446
1675940400000,2157.6,2160,2156,2158.17,5.544328
1675936800000,2155.7,2159.18,2155.7,2157.6,1.538516
1675933200000,2157.84,2158.01,2155.7,2155.7,4.572515
1675929600000,2155.17,2159.99,2155.17,2157.84,1.764095
1675926000000,2162.16,2162.16,2155.17,2155.17,0.957291
1675922400000,2154,2162.16,2149.46,2162.16,12.055701
1675918800000,2152.15,2154,2150,2154,4.756516
1675915200000,2140.15,2152.15,2135.1,2152.15,11.780525
1675911600000,2160.08,2160.08,2135,2140.15,20.100895
1675908000000,2187.59,2187.59,2160.08,2160.08,9.159096
1675904400000,2189.46,2193.71,2176.83,2187.59,8.345779
1675900800000,2186.54,2189.46,2181,2189.46,0.188968
1675897200000,2187,2187.34,2180.45,2186.54,0.449868
1675893600000,2180,2189.34,2180,2187,0.139378
1675890000000,2180,2180,2180,2180,0
1675886400000,2182.17,2182.17,2179.28,2180,5.501636
1675882800000,2182.17,2182.17,2177.82,2182.17,0.141523
1675879200000,2185.62,2185.62,2180.1,2182.17,0.165506
1675875600000,2190,2190.71,2181.99,2185.62,18.473276
1675872000000,2189,2190,2160.08,2190,20.729945
1675868400000,2201.81,2203.22,2189,2189,8.831097
1675864800000,2213.83,2220.36,2201.81,2201.81,10.042125
1675861200000,2210,2213.83,2209,2213.83,2.806222
1675857600000,2205.58,2210.4,2203.37,2210,2.673519
1675854000000,2205.98,2211.27,2205.58,2205.58,1.231158
1675850400000,2205.98,2205.98,2205.98,2205.98,0
1675846800000,2207.16,2209.49,2205.59,2205.98,4.032986
1675843200000,2214.43,2214.43,2207.16,2207.16,1.569991
1675839600000,2202.95,2214.43,2202.95,2214.43,1.546734
1675836000000,2212.2,2216.48,2199.86,2202.95,19.289833
1675832400000,2218.93,2219.1,2212.2,2212.2,1.299854
1675828800000,2218.56,2218.93,2216.67,2218.93,2.36441
1675825200000,2209.74,2220,2208,2218.56,45.246117
1675821600000,2218.66,2222.64,2209.74,2209.74,5.981873
1675818000000,2226.66,2236,2218.66,2218.66,21.878502
1675814400000,2208.09,2229.12,2203.2,2226.66,28.774806
1675810800000,2202.25,2210,2202.25,2208.09,4.740838
1675807200000,2200.01,2206.19,2193.97,2202.25,1.642411
1675803600000,2200,2207.57,2200,2200.01,12.529667
1675800000000,2186,2200,2186,2200,6.625103
1675796400000,2163.48,2186,2163.48,2186,13.865585
1675792800000,2207.57,2207.57,2159.88,2163.48,6.490767
1675789200000,2171.14,2207.57,2164.31,2207.57,17.94458
1675785600000,2162.68,2171.14,2150,2171.14,13.964408
1675782000000,2169.24,2169.24,2162.68,2162.68,2.800094
1675778400000,2165.66,2170.39,2165.66,2169.24,0.473788
1675774800000,2171.04,2172.18,2165.66,2165.66,15.136629
1675771200000,2174.55,2176.51,2171.04,2171.04,5.280299
1675767600000,2174.34,2175.94,2170.78,2174.55,0.113931
1675764000000,2170.02,2178.44,2169.86,2174.34,4.526056
1675760400000,2162.15,2171.34,2162.15,2170.02,1.821629
1675756800000,2158.51,2162.16,2158.51,2162.15,1.028239
1675753200000,2157.84,2159.31,2157.84,2158.51,1.133827
1675749600000,2160,2167.42,2157.84,2157.84,3.217613
1675746000000,2162,2166.08,2160,2160,8.28566
1675742400000,2162,2162,2162,2162,0.455949
1675738800000,2149.47,2162.43,2149.47,2162,2.033971
1675735200000,2153.32,2153.32,2148.86,2149.47,0.46263
1675731600000,2145.02,2154.3,2145.02,2153.32,14.506652
1675728000000,2138,2145.02,2137.44,2145.02,3.495598
1675724400000,2167.29,2173.25,2130,2138,6.174535
1675720800000,2179.98,2179.98,2157.92,2167.29,2.371537
1675717200000,2179.98,2179.98,2179.98,2179.98,0
1675713600000,2179.47,2179.98,2166.87,2179.98,8.153947
1675710000000,2175,2180.65,2173.29,2179.47,1.847699
1675706400000,2183,2183,2175,2175,6.952253
1675702800000,2182.18,2183,2177.67,2183,1.723504
1675699200000,2180,2192,2171.31,2182.18,14.672996
1675695600000,2160.74,2180,2147.85,2180,18.557811
1675692000000,2155.99,2160.74,2148.37,2160.74,20.4511
1675688400000,2162.41,2163.79,2155.99,2155.99,8.536819
1675684800000,2150.27,2162.41,2150.27,2162.41,0.006867
1675681200000,2154.94,2155.31,2150,2150.27,3.885627
1675677600000,2159.3,2159.3,2154.94,2154.94,0.011678
1675674000000,2158.29,2159.3,2151.9,2159.3,1.449903
1675670400000,2162.16,2162.16,2158.29,2158.29,0.581484
1675666800000,2148.62,2162.16,2147.38,2162.16,6.776129
1675663200000,2135.2,2150.59,2135.2,2148.62,1.289048
1675659600000,2146.64,2147.29,2130,2135.2,8.619415
1675656000000,2146,2152.14,2146,2146.64,1.78301
1675652400000,2148.04,2150.74,2142.5,2146,8.684461
1675648800000,2160.17,2161.65,2145.99,2148.04,8.322419
1675645200000,2167.13,2167.25,2160.17,2160.17,5.979361
1675641600000,2158.43,2170,2155.94,2167.13,3.653032
1675638000000,2162.35,2162.35,2153.38,2158.43,1.990008
1675634400000,2140.97,2163.05,2140.97,2162.35,5.089163
1675630800000,2138.18,2142.18,2133.31,2140.97,9.385626
1675627200000,2137.34,2142.78,2136.22,2138.18,6.608842
1675623600000,2139.99,2140.84,2129.6,2137.34,10.348133
1675620000000,2140,2141.35,2135.86,2139.99,6.84744
1675616400000,2169.41,2169.41,2140,2140,18.357623
1675612800000,2173.8,2173.8,2162.25,2169.41,5.703418
1675609200000,2181.19,2183.14,2170,2173.8,4.393666
1675605600000,2187.33,2189.99,2181.19,2181.19,0.302855
1675602000000,2185.59,2187.33,2175.48,2187.33,5.161699
1675598400000,2185.19,2189.93,2170,2185.59,17.472417
1675594800000,2196.07,2196.07,2184.65,2185.19,2.590091
1675591200000,2185.69,2196.07,2185.69,2196.07,0.515252
1675587600000,2201.21,2201.99,2185.69,2185.69,12.10551
1675584000000,2190.8,2202.17,2190.8,2201.21,4.975345
1675580400000,2197.66,2198.29,2190.8,2190.8,5.358884
1675576800000,2194.48,2199.46,2193.82,2197.66,4.120001
1675573200000,2192.71,2195.04,2190.08,2194.48,1.568328
1675569600000,2187.02,2192.71,2187.02,2192.71,1.955814
1675566000000,2192.4,2192.4,2181.44,2187.02,3.457444
1675562400000,2178,2195.27,2178,2192.4,1.389477
1675558800000,2182.14,2192.99,2178,2178,0.848054
1675555200000,2180.52,2196.12,2180.52,2182.14,0.791383
1675551600000,2210.29,2214.1,2180.52,2180.52,3.529668
1675548000000,2210.29,2210.29,2210.29,2210.29,0
1675544400000,2208.38,2210.29,2205.72,2210.29,1.003826
1675540800000,2199.89,2208.38,2199.89,2208.38,0.00894
1675537200000,2204.52,2205.94,2199.89,2199.89,1.870908
1675533600000,2207.59,2209.94,2197.64,2204.52,6.168523
1675530000000,2207.52,2212.46,2206.92,2207.59,4.057669
1675526400000,2209.87,2212,2206.72,2207.52,3.072529
1675522800000,2205.59,2210,2205.53,2209.87,3.938407
1675519200000,2208.83,2208.99,2204.58,2205.59,1.061947
1675515600000,2194,2210,2171.01,2208.83,11.727447
1675512000000,2186.91,2194,2186.91,2194,3.955264
1675508400000,2187,2192.68,2184.48,2186.91,4.825045
1675504800000,2186.54,2187,2184.5,2187,10.395397
1675501200000,2180.01,2186.54,2180.01,2186.54,2.091552
1675497600000,2187.81,2187.81,2180,2180.01,6.962717
1675494000000,2184.03,2188,2184.03,2187.81,4.523465
1675490400000,2177.61,2184.03,2172.17,2184.03,3.53795
1675486800000,2182.82,2182.91,2174.64,2177.61,1.168965
1675483200000,2185.26,2185.37,2181.12,2182.82,0.071074
1675479600000,2180,2185.26,2180,2185.26,0.347927
1675476000000,2190,2190,2180,2180,0.326253
1675472400000,2193.41,2196.99,2190,2190,0.260945
1675468800000,2197.05,2198.89,2192.76,2193.41,0.703428
1675465200000,2200,2200,2197.05,2197.05,3.965542
1675461600000,2185.62,2200,2185.62,2200,0.924266
1675458000000,2170,2186.54,2170,2185.62,5.060962
1675454400000,2182.4,2182.4,2170,2170,0.72885
1675450800000,2182.4,2188.48,2182.4,2182.4,1.61761
1675447200000,2199.99,2199.99,2182.4,2182.4,0.023369
1675443600000,2191.66,2200,2191.34,2199.99,35.579559
1675440000000,2191.66,2200,2191.66,2191.66,35.598078
1675436400000,2183,2200,2183,2191.66,21.990244
1675432800000,2145.04,2188,2145.04,2183,9.133322
1675429200000,2158,2160.89,2140,2145.04,2.636908
1675425600000,2158,2159.99,2157.84,2158,5.389097
1675422000000,2153.33,2158,2152.15,2158,0.287954
1675418400000,2152.02,2153.33,2147.85,2153.33,4.521645
1675414800000,2150,2153.55,2150,2152.02,4.019058
1675411200000,2144.7,2150,2144.7,2150,8.115616
1675407600000,2152.15,2152.15,2144.7,2144.7,0.523787
1675404000000,2154.3,2156.3,2150.53,2152.15,13.228715
1675400400000,2154,2154.3,2154,2154.3,0.010946
1675396800000,2144.28,2154,2144.28,2154,0.517343
1675393200000,2142.14,2146.12,2137.86,2144.28,11.370066
1675389600000,2157.05,2157.62,2142.14,2142.14,18.78824
1675386000000,2153.79,2161.17,2153.79,2157.05,3.964065
1675382400000,2148.46,2154.3,2140.58,2153.79,2.429697
1675378800000,2168.49,2168.49,2148.46,2148.46,6.259977
1675375200000,2140.4,2168.49,2131.74,2168.49,6.410559
1675371600000,2187.81,2190,2140.4,2140.4,18.03476
1675368000000,2187.81,2187.81,2187.81,2187.81,0
1675364400000,2222.46,2222.46,2187.81,2187.81,4.682361
1675360800000,2198,2238,2198,2222.46,51.213484
1675357200000,2190.53,2198,2190.13,2198,3.142504
1675353600000,2192.2,2202.81,2190.53,2190.53,4.951167
1675350000000,2166.17,2200,2166.17,2192.2,13.480718
1675346400000,2178.85,2200,2164.52,2166.17,12.983635
1675342800000,2183.47,2190.35,2178.85,2178.85,33.986604
1675339200000,2179.54,2187.83,2178.64,2183.47,17.004909
1675335600000,2177.03,2182.17,2177.03,2179.54,1.377056
1675332000000,2179.98,2180,2173.46,2177.03,5.735089
1675328400000,2170,2179.98,2170,2179.98,6.905972
1675324800000,2165.34,2172.99,2165.34,2170,38.221484
1675321200000,2170.95,2173.69,2165.34,2165.34,8.114881
1675317600000,2178.62,2178.62,2165.67,2170.95,2.870223
1675314000000,2175.64,2178.62,2175.64,2178.62,4.439674
1675310400000,2181.81,2181.81,2173.46,2175.64,4.363615
1675306800000,2175.89,2182.84,2172.42,2181.81,7.420374
1675303200000,2184.7,2184.7,2167.83,2175.89,24.847991
1675299600000,2160,2200,2157.43,2184.7,69.755351
1675296000000,2140,2160,2140,2160,35.08376
1675292400000,2144.56,2147.85,2139,2140,7.394271
1675288800000,2135.57,2150,2130.93,2144.56,38.624458
1675285200000,2124.98,2135.57,2124.98,2135.57,22.483882
1675281600000,2124.58,2125,2120.32,2124.98,6.375788
1675278000000,2079.55,2125,2054,2124.58,29.807449
1675274400000,2062.06,2079.55,2062.06,2079.55,3.776765
1675270800000,2067.15,2074.6,2062.06,2062.06,0.759903
1675267200000,2067.17,2074.14,2065,2067.15,11.639544
1675263600000,2085.03,2085.03,2064.99,2067.17,5.519881
1675260000000,2080,2085.03,2074.28,2085.03,10.595216
1675256400000,2075.35,2081,2070.02,2080,9.563339
1675252800000,2077.68,2078.36,2075.35,2075.35,1.564632
1675249200000,2064.12,2077.68,2064.12,2077.68,2.053428
1675245600000,2063.23,2065.38,2063.23,2064.12,0.467407
1675242000000,2063.5,2063.5,2062.06,2063.23,4.708795
1675238400000,2072.82,2072.82,2060.01,2063.5,11.612546
1675234800000,2077.03,2077.03,2065.86,2072.82,13.247393
1675231200000,2082.27,2082.27,2077.03,2077.03,1.494582
1675227600000,2077.96,2084.16,2077.96,2082.27,19.983055
1675224000000,2083.04,2084.89,2077.96,2077.96,19.531154
1675220400000,2082.09,2084.56,2077,2083.04,10.831308
1675216800000,2090,2090,2080.74,2082.09,4.200401
1675213200000,2074.03,2090,2074.03,2090,3.306973
1675209600000,2081.46,2084.87,2054.7,2074.03,18.382516
1675206000000,2094.73,2094.73,2081.46,2081.46,0.411292
1675202400000,2063,2094.73,2063,2094.73,0.335594
1675198800000,2084,2084,2060,2063,0.368696
1675195200000,2097.22,2097.22,2084,2084,0.743874
1675191600000,2087.9,2097.22,2087.9,2097.22,2.989
1675188000000,2094.48,2094.48,2087.9,2087.9,3.043302
1675184400000,2091.6,2097.03,2091.6,2094.48,1.169366
1675180800000,2094.18,2103.7,2088.16,2091.6,5.746482
1675177200000,2087.8,2097.89,2082.8,2094.18,5.262602
1675173600000,2082,2089.99,2080,2087.8,26.31117
1675170000000,2072,2082,2071.96,2082,4.26411
1675166400000,2063.41,2072,2063.41,2072,1.660854
1675162800000,2067.95,2067.95,2063.41,2063.41,1.56574
1675159200000,2070.64,2073.58,2067.95,2067.95,4.990966
1675155600000,2065.87,2072.99,2065.87,2070.64,0.494329
1675152000000,2070.79,2077.51,2065.87,2065.87,3.027334
1675148400000,2059.03,2070.79,2059.03,2070.79,18.013699
1675144800000,2057.93,2059.03,2053.82,2059.03,8.5526
1675141200000,2065,2065,2057.93,2057.93,4.1307
1675137600000,2064.44,2065,2059.99,2065,2.587294
1675134000000,2063.8,2064.44,2060,2064.44,1.841309
1675130400000,2060,2070,2060,2063.8,2.660121
1675126800000,2066.18,2066.18,2059.52,2060,2.36092
1675123200000,2059.49,2070,2059.24,2066.18,14.488427
1675119600000,2050,2059.49,2050,2059.49,0.320885
1675116000000,2052.05,2052.05,2050,2050,0.611875
1675112400000,2038.4,2052.05,2038.4,2052.05,0.082025
1675108800000,2039.02,2039.02,2025.94,2038.4,6.878118
1675105200000,2070,2070,2015.42,2039.02,15.859039
1675101600000,2075.84,2075.84,2070,2070,0.521514
1675098000000,2074.5,2081.17,2074.5,2075.84,0.095647
1675094400000,2076.77,2079.24,2074.5,2074.5,0.716095
1675090800000,2090.61,2091.4,2065,2076.77,5.217219
1675087200000,2070.15,2090.61,2067.85,2090.61,4.747751
1675083600000,2069.03,2072.07,2069.03,2070.15,3.891316
1675080000000,2071.35,2079.1,2051.19,2069.03,12.319999
1675076400000,2072.35,2076.51,2054.52,2071.35,20.92439
1675072800000,2075.25,2087.9,2072.35,2072.35,1.141387
1675069200000,2121.48,2121.54,2075.25,2075.25,14.886637
1675065600000,2132.87,2132.87,2121.48,2121.48,4.305459
1675062000000,2134.42,2135,2126.77,2132.87,8.025798
1675058400000,2143.61,2144.82,2131.42,2134.42,3.707539
1675054800000,2143.9,2143.92,2139,2143.61,47.560901
1675051200000,2144.28,2149.12,2143.17,2143.9,8.520987
1675047600000,2141,2144.28,2140,2144.28,5.490146
1675044000000,2144.28,2144.28,2140,2141,0.723601
1675040400000,2145,2145,2142.31,2144.28,2.751399
1675036800000,2150,2155.61,2140,2145,4.293057
1675033200000,2154,2164.59,2150,2150,6.841892
1675029600000,2146,2155.41,2146,2154,0.245661
1675026000000,2137.31,2146,2137.31,2146,0.04
1675022400000,2166.72,2166.72,2137.31,2137.31,0.810906
1675018800000,2135,2172.82,2134.99,2166.72,42.460976
1675015200000,2122.99,2135,2120,2135,54.71751
1675011600000,2113.64,2122.99,2112.9,2122.99,1.871333
1675008000000,2118,2120,2109.74,2113.64,10.502381
1675004400000,2109.61,2118,2109.61,2118,8.201295
1675000800000,2110.54,2115,2106.66,2109.61,4.984441
1674997200000,2111.09,2111.09,2086.59,2110.54,11.062443
1674993600000,2106.15,2113.33,2103.02,2111.09,1.425103
1674990000000,2109.86,2109.86,2106.15,2106.15,0.003855
1674986400000,2103.49,2117.5,2103.34,2109.86,10.343104
1674982800000,2088.96,2103.49,2088.96,2103.49,5.44124
1674979200000,2092.28,2096.4,2087.13,2088.96,1.096817
1674975600000,2095.25,2095.25,2092.09,2092.28,1.278597
1674972000000,2098.36,2098.45,2095.25,2095.25,0.432944
1674968400000,2095,2098.36,2095,2098.36,4.164848
1674964800000,2089.81,2095,2089.81,2095,2.645616
1674961200000,2085,2089.81,2085,2089.81,7.289049
1674957600000,2102.01,2102.01,2085,2085,4.865972
1674954000000,2080.15,2118,2080.15,2102.01,9.093268
1674950400000,2058.89,2080.15,2058.79,2080.15,5.559131
1674946800000,2059.87,2059.87,2053.82,2058.89,0.25047
1674943200000,2059.87,2059.87,2059.87,2059.87,0
1674939600000,2074.3,2074.3,2059.87,2059.87,0.977073
1674936000000,2068.54,2074.3,2068.54,2074.3,0.094019
1674932400000,2068.54,2068.54,2068.54,2068.54,0
1674928800000,2068.04,2072.44,2064.08,2068.54,1.990174
1674925200000,2071.95,2071.95,2068.04,2068.04,2.014506
1674921600000,2072.09,2072.3,2071.95,2071.95,0.307147
1674918000000,2061,2072.09,2060.66,2072.09,3.138558
1674914400000,2063.1,2066.18,2060.86,2061,4.249126
1674910800000,2077.83,2077.83,2055,2063.1,3.479144
1674907200000,2078.37,2080,2073.76,2077.83,8.503148
1674903600000,2082.08,2082.08,2074.14,2078.37,2.124835
1674900000000,2086.26,2086.26,2070.25,2082.08,2.182165
1674896400000,2080.01,2086.89,2079.32,2086.26,1.28128
1674892800000,2085.34,2086.89,2080.01,2080.01,1.109034
1674889200000,2093.75,2093.75,2084.7,2085.34,6.192326
1674885600000,2096.18,2096.85,2090,2093.75,3.523569
1674882000000,2095.7,2102.1,2095.7,2096.18,5.101745
1674878400000,2096.25,2096.36,2092.1,2095.7,2.035042
1674874800000,2087.92,2096.25,2087.92,2096.25,4.19728
1674871200000,2094.17,2094.17,2087.91,2087.92,1.100306
1674867600000,2092.52,2097.9,2088.88,2094.17,2.363954
1674864000000,2090.44,2092.52,2090.44,2092.52,2.014287
1674860400000,2090.14,2093.13,2085.82,2090.44,1.60812
1674856800000,2095.66,2095.66,2090.14,2090.14,0.093305
1674853200000,2081.99,2095.66,2081.99,2095.66,0.002473
1674849600000,2105.53,2114.2,2081.99,2081.99,5.793803
1674846000000,2096.37,2106.3,2096.37,2105.53,12.631435
1674842400000,2100,2100.66,2093.37,2096.37,2.927021
1674838800000,2085,2105.81,2077.46,2100,15.378326
1674835200000,2071.46,2085,2062.06,2085,6.174774
1674831600000,2079,2084,2069.61,2071.46,14.362794
1674828000000,2060.19,2079,2050,2079,8.157499
1674824400000,2060.53,2069.07,2050,2060.19,7.59011
1674820800000,2066.17,2066.18,2060.53,2060.53,1.86975
1674817200000,2065.86,2066.18,2061.04,2066.17,3.338733
1674813600000,2064.13,2066.29,2064.13,2065.86,3.871609
1674810000000,2075.46,2075.46,2064.13,2064.13,1.204002
1674806400000,2075,2075.67,2072.72,2075.46,3.412258
1674802800000,2070,2075,2068.84,2075,2.606899
1674799200000,2059.99,2070,2059.99,2070,0.74
1674795600000,2052.3,2059.99,2050,2059.99,1.135424
1674792000000,2055.05,2055.05,2048.84,2052.3,5.60278
1674788400000,2056.14,2056.41,2051.37,2055.05,7.821066
1674784800000,2042.04,2056.14,2040.36,2056.14,1.502349
1674781200000,2074.14,2075.91,2041.3,2042.04,5.061856
1674777600000,2092.27,2092.95,2074.14,2074.14,1.635422
1674774000000,2103.04,2103.04,2089.58,2092.27,0.693223
1674770400000,2093.61,2103.04,2093.61,2103.04,2.037052
1674766800000,2100,2100,2086.9,2093.61,0.606987
1674763200000,2096.22,2103.71,2096.22,2100,0.216019
1674759600000,2096.22,2096.22,2096.22,2096.22,0
1674756000000,2082.09,2097,2082.09,2096.22,0.739997
1674752400000,2087.91,2088.32,2082.09,2082.09,9.553757
1674748800000,2083.31,2087.91,2070.67,2087.91,9.972889
1674745200000,2093,2114.87,2083.31,2083.31,9.029634
1674741600000,2109.87,2114,2093,2093,9.838681
1674738000000,2110,2110,2104.39,2109.87,20.657018
1674734400000,2093.27,2110,2093.27,2110,2.778802
1674730800000,2082.57,2094.17,2082.57,2093.27,1.123525
1674727200000,2097,2100,2082.57,2082.57,13.719391
1674723600000,2100,2101.07,2096.35,2097,10.395676
1674720000000,2094.17,2100,2090,2100,10.499359
1674716400000,2097.79,2100.5,2090.06,2094.17,0.156734
1674712800000,2108,2109.99,2086.19,2097.79,4.134477
1674709200000,2105.18,2109.99,2087.84,2108,23.553466
1674705600000,2107.08,2110,2105.18,2105.18,6.738655
1674702000000,2109.97,2109.97,2106.84,2107.08,2.085
1674698400000,2110.27,2114.91,2103.67,2109.97,12.118804
1674694800000,2126.36,2126.36,2109.34,2110.27,6.007727
1674691200000,2107.87,2126.36,2104.19,2126.36,5.90343
1674687600000,2065.17,2112.19,2065.17,2107.87,4.284219
1674684000000,2108.34,2133.45,2065.17,2065.17,11.918172
1674680400000,2068.35,2108.34,2067.21,2108.34,3.48162
1674676800000,2023.88,2068.35,2023.88,2068.35,4.417784
1674673200000,2023.88,2023.88,2023.88,2023.88,0
1674669600000,2023.88,2023.88,2023.88,2023.88,0
1674666000000,2025.94,2032,2022.81,2023.88,3.127333
1674662400000,2017.38,2028.18,2017.38,2025.94,3.222887
1674658800000,2013,2020,1998.47,2017.38,5.507894
1674655200000,2040,2040,2013,2013,18.063739
1674651600000,2042.91,2048.16,2040,2040,21.817827
1674648000000,2026.06,2044.08,2026.06,2042.91,8.600823
1674644400000,2022.64,2028.98,2022.64,2026.06,10.17151
1674640800000,2024,2024,2020,2022.64,8.300616
1674637200000,2032.31,2032.31,2020.01,2024,6.139294
1674633600000,2032.04,2035.02,2031,2032.31,2.08551
1674630000000,2030.67,2037.96,2030.67,2032.04,3.989882
1674626400000,2027.87,2033.05,2022.7,2030.67,3.362009
1674622800000,2025.94,2028.07,2023.91,2027.87,2.642317
1674619200000,2024.09,2030.1,2023.91,2025.94,13.953832
1674615600000,2017.45,2024.09,2017.45,2024.09,1.757918
1674612000000,2013.53,2022.02,2013.53,2017.45,5.68893
1674608400000,2037.14,2037.14,1992.6,2013.53,40.057214
1674604800000,2044.67,2044.67,2030,2037.14,17.560963
1674601200000,2050,2052.59,2031.31,2044.67,18.431543
1674597600000,2090.49,2090.49,2050,2050,13.801569
1674594000000,2125.77,2125.77,2088.88,2090.49,2.326521
1674590400000,2125.74,2125.77,2088.88,2125.77,3.031
1674586800000,2122.36,2126.76,2122.36,2125.74,0.462288
1674583200000,2122.36,2122.36,2122.36,2122.36,0
1674579600000,2120,2122.36,2117.88,2122.36,0.342593
1674576000000,2128.01,2129,2120,2120,6.993853
1674572400000,2130.53,2130.53,2118.95,2128.01,1.11945
1674568800000,2122.03,2131.97,2110,2130.53,4.082805
1674565200000,2135.85,2138.16,2120,2122.03,5.356907
1674561600000,2138,2140.73,2132.13,2135.85,4.072379
1674558000000,2134.26,2138.01,2134.26,2138,3.03766
1674554400000,2127.87,2136.39,2127.87,2134.26,1.012325
1674550800000,2146,2146,2122,2127.87,6.500832
1674547200000,2144.28,2146.86,2140.9,2146,11.704281
1674543600000,2146.86,2146.86,2143.35,2144.28,1.653117
1674540000000,2147.85,2148.9,2146.86,2146.86,0.299867
1674536400000,2148.9,2152.15,2143.2,2147.85,24.586673
1674532800000,2147.2,2149.55,2145.7,2148.9,2.243528
1674529200000,2147.18,2152.84,2144.28,2147.2,10.107683
1674525600000,2144.28,2149.14,2144.28,2147.18,1.014296
1674522000000,2133.88,2144.77,2133.88,2144.28,3.796818
1674518400000,2134.91,2134.91,2133.88,2133.88,0.014002
1674514800000,2140.89,2140.89,2132.13,2134.91,6.779814
1674511200000,2140.97,2140.97,2140.89,2140.89,0.012984
1674507600000,2130,2140.97,2130,2140.97,0.310139
1674504000000,2125.56,2130,2125.56,2130,0.093611
1674500400000,2149.73,2149.73,2120,2125.56,1.520849
1674496800000,2132,2150,2132,2149.73,0.755226
1674493200000,2122.12,2132,2120.01,2132,1.236106
1674489600000,2131.52,2131.52,2120,2122.12,3.235885
1674486000000,2086.43,2131.8,2086.43,2131.52,2.478031
1674482400000,2130,2156.87,2086.43,2086.43,15.595913
1674478800000,2145.7,2145.7,2130,2130,7.060123
1674475200000,2147.05,2147.05,2142.14,2145.7,1.474661
1674471600000,2147.85,2147.85,2142.15,2147.05,1.881793
1674468000000,2140,2147.85,2137.87,2147.85,0.201372
1674464400000,2136.41,2140.54,2136.41,2140,0.298446
1674460800000,2143.12,2145.63,2136.41,2136.41,0.435502
1674457200000,2148.97,2148.97,2139.05,2143.12,1.129616
1674453600000,2140.9,2148.97,2140.9,2148.97,0.43174
1674450000000,2139.03,2142.14,2139.03,2140.9,1.034215
1674446400000,2138.16,2139.03,2132.62,2139.03,0.12613
1674442800000,2146.75,2146.75,2138.16,2138.16,0.271617
1674439200000,2146.78,2148.09,2146.75,2146.75,0.21479
1674435600000,2142.14,2152.14,2142.14,2146.78,2.410597
1674432000000,2144.7,2145,2140,2142.14,0.744516
1674428400000,2134.26,2144.7,2134.26,2144.7,0.378005
1674424800000,2115.82,2134.26,2115.82,2134.26,0.004666
1674421200000,2115.82,2115.82,2115.82,2115.82,0
1674417600000,2150.5,2150.5,2115.82,2115.82,0.881645
1674414000000,2161.28,2161.28,2150.5,2150.5,0.686831
1674410400000,2173.46,2173.58,2161.28,2161.28,1.598543
1674406800000,2151.64,2180,2151.64,2173.46,3.75778
1674403200000,2153.26,2153.26,2140,2151.64,0.635265
1674399600000,2154.3,2161.98,2126.74,2153.26,4.057153
1674396000000,2119.14,2155.08,2119.14,2154.3,16.53408
1674392400000,2131,2131,2119.14,2119.14,2.395854
1674388800000,2127,2131,2125,2131,0.756137
1674385200000,2127,2127,2116.58,2127,0.097386
1674381600000,2128,2128,2050,2127,28.05882
1674378000000,2117.71,2156.9,2117.71,2128,6.000724
1674374400000,2138.38,2138.38,2117.71,2117.71,4.78985
1674370800000,2139.48,2139.48,2137.35,2138.38,0.049344
1674367200000,2135.46,2139.48,2134.93,2139.48,0.12493
1674363600000,2127.87,2138.35,2127.87,2135.46,0.230131
1674360000000,2124.99,2132,2124.99,2127.87,9.422014
1674356400000,2106.42,2124.99,2106.42,2124.99,3.48714
1674352800000,2123.55,2130,2106.42,2106.42,1.102407
1674349200000,2140.68,2140.68,2123.55,2123.55,2.083548
1674345600000,2064.91,2147.04,2064.91,2140.68,30.771921
1674342000000,2177.81,2191.14,2064.91,2064.91,57.30887
1674338400000,2199.99,2199.99,2176.34,2177.81,2.875869
1674334800000,2200,2200,2199.99,2199.99,0.088648
1674331200000,2180,2200,2180,2200,0.830508
1674327600000,2160,2180,2160,2180,0.680834
1674324000000,2160,2160,2160,2160,0
1674320400000,2167.83,2171.54,2160,2160,2.021003
1674316800000,2154.72,2169.78,2154.33,2167.83,1.387759
1674313200000,2162,2175.11,2154.72,2154.72,6.425393
1674309600000,2157.65,2164.32,2157.65,2162,0.932066
1674306000000,2167.88,2170,2157.65,2157.65,3.598901
1674302400000,2155.75,2168.97,2151.36,2167.88,32.351874
1674298800000,2149.86,2156.27,2136.63,2155.75,12.549706
1674295200000,2173.77,2200,2120,2149.86,20.189714
1674291600000,2159.17,2173.77,2156.51,2173.77,2.958157
1674288000000,2165.95,2165.95,2159.17,2159.17,2.265955
1674284400000,2163.01,2166.48,2162.02,2165.95,2.135167
1674280800000,2157.08,2163.01,2153.34,2163.01,14.830474
1674277200000,2157.22,2160,2157.08,2157.08,1.169699
1674273600000,2161.52,2162.16,2157.22,2157.22,3.789012
1674270000000,2160.19,2161.52,2156.64,2161.52,8.186644
1674266400000,2168.24,2172.04,2155.69,2160.19,6.077338
1674262800000,2171.63,2173,2167.65,2168.24,6.875458
1674259200000,2174.63,2185,2166,2171.63,33.612954
1674255600000,2147.85,2175.03,2147.85,2174.63,10.0189
1674252000000,2142.14,2147.85,2142.14,2147.85,1.00357
1674248400000,2145.7,2156.76,2141.4,2142.14,20.871698
1674244800000,2095,2150,2095,2145.7,42.550266
1674241200000,2088.72,2095,2088.72,2095,2.513508
1674237600000,2092.09,2094,2086.41,2088.72,1.745
1674234000000,2086.88,2092.09,2084.19,2092.09,5.36292
1674230400000,2047.95,2090,2047.95,2086.88,21.155648
1674226800000,2051.33,2056.15,2047.95,2047.95,4.516234
1674223200000,2043.48,2055,2040,2051.33,15.533688
1674219600000,2040.85,2050,2040.85,2043.48,11.845836
1674216000000,2031.79,2043.27,2031.79,2040.85,7.418222
1674212400000,2036.08,2037.96,2031.78,2031.79,5.777003
1674208800000,2036.13,2036.13,2033.9,2036.08,4.55165
1674205200000,2032.03,2036.13,2032.03,2036.13,2.987921
1674201600000,2036.09,2044.7,2032.03,2032.03,5.138105
1674198000000,2025.94,2036.09,2025.94,2036.09,35.762843
1674194400000,2029.52,2029.52,2024.83,2025.94,9.854911
1674190800000,2045.68,2045.68,2029.52,2029.52,1.323451
1674187200000,2035.92,2045.68,2035.92,2045.68,1.066946
1674183600000,2040,2042.04,2035.92,2035.92,2.633627
1674180000000,2040,2050,2040,2040,8.833992
1674176400000,2032.03,2044.99,2025.94,2040,2.255326
1674172800000,2031.57,2034.87,2030,2032.03,1.514576
1674169200000,2036.28,2036.28,2031.56,2031.57,3.593804
1674165600000,2042.9,2045.7,2036.28,2036.28,1.461737
1674162000000,2042.9,2042.9,2042.9,2042.9,0
1674158400000,2035.89,2042.9,2035.89,2042.9,1.619322
1674154800000,2022.02,2035.89,2022.02,2035.89,2.589
1674151200000,2004.45,2022.02,2004.45,2022.02,20.434934
1674147600000,2016.61,2018,2004.45,2004.45,6.479855
1674144000000,2015.96,2022,2015.96,2016.61,0.278877
1674140400000,2010,2034.14,2010,2015.96,10.35541
1674136800000,1997.13,2015.95,1994,2010,5.121637
1674133200000,1996.26,2001.33,1990,1997.13,4.939156
1674129600000,1992,2001.33,1992,1996.26,6.668179
1674126000000,2001.33,2001.33,1992,1992,29.890008
1674122400000,2003.97,2008.92,2001.33,2001.33,2.003827
1674118800000,2006.1,2006.1,2000,2003.97,8.672987
1674115200000,2008,2012.01,2005.67,2006.1,5.465802
1674111600000,2005.04,2008,2005.04,2008,0.760024
1674108000000,2001.26,2005.04,2001.26,2005.04,0.046503
1674104400000,2005.03,2008.92,2001.26,2001.26,1.2013
1674100800000,2002.87,2006,2002,2005.03,9.245708
1674097200000,1996.93,2003.99,1996.93,2002.87,0.67069
1674093600000,1993.97,2000,1991.11,1996.93,4.097607
1674090000000,1985.21,1994.01,1985.21,1993.97,2.137411
1674086400000,1975.8,1991.99,1975.8,1985.21,20.975075
1674082800000,2000.32,2004.08,1975.8,1975.8,3.919425
1674079200000,2006.62,2006.62,1990,2000.32,4.484657
1674075600000,1988.13,2006.62,1988.13,2006.62,0.012428
1674072000000,2024.04,2024.04,1988.13,1988.13,6.934837
1674068400000,2024.35,2024.35,2017.7,2024.04,1.500612
1674064800000,2020.27,2030,2016.27,2024.35,0.855151
1674061200000,2022.06,2082.14,2012.01,2020.27,11.156311
1674057600000,2023.77,2023.82,1965,2022.06,28.036143
1674054000000,2074.72,2085.81,2004.48,2023.77,3.38968
1674050400000,2078.21,2088.9,2070,2074.72,8.790162
1674046800000,2064.12,2078.21,2062.81,2078.21,6.670628
1674043200000,2058.01,2064.12,2056.9,2064.12,0.542983
1674039600000,2050.93,2058.01,2050,2058.01,2.296159
1674036000000,2055.11,2057.94,2050.93,2050.93,2.092635
1674032400000,2060,2065.09,2055.11,2055.11,7.039292
1674028800000,2063.79,2068.71,2053.82,2060,8.227421
1674025200000,2072.19,2072.19,2063.79,2063.79,5.768726
1674021600000,2079.45,2079.46,2072.19,2072.19,4.175161
1674018000000,2076.21,2079.45,2072.19,2079.45,2.774904