1679112000000,0.9997,0.99983,0.99961,0.9998,5455.129444
1679108400000,0.9997,0.9997,0.9994,0.9997,8293.635596
1679104800000,0.99951,0.99975,0.9995,0.9997,19844.640413
1679101200000,0.99964,0.99975,0.99905,0.99951,44532.615339
1679097600000,1.00006,1.00006,0.99946,0.99964,34040.318351
1679094000000,0.99993,1.00006,0.99976,1.00006,48759.617885
1679090400000,0.9994,0.99998,0.9994,0.99993,9894.955277
1679086800000,0.99993,0.99993,0.99852,0.9994,340408.740489
1679083200000,0.99983,0.99993,0.99983,0.99993,642.81804
1679079600000,0.99974,1.00011,0.99943,0.99983,84713.982737
1679076000000,0.9993,1,0.9993,0.99974,36215.009001
1679072400000,0.9998,0.99981,0.999,0.9993,970965.274954
1679068800000,0.99982,0.99982,0.9996,0.9998,46335.06445
1679065200000,0.99999,1.00019,0.9995,0.99982,212701.105654
1679061600000,0.99988,1.00019,0.99964,0.99999,122454.042095
1679058000000,0.9997,1,0.99965,0.99988,72263.316668
1679054400000,0.99965,0.99998,0.99957,0.9997,15449.075901
1679050800000,0.99964,1,0.99957,0.99965,36516.0964
1679047200000,0.99965,0.99965,0.99964,0.99964,9640.027475
1679043600000,0.99957,0.99965,0.99957,0.99965,3500.875341
1679040000000,0.99965,0.99965,0.99956,0.99957,8704.193726
1679036400000,0.99974,0.99974,0.99954,0.99965,19574.319697
1679032800000,0.99999,0.99999,0.9995,0.99974,16824.311657
1679029200000,0.99966,0.99999,0.9994,0.99999,52763.633048
1679025600000,0.99972,0.99982,0.99928,0.99966,75058.86918
1679022000000,0.99966,0.99994,0.99966,0.99972,33883.026464
1679018400000,0.9997,0.9998,0.99966,0.99966,22211.309539
1679014800000,0.99966,0.9997,0.99966,0.9997,47.771144
1679011200000,0.99973,0.99973,0.99966,0.99966,18045.410098
1679007600000,0.9997,0.99988,0.99948,0.99973,67172.322838
1679004000000,0.99966,0.9998,0.99966,0.9997,13353.400574
1679000400000,0.99948,0.99989,0.99948,0.99966,13540.587548
1678996800000,0.99963,0.99993,0.99948,0.99948,48449.131749
1678993200000,0.99994,0.99994,0.99949,0.99963,27565.260254
1678989600000,0.99964,0.99994,0.9993,0.99994,108973.066095
1678986000000,1.00032,1.00032,0.99964,0.99964,19050.412584
1678982400000,0.99944,1.00034,0.99906,1.00032,200936.78116
1678978800000,0.99967,1,0.99906,0.99944,329261.034664
1678975200000,0.9997,1.0004,0.99967,0.99967,97122.414811
1678971600000,0.9997,1.0004,0.9997,0.9997,23480.76037
1678968000000,0.99975,0.99975,0.99967,0.9997,44604.389196
1678964400000,0.99999,1.0003,0.99967,0.99975,50126.096086
1678960800000,0.99961,0.99999,0.99961,0.99999,5940.597014
1678957200000,1,1.0001,0.99961,0.99961,20667.521076
1678953600000,1,1,1,1,8473.162333
1678950000000,1,1.00089,1,1,60453.06566
1678946400000,1.0004,1.00095,1,1,18013.602113
1678942800000,1,1.0004,1,1.0004,1316.272987
1678939200000,0.99998,1.00001,0.99998,1,3886.486097
1678935600000,0.99999,0.99999,0.99998,0.99998,350
1678932000000,0.99999,0.99999,0.99991,0.99999,4924.01383
1678928400000,0.99999,0.99999,0.99997,0.99999,4215.758741
1678924800000,0.99994,1.00099,0.9998,0.99999,19380.47041
1678921200000,0.99983,0.99994,0.99979,0.99994,25059.920627
1678917600000,0.99999,0.99999,0.99954,0.99983,38254.194171
1678914000000,1.00198,1.00198,0.99985,0.99999,131894.835584
1678910400000,1.00199,1.00199,0.99994,1.00198,40590.970622
1678906800000,1.0007,1.00199,1.00001,1.00199,132857.943823
1678903200000,0.99967,1.0007,0.99953,1.0007,284776.045884
1678899600000,1.00001,1.00111,0.99951,0.99967,43221.390154
1678896000000,0.9998,1.00111,0.99972,1.00001,42483.887419
1678892400000,1.00199,1.00199,0.9994,0.9998,200146.687561
1678888800000,1.00059,1.00199,0.99991,1.00199,211193.101397
1678885200000,1,1.00059,0.99999,1.00059,37974.809997
1678881600000,1,1,1,1,670.872175
1678878000000,1,1,1,1,8028.039944
1678874400000,1,1,1,1,5202.97563
1678870800000,1.00058,1.00058,1,1,6185.947071
1678867200000,1.00071,1.00071,1,1.00058,24657.981387
1678863600000,1.00137,1.00137,1.00071,1.00071,3947.152918
1678860000000,1.00137,1.00137,1.00137,1.00137,0
1678856400000,1.0014,1.00145,1.00075,1.00137,7965.217875
1678852800000,1.0009,1.0014,1.00002,1.0014,10158.214464
1678849200000,1.00149,1.00149,1.00003,1.0009,40000.687708
1678845600000,1.00184,1.00184,1.0006,1.00149,6252.000056
1678842000000,1.00075,1.00184,1.00075,1.00184,2602.465868
1678838400000,1.00169,1.00184,1.00075,1.00075,12572.072059
1678834800000,1.00169,1.00169,1.001,1.00169,7953.678389
1678831200000,1.00012,1.0017,1.00012,1.00169,24200.22054
1678827600000,1.0011,1.00155,1.0001,1.00012,96419.308369
1678824000000,1.00002,1.00119,1.00002,1.0011,94310.173611
1678820400000,1.0007,1.00099,1.00001,1.00002,9410.864144
1678816800000,0.9998,1.00084,0.99934,1.0007,114540.782011
1678813200000,0.9988,0.99994,0.99844,0.9998,127758.32075
1678809600000,1.00016,1.00248,0.998,0.9988,715704.738198
1678806000000,1.0006,1.00249,1.00012,1.00016,212779.687088
1678802400000,1.00349,1.00349,1.0003,1.0006,149697.541244
1678798800000,1.0009,1.00349,1.0004,1.00349,51375.176174
1678795200000,1.0008,1.00149,1.00061,1.0009,102398.31802
1678791600000,1.00095,1.00095,1.00061,1.0008,606.791396
1678788000000,1.00085,1.00098,1.0007,1.00095,619.48545
1678784400000,1.00085,1.00085,1.00085,1.00085,0
1678780800000,1.00057,1.00097,1.00057,1.00085,30645.831887
1678777200000,1.00057,1.00065,1.00057,1.00057,102483.035838
1678773600000,1.00057,1.00097,1.00057,1.00057,70988.180914
1678770000000,1.00057,1.00097,1.00057,1.00057,48202.316506
1678766400000,1.00098,1.00098,1.00057,1.00057,271288.537401
1678762800000,1.00055,1.00098,1.00055,1.00098,49620.335128
1678759200000,1.00013,1.00056,1.00013,1.00055,288965.931047
1678755600000,1.00035,1.0005,1.00013,1.00013,134421.010832
1678752000000,1.00012,1.0005,1.00012,1.00035,45338.898492
1678748400000,1.00024,1.001,1.00012,1.00012,167887.841525
1678744800000,1.0005,1.00136,1.00022,1.00024,359948.507586
1678741200000,1.00026,1.00137,1.00026,1.0005,190725.815386
1678737600000,1.00022,1.00198,1.00022,1.00026,81236.521266
1678734000000,1.0009,1.00199,1.00022,1.00022,47860.097205
1678730400000,1.00029,1.00399,1.00024,1.0009,807469.985188
1678726800000,1.00485,1.00748,1.00022,1.00029,435034.460792
1678723200000,1.00079,1.00485,1.00007,1.00485,203341.046534
1678719600000,1.00001,1.00079,0.99983,1.00079,1089269.464807
1678716000000,1.00009,1.0001,0.99986,1.00001,1533147.082084
1678712400000,1.00008,1.0001,0.99972,1.00009,325269.372934
1678708800000,1.0001,1.0001,0.99998,1.00008,146555.600459
1678705200000,0.99921,1.0001,0.99921,1.0001,1346667.560901
1678701600000,0.99972,0.99972,0.9986,0.99921,206235.955824
1678698000000,1.00003,1.0002,0.99972,0.99972,189303.774247
1678694400000,1.0003,1.0005,1.00003,1.00003,6505.62
1678690800000,1.0015,1.0015,1.0003,1.0003,38079.853796
1678687200000,0.99701,1.0015,0.997,1.0015,490762.54691
1678683600000,0.99997,0.99999,0.99701,0.99701,260148.161677
1678680000000,0.99998,1.00013,0.99997,0.99997,95028.466139
1678676400000,0.99993,1.00035,0.99993,0.99998,238026.45171
1678672800000,1,1.002,0.9992,0.99993,1069564.118672
1678669200000,0.99963,1,0.99963,1,512692.454942
1678665600000,0.99953,0.99998,0.99845,0.99963,2074670.087559
1678662000000,0.99999,1,0.99833,0.99953,1226218.341375
1678658400000,0.996,0.99999,0.996,0.99999,852961.173309
1678654800000,0.99501,0.99899,0.993,0.996,3010605.413196
1678651200000,0.99651,0.99894,0.99375,0.99501,5179178.349815
1678647600000,0.9976,0.999,0.9937,0.99651,3400316.708415
1678644000000,0.996,0.999,0.99361,0.9976,3207629.67203
1678640400000,0.991,0.9975,0.989,0.996,4443177.788121
1678636800000,0.99415,0.997,0.99,0.991,5286971.172204
1678633200000,0.996,0.99748,0.99237,0.99415,3206767.373802
1678629600000,0.99743,0.99743,0.99237,0.996,3253670.482509
1678626000000,0.99382,0.99899,0.99376,0.99743,1758243.015504
1678622400000,0.99609,0.997,0.99211,0.99382,1643291.987837
1678618800000,0.99585,0.99904,0.99212,0.99609,2381077.230366
1678615200000,0.99251,0.99749,0.991,0.99585,2257546.96199
1678611600000,0.99456,0.99703,0.99251,0.99251,1700176.207134
1678608000000,0.99909,0.9991,0.9945,0.99456,146981.609038
1678604400000,0.995,0.99914,0.99311,0.99909,977440.752672
1678600800000,0.99389,0.99837,0.9928,0.995,972825.772756
1678597200000,0.9975,0.9975,0.99251,0.99389,1322788.884297
1678593600000,0.99501,0.998,0.99406,0.9975,1234274.374839
1678590000000,0.99447,0.999,0.994,0.99501,3688436.691418
1678586400000,0.99001,0.9985,0.99001,0.99447,2620608.192821
1678582800000,0.99897,1,0.9871,0.99001,1507187.548579
1678579200000,0.989,0.9991,0.9871,0.99897,1690327.176926
1678575600000,0.98809,0.995,0.983,0.989,2349952.158107
1678572000000,0.988,0.99198,0.97503,0.98809,1202495.336683
1678568400000,0.99101,0.99299,0.9722,0.988,1224397.370239
1678564800000,0.965,0.99101,0.965,0.99101,3620928.16827
1678561200000,0.97099,0.97726,0.96493,0.965,2438055.312654
1678557600000,0.975,0.976,0.95882,0.97099,2341222.537464
1678554000000,0.95199,0.9778,0.94114,0.975,2813536.800411
1678550400000,0.95323,0.97998,0.9411,0.95199,3694579.230865
1678546800000,0.976,0.97998,0.934,0.95323,2325008.04602
1678543200000,0.96989,0.976,0.93001,0.976,1523307.518745
1678539600000,0.96341,0.975,0.92,0.96989,646566.509395
1678536000000,0.9634,0.9794,0.93999,0.96341,1266446.997175
1678532400000,0.93,0.96499,0.8215,0.9634,1086517.39606
1678528800000,0.95,0.969,0.88301,0.93,2133446.725915
1678525200000,0.95337,0.96949,0.9435,0.95,2199623.922504
1678521600000,0.96603,0.97999,0.9,0.95337,2220962.399547
1678518000000,0.94838,0.97987,0.88,0.96603,2251840.167644
1678514400000,0.96627,0.9849,0.93,0.94838,1602306.416165
1678510800000,0.951,0.975,0.84651,0.96627,2768877.78081
1678507200000,0.97561,0.985,0.94003,0.951,1832052.263134
1678503600000,0.99,0.99799,0.96112,0.97561,881887.734833
1678500000000,0.97998,0.99509,0.95368,0.99,831658.55206
1678496400000,0.97,0.99681,0.95,0.97998,1266486.125098
1678492800000,0.97501,0.99618,0.951,0.97,1194370.325761
1678489200000,0.99,0.999,0.9709,0.97501,689598.58859
1678485600000,0.99691,0.997,0.9709,0.99,1323932.343601
1678482000000,0.99218,0.99798,0.9801,0.99691,1333408.322016
1678478400000,0.99931,0.99931,0.9812,0.99218,824327.86957
1678474800000,0.99951,1.00009,0.9801,0.99931,2023828.676889
1678471200000,0.99975,1,0.99951,0.99951,135804.752912
1678467600000,0.99951,0.99975,0.9995,0.99975,168668.649311
1678464000000,0.99969,0.9997,0.9993,0.99951,124865.851994
1678460400000,0.99924,0.99969,0.9801,0.99969,1307811.516029
1678456800000,0.9992,0.99944,0.9974,0.99924,321496.392654
1678453200000,0.99928,0.99928,0.99852,0.9992,33636.900237
1678449600000,0.999,0.99929,0.99893,0.99928,2440.91533
1678446000000,0.99924,0.99965,0.999,0.999,194989.27166
1678442400000,0.99921,0.99939,0.99921,0.99924,15193.918411
1678438800000,0.99917,0.99922,0.99917,0.99921,1971.218488
1678435200000,0.99854,0.9992,0.99854,0.99917,14507.578464
1678431600000,0.99855,0.99919,0.99854,0.99854,24157.746749
1678428000000,0.99858,0.99905,0.99855,0.99855,5377.04155
1678424400000,0.99919,0.99919,0.99854,0.99858,4909.548034
1678420800000,0.99836,0.99932,0.99836,0.99919,15906.883066
1678417200000,0.9991,0.9997,0.99836,0.99836,104947.030327
1678413600000,0.99962,0.99962,0.99852,0.9991,15022.261582
1678410000000,0.99955,0.99971,0.99926,0.99962,18191.487969
1678406400000,0.99925,1.0001,0.99901,0.99955,3780042.476168
1678402800000,0.9989,0.99981,0.9989,0.99925,114190.53874
1678399200000,0.99946,0.99962,0.9985,0.9989,780379.75526
1678395600000,0.9996,0.9996,0.99946,0.99946,46375.114756
1678392000000,0.9999,0.99993,0.99959,0.9996,256031.960549
1678388400000,0.99961,0.9999,0.99928,0.9999,126987.801688
1678384800000,0.99941,0.99993,0.99928,0.99961,160375.89585
1678381200000,0.99961,0.99991,0.99941,0.99941,428097.97685
1678377600000,0.99962,0.9997,0.999,0.99961,1405311.961215
1678374000000,0.99989,0.99989,0.99934,0.99962,158791.50843
1678370400000,0.99982,0.9999,0.9996,0.99989,137519.672486
1678366800000,0.99959,0.9999,0.9993,0.99982,49338.235868
1678363200000,0.99968,0.99968,0.99926,0.99959,93748.818021
1678359600000,0.99961,0.99968,0.99937,0.99968,5578.281512
1678356000000,0.99935,0.99961,0.99935,0.99961,711.445216
1678352400000,0.99961,0.99961,0.99935,0.99935,21520.120129
1678348800000,0.99961,0.99961,0.99937,0.99961,22527.54925
1678345200000,0.99937,0.99961,0.99937,0.99961,2535
1678341600000,0.9997,0.9997,0.99937,0.99937,150042.760275
1678338000000,0.99972,0.9998,0.99968,0.9997,3137.028839
1678334400000,0.9999,0.9999,0.99972,0.99972,3663.831061
1678330800000,0.99972,0.9999,0.99972,0.9999,15309.82631
1678327200000,0.99965,0.99989,0.99965,0.99972,16485.09743
1678323600000,0.99972,0.9999,0.99965,0.99965,56136.745403
1678320000000,0.99965,0.99983,0.99965,0.99972,47018.833694
1678316400000,0.9998,0.99993,0.99954,0.99965,220135.505525
1678312800000,0.99995,0.99995,0.9994,0.9998,130757.613731
1678309200000,0.99991,0.99995,0.9999,0.99995,34615.170991
1678305600000,0.99975,0.99992,0.99968,0.99991,130158.747176
1678302000000,0.99942,0.99975,0.99942,0.99975,39507.334011
1678298400000,0.99982,0.99983,0.99941,0.99942,146854.549792
1678294800000,0.9999,0.9999,0.999,0.99982,670929.572625
1678291200000,0.9996,0.9999,0.9996,0.9999,12609.508256
1678287600000,0.9996,0.99989,0.9996,0.9996,29823.084663
1678284000000,0.99996,0.99997,0.9993,0.9996,178152.381592
1678280400000,0.99975,0.99996,0.99975,0.99996,17465.9732
1678276800000,0.9996,0.99975,0.99915,0.99975,50651.457818
1678273200000,0.99959,0.9996,0.99955,0.9996,3880.134257
1678269600000,0.99959,0.99959,0.99905,0.99959,66914.392532
1678266000000,0.99955,0.99959,0.9992,0.99959,6733.1798
1678262400000,0.99955,0.99955,0.99955,0.99955,4000
1678258800000,0.99936,0.99967,0.99925,0.99955,166929.198827
1678255200000,0.99959,0.99991,0.99936,0.99936,126618.999679
1678251600000,0.9998,0.99994,0.99959,0.99959,67133.475226
1678248000000,0.99975,0.9998,0.99959,0.9998,116560.201042
1678244400000,0.9996,0.99975,0.9996,0.99975,37168.503731
1678240800000,0.99959,0.99971,0.99903,0.9996,530439.576096
1678237200000,1.00003,1.00003,0.9991,0.99959,1879281.551569
1678233600000,0.9999,1.00003,0.9999,1.00003,147688.137563
1678230000000,0.99997,0.99997,0.9999,0.9999,43715.073421
1678226400000,0.99996,0.99997,0.99991,0.99997,316861.599939
1678222800000,0.99976,0.99997,0.99975,0.99996,48208.743308
1678219200000,0.99905,0.99976,0.99905,0.99976,11053.961441
1678215600000,0.99904,0.99935,0.99903,0.99905,86014.600318
1678212000000,0.9992,0.9993,0.99903,0.99904,137768.094796
1678208400000,0.9991,0.9992,0.999,0.9992,699366.514843
1678204800000,0.99999,1,0.99851,0.9991,2641817.566938
1678201200000,0.99981,0.99999,0.99951,0.99999,342269.562123
1678197600000,0.99978,0.99981,0.9996,0.99981,147211.553528
1678194000000,0.9996,0.99978,0.9996,0.99978,3398.95763
1678190400000,0.99955,0.99961,0.99955,0.9996,12657.903281
1678186800000,0.99955,0.99976,0.99954,0.99955,51028.79157
1678183200000,0.99962,0.9998,0.99955,0.99955,33702.657129
1678179600000,0.99962,0.99962,0.99962,0.99962,1000
1678176000000,0.99964,0.9998,0.99962,0.99962,6876.375657
1678172400000,0.99981,0.99981,0.99961,0.99964,12757.937164
1678168800000,1,1,0.99961,0.99981,219575.188695
1678165200000,0.99995,1.00002,0.99992,1,34550.661885
1678161600000,0.99995,1.00001,0.99995,0.99995,8014.26412
1678158000000,0.99992,0.99995,0.99982,0.99995,8443.193963
1678154400000,0.99982,0.99995,0.99982,0.99992,19062.913911
1678150800000,0.99985,1.00003,0.99965,0.99982,474923.845048
1678147200000,0.99992,1.00002,0.99985,0.99985,221048.799517
1678143600000,0.99992,0.99992,0.99992,0.99992,0
1678140000000,0.9999,0.99992,0.9999,0.99992,4728.681983
1678136400000,0.99979,0.99993,0.99964,0.9999,59431.040562
1678132800000,0.99998,0.99998,0.99978,0.99979,38997.24861
1678129200000,0.99995,1.00002,0.99957,0.99998,149556.573092
1678125600000,0.99992,1.00001,0.99992,0.99995,20548.861702
1678122000000,0.99983,0.99999,0.9997,0.99992,126037.507035
1678118400000,0.99996,1.00002,0.99983,0.99983,138094.179857
1678114800000,0.99995,1.00001,0.99995,0.99996,55938.465484
1678111200000,0.99995,1.00001,0.99995,0.99995,16617.021674
1678107600000,0.99996,0.99996,0.99995,0.99995,34647.395478
1678104000000,0.99995,1.00002,0.99993,0.99996,22266.283476
1678100400000,0.99996,0.99996,0.99995,0.99995,2655.162103
1678096800000,0.99998,1.00001,0.99987,0.99996,7420.144028
1678093200000,0.99998,0.99998,0.99998,0.99998,0
1678089600000,1,1,0.9999,0.99998,1917.932321
1678086000000,1,1,1,1,14.388059
1678082400000,0.99988,1,0.99988,1,671.436318
1678078800000,0.99991,1.00002,0.99988,0.99988,37847.866251
1678075200000,0.99992,1.00002,0.9999,0.99991,19518.611102
1678071600000,0.99992,1.00002,0.9999,0.99992,9146.93479
1678068000000,1.00002,1.00002,0.99992,0.99992,1519.434298
1678064400000,0.99992,1.00002,0.99992,1.00002,13181.279849
1678060800000,1.00002,1.00002,0.99992,0.99992,723468.470041
1678057200000,0.99995,1.00002,0.99993,1.00002,61965.03506
1678053600000,1.00002,1.00002,0.99995,0.99995,3621.943392
1678050000000,1,1.00002,0.9999,1.00002,557357.918095
1678046400000,1.00002,1.00002,0.99991,1,59450.821908
1678042800000,1,1.00002,0.99991,1.00002,10372.49507
1678039200000,1.00002,1.00002,1,1,1058.259275
1678035600000,0.99993,1.00002,0.99991,1.00002,44169.742036
1678032000000,0.99991,1,0.99991,0.99993,2549.123959
1678028400000,1.00003,1.00003,0.99991,0.99991,3056.221928
1678024800000,1.00001,1.00003,0.9999,1.00003,314770.708877
1678021200000,1.00002,1.00002,0.9999,1.00001,25583.894218
1678017600000,1.00002,1.00002,1.00001,1.00002,1462.125246
1678014000000,0.9999,1.00002,0.9999,1.00002,35686.386274
1678010400000,0.99995,0.99995,0.9999,0.9999,1000
1678006800000,1,1,0.99995,0.99995,6.657786
1678003200000,0.99999,1,0.99995,1,126.378109
1677999600000,0.99999,0.99999,0.99999,0.99999,0
1677996000000,0.99995,0.99999,0.99995,0.99999,809.9991
1677992400000,0.99992,0.99995,0.99992,0.99995,10.02899
1677988800000,0.99992,0.99992,0.99992,0.99992,0
1677985200000,0.99992,0.99992,0.99985,0.99992,2979.516563
1677981600000,0.99986,0.99995,0.99985,0.99992,30587.423514
1677978000000,1.00021,1.00021,0.99983,0.99986,63043.545725
1677974400000,0.99997,1.00021,0.99997,1.00021,52137.942692
1677970800000,0.99988,0.99999,0.99988,0.99997,509.745549
1677967200000,0.99988,1.0002,0.99988,0.99988,36368.077859
1677963600000,0.99989,0.99989,0.99987,0.99988,15289.377496
1677960000000,0.99989,0.99989,0.99989,0.99989,490.089551
1677956400000,0.9999,0.9999,0.99989,0.99989,57154.730196
1677952800000,0.99986,0.9999,0.99986,0.9999,144.298507
1677949200000,1.0001,1.00021,0.99986,0.99986,28660.855347
1677945600000,0.99998,1.0001,0.99989,1.0001,16759.975722
1677942000000,0.99986,0.99998,0.99986,0.99998,4763.880458
1677938400000,0.99991,0.99998,0.99986,0.99986,21504.886461
1677934800000,0.99995,1.00021,0.9999,0.99991,29361.710348
1677931200000,0.99995,0.99995,0.99987,0.99995,1537.875709
1677927600000,0.99988,0.99995,0.99985,0.99995,48797.771144
1677924000000,0.99988,0.99988,0.99988,0.99988,96.527363
1677920400000,1.00009,1.0001,0.99988,0.99988,2648.274704
1677916800000,1.00008,1.00009,0.99991,1.00009,68722.572843
1677913200000,1.00008,1.00008,0.99996,1.00008,618.00947
1677909600000,0.99998,1.00008,0.99986,1.00008,516545.68983
1677906000000,0.99986,0.99998,0.99986,0.99998,410.497511
1677902400000,1,1,0.99986,0.99986,1096.066966
1677898800000,0.99991,1,0.9999,1,17057.126057
1677895200000,0.99998,0.99999,0.99991,0.99991,1217.784357
1677891600000,0.99993,0.99998,0.99993,0.99998,6068.498917
1677888000000,0.99989,1,0.99979,0.99993,272624.986923
1677884400000,1,1,0.99989,0.99989,10287.743702
1677880800000,0.9998,1,0.9998,1,50068.236452
1677877200000,0.99999,1,0.9998,0.9998,33045.812211
1677873600000,1,1,0.99992,0.99999,128990.925109
1677870000000,0.99993,1,0.99991,1,163352.323298
1677866400000,0.99992,1,0.99978,0.99993,68895.303127
1677862800000,0.99998,0.99999,0.99976,0.99992,29437.30058
1677859200000,0.99976,0.99998,0.99975,0.99998,39042.639983
1677855600000,0.99979,0.99997,0.99975,0.99976,160999.35128
1677852000000,0.99991,0.99993,0.99976,0.99979,68809.462222
1677848400000,0.99992,0.99992,0.99991,0.99991,35500.300655
1677844800000,1,1,0.99989,0.99992,77907.360089
1677841200000,0.99989,1,0.99989,1,18644.774329
1677837600000,0.99994,0.99994,0.99989,0.99989,135993.400622
1677834000000,0.99994,0.99999,0.99994,0.99994,1798.141466
1677830400000,1,1,0.99994,0.99994,1180
1677826800000,1,1,1,1,69.499404
1677823200000,0.99991,1,0.99991,1,12384.78059
1677819600000,1,1,0.99991,0.99991,19757.717328
1677816000000,0.9999,1,0.9999,1,19897.543436
1677812400000,1,1,0.9999,0.9999,41612.02358
1677808800000,0.99985,1,0.99975,1,1552391.902985
1677805200000,0.99975,0.99985,0.99972,0.99985,4553.173033
1677801600000,0.99971,0.99984,0.99971,0.99975,35876.094044
1677798000000,0.99983,0.99988,0.99971,0.99971,11906.509699
1677794400000,0.99977,0.99988,0.99971,0.99983,70957.488483
1677790800000,0.99978,0.99989,0.99977,0.99977,50672.937091
1677787200000,0.99977,0.99978,0.99977,0.99978,33135.376815
1677783600000,0.99978,0.99978,0.99977,0.99977,45598.23852
1677780000000,0.99977,0.99978,0.99977,0.99978,139594.709236
1677776400000,0.99978,0.99978,0.99969,0.99977,85788.23399
1677772800000,0.99971,0.9998,0.99971,0.99978,57144.737509
1677769200000,0.99969,0.9998,0.99969,0.99971,27534.382445
1677765600000,0.9998,0.99988,0.99969,0.99969,193040.880987
1677762000000,0.99989,0.99989,0.99978,0.9998,137167.523434
1677758400000,0.99985,0.9999,0.99985,0.99989,17374.04405
1677754800000,0.99991,0.99991,0.99985,0.99985,9400.995024
1677751200000,0.9999,0.99991,0.9999,0.99991,740.994135
1677747600000,0.99991,0.99991,0.9999,0.9999,2400
1677744000000,0.99991,0.99992,0.99984,0.99991,34526.139878
1677740400000,0.99996,0.99997,0.99991,0.99991,8150.822247
1677736800000,0.99996,0.99996,0.99984,0.99996,15995.019429
1677733200000,0.99996,0.99996,0.99996,0.99996,1192.247421
1677729600000,0.99994,0.99998,0.99984,0.99996,16382.930545
1677726000000,0.99982,0.99999,0.99982,0.99994,94323.065904
1677722400000,0.99998,0.99998,0.99982,0.99982,30697.531236
1677718800000,0.99984,0.99999,0.99983,0.99998,44376.644613
1677715200000,1.00004,1.00004,0.99983,0.99984,46535.744131
1677711600000,0.99983,1.00004,0.99983,1.00004,53709.325585
1677708000000,0.99983,1.00004,0.99983,0.99983,56378.120053
1677704400000,0.99992,1.00004,0.99983,0.99983,125268.429829
1677700800000,0.99985,0.99998,0.99981,0.99992,111373.10003
1677697200000,0.99993,1.00002,0.99985,0.99985,18936.549744
1677693600000,0.99981,1.00004,0.99981,0.99993,33882.727572
1677690000000,0.99974,1.00004,0.99974,0.99981,282126.134976
1677686400000,0.99988,0.99989,0.99974,0.99974,45095.643029
1677682800000,0.99981,0.99989,0.99976,0.99988,51096.912121
1677679200000,0.9998,0.99989,0.99974,0.99981,33284.903812
1677675600000,0.99987,0.9999,0.9998,0.9998,19057.694372
1677672000000,0.9999,0.9999,0.99987,0.99987,1097.51
1677668400000,0.99973,0.99994,0.99973,0.9999,2016.250797
1677664800000,0.99969,0.99997,0.99969,0.99973,115949.615333
1677661200000,0.99969,0.99991,0.99969,0.99969,6584.554068
1677657600000,0.9997,0.99981,0.99969,0.99969,57198.595223
1677654000000,0.99991,0.99991,0.9997,0.9997,8095.003193
1677650400000,0.99992,0.99997,0.99971,0.99991,42497.385111
1677646800000,0.99969,0.99997,0.99969,0.99992,85728.811153
1677643200000,0.99995,0.99995,0.99969,0.99969,43589.295231
1677639600000,0.99969,0.99995,0.99969,0.99995,58394.541893
1677636000000,0.99975,0.9998,0.99969,0.99969,81914.334557
1677632400000,0.99974,0.9998,0.99974,0.99975,38653.846722
1677628800000,0.99979,0.99979,0.99972,0.99974,4666.812168
1677625200000,0.99969,0.99979,0.99969,0.99979,33354.745634
1677621600000,0.9998,0.9998,0.99969,0.99969,141760.816873
1677618000000,0.99992,0.99992,0.99978,0.9998,68047.005072
1677614400000,0.9998,0.99992,0.9998,0.99992,25467.35762
1677610800000,0.9997,0.99992,0.9997,0.9998,169971.871811
1677607200000,0.9997,0.99992,0.99967,0.9997,146019.469739
1677603600000,0.99982,0.99991,0.99966,0.9997,83566.263989
1677600000000,1.00045,1.00045,0.99982,0.99982,26875.377621
1677596400000,0.9998,1.00045,0.9998,1.00045,65914.094797
1677592800000,0.9998,0.9999,0.9998,0.9998,45124.175969
1677589200000,0.9998,0.99989,0.9998,0.9998,32167.578109
1677585600000,0.99989,0.99989,0.9998,0.9998,9333
1677582000000,0.9998,0.99989,0.9998,0.99989,1756.059367
1677578400000,0.99967,0.99987,0.99966,0.9998,62113.033046
1677574800000,0.99967,0.9998,0.99967,0.99967,4160.715149
1677571200000,0.9998,0.99981,0.99967,0.99967,4000
1677567600000,0.99975,0.99992,0.99972,0.9998,17483.617083
1677564000000,0.99989,0.99989,0.99975,0.99975,9009
1677560400000,0.99983,0.99989,0.99983,0.99989,1333.509353
1677556800000,0.99983,0.99992,0.99983,0.99983,15835.118006
1677553200000,1,1.00007,0.99983,0.99983,162983.932861
1677549600000,1.00008,1.0001,1,1,77379.29128
1677546000000,1.00006,1.00008,1,1.00008,159895.777533
1677542400000,0.99995,1.00008,0.99995,1.00006,106022.520166
1677538800000,0.9999,0.99995,0.9999,0.99995,23169.293967
1677535200000,0.9999,0.99992,0.9999,0.9999,23039.538844
1677531600000,0.99989,1.00001,0.99989,0.9999,225949.592503
1677528000000,0.99989,0.9999,0.99966,0.99989,165475.97833
1677524400000,0.99981,0.99989,0.9998,0.99989,61262.631358
1677520800000,0.9998,0.99989,0.9998,0.99981,33950.383225
1677517200000,0.99986,0.99987,0.9998,0.9998,79338.636228
1677513600000,0.99969,0.9999,0.99969,0.99986,85342.486218
1677510000000,0.99986,0.99988,0.99969,0.99969,47912.715168
1677506400000,0.9998,0.99988,0.99966,0.99986,54801.920757
1677502800000,0.99966,0.99983,0.99966,0.9998,9466.989367
1677499200000,0.99983,0.99983,0.99966,0.99966,25623.226174
1677495600000,0.99966,0.99983,0.99966,0.99983,116.42786
1677492000000,0.9998,0.9998,0.99965,0.99966,29602.4
1677488400000,0.99981,0.99985,0.99973,0.9998,7607.471979
1677484800000,0.99981,0.99981,0.99973,0.99981,1596.527363
1677481200000,0.99981,0.99981,0.99981,0.99981,14.388059
1677477600000,0.99973,0.99981,0.99973,0.99981,195.527363
1677474000000,0.99992,0.99993,0.99973,0.99973,68375.480446
1677470400000,0.99992,0.99993,0.99992,0.99992,949.533894
1677466800000,0.99992,0.99992,0.99992,0.99992,0
1677463200000,0.99992,0.99993,0.99992,0.99992,266.982908
1677459600000,0.99992,0.99993,0.99979,0.99992,6821.809411
1677456000000,0.99992,0.99995,0.99979,0.99992,9053.15977
1677452400000,0.99993,0.99994,0.99981,0.99992,2668.173638
1677448800000,0.99993,0.99995,0.99992,0.99993,4994.420793
1677445200000,0.99981,0.99993,0.99979,0.99993,5049.833515
1677441600000,0.99991,0.99995,0.9998,0.99981,25792.154344
1677438000000,0.99978,0.99991,0.99978,0.99991,7484.730033
1677434400000,0.99973,0.99989,0.99973,0.99978,2427.996234
1677430800000,0.99989,0.99989,0.99972,0.99973,104208.19526
1677427200000,0.99986,0.99991,0.9998,0.99989,14553.127905
1677423600000,0.99992,0.99992,0.99986,0.99986,1995.026405
1677420000000,0.99995,0.99995,0.99984,0.99992,5280.182395
1677416400000,0.99986,0.99995,0.99986,0.99995,980.199004
1677412800000,0.99986,0.99986,0.99986,0.99986,149.863689
1677409200000,0.99986,0.99986,0.99986,0.99986,933.714246
1677405600000,0.99986,0.99986,0.99986,0.99986,0
1677402000000,0.99986,0.99986,0.99986,0.99986,3696.493879
1677398400000,0.99986,0.99986,0.99986,0.99986,2000.280038
1677394800000,0.99986,0.99986,0.99986,0.99986,452.600509
1677391200000,0.99986,0.99986,0.99986,0.99986,487.769507
1677387600000,0.99984,0.99986,0.99984,0.99986,1708.604426
1677384000000,0.99986,0.99986,0.99984,0.99984,3890.750909
1677380400000,1.00003,1.00006,0.99986,0.99986,18330.246033
1677376800000,0.99992,1.00003,0.99992,1.00003,4297.958753
1677373200000,0.99998,1.00003,0.99985,0.99992,45657.733986
1677369600000,0.99985,0.99998,0.99985,0.99998,1020.746267
1677366000000,0.99998,0.99998,0.99985,0.99985,140.902244
1677362400000,1.00004,1.00004,0.99982,0.99998,9968.41791
1677358800000,0.99972,1.00004,0.99965,1.00004,68378.386565
1677355200000,0.99967,1.00003,0.99961,0.99972,79766.738946
1677351600000,0.99999,0.99999,0.99967,0.99967,13175.776585
1677348000000,1.00002,1.00002,0.99967,0.99999,12859.360489
1677344400000,1.00003,1.00003,0.99963,1.00002,40202.366859
1677340800000,0.99953,1.00003,0.99951,1.00003,228788.145322
1677337200000,0.99992,0.99992,0.99953,0.99953,100445.603394
1677333600000,0.99968,0.99993,0.99966,0.99992,38708.574617
1677330000000,0.99981,0.99993,0.99967,0.99968,8713.420136
1677326400000,0.99994,0.99994,0.99967,0.99981,11917.151626
1677322800000,0.99994,0.99994,0.99994,0.99994,19741.536368
1677319200000,0.99975,0.99994,0.99975,0.99994,33370.401438
1677315600000,0.99966,0.99975,0.99966,0.99975,836.965174
1677312000000,0.99966,0.99987,0.99966,0.99966,12840.437171
1677308400000,0.99966,0.9998,0.99966,0.99966,2743.800994
1677304800000,0.99975,0.99987,0.99966,0.99966,2203.371269
1677301200000,0.99993,0.99993,0.99966,0.99975,16482.069912
1677297600000,0.9998,0.99993,0.9997,0.99993,6132.444726
1677294000000,0.99994,0.99994,0.99954,0.9998,34640.947952
1677290400000,0.99972,0.99994,0.99972,0.99994,1487.941949
1677286800000,0.9998,0.99993,0.99964,0.99972,3790.142638
1677283200000,0.99962,0.99995,0.99962,0.9998,11272.260394
1677279600000,1,1.00001,0.99962,0.99962,138446.466919
1677276000000,0.99999,1.00001,0.9998,1,153205.485746
1677272400000,0.9997,0.99999,0.9997,0.99999,237290.56384
1677268800000,0.99979,0.99979,0.9997,0.9997,4767.357889
1677265200000,0.99972,0.99979,0.99962,0.99979,142375.768262
1677261600000,0.99979,0.9998,0.99971,0.99972,62897.990734
1677258000000,0.99973,0.99979,0.99971,0.99979,100519.863303
1677254400000,0.9998,0.9998,0.99973,0.99973,14293.784407
1677250800000,0.9998,0.99982,0.99956,0.9998,129631.980312
1677247200000,0.99982,0.99982,0.99965,0.9998,27991.670144
1677243600000,0.99985,0.99985,0.99966,0.99982,32257.025111
1677240000000,0.9997,0.99985,0.9997,0.99985,11000.1739
1677236400000,0.9995,0.9997,0.99933,0.9997,42417.400961
1677232800000,0.99927,0.9995,0.99927,0.9995,440.220111
1677229200000,0.9995,0.99951,0.99927,0.99927,12797.306175
1677225600000,0.99998,0.99998,0.99927,0.9995,65135.273004
1677222000000,0.9998,0.99998,0.9998,0.99998,122113.350603
1677218400000,0.9996,0.9998,0.99931,0.9998,102610.540049
1677214800000,0.9996,0.9996,0.9995,0.9996,236169.951791
1677211200000,0.9996,0.9996,0.9995,0.9996,1872.123293
1677207600000,0.99958,0.9996,0.99931,0.9996,53830.928222
1677204000000,0.9996,0.9996,0.99952,0.99958,12732.174484
1677200400000,0.99991,0.99991,0.99953,0.9996,13322.719656
1677196800000,0.99973,0.99991,0.99947,0.99991,63448.073922
1677193200000,0.99961,0.99995,0.99961,0.99973,104817.797435
1677189600000,0.9999,0.9999,0.99923,0.99961,204724.904064
1677186000000,0.99969,0.99992,0.99928,0.9999,107891.827785
1677182400000,0.99928,0.99969,0.99928,0.99969,17378.875621
1677178800000,0.9995,0.99973,0.99928,0.99928,29279.846199
1677175200000,0.9995,0.9999,0.999,0.9995,152673.395992
1677171600000,0.99924,0.99963,0.999,0.9995,367146.694674
1677168000000,0.99916,0.99951,0.99916,0.99924,69238.595261
1677164400000,0.99985,0.99985,0.9981,0.99916,414337.418067
1677160800000,0.99981,0.99998,0.99979,0.99985,21822.03261
1677157200000,0.99981,1.0001,0.99981,0.99981,95391.490621
1677153600000,0.99981,1.00009,0.99981,0.99981,17632.199296
1677150000000,1.00002,1.00014,0.99981,0.99981,40126.126432
1677146400000,1.00002,1.00002,1.00002,1.00002,602.500994
1677142800000,1.00002,1.00002,1.00001,1.00002,2500.570794
1677139200000,0.9996,1.00002,0.99951,1.00002,71264.645754
1677135600000,0.99997,0.99997,0.99951,0.9996,48980.213849
1677132000000,0.99997,0.99997,0.99997,0.99997,244.806163
1677128400000,0.99981,0.99997,0.99965,0.99997,22380.466385
1677124800000,0.99961,1,0.99961,0.99981,31934.557315
1677121200000,0.99966,1,0.99951,0.99961,54153.123996
1677117600000,0.9998,0.99981,0.9992,0.99966,95068.754655
1677114000000,0.9996,0.99998,0.99951,0.9998,30783.549721
1677110400000,0.99981,0.99994,0.99951,0.9996,17402.52605
1677106800000,0.99994,0.99994,0.99973,0.99981,226350.81243
1677103200000,1,1,0.9998,0.99994,97779.987474
1677099600000,0.99995,1,0.9999,1,170110.615886
1677096000000,0.99992,1.00044,0.99981,0.99995,276832.541614
1677092400000,0.99993,1.0003,0.99992,0.99992,35596.770607
1677088800000,1.00019,1.00019,0.99993,0.99993,17700.791251
1677085200000,0.99993,1.00019,0.99974,1.00019,113508.371052
1677081600000,1.00008,1.00019,0.99984,0.99993,52150.530556
1677078000000,0.99998,1.0003,0.99993,1.00008,37778.895891
1677074400000,0.9999,1.00004,0.9999,0.99998,10906.644265
1677070800000,0.99995,0.99995,0.99982,0.9999,77426.063264
1677067200000,1.00006,1.00006,0.99993,0.99995,1140.048688
1677063600000,1.00007,1.00007,0.9998,1.00006,13279.08467
1677060000000,1.00007,1.00008,1.00005,1.00007,2887.675558
1677056400000,0.99999,1.00047,0.99993,1.00007,155126.654596
1677052800000,1.00004,1.00047,0.99981,0.99999,64567.122159
1677049200000,1.00004,1.00004,1.00004,1.00004,0
1677045600000,1.00007,1.00047,1.00004,1.00004,4395.545007
1677042000000,1.00007,1.0002,1.00007,1.00007,3077.799571
1677038400000,1.00007,1.00008,1.00007,1.00007,496.96275
1677034800000,1.00006,1.00048,1.00005,1.00007,9842.508571
1677031200000,1.00048,1.00048,0.99994,1.00006,2885.13247
1677027600000,0.99995,1.00048,0.99983,1.00048,596252.572771
1677024000000,0.99992,0.99995,0.99981,0.99995,8757.718389
1677020400000,0.9998,0.99995,0.9998,0.99992,57117.835786
1677016800000,0.99989,0.99994,0.9998,0.9998,67390.146932
1677013200000,0.9999,0.9999,0.99973,0.99989,101858.85468
1677009600000,0.99987,0.9999,0.99975,0.9999,44691.350869
1677006000000,0.99967,0.99987,0.99951,0.99987,42223.018272
1677002400000,0.99987,0.99987,0.99951,0.99967,37826.184742
1676998800000,0.9995,0.99988,0.9995,0.99987,95537.68177
1676995200000,0.9997,0.9997,0.9995,0.9995,16404.95207
1676991600000,0.99976,0.99979,0.99862,0.9997,120582.69645
1676988000000,0.9995,0.99976,0.9995,0.99976,10142.100056
1676984400000,0.99953,0.99953,0.9995,0.9995,32781.47442
1676980800000,0.9995,0.99954,0.9995,0.99953,3881.040154
1676977200000,0.99951,0.99954,0.9995,0.9995,6628.903456
1676973600000,0.99951,0.99951,0.9995,0.99951,4955.847098
1676970000000,0.99951,0.99958,0.99906,0.99951,337425.229332
1676966400000,0.9995,0.99951,0.99934,0.99951,2356.553222
1676962800000,0.99936,0.9995,0.99936,0.9995,14048.669254
1676959200000,0.99986,0.99986,0.99936,0.99936,31991.37815
1676955600000,0.9997,0.99986,0.99959,0.99986,21402.494753
1676952000000,0.99965,0.99986,0.99961,0.9997,10079.714344
1676948400000,0.9998,0.99982,0.99959,0.99965,18591.994955
1676944800000,0.99992,0.99992,0.99964,0.9998,4005.262619
1676941200000,0.99993,0.99993,0.99992,0.99992,5550.863342
1676937600000,0.9995,0.99993,0.9995,0.99993,45267.639822
1676934000000,0.99945,0.99951,0.99945,0.9995,3222.420915
1676930400000,0.99926,0.9999,0.999,0.99945,179615.550298
1676926800000,0.99951,0.99953,0.99926,0.99926,30509.36631
1676923200000,0.99959,0.99961,0.99934,0.99951,29922.538132
1676919600000,0.99959,0.99961,0.99959,0.99959,28973.51742
1676916000000,0.99928,0.99963,0.99928,0.99959,97993.324911
1676912400000,0.99974,0.99975,0.99928,0.99928,76653.915836
1676908800000,0.99954,0.99975,0.99954,0.99974,17098.269459
1676905200000,0.9998,0.99981,0.99954,0.99954,62672.343232
1676901600000,0.99993,0.99996,0.9998,0.9998,26167.844258
1676898000000,0.9998,0.99993,0.9998,0.99993,4101.539859
1676894400000,0.99993,0.99997,0.9998,0.9998,19806.080987
1676890800000,0.9999,0.99997,0.9999,0.99993,7303.947367
1676887200000,0.9999,0.9999,0.9999,0.9999,424.329734
1676883600000,0.9999,0.9999,0.9999,0.9999,2433
1676880000000,0.99991,0.99991,0.9999,0.9999,2362.692308
1676876400000,0.99991,0.99991,0.99991,0.99991,14.388059
1676872800000,0.99991,0.99991,0.99991,0.99991,8076.88458
1676869200000,0.99971,0.99996,0.99971,0.99991,75775.120223
1676865600000,0.99971,0.99989,0.99934,0.99971,70522.63649
1676862000000,0.99971,0.99971,0.99944,0.99971,4550.7009
1676858400000,0.99982,0.99982,0.99944,0.99971,12697.856072
1676854800000,0.9997,0.99982,0.9997,0.99982,3314.837033
1676851200000,0.9997,0.99981,0.9997,0.9997,4663.60867
1676847600000,0.9998,0.99981,0.9997,0.9997,12214.091021
1676844000000,0.99971,0.99982,0.99971,0.9998,7764.765063
1676840400000,0.99945,0.99971,0.99945,0.99971,3712.11439
1676836800000,0.9998,0.9998,0.99944,0.99945,23262.319072
1676833200000,0.9997,0.99992,0.9997,0.9998,24544.872958
1676829600000,0.99953,0.9999,0.99953,0.9997,5090.698134
1676826000000,0.99962,0.99995,0.99953,0.99953,72411.621291
1676822400000,0.99989,0.99998,0.99962,0.99962,116684.523834
1676818800000,0.99974,0.99989,0.9997,0.99989,8222.954627
1676815200000,0.99951,0.99975,0.9995,0.99974,6309.845254
1676811600000,0.99951,0.99951,0.99951,0.99951,0
1676808000000,0.99929,0.99951,0.99929,0.99951,8627.193669
1676804400000,0.99951,0.99951,0.99929,0.99929,3866.8
1676800800000,0.99923,0.99951,0.99923,0.99951,456.875246
1676797200000,0.99924,0.9995,0.99923,0.99923,74022.740538
1676793600000,0.9999,0.9999,0.99924,0.99924,35121.961522
1676790000000,0.9995,0.9999,0.9995,0.9999,21629.75244
1676786400000,0.99945,0.99955,0.99935,0.9995,885.615875
1676782800000,0.9995,0.99954,0.99945,0.99945,35.839142
1676779200000,0.99946,0.99971,0.99927,0.9995,13928.203755
1676775600000,0.99991,0.99991,0.99946,0.99946,4739.636067
1676772000000,0.99971,0.99991,0.99971,0.99991,43454.59486
1676768400000,0.9995,0.99972,0.99922,0.99971,20309.329033
1676764800000,0.99971,0.99971,0.9992,0.9995,15778.711677
1676761200000,0.99971,0.99971,0.99936,0.99971,1146.278606
1676757600000,0.99975,0.99975,0.99936,0.99971,6007.26841
1676754000000,0.99941,0.99975,0.99941,0.99975,393.079502
1676750400000,0.99975,0.99976,0.99941,0.99941,4064.808272
1676746800000,0.99973,0.99992,0.99935,0.99975,14599.174712
1676743200000,0.99954,0.99992,0.99954,0.99973,4088.646395
1676739600000,0.99991,0.99991,0.99954,0.99954,4798.552534
1676736000000,0.9995,0.99991,0.9995,0.99991,14110.732186
1676732400000,0.9995,0.99998,0.99861,0.9995,131457.523602
1676728800000,0.9995,0.9995,0.99862,0.9995,37374.416266
1676725200000,0.9995,0.99955,0.9995,0.9995,30559.636521
1676721600000,1.00008,1.00008,0.9981,0.9995,371822.06509
1676718000000,1,1.00008,1,1.00008,1130.729215
1676714400000,1,1,1,1,105
1676710800000,0.9998,1,0.9998,1,103257.718288
1676707200000,0.99981,0.99981,0.9998,0.9998,266.539866
1676703600000,0.99973,0.9999,0.9997,0.99981,53036.667789
1676700000000,0.99997,0.99997,0.99973,0.99973,9170.185505
1676696400000,0.99966,0.99997,0.9985,0.99997,44272.919104
1676692800000,0.99972,0.99997,0.99873,0.99966,71857.289876
1676689200000,0.9996,0.99998,0.99934,0.99972,57631.695326
1676685600000,0.9996,0.99982,0.99905,0.9996,44493.132815
1676682000000,0.9995,0.99961,0.9991,0.9996,4071.976394
1676678400000,0.9998,0.9998,0.99901,0.9995,8466.844362
1676674800000,0.9998,0.99981,0.99925,0.9998,21720.192824
1676671200000,0.9995,0.99985,0.9995,0.9998,10760.47048
1676667600000,1.00008,1.00008,0.9995,0.9995,198966.313321
1676664000000,0.99961,1.0001,0.99961,1.00008,14538.554957
1676660400000,0.99971,1.00013,0.99961,0.99961,48359.533052
1676656800000,0.99972,1.00014,0.99954,0.99971,54885.628456
1676653200000,0.99998,1.00037,0.99972,0.99972,165624.759505
1676649600000,1,1.00007,0.99951,0.99998,69075.599542
1676646000000,0.99992,1,0.9995,1,146889.751632
1676642400000,1.00008,1.00039,0.99992,0.99992,50387.223225
1676638800000,0.99992,1.00008,0.99992,1.00008,15850.83694
1676635200000,1.00004,1.00017,0.99992,0.99992,156190.850158
1676631600000,1.00005,1.00008,1.00004,1.00004,4129.385767
1676628000000,1.00008,1.00008,1.00005,1.00005,9992
1676624400000,0.99992,1.00049,0.99992,1.00008,25382.973689
1676620800000,0.99992,1.00022,0.99992,0.99992,7915.827345
1676617200000,0.99992,0.99992,0.99992,0.99992,7624.79656
1676613600000,0.99992,1.00004,0.99992,0.99992,6231.12407
1676610000000,1.00007,1.00007,0.99992,0.99992,6433.055938
1676606400000,0.99992,1.00007,0.99992,1.00007,11986.046292
1676602800000,0.99993,1,0.99992,0.99992,43296.379407
1676599200000,0.99992,0.99999,0.99992,0.99993,22539.003093
1676595600000,0.99999,1,0.99992,0.99992,232129.342454
1676592000000,0.99973,0.99999,0.99964,0.99999,183394.885894
1676588400000,0.99974,0.99995,0.99973,0.99973,20124.452737
1676584800000,0.9998,0.99999,0.99955,0.99974,154433.942495
1676581200000,0.99969,0.99995,0.99955,0.9998,127259.91132
1676577600000,0.99954,0.99969,0.99954,0.99969,8034.516466
1676574000000,0.9998,0.9998,0.99954,0.99954,57163.106964
1676570400000,0.99999,0.99999,0.99951,0.9998,151957.736934
1676566800000,0.9995,0.99999,0.9995,0.99999,237607.456622
1676563200000,0.99951,0.9996,0.9995,0.9995,96213.318873
1676559600000,0.99953,0.99964,0.9993,0.99951,137076.36602
1676556000000,0.99973,0.99992,0.99939,0.99953,111495.224122
1676552400000,0.9996,0.99997,0.99951,0.99973,17541.514932
1676548800000,0.9997,0.9997,0.99935,0.9996,16298.920037
1676545200000,0.99972,0.99981,0.99941,0.9997,13115.285029
1676541600000,0.99999,0.99999,0.99972,0.99972,13259.504913
1676538000000,0.99963,0.99999,0.99963,0.99999,45688.735908
1676534400000,0.99963,0.99963,0.99963,0.99963,0
1676530800000,0.9995,0.99963,0.9995,0.99963,2450.497511
1676527200000,0.99961,0.99961,0.99929,0.9995,26681.797464
1676523600000,0.9998,0.99999,0.9993,0.99961,25435.270806
1676520000000,0.99983,0.99999,0.99972,0.9998,21960.459994
1676516400000,0.99999,1,0.99983,0.99983,23554.143613
1676512800000,0.9995,0.99999,0.99929,0.99999,123891.519798
1676509200000,0.99951,0.99967,0.99921,0.9995,72830.931879
1676505600000,0.99996,1.00009,0.99951,0.99951,189632.810778
1676502000000,0.99988,0.99997,0.99988,0.99996,47531.967309
1676498400000,0.99968,0.99999,0.99811,0.99988,686896.429167
1676494800000,0.9997,1,0.99862,0.99968,355585.705818
1676491200000,0.9998,0.99991,0.99901,0.9997,88614.664732
1676487600000,0.9997,0.99981,0.99901,0.9998,76513.226009
1676484000000,0.99994,0.99994,0.99921,0.9997,122891.660305
1676480400000,0.9998,0.99994,0.99961,0.99994,23068.452171
1676476800000,0.9996,0.9998,0.9981,0.9998,400099.289829
1676473200000,1.00012,1.00012,0.9996,0.9996,26998.096374
1676469600000,0.9995,1.00017,0.99884,1.00012,160040.178758
1676466000000,0.9995,0.99951,0.99801,0.9995,73055.406401
1676462400000,0.99982,0.99985,0.99722,0.9995,389458.124872
1676458800000,0.99981,0.99989,0.9996,0.99982,5594.226749
1676455200000,0.9999,0.9999,0.99972,0.99981,6605.015249
1676451600000,0.9995,0.9999,0.99916,0.9999,17107.310997
1676448000000,0.9995,0.99951,0.99916,0.9995,48551.271865
1676444400000,0.99951,0.99951,0.99925,0.9995,2588.531479
1676440800000,0.99958,0.99958,0.99902,0.99951,29146.614035
1676437200000,0.99954,0.99958,0.99954,0.99958,562.825868
1676433600000,0.99924,0.99954,0.99924,0.99954,2098.115504
1676430000000,0.99989,0.99989,0.99924,0.99924,25622.431716
1676426400000,0.9995,0.99989,0.99888,0.99989,138185.757951
1676422800000,0.99967,0.99988,0.99902,0.9995,26747.54801
1676419200000,0.9995,0.99967,0.99862,0.99967,26865.741803
1676415600000,0.99981,0.99998,0.9972,0.9995,532955.366764
1676412000000,0.9995,0.99999,0.99849,0.99981,230559.057729
1676408400000,0.99991,0.99991,0.9985,0.9995,294723.741031
1676404800000,0.99965,1.00027,0.99965,0.99991,28033.512618
1676401200000,0.99992,0.99997,0.99964,0.99965,9928.994473
1676397600000,0.9995,0.99997,0.99901,0.99992,94493.69982
1676394000000,0.9995,0.99963,0.9977,0.9995,253913.694793
1676390400000,0.99961,0.99981,0.9995,0.9995,18501.343147
1676386800000,0.9997,0.99986,0.9995,0.99961,30610.497472
1676383200000,0.99853,0.99992,0.99848,0.9997,94359.949123
1676379600000,0.99993,0.99998,0.99813,0.99853,41648.624068
1676376000000,1.00008,1.00025,0.9981,0.99993,323512.032936
1676372400000,0.99993,1.00025,0.99993,1.00008,16006.553066
1676368800000,1.00025,1.00025,0.99993,0.99993,876.403389
1676365200000,0.99981,1.00025,0.99981,1.00025,7497.204922
1676361600000,1.0001,1.00017,0.99981,0.99981,4305.067656
1676358000000,1.0001,1.0001,0.99992,1.0001,2355.427928
1676354400000,0.9997,1.0001,0.9996,1.0001,6073.292921
1676350800000,0.99967,1,0.9993,0.9997,10430.569082
1676347200000,0.99949,0.99967,0.99813,0.99967,116524.107733
1676343600000,0.99956,0.99956,0.99813,0.99949,13352.773186
1676340000000,0.99963,0.99963,0.99813,0.99956,73282.753294
1676336400000,0.99955,0.99966,0.99955,0.99963,13206.53576
1676332800000,0.99955,0.99961,0.99901,0.99955,8947.196057
1676329200000,0.99966,0.99966,0.99878,0.99955,46802.11428
1676325600000,0.99947,0.99966,0.99923,0.99966,5547.728488
1676322000000,0.99944,0.99966,0.99896,0.99947,212890.074784
1676318400000,0.99993,0.99993,0.99872,0.99944,109705.50786
1676314800000,0.99924,1.00049,0.99869,0.99993,418257.476769
1676311200000,0.99915,1.00049,0.99915,0.99924,342874.020894
1676307600000,0.99954,0.99993,0.9985,0.99915,337500.534568
1676304000000,0.99993,1.00007,0.99954,0.99954,140784.162107
1676300400000,1.00019,1.00076,0.99972,0.99993,133199.355298
1676296800000,0.99992,1.00099,0.99981,1.00019,143884.469932
1676293200000,0.9998,1.00008,0.99965,0.99992,24356.853315
1676289600000,0.99952,0.99985,0.99952,0.9998,11101.699973
1676286000000,0.99987,0.99987,0.99952,0.99952,45428.57859
1676282400000,0.99974,0.99987,0.99974,0.99987,631.769687
1676278800000,0.99983,0.99983,0.99974,0.99974,490
1676275200000,0.99984,0.99984,0.9998,0.99983,1464.521958
1676271600000,0.9996,0.99984,0.9996,0.99984,4356.66802
1676268000000,0.99957,0.99995,0.99954,0.9996,23058.184756
1676264400000,0.9998,0.99992,0.99957,0.99957,15799.488007
1676260800000,0.9998,0.99997,0.9998,0.9998,12911.007402
1676257200000,0.9998,0.99993,0.9998,0.9998,960.93731
1676253600000,0.9998,0.9998,0.9998,0.9998,4489.37163
1676250000000,0.9998,0.99991,0.9998,0.9998,6274.211102
1676246400000,0.99993,0.99993,0.9998,0.9998,670
1676242800000,0.99971,0.99993,0.99964,0.99993,13087.963795
1676239200000,0.99952,0.99971,0.99952,0.99971,1500.019006
1676235600000,1.00003,1.00017,0.99952,0.99952,76096.354686
1676232000000,0.99954,1.00003,0.99953,1.00003,33483.63817
1676228400000,0.9997,0.9997,0.99952,0.99954,34975.602396
1676224800000,0.99965,0.99993,0.99964,0.9997,7810.64562
1676221200000,0.9996,0.99965,0.99952,0.99965,5762.136725
1676217600000,0.99962,0.99963,0.99959,0.9996,605.90487
1676214000000,0.99952,0.99962,0.99952,0.99962,151.014961
1676210400000,0.99955,0.99955,0.99952,0.99952,25330
1676206800000,0.99952,0.99956,0.99952,0.99955,22856.232094
1676203200000,0.99956,0.99956,0.99952,0.99952,113.452736
1676199600000,0.99956,0.99956,0.99956,0.99956,254
1676196000000,0.99963,0.99963,0.99956,0.99956,300
1676192400000,0.99952,0.99963,0.99952,0.99963,525.163363
1676188800000,0.99952,0.99952,0.99952,0.99952,0
1676185200000,0.99952,0.99963,0.99952,0.99952,2055.160827
1676181600000,0.99952,0.99967,0.99952,0.99952,33360.994863
1676178000000,0.99952,0.99952,0.99952,0.99952,0
1676174400000,0.99952,0.99952,0.99952,0.99952,999
1676170800000,0.99952,0.9998,0.99952,0.99952,20921.231477
1676167200000,0.99989,0.99989,0.99952,0.99952,53339.671372
1676163600000,0.99977,0.99989,0.99964,0.99989,13633.960259
1676160000000,0.99977,0.99977,0.99977,0.99977,0
1676156400000,0.99967,0.99977,0.9996,0.99977,1388.559676
1676152800000,0.99964,0.99975,0.99952,0.99967,4311.221288
1676149200000,1.00003,1.00003,0.99951,0.99964,312828.25392
1676145600000,1.00003,1.00035,1.00003,1.00003,17282.242552
1676142000000,1.00005,1.00005,1.00003,1.00003,29909.324001
1676138400000,1.00005,1.00005,1.00005,1.00005,4828
1676134800000,1.00029,1.0003,1.00005,1.00005,37924.708336
1676131200000,1.00028,1.0003,1.00005,1.00029,32054.718691
1676127600000,1.00028,1.0003,1.00028,1.00028,1794.332477
1676124000000,1.0003,1.00035,1.00028,1.00028,1958.874026
1676120400000,1.00025,1.0003,1.00025,1.0003,3243.304545
1676116800000,1.00035,1.00035,1.00025,1.00025,400.26037
1676113200000,1.00028,1.00035,1.00028,1.00035,3159.485077
1676109600000,1.00028,1.00028,1.00028,1.00028,156.067638
1676106000000,1.00028,1.00028,1.00028,1.00028,0
1676102400000,1.00019,1.00028,1.00019,1.00028,99.962011
1676098800000,1.00019,1.00029,1.00019,1.00019,9377.887149
1676095200000,1.0004,1.0009,1.00019,1.00019,1755.00489
1676091600000,1.0004,1.0004,1.0004,1.0004,0
1676088000000,1.00031,1.001,1.00031,1.0004,28006.648154
1676084400000,1.0009,1.0009,1.00031,1.00031,2929.608267
1676080800000,1.0004,1.00099,1.00031,1.0009,14543.53937
1676077200000,1.00007,1.001,1.00007,1.0004,110612.948876
1676073600000,1.00018,1.0002,1.00007,1.00007,23959
1676070000000,1.00031,1.0009,1.00018,1.00018,63721.488519
1676066400000,1.00088,1.00088,1.00019,1.00031,12782.831654
1676062800000,1.00004,1.00088,1.00004,1.00088,23411.366184
1676059200000,1.00098,1.00098,1.00004,1.00004,18397.039758
1676055600000,0.99998,1.00099,0.9998,1.00098,196434.814173
1676052000000,1.00012,1.00062,0.99981,0.99998,49201.744119
1676048400000,0.99992,1.00013,0.99983,1.00012,30247.210786
1676044800000,1.00014,1.0025,0.99992,0.99992,95080.857384
1676041200000,1.00051,1.00491,0.99981,1.00014,129820.149152
1676037600000,1.00172,1.00497,1,1.00051,123649.320515
1676034000000,1.00371,1.00371,1.00022,1.00172,44673.086267
1676030400000,0.99975,1.00372,0.99963,1.00371,539871.793574
1676026800000,0.99991,0.99991,0.99975,0.99975,28605
1676023200000,0.99983,0.99991,0.99976,0.99991,8754.784477
1676019600000,0.99983,0.99983,0.99983,0.99983,0
1676016000000,0.99927,0.99983,0.99927,0.99983,5755.494752
1676012400000,0.99961,0.99961,0.999,0.99927,82234.441119
1676008800000,1.00008,1.00008,0.999,0.99961,102705.535142
1676005200000,0.9996,1.00029,0.9996,1.00008,14113.04417
1676001600000,1.0002,1.0002,0.9951,0.9996,261859.77776
1675998000000,1.00021,1.00059,0.99921,1.0002,46536.919021
1675994400000,0.9998,1.00021,0.9994,1.00021,22144.549956
1675990800000,1.00008,1.00029,0.99947,0.9998,41286.622119
1675987200000,0.99993,1.00008,0.9995,1.00008,211803.574729
1675983600000,1.00008,1.00048,0.99952,0.99993,118887.68626
1675980000000,0.99955,1.00033,0.99953,1.00008,68054.490944
1675976400000,1.0005,1.0005,0.99955,0.99955,115821.064017
1675972800000,1.00198,1.00198,0.99991,1.0005,133475.348075
1675969200000,0.99997,1.00242,0.99997,1.00198,151334.40101
1675965600000,1.00009,1.00009,0.99991,0.99997,23685.371986
1675962000000,0.99973,1.00009,0.99973,1.00009,19967.042708
1675958400000,0.99992,1.0002,0.99972,0.99973,73913.960186
1675954800000,0.99972,1.0001,0.99972,0.99992,44358.081913
1675951200000,0.99992,1.00039,0.99972,0.99972,178445.118254
1675947600000,1.0004,1.0004,0.99982,0.99992,21975.683029
1675944000000,1.0003,1.0004,0.99981,1.0004,39850.261496
1675940400000,1.00031,1.00031,1,1.0003,2494.180342
1675936800000,0.99995,1.00031,0.99995,1.00031,6977.483066
1675933200000,1.00009,1.00009,0.99995,0.99995,3024.85
1675929600000,0.99981,1.00009,0.99981,1.00009,4782.997101
1675926000000,0.99998,0.99998,0.99981,0.99981,6306.210723
1675922400000,1.00014,1.0003,0.99982,0.99998,16815.177443
1675918800000,0.99997,1.00014,0.99981,1.00014,37938.88489
1675915200000,0.99993,0.99997,0.9998,0.99997,8179.136659
1675911600000,1.00007,1.0003,0.99973,0.99993,77997.277256
1675908000000,0.99992,1.00026,0.99978,1.00007,22966.98742
1675904400000,0.99997,1.00044,0.99978,0.99992,26753.56561
1675900800000,0.99992,1.00049,0.99976,0.99997,33141.109503
1675897200000,0.99999,1.0002,0.99972,0.99992,47082.638636
1675893600000,1.00058,1.00059,0.99996,0.99999,40472.463353
1675890000000,0.99972,1.00058,0.99972,1.00058,78589.670861
1675886400000,0.99998,0.99999,0.99971,0.99972,98861.678605
1675882800000,0.99983,1,0.9998,0.99998,34175.114359
1675879200000,0.99994,0.99999,0.99972,0.99983,33654.828282
1675875600000,1,1,0.99976,0.99994,23510.674295
1675872000000,0.99973,1,0.99973,1,70747.570997
1675868400000,0.99978,0.9999,0.99973,0.99973,20130.668309
1675864800000,0.9999,0.9999,0.9992,0.99978,558356.260879
1675861200000,0.99988,0.99995,0.99979,0.9999,32899.237185
1675857600000,0.99979,0.99989,0.99979,0.99988,11535.696405
1675854000000,0.99993,0.99993,0.99979,0.99979,31115.397949
1675850400000,0.99994,0.99994,0.9999,0.99993,4384.208856
1675846800000,1.00008,1.0002,0.99994,0.99994,73183.829154
1675843200000,1.00001,1.00008,1.00001,1.00008,5305.343814
1675839600000,0.99979,1.0007,0.99979,1.00001,9585.179053
1675836000000,0.99999,1.00029,0.99979,0.99979,48082.960093
1675832400000,0.99979,1.00007,0.99979,0.99999,65722.528911
1675828800000,1.0004,1.00181,0.99979,0.99979,153450.760837
1675825200000,0.99995,1.00149,0.99992,1.0004,317134.39521
1675821600000,1.0003,1.0003,0.99993,0.99995,20995.661046
1675818000000,0.99993,1.0003,0.99992,1.0003,10322.485544
1675814400000,0.99993,1.00039,0.99991,0.99993,25649.833936
1675810800000,1.00096,1.00096,0.99993,0.99993,33005.944552
1675807200000,1.00007,1.001,0.9998,1.00096,85697.807018
1675803600000,0.9998,1.00009,0.99979,1.00007,51782.317217
1675800000000,0.99977,1.00009,0.99977,0.9998,27189.381937
1675796400000,1.0001,1.0001,0.99977,0.99977,251010.62624
1675792800000,1,1.0001,1,1.0001,53268.840237
1675789200000,1.0004,1.001,1,1,116177.131037
1675785600000,1.00099,1.00228,1.00029,1.0004,125019.508708
1675782000000,1.00067,1.0015,0.99993,1.00099,282356.900335
1675778400000,1.0002,1.00088,0.99993,1.00067,98868.649542
1675774800000,0.99994,1.0005,0.99994,1.0002,31075.404825
1675771200000,1.0002,1.0002,0.99994,0.99994,296.120622
1675767600000,0.99994,1.0002,0.99994,1.0002,1068.492428
1675764000000,1.0002,1.0002,0.99981,0.99994,20135.500837
1675760400000,1.00035,1.00035,1.0002,1.0002,5000
1675756800000,1.0001,1.00036,1.0001,1.00035,4086.881209
1675753200000,1.00011,1.00044,1.0001,1.0001,16149.782003
1675749600000,0.99999,1.00017,0.9998,1.00011,38583.254057
1675746000000,1.00006,1.00017,0.99976,0.99999,29408.968641
1675742400000,0.99976,1.00024,0.99976,1.00006,24242.799603
1675738800000,0.9998,0.9998,0.99976,0.99976,26531.395846
1675735200000,0.99976,0.9998,0.99976,0.9998,11381.69405
1675731600000,0.99991,0.99991,0.99976,0.99976,17565.835774
1675728000000,0.99999,1.00008,0.99977,0.99991,108899.546028
1675724400000,0.99999,1.00049,0.99999,0.99999,18921.30604
1675720800000,1.00002,1.0002,0.99999,0.99999,22264.195686
1675717200000,1.00005,1.001,0.99999,1.00002,401955.511811
1675713600000,1.00005,1.00006,1,1.00005,37445.617046
1675710000000,1.00005,1.00006,1.00005,1.00005,15211.958434
1675706400000,1.0005,1.0007,1.00005,1.00005,159855.609753
1675702800000,1,1.0005,1,1.0005,52367.251459
1675699200000,1.0002,1.0003,1,1,122188.563854
1675695600000,1.00017,1.0003,1.00005,1.0002,60541.873702
1675692000000,1.00005,1.001,1.00005,1.00017,364000.535567
1675688400000,1.00023,1.00026,1.00005,1.00005,66270.089603
1675684800000,1.00008,1.00023,1.00007,1.00023,9808.443636
1675681200000,1.00007,1.00008,1.00007,1.00008,27.842942
1675677600000,1.00005,1.00021,1,1.00007,29237.184159
1675674000000,1.00019,1.0002,1.00005,1.00005,167402.03778
1675670400000,1.00033,1.00059,1.00019,1.00019,67561.396969
1675666800000,1.0003,1.00038,1.00009,1.00033,17009.936176
1675663200000,1.00028,1.0003,1.00028,1.0003,1977.86339
1675659600000,1.00077,1.00077,1.00009,1.00028,15580.61257
1675656000000,1.00053,1.00083,1.00014,1.00077,13774.987141
1675652400000,1.0003,1.00054,1.00008,1.00053,20104.875133
1675648800000,1.00009,1.0003,1.00009,1.0003,7444.679734
1675645200000,1.0002,1.00031,1.00009,1.00009,20060.075584
1675641600000,1.00009,1.0003,1.00009,1.0002,7520.2473
1675638000000,1.00009,1.0003,1.00009,1.00009,13013.23798
1675634400000,1.00009,1.0002,1.00009,1.00009,463.001135
1675630800000,1.0002,1.0002,1.00009,1.00009,1316.999504
1675627200000,1.00009,1.00031,1.00009,1.0002,2647.801701
1675623600000,1.00008,1.00031,1.00008,1.00009,8087.027803
1675620000000,1.00033,1.00033,1.00008,1.00008,30014.861983
1675616400000,1.00067,1.00067,1.00014,1.00033,3504.58038
1675612800000,1.00008,1.00067,1.00008,1.00067,27614.275076
1675609200000,1.00044,1.00044,1.00008,1.00008,348.550129
1675605600000,1.0001,1.00059,1.00008,1.00044,19895.049616
1675602000000,1.00009,1.0001,1.00008,1.0001,3100.971054
1675598400000,1.00007,1.0001,1.00007,1.00009,3135.737462
1675594800000,1.00108,1.00108,1.00007,1.00007,7036.427899
1675591200000,1.00108,1.00108,1.00108,1.00108,0
1675587600000,1.00012,1.00108,1.00012,1.00108,5995.936148
1675584000000,1.00006,1.00113,1.00006,1.00012,9469.396007
1675580400000,1.00006,1.00006,1.00006,1.00006,0
1675576800000,1.00006,1.00006,1.00006,1.00006,8444.644907
1675573200000,1.00006,1.00008,1.00006,1.00006,25640.220338
1675569600000,1.00145,1.00145,1.00006,1.00006,34082.163668
1675566000000,1.00009,1.00145,1.00008,1.00145,32017.511329
1675562400000,1.00229,1.00229,1.00008,1.00009,16615.56355
1675558800000,1.00014,1.00229,1.00006,1.00229,54458.205314
1675555200000,1.00008,1.00029,1.00005,1.00014,19156.790634
1675551600000,1.00005,1.00029,1.00005,1.00008,2410.195898
1675548000000,1.0001,1.00029,1.00005,1.00005,19997.652443
1675544400000,1.00099,1.00099,1.0001,1.0001,34250.615135
1675540800000,1.00099,1.00099,1.00014,1.00099,999.024766
1675537200000,1.0001,1.00099,1.0001,1.00099,2331.837744
1675533600000,1.00023,1.0005,1.0001,1.0001,31599.594694
1675530000000,1.0002,1.00031,1.00019,1.00023,13655.561477
1675526400000,1.0004,1.00228,1.00019,1.0002,46900.737301
1675522800000,1.00169,1.00177,1.00006,1.0004,57222.256886
1675519200000,1.0003,1.00169,1.00005,1.00169,12363.786822
1675515600000,1.00005,1.00229,1.00005,1.0003,80303.803853
1675512000000,0.99998,1.00005,0.99998,1.00005,956.397842
1675508400000,0.99992,0.99998,0.99979,0.99998,22621.5736
1675504800000,0.99991,0.99992,0.9999,0.99992,12300
1675501200000,0.99992,0.99992,0.99991,0.99991,250
1675497600000,0.99992,1.00007,0.99992,0.99992,1588.989908
1675494000000,1.00001,1.00001,0.9999,0.99992,116382.719896
1675490400000,1,1.00008,1,1.00001,9846.987733
1675486800000,1.00001,1.0003,1,1,2460.827186
1675483200000,1.0003,1.0003,1,1.00001,103155.341026
1675479600000,1.00005,1.00089,1.00005,1.0003,15339.555424
1675476000000,1.00005,1.0002,1.00005,1.00005,45592.818853
1675472400000,1.00008,1.0023,1.00005,1.00005,58770.330508
1675468800000,1.0002,1.00419,1.00006,1.00008,110292.268795
1675465200000,1.00008,1.0002,1.00006,1.0002,54918.382879
1675461600000,1.00001,1.0002,1.00001,1.00008,18063.826052
1675458000000,1.0001,1.0002,0.99987,1.00001,49446.585713
1675454400000,1.0002,1.0002,1.0001,1.0001,55008.571643
1675450800000,1.00008,1.0002,1.00008,1.0002,148418.054027
1675447200000,1.00008,1.0002,1.00008,1.00008,66749.066123
1675443600000,0.99979,1.00019,0.99979,1.00008,62707.120852
1675440000000,0.99979,0.99991,0.99979,0.99979,41905.420435
1675436400000,0.99976,0.9998,0.99976,0.99979,7489.972414
1675432800000,0.99976,0.9998,0.99976,0.99976,33402.119402
1675429200000,0.99981,0.99991,0.99976,0.99976,39657.677557
1675425600000,0.9996,0.99981,0.9996,0.99981,1013.226161
1675422000000,1.00019,1.00019,0.9996,0.9996,358584.927417
1675418400000,1.0002,1.0002,0.9998,1.00019,19447.967502
1675414800000,0.99981,1.0002,0.9998,1.0002,9657.018426
1675411200000,1,1,0.99981,0.99981,3573.054726
1675407600000,0.99967,1.0002,0.99967,1,25841.797635
1675404000000,0.99981,0.99992,0.99967,0.99967,14689.109101
1675400400000,1.00005,1.00019,0.99981,0.99981,15398.286521
1675396800000,1.00008,1.00008,1,1.00005,10379.639525
1675393200000,1,1.0002,0.99981,1.00008,24456.16633
1675389600000,1.00008,1.00019,0.9997,1,43750.356345
1675386000000,0.9998,1.00019,0.99961,1.00008,173960.100994
1675382400000,0.99991,0.99999,0.9997,0.9998,12687.060121
1675378800000,0.99981,1.0001,0.99981,0.99991,25624.64059
1675375200000,1,1,0.99954,0.99981,30017.944621
1675371600000,0.99954,1.0001,0.99953,1,45613.610198
1675368000000,0.9997,0.99981,0.99952,0.99954,47081.846406
1675364400000,0.9997,1.00009,0.9997,0.9997,23144.346882
1675360800000,0.99982,1,0.99969,0.9997,116208.33313
1675357200000,0.99974,0.99982,0.99952,0.99982,155579.895792
1675353600000,0.99999,1.00018,0.99964,0.99974,81945.160864
1675350000000,1.00007,1.0002,0.99964,0.99999,371927.798084
1675346400000,1.0001,1.0002,0.99992,1.00007,45331.602082
1675342800000,0.99992,1.0002,0.99992,1.0001,125355.152415
1675339200000,0.99992,1.00019,0.99981,0.99992,139310.139799
1675335600000,0.99996,0.99996,0.9998,0.99992,1668.472739
1675332000000,0.99924,0.99996,0.9992,0.99996,123525.938873
1675328400000,0.99952,0.99992,0.9992,0.99924,289329.524167
1675324800000,0.99935,0.99952,0.99933,0.99952,1190.558169
1675321200000,0.99997,0.99997,0.99934,0.99935,110410.198884
1675317600000,0.99998,0.99998,0.9999,0.99997,2697.646388
1675314000000,0.99992,0.99998,0.99992,0.99998,8548.982428
1675310400000,0.99983,0.99992,0.99971,0.99992,7051.133211
1675306800000,0.99958,0.99992,0.99958,0.99983,8987.865248
1675303200000,0.99996,0.99999,0.99958,0.99958,53152.44408
1675299600000,0.99974,0.99996,0.99945,0.99996,205677.16064
1675296000000,0.99971,0.99974,0.9996,0.99974,26177.943011
1675292400000,0.99965,0.9998,0.99965,0.99971,6347.694514
1675288800000,0.99952,0.9999,0.99952,0.99965,19071.473454
1675285200000,0.99968,0.99982,0.99925,0.99952,142023.248756
1675281600000,0.99997,1,0.99952,0.99968,278504.844752
1675278000000,0.99981,0.99997,0.9996,0.99997,66423.080572
1675274400000,0.99981,0.99982,0.99956,0.99981,50852.753624
1675270800000,0.9998,0.99981,0.99971,0.99981,46306.52931
1675267200000,0.99981,0.99981,0.9998,0.9998,8706.57877
1675263600000,0.99981,0.99982,0.9998,0.99981,124957.24841
1675260000000,0.99981,0.99992,0.99981,0.99981,10901.29684
1675256400000,0.9998,0.99992,0.9998,0.99981,22662.745475
1675252800000,0.9998,0.99989,0.9995,0.9998,5152.711157
1675249200000,0.99963,0.9999,0.99929,0.9998,22656.220344
1675245600000,0.99944,0.99963,0.99944,0.99963,4225.312628
1675242000000,0.99923,0.99946,0.99923,0.99944,8656.29555
1675238400000,0.99923,0.99946,0.99923,0.99923,9827.975161
1675234800000,0.99923,0.99946,0.99923,0.99923,14400.1074
1675231200000,0.9996,0.9996,0.99923,0.99923,2717.294478
1675227600000,0.9998,0.99995,0.99923,0.9996,109888.518589
1675224000000,0.99991,0.99991,0.9996,0.9998,18221.331257
1675220400000,0.99991,0.99992,0.9996,0.99991,63320.609421
1675216800000,0.9996,0.99992,0.9996,0.99991,7438.450456
1675213200000,0.99974,0.99996,0.99928,0.9996,224535.011426
1675209600000,0.99999,0.99999,0.99934,0.99974,205710.680822
1675206000000,0.99949,0.99999,0.99949,0.99999,69802.325278
1675202400000,0.99928,0.99972,0.99928,0.99949,32920.850498
1675198800000,0.99999,0.99999,0.99928,0.99928,77790.778512
1675195200000,0.99998,0.99999,0.96,0.99999,2346883.629603
1675191600000,0.99996,0.99998,0.99971,0.99998,85579.509503
1675188000000,1,1.00035,0.99991,0.99996,58960.632319
1675184400000,1.00008,1.00037,1,1,56654.688614
1675180800000,0.99992,1.00039,0.99992,1.00008,276712.301936
1675177200000,0.99994,0.99994,0.9998,0.99992,13617.0785
1675173600000,0.99994,0.99994,0.9998,0.99994,31974.706855
1675170000000,1.00033,1.00039,0.99982,0.99994,69289.828686
1675166400000,1.00025,1.00038,1,1.00033,31775.845867
1675162800000,1.00005,1.00025,1.00001,1.00025,5543.493509
1675159200000,1.00031,1.00031,1.00005,1.00005,9846.012915
1675155600000,1.00006,1.00031,1.00006,1.00031,2003.639357
1675152000000,1.0003,1.0003,1.00006,1.00006,12.388115
1675148400000,1.0003,1.00039,1.00006,1.0003,4298.444772
1675144800000,0.99986,1.0003,0.99981,1.0003,78705.650083
1675141200000,0.99988,0.99988,0.99986,0.99986,15965.207863
1675137600000,0.99988,0.99988,0.99981,0.99988,11363.593153
1675134000000,0.99981,0.99988,0.99981,0.99988,20351.578336
1675130400000,1.0003,1.00039,0.99981,0.99981,59948.704693
1675126800000,1.0002,1.00039,1,1.0003,81186.048142
1675123200000,1.00002,1.0003,1.00002,1.0002,5732.688594
1675119600000,0.99995,1.0004,0.99995,1.00002,682664.111728
1675116000000,0.99995,1.00009,0.99995,0.99995,128471.48263
1675112400000,1.00004,1.0001,0.99995,0.99995,105209.303108
1675108800000,0.99993,1.00005,0.99965,1.00004,75865.605868
1675105200000,0.99993,1.00005,0.99993,0.99993,288995.153286
1675101600000,0.99999,0.99999,0.9994,0.99993,376816.414376
1675098000000,0.99972,0.99999,0.9994,0.99999,264765.730191
1675094400000,1.00001,1.00075,0.99972,0.99972,610404.726481
1675090800000,1.00009,1.00009,1,1.00001,53512
1675087200000,0.99982,1.00009,0.9996,1.00009,96436.358722
1675083600000,1.00052,1.007,0.9997,0.99982,55548.01147
1675080000000,0.99981,1.0075,0.99961,1.00052,320865.107886
1675076400000,0.99999,0.99999,0.9995,0.99981,40235.021856
1675072800000,0.99982,0.99999,0.99981,0.99999,7908.872595
1675069200000,0.99999,1,0.99982,0.99982,24666.016599
1675065600000,1,1,0.99985,0.99999,4963.158393
1675062000000,1,1,0.99992,1,7602.473018
1675058400000,0.99998,1,0.99998,1,126274.422591
1675054800000,0.99972,0.99999,0.99972,0.99998,107774.023688
1675051200000,0.99972,0.99972,0.9995,0.99972,57107.734356
1675047600000,0.99971,0.99972,0.99971,0.99972,8260.834425
1675044000000,0.9997,0.99971,0.99916,0.99971,52133.887377
1675040400000,0.99972,0.99972,0.9997,0.9997,15142.855589
1675036800000,0.99971,0.99972,0.9997,0.99972,53944.796449
1675033200000,0.99971,0.99971,0.9997,0.99971,6667.717456
1675029600000,0.99971,0.99975,0.99964,0.99971,10100.785551
1675026000000,0.9996,0.99975,0.9996,0.99971,11040.859142
1675022400000,0.99966,0.99975,0.99917,0.9996,27821.971804
1675018800000,0.99971,0.99976,0.99923,0.99966,17947.078153
1675015200000,0.99995,0.99997,0.99938,0.99971,26495.911214
1675011600000,0.9995,0.99996,0.9995,0.99995,52703.531257
1675008000000,0.99923,0.9995,0.99923,0.9995,30467.984822
1675004400000,0.99966,0.99982,0.99923,0.99923,108021.733999
1675000800000,0.9998,0.99983,0.99966,0.99966,7108.018546
1674997200000,0.99975,0.99997,0.99967,0.9998,13410.464605
1674993600000,0.99975,0.99975,0.99975,0.99975,0
1674990000000,0.99966,0.99975,0.99966,0.99975,0.610021
1674986400000,0.99974,0.99974,0.99966,0.99966,10
1674982800000,0.99974,0.99974,0.99974,0.99974,0
1674979200000,0.99965,0.99974,0.99965,0.99974,1474.223841
1674975600000,0.99965,0.99974,0.99963,0.99965,10132.913418
1674972000000,0.99959,0.99965,0.99936,0.99965,3357.521995
1674968400000,0.9995,0.99961,0.9995,0.99959,1268.640396
1674964800000,1,1,0.99917,0.9995,93893.739842
1674961200000,0.99999,1,0.99999,1,38559.503324
1674957600000,0.9998,1,0.99975,0.99999,15619.199734
1674954000000,1,1,0.99973,0.9998,3138.023739
1674950400000,1,1,0.9999,1,32624.336444
1674946800000,0.99999,1,0.99999,1,10797.131971
1674943200000,1,1,0.99999,0.99999,7706.422145
1674939600000,0.99999,1,0.99999,1,13692.15078
1674936000000,1,1,0.99999,0.99999,11341.136026
1674932400000,1,1,0.99998,1,27656.22698
1674928800000,0.99999,1,0.99998,1,80791.57829
1674925200000,1,1,0.99999,0.99999,22320.677209
1674921600000,0.99998,1,0.99998,1,49307.861819
1674918000000,0.99998,0.99998,0.99976,0.99998,13204.166255
1674914400000,0.99998,0.99998,0.99998,0.99998,5484.213432
1674910800000,0.99998,0.99998,0.99981,0.99998,3228.115429
1674907200000,0.99998,0.99998,0.99991,0.99998,2363.015818
1674903600000,0.99998,0.99998,0.99998,0.99998,1006.008911
1674900000000,0.99998,0.99999,0.99992,0.99998,3046.99738
1674896400000,0.99998,0.99998,0.99998,0.99998,1025.055477
1674892800000,0.99998,0.99998,0.99998,0.99998,12871.456943
1674889200000,0.99991,0.99998,0.99991,0.99998,1437.938307
1674885600000,0.99992,0.99999,0.99974,0.99991,6731.822724
1674882000000,1,1,0.9993,0.99992,142928.517107
1674878400000,1,1,1,1,4082.322546
1674874800000,0.99978,1,0.99978,1,13718.841199
1674871200000,0.9998,1,0.99978,0.99978,19605.299888
1674867600000,0.9996,0.99999,0.99929,0.9998,639145.144238
1674864000000,0.99985,0.99985,0.9993,0.9996,8365.665501
1674860400000,0.99902,0.99986,0.99902,0.99985,13225.099165
1674856800000,0.99994,0.99995,0.999,0.99902,558026.436651
1674853200000,0.99998,0.99999,0.99994,0.99994,230346.881675
1674849600000,1,1,0.99994,0.99998,314097.318567
1674846000000,0.99999,1,0.99998,1,127170.306415
1674842400000,0.99998,0.99999,0.99994,0.99999,27430.902933
1674838800000,1,1.00001,0.99994,0.99998,337125.617556
1674835200000,1.00019,1.00228,1,1,438873.334724
1674831600000,1.00006,1.001,1,1.00019,104672.669284
1674828000000,1.0002,1.0002,1,1.00006,4941.621978
1674824400000,0.99999,1.0002,0.99999,1.0002,116673.097203
1674820800000,1.00008,1.0003,0.99999,0.99999,1971.485856
1674817200000,1.00008,1.0002,0.99999,1.00008,1806.512388
1674813600000,1.00039,1.00039,0.99999,1.00008,7554.612073
1674810000000,1.00008,1.00039,0.99999,1.00039,54118.975843
1674806400000,1.00008,1.00008,0.99999,1.00008,22219.637176
1674802800000,1.00001,1.00008,1.00001,1.00008,2198.761544
1674799200000,1.0004,1.0004,1.00001,1.00001,676.123703
1674795600000,1.00008,1.00125,1,1.0004,16210.636571
1674792000000,1.00001,1.00008,1.00001,1.00008,15661.035252
1674788400000,1.00007,1.00007,1.00001,1.00001,2742.943628
1674784800000,1.00212,1.00212,1.00001,1.00007,19908.907089
1674781200000,1.00217,1.00217,1.00005,1.00212,31383.25981
1674777600000,1.00008,1.00217,1.00008,1.00217,12970.634117
1674774000000,1,1.00216,1,1.00008,1133.502153
1674770400000,1.00001,1.00218,0.99999,1,95002.05485
1674766800000,0.99999,1.00001,0.99999,1.00001,26259.13254
1674763200000,0.99999,1.00001,0.99999,0.99999,55755.746076
1674759600000,1,1.00001,0.99999,0.99999,18876.558946
1674756000000,1,1.00001,1,1,61186.52385
1674752400000,1.00001,1.00001,1,1,22806.742677
1674748800000,1,1.00001,1,1.00001,4213.095361
1674745200000,1.00666,1.00666,0.99999,1,65323.998727
1674741600000,1,1.00666,0.99999,1.00666,152332.92697
1674738000000,1.00031,1.0004,0.99999,1,31508.779241
1674734400000,1.0004,1.00226,1.00031,1.00031,156071.658804
1674730800000,1.0003,1.0004,1.0003,1.0004,48.176796
1674727200000,0.99999,1.00153,0.99999,1.0003,35418.865592
1674723600000,0.99999,0.99999,0.99999,0.99999,0
1674720000000,1.00007,1.00007,0.99999,0.99999,207221.55023
1674716400000,1.00008,1.00008,1.00007,1.00007,2414.83499
1674712800000,1.00039,1.00039,1,1.00008,18764.340515
1674709200000,1,1.00039,1,1.00039,12540.983679
1674705600000,1.00007,1.00007,1,1,1140.568946
1674702000000,1.00009,1.00009,0.99999,1.00007,548882.738999
1674698400000,1.00009,1.0001,0.99999,1.00009,47429.897984
1674694800000,0.99993,1.00009,0.99993,1.00009,90769.502641
1674691200000,0.99997,0.99999,0.99993,0.99993,213052.166153
1674687600000,0.99981,1.0001,0.9997,0.99997,227139.784935
1674684000000,1.04979,1.04979,0.99981,0.99981,8187.231164
1674680400000,0.9995,1.0498,0.99934,1.04979,1114320.93085
1674676800000,0.99941,1.00019,0.99941,0.9995,189282.694853
1674673200000,0.9995,1.00025,0.99941,0.99941,38642.712653
1674669600000,1.00008,1.00128,0.9995,0.9995,96103.19915
1674666000000,1.0018,1.0018,0.99948,1.00008,502195.334024
1674662400000,1,1.0018,0.9999,1.0018,68270.051675
1674658800000,0.99986,1.00012,0.99973,1,315844.985561
1674655200000,0.99951,0.99986,0.99951,0.99986,55396.848353
1674651600000,0.99957,0.99963,0.9992,0.99951,31956.429668
1674648000000,0.99986,0.99986,0.99927,0.99957,19204.23439
1674644400000,0.9999,0.9999,0.99985,0.99986,12056.413497
1674640800000,0.9999,0.9999,0.9999,0.9999,14036.857187
1674637200000,0.99966,0.9999,0.99953,0.9999,10939.612417
1674633600000,0.99966,0.99966,0.9996,0.99966,212.025689
1674630000000,0.99928,0.99967,0.99928,0.99966,16085.637939
1674626400000,0.99966,0.99966,0.99907,0.99928,51237.72841
1674622800000,0.99973,0.99999,0.99951,0.99966,23583.466914
1674619200000,0.99956,0.99994,0.99951,0.99973,20677.365149
1674615600000,0.99957,0.99999,0.9995,0.99956,62855.617698
1674612000000,0.99951,0.99971,0.9995,0.99957,28229.250893
1674608400000,0.99993,0.99997,0.9993,0.99951,64904.536643
1674604800000,0.9997,0.99998,0.99952,0.99993,181322.398884
1674601200000,0.99993,0.99993,0.99921,0.9997,61781.08739
1674597600000,0.9999,0.99993,0.99844,0.99993,123684.854194
1674594000000,0.99988,0.9999,0.99965,0.9999,40625.212148
1674590400000,0.99966,0.99994,0.99965,0.99988,79387.39064
1674586800000,0.99968,0.9997,0.99894,0.99966,149449.695745
1674583200000,0.99973,0.99992,0.9994,0.99968,160150.45425
1674579600000,0.9995,0.99979,0.99801,0.99973,38344.892029
1674576000000,0.99944,0.99991,0.99808,0.9995,251556.995677
1674572400000,0.99967,0.99968,0.99228,0.99944,295154.165602
1674568800000,0.99935,0.99968,0.99804,0.99967,176350.345909
1674565200000,0.99965,0.99965,0.99935,0.99935,62637.85479
1674561600000,0.99944,0.99965,0.9994,0.99965,16457.473676
1674558000000,0.99959,0.99959,0.99911,0.99944,41361.130427
1674554400000,0.99966,0.99966,0.99927,0.99959,13714.421769
1674550800000,0.99957,0.99966,0.99927,0.99966,16896.990339
1674547200000,0.9994,0.9996,0.99928,0.99957,20897.085701
1674543600000,0.9994,0.9994,0.99928,0.9994,4990.723094
1674540000000,0.99965,0.99965,0.9994,0.9994,17724.742944
1674536400000,0.99923,0.99965,0.99923,0.99965,4649.75954
1674532800000,0.99967,0.99967,0.9992,0.99923,9995.547974
1674529200000,0.99958,0.99967,0.99914,0.99967,24581.954761
1674525600000,0.99944,0.9996,0.99912,0.99958,53112.91199
1674522000000,0.99949,0.9996,0.99814,0.99944,133461.092413
1674518400000,0.99964,0.99968,0.99949,0.99949,78795.506858
1674514800000,0.99954,0.99976,0.99906,0.99964,68559.548171
1674511200000,0.99934,0.99997,0.99934,0.99954,25624.394452
1674507600000,0.99985,0.99997,0.99934,0.99934,20671.930013
1674504000000,0.99967,0.99997,0.99955,0.99985,24920.747713
1674500400000,0.9995,0.99967,0.99912,0.99967,96576.837361
1674496800000,0.99956,0.99999,0.99919,0.9995,295308.966927
1674493200000,0.99959,0.99998,0.99908,0.99956,292589.545572
1674489600000,0.99973,0.99997,0.99959,0.99959,71976.80823
1674486000000,0.99998,0.99998,0.99971,0.99973,27165.062742
1674482400000,0.99974,0.99998,0.99958,0.99998,268462.333444
1674478800000,0.99981,0.99993,0.99963,0.99974,37377.484387
1674475200000,0.99994,0.99994,0.99981,0.99981,97.023791
1674471600000,0.99975,0.99994,0.99967,0.99994,6451.035291
1674468000000,0.99975,0.99975,0.99975,0.99975,410.849164
1674464400000,0.99973,0.99983,0.99964,0.99975,10541.600828
1674460800000,0.99973,0.99973,0.99973,0.99973,838.070149
1674457200000,0.99962,0.99973,0.99962,0.99973,800.405059
1674453600000,0.99995,0.99995,0.99962,0.99962,6489.164178
1674450000000,0.99956,0.99995,0.99956,0.99995,55698.330873
1674446400000,0.99957,0.99969,0.99956,0.99956,5153.387966
1674442800000,0.99995,0.99995,0.99955,0.99957,39031.768964
1674439200000,0.9995,0.99996,0.9995,0.99995,206537.362605
1674435600000,0.99951,0.99951,0.9995,0.9995,2986.674837
1674432000000,0.99951,0.99951,0.99908,0.99951,102475.333258
1674428400000,0.99932,0.99951,0.99932,0.99951,41973.922089
1674424800000,0.9995,0.99951,0.99932,0.99932,5361.060887
1674421200000,0.9995,0.99951,0.99932,0.9995,65035.67783
1674417600000,0.9995,0.99951,0.99918,0.9995,34541.804412
1674414000000,0.9995,0.99951,0.99927,0.9995,541218.476729
1674410400000,0.9995,0.99951,0.99926,0.9995,10641.237501
1674406800000,0.9995,0.99951,0.99926,0.9995,8758.236294
1674403200000,0.99926,0.99951,0.99924,0.9995,24484.269855
1674399600000,0.99955,0.99955,0.99926,0.99926,1882.231824
1674396000000,0.99923,0.99955,0.99923,0.99955,193694.363017
1674392400000,0.9995,0.99951,0.99923,0.99923,9087.932897
1674388800000,0.99955,0.99955,0.99923,0.9995,1531
1674385200000,0.99954,0.99955,0.99952,0.99955,5823.831617
1674381600000,0.99923,0.99954,0.99923,0.99954,190.58861
1674378000000,0.99954,0.99954,0.99923,0.99923,50
1674374400000,0.9995,0.99954,0.9995,0.99954,762.609535
1674370800000,0.9995,0.9995,0.9995,0.9995,0
1674367200000,0.99951,0.99952,0.9995,0.9995,814.896394
1674363600000,0.9995,0.99951,0.99903,0.99951,26769.248255
1674360000000,0.99952,0.99959,0.99923,0.9995,266756.974095
1674356400000,0.9996,0.9996,0.99924,0.99952,9546.276255
1674352800000,0.9996,0.9996,0.9995,0.9996,18992.739692
1674349200000,0.99957,0.9996,0.9995,0.9996,10221.567813
1674345600000,0.9995,0.99959,0.9995,0.99957,21882.212884
1674342000000,0.99958,0.99959,0.99922,0.9995,34474.877569
1674338400000,0.99958,0.99958,0.99957,0.99958,8885.329987
1674334800000,0.99954,0.99959,0.99933,0.99958,31379.981453
1674331200000,0.99959,0.99959,0.99939,0.99954,7902.308938
1674327600000,0.99994,0.99994,0.99931,0.99959,59354.347577
1674324000000,0.99998,0.99998,0.99946,0.99994,18499.712851
1674320400000,0.99947,0.99998,0.99925,0.99998,83004.174503
1674316800000,0.99947,0.99998,0.99934,0.99947,29253.049535
1674313200000,0.99958,0.99997,0.99947,0.99947,94223.875394
1674309600000,0.99985,0.99998,0.99958,0.99958,275525.89854
1674306000000,0.9995,0.99985,0.9995,0.99985,103367.345941
1674302400000,0.99961,0.99961,0.99901,0.9995,57446.588779
1674298800000,0.99924,0.99961,0.99923,0.99961,4622.396183
1674295200000,0.99944,0.99957,0.99924,0.99924,6602.581109
1674291600000,0.99967,0.99967,0.99912,0.99944,18259.202372
1674288000000,0.99962,0.99967,0.99962,0.99967,9133.506384
1674284400000,0.99962,0.99962,0.99931,0.99962,1258.409002
1674280800000,0.99934,0.99963,0.99926,0.99962,5230.658005
1674277200000,0.99951,0.99967,0.99934,0.99934,373069.237699
1674273600000,0.9995,0.99951,0.99911,0.99951,359129.864689
1674270000000,0.99926,0.99963,0.99901,0.9995,655314.194818
1674266400000,0.99957,0.99963,0.99915,0.99926,54769.761352
1674262800000,0.99986,0.99986,0.99913,0.99957,44717.705087
1674259200000,0.99934,0.99989,0.99934,0.99986,60159.992395
1674255600000,0.99949,0.99969,0.99889,0.99934,430239.012713
1674252000000,0.99944,0.99963,0.9987,0.99949,32455.481387
1674248400000,0.99972,0.99988,0.99861,0.99944,428073.434499
1674244800000,0.99949,0.99984,0.9928,0.99972,612001.350907
1674241200000,0.99952,0.99954,0.99944,0.99949,87477.141633
1674237600000,0.99969,0.99984,0.99945,0.99952,60446.14752
1674234000000,0.9998,0.99986,0.99944,0.99969,97926.452727
1674230400000,0.99944,0.99988,0.99944,0.9998,235840.882701
1674226800000,0.99979,0.99989,0.99899,0.99944,702375.69939
1674223200000,0.99971,0.99979,0.99948,0.99979,20187.779631
1674219600000,0.99975,0.99989,0.99962,0.99971,53959.101135
1674216000000,0.99975,0.99975,0.99975,0.99975,522.237982
1674212400000,0.99968,0.99979,0.9991,0.99975,18058.701189
1674208800000,0.99962,0.99968,0.99904,0.99968,46542.557607
1674205200000,0.9995,0.99976,0.9995,0.99962,2768.746418
1674201600000,0.99914,0.99951,0.99914,0.9995,9204.732024
1674198000000,0.9998,0.99993,0.99905,0.99914,41300.514754
1674194400000,0.99992,0.99993,0.9998,0.9998,664.43361
1674190800000,0.99982,0.99993,0.9998,0.99992,99051.583699
1674187200000,0.9998,0.99993,0.9997,0.99982,3062.715404
1674183600000,0.99984,0.99994,0.99971,0.9998,7846.091007
1674180000000,0.99944,0.99984,0.99944,0.99984,189112.53298
1674176400000,0.999,0.99944,0.99771,0.99944,1950058.569988
1674172800000,0.999,0.9995,0.99885,0.999,954215.22637
1674169200000,0.99999,0.99999,0.99898,0.999,1038109.736098
1674165600000,1,1,0.99999,0.99999,2254.307787
1674162000000,1,1,0.99973,1,22132.934177
1674158400000,0.99985,1,0.99973,1,76396.051762
1674154800000,0.9994,1,0.9994,0.99985,240061.747505
1674151200000,0.99924,0.99992,0.99923,0.9994,221929.853494
1674147600000,0.99949,0.99995,0.99227,0.99924,490590.728224
1674144000000,0.99992,0.99996,0.99948,0.99949,396274.968646
1674140400000,0.99996,0.99996,0.99962,0.99992,24063.76165
1674136800000,0.99995,0.99996,0.9996,0.99996,39659.065109
1674133200000,0.99971,0.99995,0.99941,0.99995,28133.171832
1674129600000,0.9997,0.99971,0.9997,0.99971,708.68388
1674126000000,0.99981,0.99982,0.99923,0.9997,48694.966152
1674122400000,0.99978,0.99981,0.99962,0.99981,3114.911163
1674118800000,0.99978,0.99978,0.99978,0.99978,0
1674115200000,0.99997,0.99997,0.99927,0.99978,41775.095593
1674111600000,0.99998,0.99998,0.99957,0.99997,12732.703427
1674108000000,0.99957,0.99998,0.99957,0.99998,7623.621366
1674104400000,0.9997,0.9997,0.99956,0.99957,2339.384745
1674100800000,0.9997,0.9997,0.99941,0.9997,31959.154858
1674097200000,0.99969,0.9997,0.99942,0.9997,130833.244716
1674093600000,0.9997,0.9997,0.99942,0.99969,10518.557805
1674090000000,0.99957,0.9997,0.99923,0.9997,6807.746499
1674086400000,0.99963,0.9997,0.99934,0.99957,16854.959053
1674082800000,0.9997,0.9997,0.99845,0.99963,19388.679502
1674079200000,0.99969,0.9997,0.99901,0.9997,26968.339133
1674075600000,0.99963,0.9997,0.9974,0.99969,364469.571117
1674072000000,0.99979,1.00174,0.99956,0.99963,78571.004123
1674068400000,1.00008,1.00017,0.99956,0.99979,69941.512032
1674064800000,0.99951,1.00008,0.99914,1.00008,231638.506872
1674061200000,0.99963,0.99999,0.99809,0.99951,310380.21418
1674057600000,0.99956,0.99976,0.99801,0.99963,161936.148496
1674054000000,1,1,0.99933,0.99956,141928.568097
1674050400000,0.9997,1,0.99943,1,42730.002175
1674046800000,0.99942,0.99973,0.99934,0.9997,32161.730383
1674043200000,0.99934,0.99971,0.99934,0.99942,8495.428472
1674039600000,0.9994,0.9997,0.99934,0.99934,59969.446148
1674036000000,0.99992,0.99992,0.9994,0.9994,128437.042746
1674032400000,0.99972,0.99998,0.99972,0.99992,19413.239298
1674028800000,0.99989,0.99989,0.9996,0.99972,9614.717669
1674025200000,0.99998,0.99998,0.9996,0.99989,208554.743497
1674021600000,0.99998,0.99998,0.99998,0.99998,240.148756
1674018000000,1.0001,1.00031,0.9998,0.99998,30244.469256