1679112000000.0,27283.3,27330.96,27235.64,27307.965,1.6e-05
1679110200000.0,27262.815,27330.96,27194.67,27283.3,0.00033488
1679108400000.0,27243.695,27292.72,27194.67,27262.815,0.00031923
1679106600000.0,27311.555,27358.93,27235.64,27243.695,0.00339068
1679104800000.0,27367.644999999997,27454.68,27276.68,27325.825,0.00038138
1679103000000.0,27370.845,27415.94,27271.21,27369.61,0.00401929
1679101200000.0,27528.885000000002,27701.04,27380.82,27398.114999999998,0.00650608
1679099400000.0,27386.965,27617.74,27156.19,27516.84,0.01124856
1679097600000.0,27223.415,27386.965,27156.19,27386.965,0.00519663
1679095800000.0,27335.625,27435.26,27223.415,27223.415,0.00365228
1679094000000.0,27449.765,27656.26,27308.3,27308.3,0.00567627
1679092200000.0,27482.934999999998,27717.53,27343.04,27408.42,0.03005515
1679090400000.0,27217.9,27435.585,26999.07,27435.585,0.01494124
1679088600000.0,26947.370000000003,27246.120000000003,26782.79,27246.120000000003,0.01517745
1679086800000.0,26755.96,26947.370000000003,26729.13,26947.370000000003,0.00030904
1679085000000.0,26756.2225,26836.56,26622.64,26755.96,0.00436253
1679083200000.0,26783.105000000003,26836.56,26729.65,26782.845,0.00030843
1679081400000.0,26783.105000000003,26836.56,26729.65,26783.105000000003,0.00030873
1679079600000.0,26716.934999999998,26836.56,26594.62,26783.105000000003,0.02557411
1679077800000.0,26452.08,26718.28,26304.16,26718.28,0.93404617
1679076000000.0,26383.54,26462.92,26304.16,26452.08,0.00409512
1679074200000.0,26489.485,26516.05,26383.54,26383.54,0.01031184
1679072400000.0,26489.485,26622.11,26409.89,26489.485,0.00186795
1679070600000.0,26436.2975,26515.52,26409.89,26462.97,0.00062463
1679068800000.0,26444.109999999997,26547.81,26409.37,26409.89,0.00409009
1679067000000.0,26369.9675,26409.629999999997,26304.16,26409.629999999997,0.00062713
1679065200000.0,26356.66,26462.39,26303.64,26383.17,0.0044216
1679063400000.0,26317.442499999997,26409.89,26146.35,26330.305,0.00852904
1679061600000.0,26449.61,26568.77,26356.765,26356.765,0.001248
1679059800000.0,26504.945,26600.0,26409.89,26409.89,0.00469919
1679058000000.0,26644.417500000003,26729.13,26504.945,26504.945,0.95769713
1679056200000.0,26586.1025,26679.25,26363.27,26639.625,0.01633707
1679054400000.0,26783.54,26944.44,26622.64,26650.945,0.00808475
1679052600000.0,26780.3675,26944.44,26609.95,26783.54,0.07136692
1679050800000.0,26672.125,26783.54,26622.64,26783.54,0.00123894
1679049000000.0,26607.510000000002,26729.13,26493.41,26668.364999999998,0.01092216
1679047200000.0,26412.385000000002,26603.75,26304.16,26603.75,0.01196221
1679045400000.0,26199.059999999998,26398.785,26093.96,26398.785,0.00759943
1679043600000.0,26093.96,26199.059999999998,26093.96,26199.059999999998,0.0
1679041800000.0,26093.96,26093.96,26093.96,26093.96,0.0
1679040000000.0,26093.96,26093.96,26093.96,26093.96,0.0
1679038200000.0,26133.982500000002,26251.45,25989.49,26093.96,0.42313221
1679036400000.0,26201.03,26201.03,26147.495,26147.495,0.0
1679034600000.0,26017.300000000003,26201.03,25833.57,26201.03,0.01187704
1679032800000.0,25781.9125,26017.3,25678.59,26017.3,0.00483127
1679031000000.0,25678.59,25756.08,25678.59,25756.08,0.0
1679029200000.0,25704.370000000003,25730.15,25678.59,25678.59,0.00032137
1679027400000.0,25781.61,25833.07,25704.370000000003,25704.370000000003,0.00032072
1679025600000.0,25776.215,25833.07,25719.36,25781.61,0.00388893
1679023800000.0,25719.36,25776.215,25719.36,25776.215,0.0
1679022000000.0,25624.520000000004,25729.64,25524.54,25719.36,0.00332041
1679020200000.0,25678.805,25833.07,25524.54,25621.95,0.00486082
1679018400000.0,25755.58,25833.07,25678.09,25678.805,0.00421064
1679016600000.0,25504.905,25755.58,25269.83,25755.58,0.00913984
1679014800000.0,25155.559999999998,25535.85,24917.51,25535.85,0.0133592
1679013000000.0,24968.82,25155.559999999998,24917.51,25155.559999999998,0.00328492
1679011200000.0,25020.13,25020.13,24968.82,24968.82,0.0
1679009400000.0,24989.29,25020.13,24958.45,25020.13,0.00367604
1679007600000.0,24958.45,24989.29,24958.45,24989.29,0.0
1679005800000.0,24958.45,24958.45,24958.45,24958.45,0.0
1679004000000.0,24944.235,24967.05,24925.72,24958.45,0.00121595
1679002200000.0,24846.625,24942.085,24767.53,24942.085,0.00409556
1679000400000.0,24718.195,24846.625,24668.86,24846.625,0.00033419
1678998600000.0,24781.23,24893.6,24668.86,24718.195,0.00851304
1678996800000.0,24905.555,24917.51,24781.23,24781.23,0.00060074
1678995000000.0,24942.524999999998,24967.54,24905.555,24905.555,0.00033118
1678993200000.0,24936.517499999998,25144.01,24817.26,24942.525,0.01614849
1678991400000.0,24743.059999999998,24892.4,24668.86,24892.4,0.00066771
1678989600000.0,24668.86,24743.059999999998,24668.86,24743.059999999998,0.0
1678987800000.0,24668.86,24668.86,24668.86,24668.86,0.0
1678986000000.0,24743.059999999998,24817.26,24668.86,24668.86,0.00066837
1678984200000.0,24846.7725,24925.72,24718.39,24743.059999999998,0.00443319
1678982400000.0,24925.72,24925.72,24871.489999999998,24871.489999999998,0.0
1678980600000.0,24893.97,24925.72,24862.22,24925.72,0.00376206
1678978800000.0,24825.395,24893.97,24704.2,24893.97,1.18244767
1678977000000.0,24867.2875,24967.05,24817.26,24864.9,0.00442542
1678975200000.0,24792.5425,24842.42,24718.39,24842.42,0.00066737
1678973400000.0,24693.79,24817.7,24570.1,24817.26,0.60796809
1678971600000.0,24656.58,24817.26,24570.1,24693.68,0.00579186
1678969800000.0,24782.86,24896.86,24619.48,24619.48,0.00403348
1678968000000.0,24839.579999999998,24896.86,24718.39,24782.86,0.00779493
1678966200000.0,24846.21,24871.535,24846.21,24871.535,0.0
1678964400000.0,24856.894999999997,24867.58,24846.21,24846.21,0.00334853
1678962600000.0,24880.5575,25020.13,24817.26,24856.895,0.00843262
1678960800000.0,24725.64,24842.42,24599.18,24842.42,0.00890341
1678959000000.0,24582.879999999997,24817.26,24422.7,24743.059999999998,0.01059795
1678957200000.0,24496.399999999998,24570.1,24422.7,24545.78,0.00481538
1678955400000.0,24584.095,24598.09,24496.4,24496.4,0.00033586
1678953600000.0,24598.09,24598.09,24584.095,24584.095,0.0
1678951800000.0,24620.8775,24668.38,24598.09,24598.09,0.02373824
1678950000000.0,24594.285,24618.95,24569.62,24608.52,0.0003362
1678948200000.0,24540.025,24594.285,24510.43,24594.285,0.00408635
1678946400000.0,24466.32,24540.025,24422.21,24540.025,0.00074532
1678944600000.0,24422.21,24466.32,24422.21,24466.32,0.0
1678942800000.0,24324.875,24422.21,24227.54,24422.21,0.00410799
1678941000000.0,24276.230000000003,24324.92,24227.54,24324.875,0.00377286
1678939200000.0,24324.92,24324.92,24276.23,24276.23,0.0
1678937400000.0,24324.92,24324.92,24324.92,24324.92,0.0
1678935600000.0,24373.565,24422.21,24324.92,24324.92,0.00033925
1678933800000.0,24422.21,24422.21,24373.565,24373.565,0.0
1678932000000.0,24373.329999999998,24422.21,24324.45,24422.21,0.0041771
1678930200000.0,24251.72,24373.33,24178.99,24373.33,0.00068123
1678928400000.0,24178.99,24251.72,24178.99,24251.72,0.0
1678926600000.0,24251.72,24324.45,24178.99,24178.99,0.0010917
1678924800000.0,24279.152499999997,24324.45,24227.54,24251.72,0.00068087
1678923000000.0,24282.545,24324.92,24240.17,24282.309999999998,0.00343225
1678921200000.0,24373.565,24422.21,24282.545,24282.545,0.00033925
1678919400000.0,24422.6525,24471.74,24324.92,24373.565,0.00517746
1678917600000.0,24483.777499999997,24618.95,24422.21,24446.975,0.00584161
1678915800000.0,24416.03,24446.975,24409.85,24446.975,0.00033891
1678914000000.0,24409.85,24416.03,24409.85,24416.03,0.0
1678912200000.0,24367.149999999998,24409.85,24324.45,24409.85,0.0038382
1678910400000.0,24324.45,24367.15,24324.45,24367.15,0.0
1678908600000.0,24336.965,24422.21,24178.99,24324.45,0.00554442
1678906800000.0,24373.565,24422.21,24324.92,24373.33,0.00101707
1678905000000.0,24385.825,24471.25,24324.92,24373.565,0.00101605
1678903200000.0,24324.7775,24422.21,24178.99,24373.565,0.00519963
1678901400000.0,24275.897500000003,24348.955,24178.99,24348.955,0.00102287
1678899600000.0,24162.75,24324.45,23919.9,24300.075,0.01545558
1678897800000.0,24227.765,24422.21,24082.2,24203.325,0.01454006
1678896000000.0,24337.210000000003,24422.7,24178.99,24203.325,0.00970583
1678894200000.0,24520.97,24668.38,24373.575,24373.575,0.01362721
1678892400000.0,24661.152499999997,24786.51,24496.4,24496.4,0.00957547
1678890600000.0,24656.822500000002,24723.8,24461.79,24644.0,0.01474504
1678888800000.0,24795.690000000002,24867.58,24720.85,24720.85,0.00376582
1678887000000.0,24937.2825,25017.67,24795.690000000002,24795.690000000002,0.00540392
1678885200000.0,24942.4825,25117.74,24817.26,24942.625,0.00915725
1678883400000.0,24748.29,25144.01,24461.79,24917.464999999997,0.04863702
1678881600000.0,24685.9925,24817.26,24570.1,24693.68,0.00545767
1678879800000.0,24555.714999999997,24786.51,24324.92,24678.305,0.01409223
1678878000000.0,24471.934999999998,24618.95,24324.92,24555.714999999997,0.02547826
1678876200000.0,24530.5975,24618.95,24422.7,24471.934999999998,0.00195424
1678874400000.0,24540.370000000003,24618.95,24461.79,24540.370000000003,0.00447749
1678872600000.0,24644.149999999998,24718.39,24520.87,24540.370000000003,0.00546304
1678870800000.0,24807.625,24896.86,24668.67,24668.67,0.00369896
1678869000000.0,24896.86,24896.86,24807.625,24807.625,0.0
1678867200000.0,24896.86,24896.86,24896.86,24896.86,0.0
1678865400000.0,24857.059999999998,24896.86,24817.26,24896.86,0.00336174
1678863600000.0,24817.26,24857.059999999998,24817.26,24857.059999999998,0.0
1678861800000.0,24743.059999999998,24817.26,24668.86,24817.26,0.00705339
1678860000000.0,24693.625,24743.059999999998,24668.86,24743.059999999998,0.00033452
1678858200000.0,24767.824999999997,24817.26,24693.625,24693.625,0.00033385
1678856400000.0,24792.394999999997,24817.26,24767.53,24767.824999999997,0.00033352
1678854600000.0,24718.195,24792.394999999997,24668.86,24792.394999999997,0.00033419
1678852800000.0,24668.86,24718.195,24668.86,24718.195,0.0
1678851000000.0,24668.86,24668.86,24668.86,24668.86,0.0
1678849200000.0,24757.535,24846.21,24668.86,24668.86,0.00443419
1678847400000.0,24846.21,24846.21,24757.535,24757.535,0.0
1678845600000.0,24869.784999999996,24893.36,24846.21,24846.21,0.02502575
1678843800000.0,24944.957500000004,25020.13,24846.21,24869.785,0.00478871
1678842000000.0,24690.155,25020.13,24360.18,24956.745000000003,0.02144931
1678840200000.0,24391.440000000002,24690.155,24360.18,24690.155,0.00375391
1678838400000.0,24594.355,24766.01,24391.440000000002,24391.440000000002,0.00548643
1678836600000.0,24766.01,24766.01,24594.355,24594.355,0.0
1678834800000.0,24692.48,24766.01,24618.95,24766.01,0.0047981
1678833000000.0,24618.95,24692.48,24618.95,24692.48,0.0
1678831200000.0,24557.555,24618.95,24422.7,24618.95,0.00168572
1678829400000.0,24471.58,24594.285,24373.54,24594.285,0.00927486
1678827600000.0,24297.850000000002,24471.58,23985.8,24471.58,0.03877546
1678825800000.0,24409.85,24409.85,24391.695,24391.695,8.008e-05
1678824000000.0,24409.85,24409.85,24409.85,24409.85,0.00012278
1678822200000.0,24409.85,24409.85,24409.85,24409.85,3.814e-05
1678820400000.0,24676.215,25027.42,24240.17,24409.85,0.02574969
1678818600000.0,25144.149999999998,25352.35,24718.635,24718.635,0.01386741
1678816800000.0,25473.855000000003,25627.14,25173.995,25173.995,0.01189635
1678815000000.0,25652.864999999998,25678.59,25473.855,25473.855,0.00032201
1678813200000.0,25781.760000000002,25884.93,25652.864999999998,25652.864999999998,0.00427856
1678811400000.0,25833.370000000003,25884.93,25781.760000000002,25781.760000000002,0.00031975
1678809600000.0,25807.690000000002,25833.57,25781.81,25833.370000000003,0.00041276
1678807800000.0,25833.57,25833.57,25807.690000000002,25807.690000000002,0.0
1678806000000.0,25859.402500000004,25936.9,25833.57,25833.57,0.00063856
1678804200000.0,25911.2975,26041.15,25833.57,25833.57,0.00866566
1678802400000.0,25846.364999999998,25936.9,25678.59,25885.235,0.0051539
1678800600000.0,25843.1875,26078.97,25627.14,25884.985,0.02056533
1678798800000.0,25786.1575,26201.06,25555.0,25833.32,0.890739
1678797000000.0,25126.195,25694.285,24697.39,25694.285,0.04034068
1678795200000.0,24711.1,25126.195,24658.89,25126.195,0.00683672
1678793400000.0,24636.5175,24717.9,24570.1,24678.14,0.00124013
1678791600000.0,24611.335000000003,24804.32,24471.74,24629.035,0.0186724
1678789800000.0,24489.975,24584.64,24409.85,24584.64,0.00550643
1678788000000.0,24294.420000000002,24489.975,24178.99,24489.975,0.00451941
1678786200000.0,24186.24,24294.42,24178.99,24294.42,3.399e-05
1678784400000.0,24186.24,24193.49,24178.99,24186.24,0.0001
1678782600000.0,24178.99,24186.24,24178.99,24186.24,0.0
1678780800000.0,24227.345,24275.7,24178.99,24178.99,0.00030731
1678779000000.0,24276.1325,24324.92,24178.99,24227.345,0.00504544
1678777200000.0,24324.92,24324.92,24300.309999999998,24300.309999999998,0.0
1678775400000.0,24373.565,24422.21,24324.92,24324.92,0.00033925
1678773600000.0,24416.03,24422.21,24373.565,24373.565,0.00033891
1678771800000.0,24325.01,24416.03,24240.17,24416.03,0.00342881
1678770000000.0,24405.76,24786.51,24240.17,24325.01,0.02913312
1678768200000.0,24383.019999999997,24409.85,24298.18,24298.18,0.00015198
1678766400000.0,24338.015,24409.85,24266.18,24383.019999999997,0.00056658
1678764600000.0,24266.18,24338.015,24266.18,24338.015,0.0
1678762800000.0,24319.97,24373.76,24266.18,24266.18,0.00020419
1678761000000.0,24373.76,24373.76,24319.97,24319.97,0.0
1678759200000.0,24388.065,24409.85,24373.76,24373.76,0.00067645
1678757400000.0,24290.445000000003,24409.85,24178.52,24384.324999999997,0.09044543
1678755600000.0,24174.225,24286.705,24169.93,24286.705,0.00380517
1678753800000.0,24115.975000000002,24174.225,24062.02,24174.225,0.00038237
1678752000000.0,24062.02,24115.975,24062.02,24115.975,0.0
1678750200000.0,24039.9775,24062.02,24001.92,24062.02,0.00721631
1678748400000.0,24082.25,24130.55,24033.95,24047.985,0.00478188
1678746600000.0,24130.55,24130.55,24082.25,24082.25,0.0
1678744800000.0,24130.55,24130.55,24130.55,24130.55,0.0
1678743000000.0,24130.55,24130.55,24130.55,24130.55,0.0
1678741200000.0,24130.55,24130.55,24130.55,24130.55,0.0
1678739400000.0,24145.915,24161.28,24130.55,24130.55,0.00034198
1678737600000.0,24194.41,24227.54,24145.915,24145.915,0.06201276
1678735800000.0,24227.54,24227.54,24194.41,24194.41,0.0
1678734000000.0,24223.08,24324.92,24169.93,24227.54,0.00556673
1678732200000.0,24135.995000000003,24198.735,24102.06,24198.735,0.0038062
1678730400000.0,24067.775,24135.995000000003,24033.49,24135.995000000003,0.0007585
1678728600000.0,23964.260000000002,24067.775,23895.03,24067.775,0.0010335
1678726800000.0,23948.475,24001.92,23895.03,23964.260000000002,0.0010335
1678725000000.0,24119.67,24237.42,23948.475,23948.475,0.00432855
1678723200000.0,24237.42,24237.42,24119.67,24119.67,0.0
1678721400000.0,24203.674999999996,24237.42,24169.93,24237.42,0.00037079
1678719600000.0,23759.285,24203.675,23348.64,24203.675,0.02512385
1678717800000.0,23291.129999999997,23759.285,23233.62,23759.285,0.00411279
1678716000000.0,22821.635000000002,23291.129999999997,22409.65,23291.129999999997,0.03755009
1678714200000.0,22389.445000000003,22821.635000000002,22369.24,22821.635000000002,0.00034243
1678712400000.0,22229.575,22389.445,22089.91,22389.445,0.0112264
1678710600000.0,22089.91,22229.575,22089.91,22229.575,0.0
1678708800000.0,22089.91,22089.91,22089.91,22089.91,0.0
1678707000000.0,22089.91,22089.91,22089.91,22089.91,0.0
1678705200000.0,22040.434999999998,22089.91,21990.96,22089.91,0.00056293
1678703400000.0,21990.96,22040.434999999998,21990.96,22040.434999999998,0.0
1678701600000.0,21991.760000000002,21992.56,21990.96,21990.96,0.0005649
1678699800000.0,22102.845,22213.13,21991.760000000002,21991.760000000002,0.01011485
1678698000000.0,22311.39,22409.65,22102.845,22102.845,0.00112979
1678696200000.0,22409.65,22409.65,22311.39,22311.39,0.0
1678694400000.0,22409.65,22409.65,22409.65,22409.65,0.0
1678692600000.0,22409.65,22409.65,22409.65,22409.65,0.0
1678690800000.0,22409.65,22409.65,22409.65,22409.65,0.0
1678689000000.0,22409.65,22409.65,22409.65,22409.65,0.0
1678687200000.0,22409.65,22409.65,22409.65,22409.65,0.0
1678685400000.0,22409.65,22409.65,22409.65,22409.65,0.0
1678683600000.0,22409.65,22409.65,22409.65,22409.65,0.0
1678681800000.0,22409.65,22409.65,22409.65,22409.65,0.0
1678680000000.0,22409.65,22409.65,22409.65,22409.65,0.0
1678678200000.0,22409.65,22409.65,22409.65,22409.65,0.0
1678676400000.0,22409.65,22409.65,22409.65,22409.65,0.0
1678674600000.0,22409.65,22409.65,22409.65,22409.65,0.0
1678672800000.0,22409.65,22409.65,22409.65,22409.65,0.0
1678671000000.0,22367.5225,22409.65,22269.03,22409.65,0.00123066
1678669200000.0,22254.230000000003,22407.02,22114.07,22395.705,0.19513718
1678667400000.0,22075.18,22247.915,22036.29,22247.915,0.00177924
1678665600000.0,21925.185,22075.18,21814.08,22075.18,0.01097074
1678663800000.0,21672.435,21925.185,21530.79,21925.185,0.00609299
1678662000000.0,21530.79,21672.435,21530.79,21672.435,0.0
1678660200000.0,21617.75,21704.71,21530.79,21530.79,0.00402276
1678658400000.0,21435.379999999997,21704.71,21166.05,21617.75,0.02564061
1678656600000.0,21159.355,21435.379999999997,21152.66,21435.379999999997,0.00267027
1678654800000.0,21152.66,21159.355,21152.66,21159.355,0.0
1678653000000.0,21006.57,21152.66,20860.48,21152.66,0.0101849
1678651200000.0,20860.48,21006.57,20860.48,21006.57,0.0
1678649400000.0,20973.745,21087.01,20860.48,20860.48,0.00567507
1678647600000.0,21073.47,21087.01,20973.745,20973.745,3.312e-05
1678645800000.0,20899.42,21073.47,20738.91,21073.47,0.02045947
1678644000000.0,20689.765,20899.42,20640.62,20899.42,0.00060841
1678642200000.0,20562.905,20689.765,20485.19,20689.765,0.01031038
1678640400000.0,20459.41,20562.905,20433.63,20562.905,0.00066922
1678638600000.0,20433.63,20459.41,20433.63,20459.41,0.0
1678636800000.0,20433.63,20433.63,20433.63,20433.63,0.0
1678635000000.0,20433.63,20433.63,20433.63,20433.63,0.0
1678633200000.0,20433.63,20433.63,20433.63,20433.63,0.0
1678631400000.0,20433.63,20433.63,20433.63,20433.63,0.0
1678629600000.0,20433.63,20433.63,20433.63,20433.63,0.0
1678627800000.0,20433.63,20433.63,20433.63,20433.63,0.0
1678626000000.0,20433.63,20433.63,20433.63,20433.63,0.0
1678624200000.0,20433.63,20433.63,20433.63,20433.63,0.0
1678622400000.0,20433.63,20433.63,20433.63,20433.63,0.0
1678620600000.0,20433.63,20433.63,20433.63,20433.63,0.0
1678618800000.0,20433.63,20433.63,20433.63,20433.63,0.0
1678617000000.0,20405.364999999998,20433.63,20377.1,20433.63,0.00045664
1678615200000.0,20377.1,20405.364999999998,20377.1,20405.364999999998,0.0
1678613400000.0,20377.1,20377.1,20377.1,20377.1,0.0
1678611600000.0,20371.195,20377.1,20365.29,20377.1,0.00246568
1678609800000.0,20358.8575,20371.195,20344.03,20371.195,0.23424132
1678608000000.0,20328.574999999997,20362.91,20296.62,20362.91,0.01773688
1678606200000.0,20316.0075,20341.71,20291.88,20328.574999999997,0.45510276
1678604400000.0,20361.2175,20389.0,20315.22,20315.22,0.07177769
1678602600000.0,20388.23,20388.23,20361.025,20361.025,0.0
1678600800000.0,20365.165,20388.23,20342.1,20388.23,0.02919
1678599000000.0,20342.1,20365.165,20342.1,20365.165,0.0
1678597200000.0,20342.1,20342.1,20342.1,20342.1,0.0
1678595400000.0,20342.1,20342.1,20342.1,20342.1,0.0
1678593600000.0,20342.1,20342.1,20342.1,20342.1,0.0
1678591800000.0,20342.1,20342.1,20342.1,20342.1,0.0
1678590000000.0,20342.1,20342.1,20342.1,20342.1,0.0
1678588200000.0,20342.1,20342.1,20342.1,20342.1,0.0
1678586400000.0,20359.0,20375.9,20342.1,20342.1,0.00056489
1678584600000.0,20410.385000000002,20444.87,20359.0,20359.0,0.01973049
1678582800000.0,20532.975,20621.08,20410.385000000002,20410.385000000002,0.0011298
1678581000000.0,20527.495000000003,20621.08,20433.91,20532.975,0.0058149
1678579200000.0,20433.91,20527.495000000003,20433.91,20527.495000000003,0.0
1678577400000.0,20395.620000000003,20433.91,20357.33,20433.91,0.00522183
1678575600000.0,20339.8725,20395.620000000003,20316.36,20395.620000000003,0.42558358
1678573800000.0,20513.6025,20744.76,20242.4,20339.910000000003,0.54071393
1678572000000.0,20537.839999999997,20744.76,20330.92,20533.625,0.02130706
1678570200000.0,20330.92,20537.839999999997,20330.92,20537.839999999997,0.0
1678568400000.0,20330.92,20330.92,20330.92,20330.92,0.0
1678566600000.0,20285.6325,20330.92,20200.92,20330.92,0.00601437
1678564800000.0,20279.77,20305.345,20279.77,20305.345,0.0
1678563000000.0,20279.77,20279.77,20279.77,20279.77,0.0
1678561200000.0,20279.77,20279.77,20279.77,20279.77,0.0
1678559400000.0,20279.77,20279.77,20279.77,20279.77,0.0
1678557600000.0,20279.77,20279.77,20279.77,20279.77,0.0
1678555800000.0,20203.405,20279.77,20127.04,20279.77,0.00168879
1678554000000.0,20081.96,20203.405,20036.88,20203.405,0.00602293
1678552200000.0,20036.88,20081.96,20036.88,20081.96,0.0
1678550400000.0,20081.96,20127.04,20036.88,20036.88,0.0005649
1678548600000.0,20127.04,20127.04,20081.96,20081.96,0.0
1678546800000.0,20127.04,20127.04,20127.04,20127.04,0.0
1678545000000.0,20101.715,20127.04,20076.39,20127.04,0.00056293
1678543200000.0,20076.39,20101.715,20076.39,20101.715,0.0
1678541400000.0,20076.385000000002,20076.39,20076.38,20076.39,0.00019132
1678539600000.0,20073.98,20076.39,20066.76,20076.385000000002,0.00167409
1678537800000.0,20000.8,20076.39,19925.21,20076.385000000002,0.00191247
1678536000000.0,19925.21,20000.8,19925.21,20000.8,0.00010789
1678534200000.0,19925.21,19925.21,19925.21,19925.21,3.003e-05
1678532400000.0,19946.25,20036.88,19786.03,19925.21,0.00334418
1678530600000.0,20112.9,20188.92,19981.045,19981.045,0.0017047
1678528800000.0,20342.684999999998,20496.45,20112.9,20112.9,0.01654885
1678527000000.0,20496.45,20496.45,20342.684999999998,20342.684999999998,0.0
1678525200000.0,20496.45,20496.45,20496.45,20496.45,0.0
1678523400000.0,20496.45,20496.45,20496.45,20496.45,0.0
1678521600000.0,20496.45,20496.45,20496.45,20496.45,0.0
1678519800000.0,20496.45,20496.45,20496.45,20496.45,0.0
1678518000000.0,20496.45,20496.45,20496.45,20496.45,0.0
1678516200000.0,20496.45,20496.45,20496.45,20496.45,0.0
1678514400000.0,20496.455,20496.46,20496.45,20496.45,0.00019418
1678512600000.0,20522.309999999998,20548.16,20496.455,20496.455,0.09985302
1678510800000.0,20548.16,20548.16,20522.309999999998,20522.309999999998,0.0
1678509000000.0,20594.39,20640.62,20548.16,20548.16,0.0005649
1678507200000.0,20640.62,20640.62,20594.39,20594.39,0.0
1678505400000.0,20640.62,20640.62,20640.62,20640.62,0.0
1678503600000.0,20640.62,20640.62,20640.62,20640.62,0.0
1678501800000.0,20640.62,20640.62,20640.62,20640.62,0.0
1678500000000.0,20640.62,20640.62,20640.62,20640.62,0.0
1678498200000.0,20485.769999999997,20640.62,20330.92,20640.62,0.01727327
1678496400000.0,20254.37,20485.769999999997,20177.82,20485.769999999997,0.00222916
1678494600000.0,20177.82,20254.37,20177.82,20254.37,0.0
1678492800000.0,20177.82,20177.82,20177.82,20177.82,0.0
1678491000000.0,20177.82,20177.82,20177.82,20177.82,0.0
1678489200000.0,20150.14,20177.82,20122.46,20177.82,0.00056293
1678487400000.0,20103.355,20150.14,20036.88,20150.14,0.00207571
1678485600000.0,20101.715,20127.04,20076.39,20124.75,0.00056293
1678483800000.0,19981.190000000002,20101.715,19885.99,20101.715,0.00168879
1678482000000.0,19950.005,20014.02,19885.99,19981.190000000002,0.00112979
1678480200000.0,20014.02,20014.02,19950.005,19950.005,0.0
1678478400000.0,20019.945,20025.87,20014.02,20014.02,0.00315941
1678476600000.0,19975.54,20025.87,19925.21,20019.945,0.00112586
1678474800000.0,19879.835,19975.54,19834.46,19975.54,0.00056293
1678473000000.0,19860.225,19885.99,19834.46,19879.835,0.00057491
1678471200000.0,19911.075,19936.16,19860.225,19860.225,0.0005649
1678469400000.0,19933.502500000002,20025.87,19885.99,19911.075,0.00169076
1678467600000.0,19961.435,20036.88,19885.99,19911.075,0.00169469
1678465800000.0,20120.1425,20279.77,19961.435,19961.435,0.00394838
1678464000000.0,20070.815000000002,20127.04,20014.59,20081.96,0.00168879
1678462200000.0,19900.309999999998,20070.815000000002,19786.03,20070.815000000002,0.00222916
1678460400000.0,19830.58,19925.21,19786.03,19900.309999999998,0.00225565
1678458600000.0,19889.204999999998,20025.87,19680.03,19805.54,0.00708549
1678456800000.0,20072.425,20188.92,19885.99,19925.46,0.00452526
1678455000000.0,20079.777499999997,20279.77,19925.21,20107.394999999997,0.0061736
1678453200000.0,19925.21,20057.065,19925.21,20057.065,0.0
1678451400000.0,19900.135000000002,19925.21,19875.06,19925.21,0.00056293
1678449600000.0,19821.300000000003,19900.135000000002,19758.59,19900.135000000002,0.25286848
1678447800000.0,19749.225,19825.105000000003,19723.3,19825.105000000003,0.00056293
1678446000000.0,19723.3,19749.225,19723.3,19749.225,0.0
1678444200000.0,19779.625,19835.95,19723.3,19723.3,0.00171289
1678442400000.0,19850.95,19865.95,19779.625,19779.625,0.0005649
1678440600000.0,19919.6475,19975.47,19850.95,19850.95,0.02812377
1678438800000.0,19975.47,19975.47,19920.71,19920.71,0.0
1678437000000.0,19975.47,19975.47,19975.47,19975.47,0.0
1678435200000.0,19975.47,19975.47,19975.47,19975.47,0.0
1678433400000.0,19950.34,19975.47,19925.21,19975.47,0.00056293
1678431600000.0,19893.09,19950.34,19835.95,19950.34,0.00169076
1678429800000.0,19911.075,19936.16,19885.99,19905.6,0.00056489
1678428000000.0,19981.015,20025.87,19911.075,19911.075,0.0005649
1678426200000.0,19975.54,20025.87,19925.21,19981.015,0.00112586
1678424400000.0,19903.35,19975.54,19873.98,19975.54,0.01919628
1678422600000.0,19951.0,20013.0,19889.0,19907.105,0.2
1678420800000.0,20038.059999999998,20076.39,19951.0,19951.0,0.15558282
1678419000000.0,20076.39,20076.39,20044.695,20044.695,0.0
1678417200000.0,20088.1525,20138.11,20000.0,20076.39,0.00556293
1678415400000.0,20138.11,20138.11,20107.25,20107.25,0.0
1678413600000.0,20138.11,20138.11,20138.11,20138.11,0.0
1678411800000.0,20138.11,20138.11,20138.11,20138.11,0.0
1678410000000.0,20138.11,20138.11,20138.11,20138.11,0.0
1678408200000.0,20138.11,20138.11,20138.11,20138.11,0.0
1678406400000.0,20214.510000000002,20290.91,20138.11,20138.11,0.00225763
1678404600000.0,20290.91,20290.91,20214.510000000002,20214.510000000002,0.0
1678402800000.0,20312.364999999998,20333.82,20290.91,20290.91,0.00466498
1678401000000.0,20333.82,20333.82,20312.364999999998,20312.364999999998,0.0
1678399200000.0,20311.8575,20433.91,20239.85,20333.82,0.02208202
1678397400000.0,20311.03,20382.21,20239.85,20286.835,0.30169272
1678395600000.0,20337.04,20382.21,20291.87,20311.03,0.00056293
1678393800000.0,20477.4525,20692.7,20291.87,20337.04,0.03238796
1678392000000.0,20720.807500000003,20827.56,20462.62,20462.62,0.04332028
1678390200000.0,20883.855,20954.35,20730.465,20730.465,0.03041904
1678388400000.0,20962.8775,21018.34,20860.48,20890.955,0.00639451
1678386600000.0,21165.5775,21319.17,20986.345,20986.345,0.01600151
1678384800000.0,21371.94,21424.71,21168.754999999997,21168.754999999997,0.00511085
1678383000000.0,21424.71,21424.71,21371.94,21371.94,0.0
1678381200000.0,21434.949999999997,21445.19,21424.71,21424.71,0.00388328
1678379400000.0,21551.425,21657.66,21434.949999999997,21434.949999999997,0.00965321
1678377600000.0,21647.21,21661.85,21551.425,21551.425,0.01926836
1678375800000.0,21687.894999999997,21713.97,21659.754999999997,21659.754999999997,0.00148596
1678374000000.0,21713.91,21713.91,21687.879999999997,21687.879999999997,0.0
1678372200000.0,21763.995000000003,21814.08,21713.91,21713.91,0.00097563
1678370400000.0,21759.395,21814.08,21704.71,21763.995000000003,0.00506589
1678368600000.0,21677.47,21759.395,21650.23,21759.395,0.00056293
1678366800000.0,21650.23,21677.47,21650.23,21677.47,0.0
1678365000000.0,21650.23,21650.23,21650.23,21650.23,0.0
1678363200000.0,21650.23,21650.23,21650.23,21650.23,0.0
1678361400000.0,21650.23,21650.23,21650.23,21650.23,0.0
1678359600000.0,21650.23,21650.23,21650.23,21650.23,0.0
1678357800000.0,21613.8025,21650.23,21547.27,21650.23,0.00117152
1678356000000.0,21607.48,21628.855,21607.48,21628.855,0.0
1678354200000.0,21622.3225,21640.2,21607.48,21607.48,0.0346412
1678352400000.0,21634.13,21634.13,21620.805,21620.805,0.0
1678350600000.0,21634.13,21634.13,21634.13,21634.13,0.0
1678348800000.0,21711.485,21788.84,21634.13,21634.13,0.00447775
1678347000000.0,21788.84,21788.84,21711.485,21711.485,0.0
1678345200000.0,21788.84,21788.84,21788.84,21788.84,0.0
1678343400000.0,21788.84,21788.84,21788.84,21788.84,0.0
1678341600000.0,21788.84,21788.84,21788.84,21788.84,0.0
1678339800000.0,21788.84,21788.84,21788.84,21788.84,0.0
1678338000000.0,21788.84,21788.84,21788.84,21788.84,0.0
1678336200000.0,21788.84,21788.84,21788.84,21788.84,0.0
1678334400000.0,21788.84,21788.84,21788.84,21788.84,0.0
1678332600000.0,21774.08,21788.84,21759.32,21788.84,0.00384127
1678330800000.0,21759.32,21774.08,21759.32,21774.08,0.0
1678329000000.0,21759.32,21759.32,21759.32,21759.32,0.0
1678327200000.0,21738.845,21759.32,21718.37,21759.32,0.00056293
1678325400000.0,21711.184999999998,21738.845,21704.0,21738.845,0.0175
1678323600000.0,21704.355,21711.184999999998,21704.0,21711.184999999998,0.00458901
1678321800000.0,21704.71,21704.71,21704.355,21704.355,0.0
1678320000000.0,21704.71,21704.71,21704.71,21704.71,0.0
1678318200000.0,21704.71,21704.71,21704.71,21704.71,0.0
1678316400000.0,21735.0875,21814.08,21607.48,21704.71,0.00617801
1678314600000.0,21842.95,21920.68,21716.36,21759.395,0.01101005
1678312800000.0,21920.68,21920.68,21867.38,21867.38,0.0
1678311000000.0,22017.375,22114.07,21920.68,21920.68,0.0307814
1678309200000.0,22114.07,22114.07,22017.375,22017.375,0.0
1678307400000.0,22060.965,22114.07,22007.86,22114.07,0.00434771
1678305600000.0,22007.86,22060.965,22007.86,22060.965,0.0
1678303800000.0,21984.105000000003,22007.86,21960.35,22007.86,0.01188727
1678302000000.0,21960.35,21984.105,21960.35,21984.105,0.0
1678300200000.0,21975.655,21990.96,21960.35,21960.35,0.00378857
1678298400000.0,22018.625,22046.29,21975.655,21975.655,0.00103933
1678296600000.0,22098.54,22150.79,22018.625,22018.625,0.0005649
1678294800000.0,22150.79,22150.79,22098.54,22098.54,0.0
1678293000000.0,22126.280000000002,22150.79,22101.77,22150.79,0.00081342
1678291200000.0,22137.562500000004,22201.22,22101.77,22126.28,0.00112783
1678289400000.0,22095.89,22145.49,22046.29,22123.63,0.00056293
1678287600000.0,22028.2175,22201.22,21905.01,22095.89,0.0084385
1678285800000.0,21960.35,22003.32,21960.35,22003.32,0.0
1678284000000.0,21960.35,21960.35,21960.35,21960.35,0.0
1678282200000.0,21975.655,21990.96,21960.35,21960.35,0.00378857
1678280400000.0,22027.525,22064.09,21975.655,21975.655,0.00056489
1678278600000.0,22064.09,22064.09,22027.525,22027.525,0.0
1678276800000.0,22064.09,22064.09,22064.09,22064.09,0.0
1678275000000.0,22064.09,22064.09,22064.09,22064.09,0.0
1678273200000.0,22091.97,22119.85,22064.09,22064.09,0.00132802
1678271400000.0,22078.07,22119.85,22036.29,22091.97,0.00446124
1678269600000.0,22036.29,22078.07,22036.29,22078.07,0.0
1678267800000.0,22036.29,22036.29,22036.29,22036.29,0.0
1678266000000.0,22036.29,22036.29,22036.29,22036.29,0.0
1678264200000.0,22036.29,22036.29,22036.29,22036.29,0.0
1678262400000.0,22036.29,22036.29,22036.29,22036.29,0.0
1678260600000.0,22036.29,22036.29,22036.29,22036.29,0.0
1678258800000.0,22036.29,22036.29,22036.29,22036.29,0.0
1678257000000.0,22007.725,22036.29,21979.16,22036.29,0.00101573
1678255200000.0,21979.16,22007.725,21979.16,22007.725,0.0
1678253400000.0,21996.76,22069.07,21869.74,21979.16,0.00775238
1678251600000.0,22085.42,22101.77,22024.114999999998,22024.114999999998,0.00388265
1678249800000.0,22101.77,22101.77,22085.42,22085.42,0.0
1678248000000.0,22101.77,22101.77,22101.77,22101.77,0.0
1678246200000.0,22101.77,22101.77,22101.77,22101.77,0.0
1678244400000.0,22135.115,22168.46,22101.77,22101.77,0.0005649
1678242600000.0,22168.46,22168.46,22135.114999999998,22135.114999999998,0.0
1678240800000.0,22162.92,22168.46,22157.38,22168.46,0.0211895
1678239000000.0,22207.230000000003,22257.08,22157.38,22162.92,0.0005649
1678237200000.0,22257.08,22257.08,22207.230000000003,22207.230000000003,0.0
1678235400000.0,22257.08,22257.08,22257.08,22257.08,0.0
1678233600000.0,22229.15,22257.08,22201.22,22257.08,0.00056293
1678231800000.0,22151.495000000003,22229.15,22101.77,22229.15,0.00056293
1678230000000.0,22101.77,22151.495000000003,22101.77,22151.495000000003,0.0
1678228200000.0,22101.77,22101.77,22101.77,22101.77,0.0
1678226400000.0,22436.4575,23464.24,22089.91,22101.77,0.12007726
1678224600000.0,22025.129999999997,22095.84,21960.35,22095.84,0.00056293
1678222800000.0,21994.33,22028.31,21960.35,22025.129999999997,0.00480419
1678221000000.0,22028.31,22028.31,21994.33,21994.33,0.0
1678219200000.0,22061.36,22094.41,22028.31,22028.31,0.00445755
1678217400000.0,22136.370000000003,22178.33,22061.36,22061.36,0.00159803
1678215600000.0,22178.33,22178.33,22136.370000000003,22136.370000000003,0.0
1678213800000.0,22245.705,22313.08,22178.33,22178.33,0.00431623
1678212000000.0,22313.08,22313.08,22245.705,22245.705,0.0
1678210200000.0,22313.08,22313.08,22313.08,22313.08,0.0
1678208400000.0,22263.105000000003,22313.08,22213.13,22313.08,0.00056293
1678206600000.0,22226.705,22263.105000000003,22213.13,22263.105000000003,0.00056489
1678204800000.0,22282.67,22325.06,22226.705,22226.705,0.00486535
1678203000000.0,22304.4975,22466.67,22213.13,22282.67,0.00653984
1678201200000.0,22195.75,22369.24,21960.35,22269.095,0.03312924
1678199400000.0,22282.67,22325.06,22226.705,22226.705,0.00487302
1678197600000.0,22345.120000000003,22365.18,22282.67,22282.67,0.0005649
1678195800000.0,22365.18,22365.18,22345.120000000003,22345.120000000003,0.0
1678194000000.0,22365.18,22365.18,22365.18,22365.18,0.0
1678192200000.0,22365.18,22365.18,22365.18,22365.18,0.0
1678190400000.0,22365.18,22365.18,22365.18,22365.18,0.0
1678188600000.0,22365.18,22365.18,22365.18,22365.18,0.0
1678186800000.0,22365.18,22365.18,22365.18,22365.18,0.0
1678185000000.0,22365.18,22365.18,22365.18,22365.18,0.0
1678183200000.0,22365.18,22365.18,22365.18,22365.18,0.0
1678181400000.0,22373.21,22381.24,22365.18,22365.18,0.00044321
1678179600000.0,22409.4,22437.56,22373.21,22373.21,0.00056489
1678177800000.0,22437.56,22437.56,22409.4,22409.4,0.0
1678176000000.0,22437.56,22437.56,22437.56,22437.56,0.0
1678174200000.0,22437.56,22437.56,22437.56,22437.56,0.0
1678172400000.0,22437.56,22437.56,22437.56,22437.56,0.0
1678170600000.0,22437.56,22437.56,22437.56,22437.56,0.0
1678168800000.0,22448.75,22459.94,22437.56,22437.56,0.0005649
1678167000000.0,22459.94,22459.94,22448.75,22448.75,0.0
1678165200000.0,22459.94,22459.94,22459.94,22459.94,0.0
1678163400000.0,22459.94,22459.94,22459.94,22459.94,0.0
1678161600000.0,22459.94,22459.94,22459.94,22459.94,0.0
1678159800000.0,22499.23,22538.52,22459.94,22459.94,2.883e-05
1678158000000.0,22510.235,22538.52,22481.95,22499.23,0.0010057
1678156200000.0,22481.95,22510.235,22481.95,22510.235,0.0
1678154400000.0,22481.95,22481.95,22481.95,22481.95,0.0
1678152600000.0,22481.95,22481.95,22481.95,22481.95,0.0
1678150800000.0,22423.565000000002,22481.95,22365.18,22481.95,0.00056293
1678149000000.0,22365.18,22423.565000000002,22365.18,22423.565000000002,0.0
1678147200000.0,22365.18,22365.18,22365.18,22365.18,0.0
1678145400000.0,22365.18,22365.18,22365.18,22365.18,0.0
1678143600000.0,22365.18,22365.18,22365.18,22365.18,0.0
1678141800000.0,22365.18,22365.18,22365.18,22365.18,0.0
1678140000000.0,22365.18,22365.18,22365.18,22365.18,0.0
1678138200000.0,22365.18,22365.18,22365.18,22365.18,0.0
1678136400000.0,22365.18,22365.18,22365.18,22365.18,0.0
1678134600000.0,22373.21,22381.24,22365.18,22365.18,0.00044321
1678132800000.0,22381.24,22381.24,22373.21,22373.21,0.0
1678131000000.0,22381.24,22381.24,22381.24,22381.24,0.0
1678129200000.0,22468.25,22555.26,22381.24,22381.24,0.00484426
1678127400000.0,22555.26,22555.26,22468.25,22468.25,0.0
1678125600000.0,22555.26,22555.26,22555.26,22555.26,0.0
1678123800000.0,22555.26,22555.26,22555.26,22555.26,0.0
1678122000000.0,22555.26,22555.26,22555.26,22555.26,0.0
1678120200000.0,22555.26,22555.26,22555.26,22555.26,0.0
1678118400000.0,22555.26,22555.26,22555.26,22555.26,0.0
1678116600000.0,22490.68,22555.26,22426.1,22555.26,0.00527937
1678114800000.0,22426.1,22490.68,22426.1,22490.68,0.0
1678113000000.0,22426.1,22426.1,22426.1,22426.1,0.0
1678111200000.0,22435.120000000003,22444.14,22426.1,22426.1,0.04666007
1678109400000.0,22413.815000000002,22444.14,22383.49,22435.12,0.00372912
1678107600000.0,22383.49,22413.815000000002,22383.49,22413.815000000002,0.0
1678105800000.0,22383.49,22383.49,22383.49,22383.49,0.0
1678104000000.0,22383.49,22383.49,22383.49,22383.49,0.0
1678102200000.0,22404.505,22425.52,22383.49,22383.49,0.04713082
1678100400000.0,22425.52,22425.52,22404.505,22404.505,0.0
1678098600000.0,22425.52,22425.52,22425.52,22425.52,0.0
1678096800000.0,22425.52,22425.52,22425.52,22425.52,0.0
1678095000000.0,22425.52,22425.52,22425.52,22425.52,0.0
1678093200000.0,22425.52,22425.52,22425.52,22425.52,0.0
1678091400000.0,22422.975,22425.52,22420.43,22425.52,0.00056293
1678089600000.0,22420.43,22422.975,22420.43,22422.975,0.0
1678087800000.0,22420.43,22420.43,22420.43,22420.43,0.0
1678086000000.0,22420.43,22420.43,22420.43,22420.43,0.0
1678084200000.0,22420.43,22420.43,22420.43,22420.43,0.0
1678082400000.0,22394.835000000003,22420.43,22369.24,22420.43,0.000229
1678080600000.0,22369.24,22394.835,22369.24,22394.835,0.0
1678078800000.0,22369.24,22369.24,22369.24,22369.24,0.0
1678077000000.0,22369.24,22369.24,22369.24,22369.24,0.0
1678075200000.0,22369.24,22369.24,22369.24,22369.24,0.0
1678073400000.0,22369.24,22369.24,22369.24,22369.24,0.0
1678071600000.0,22369.24,22369.24,22369.24,22369.24,0.0
1678069800000.0,22369.24,22369.24,22369.24,22369.24,0.0
1678068000000.0,22350.185,22381.24,22269.02,22369.24,0.01923424
1678066200000.0,22431.595,22481.95,22375.24,22375.24,0.0005649
1678064400000.0,22431.595,22481.95,22381.24,22431.595,0.00056293
1678062600000.0,22381.24,22431.595,22381.24,22431.595,0.0
1678060800000.0,22381.24,22381.24,22381.24,22381.24,0.0
1678059000000.0,22381.24,22381.24,22381.24,22381.24,0.0
1678057200000.0,22431.595,22481.95,22381.24,22381.24,0.0005649
1678055400000.0,22481.95,22481.95,22431.595,22431.595,0.0
1678053600000.0,22481.95,22481.95,22481.95,22481.95,0.0
1678051800000.0,22481.042500000003,22538.52,22365.18,22481.95,0.00213593
1678050000000.0,22531.98,22538.52,22510.235,22510.235,0.00100569
1678048200000.0,22525.44,22531.98,22525.44,22531.98,0.0
1678046400000.0,22525.44,22525.44,22525.44,22525.44,0.0
1678044600000.0,22447.04,22525.44,22368.64,22525.44,0.13294789
1678042800000.0,22368.64,22447.04,22368.64,22447.04,0.0
1678041000000.0,22368.64,22368.64,22368.64,22368.64,0.0
1678039200000.0,22368.64,22368.64,22368.64,22368.64,0.0
1678037400000.0,22368.64,22368.64,22368.64,22368.64,0.0
1678035600000.0,22368.64,22368.64,22368.64,22368.64,0.0
1678033800000.0,22368.64,22368.64,22368.64,22368.64,0.0
1678032000000.0,22368.64,22368.64,22368.64,22368.64,0.0
1678030200000.0,22368.64,22368.64,22368.64,22368.64,0.0
1678028400000.0,22368.64,22368.64,22368.64,22368.64,0.0
1678026600000.0,22368.64,22368.64,22368.64,22368.64,0.0
1678024800000.0,22368.64,22368.64,22368.64,22368.64,0.0
1678023000000.0,22368.64,22368.64,22368.64,22368.64,0.0
1678021200000.0,22368.64,22368.64,22368.64,22368.64,0.0
1678019400000.0,22368.64,22368.64,22368.64,22368.64,0.0
1678017600000.0,22368.64,22368.64,22368.64,22368.64,0.0
1678015800000.0,22368.64,22368.64,22368.64,22368.64,0.0
1678014000000.0,22368.64,22368.64,22368.64,22368.64,0.0
1678012200000.0,22368.64,22368.64,22368.64,22368.64,0.0
1678010400000.0,22368.64,22368.64,22368.64,22368.64,0.0
1678008600000.0,22368.64,22368.64,22368.64,22368.64,0.0
1678006800000.0,22368.64,22368.64,22368.64,22368.64,0.0
1678005000000.0,22368.64,22368.64,22368.64,22368.64,0.0
1678003200000.0,22377.955,22387.27,22368.64,22368.64,0.07417672
1678001400000.0,22387.27,22387.27,22377.955,22377.955,0.0
1677999600000.0,22389.775,22393.47,22384.89,22387.27,0.00168501
1677997800000.0,22393.47,22393.47,22390.370000000003,22390.370000000003,0.0
1677996000000.0,22393.47,22393.47,22393.47,22393.47,0.0
1677994200000.0,22418.805,22444.14,22393.47,22393.47,0.00520882
1677992400000.0,22444.14,22444.14,22418.805,22418.805,0.0
1677990600000.0,22444.14,22444.14,22444.14,22444.14,0.0
1677988800000.0,22434.83,22444.14,22425.52,22444.14,0.00372912
1677987000000.0,22425.52,22434.83,22425.52,22434.83,0.0
1677985200000.0,22397.38,22425.52,22369.24,22425.52,0.00126624
1677983400000.0,22443.2075,22595.23,22213.13,22397.38,0.01385202
1677981600000.0,22595.23,22595.23,22482.235,22482.235,0.0
1677979800000.0,22595.23,22595.23,22595.23,22595.23,0.0
1677978000000.0,22482.235,22595.23,22369.24,22595.23,0.01147037
1677976200000.0,22351.405,22482.235,22333.57,22482.235,0.00056293
1677974400000.0,22333.57,22351.405,22333.57,22351.405,0.0
1677972600000.0,22333.57,22333.57,22333.57,22333.57,0.0
1677970800000.0,22333.57,22333.57,22333.57,22333.57,0.0
1677969000000.0,22333.57,22333.57,22333.57,22333.57,0.0
1677967200000.0,22279.22,22333.57,22224.87,22333.57,0.00456952
1677965400000.0,22209.079999999998,22279.22,22178.33,22279.22,0.04328806
1677963600000.0,22208.25,22216.559999999998,22208.25,22216.559999999998,0.0
1677961800000.0,22208.25,22208.25,22208.25,22208.25,0.0
1677960000000.0,22265.285,22322.32,22208.25,22208.25,0.0006365
1677958200000.0,22322.32,22322.32,22265.285,22265.285,0.0
1677956400000.0,22322.32,22322.32,22322.32,22322.32,0.0
1677954600000.0,22295.405000000002,22322.32,22268.49,22322.32,0.0133857
1677952800000.0,22332.070000000003,22395.65,22268.49,22295.405,0.00082321
1677951000000.0,22395.65,22395.65,22332.07,22332.07,0.0
1677949200000.0,22395.65,22395.65,22395.65,22395.65,0.0
1677947400000.0,22395.65,22395.65,22395.65,22395.65,0.0
1677945600000.0,22395.65,22395.65,22395.65,22395.65,0.0
1677943800000.0,22395.65,22395.65,22395.65,22395.65,0.0
1677942000000.0,22395.65,22395.65,22395.65,22395.65,0.0
1677940200000.0,22395.65,22395.65,22395.65,22395.65,0.0
1677938400000.0,22395.65,22395.65,22395.65,22395.65,0.0
1677936600000.0,22395.65,22395.65,22395.65,22395.65,0.0
1677934800000.0,22395.65,22395.65,22395.65,22395.65,0.0
1677933000000.0,22395.65,22395.65,22395.65,22395.65,0.0
1677931200000.0,22395.65,22395.65,22395.65,22395.65,0.0
1677929400000.0,22395.65,22395.65,22395.65,22395.65,0.0
1677927600000.0,22395.65,22395.65,22395.65,22395.65,0.0
1677925800000.0,22395.65,22395.65,22395.65,22395.65,0.0
1677924000000.0,22395.65,22395.65,22395.65,22395.65,0.0
1677922200000.0,22395.65,22395.65,22395.65,22395.65,0.0
1677920400000.0,22395.65,22395.65,22395.65,22395.65,0.0
1677918600000.0,22395.65,22395.65,22395.65,22395.65,0.0
1677916800000.0,22395.65,22395.65,22395.65,22395.65,0.0
1677915000000.0,22395.65,22395.65,22395.65,22395.65,0.0
1677913200000.0,22395.65,22395.65,22395.65,22395.65,0.0
1677911400000.0,22382.445000000003,22395.65,22369.24,22395.65,0.00025805
1677909600000.0,22369.24,22382.445,22369.24,22382.445,0.0
1677907800000.0,22369.24,22369.24,22369.24,22369.24,0.0
1677906000000.0,22369.24,22369.24,22369.24,22369.24,0.0
1677904200000.0,22369.24,22369.24,22369.24,22369.24,0.0
1677902400000.0,22369.24,22369.24,22369.24,22369.24,0.0
1677900600000.0,22369.24,22369.24,22369.24,22369.24,0.0
1677898800000.0,22369.24,22369.24,22369.24,22369.24,0.0
1677897000000.0,22369.24,22369.24,22369.24,22369.24,0.0
1677895200000.0,22369.24,22369.24,22369.24,22369.24,0.0
1677893400000.0,22369.24,22369.24,22369.24,22369.24,0.0
1677891600000.0,22369.24,22369.24,22369.24,22369.24,0.0
1677889800000.0,22351.405,22369.24,22333.57,22369.24,0.00056293
1677888000000.0,22333.57,22351.405,22333.57,22351.405,0.0
1677886200000.0,22323.325,22333.57,22313.08,22333.57,0.00374757
1677884400000.0,22313.08,22323.325,22313.08,22323.325,0.0
1677882600000.0,22245.705,22313.08,22178.33,22313.08,0.00082194
1677880800000.0,22178.33,22245.705,22178.33,22245.705,0.0
1677879000000.0,22178.33,22178.33,22178.33,22178.33,0.0
1677877200000.0,22273.785000000003,22369.24,22178.33,22178.33,0.00567824
1677875400000.0,22369.24,22369.24,22273.785000000003,22273.785000000003,0.0
1677873600000.0,22369.24,22369.24,22369.24,22369.24,0.0
1677871800000.0,22308.85,22369.24,22248.46,22369.24,0.00056293
1677870000000.0,22248.46,22308.85,22248.46,22308.85,0.0
1677868200000.0,22335.324999999997,22422.19,22248.46,22248.46,0.00149999
1677866400000.0,22422.19,22422.19,22335.324999999997,22335.324999999997,0.0
1677864600000.0,22411.362499999996,22431.96,22395.65,22422.19,0.00291819
1677862800000.0,22395.65,22408.92,22395.65,22408.92,0.0
1677861000000.0,22395.65,22395.65,22395.65,22395.65,0.0
1677859200000.0,22395.65,22395.65,22395.65,22395.65,0.0
1677857400000.0,22395.65,22395.65,22395.65,22395.65,0.0
1677855600000.0,22360.257500000003,22395.65,22268.49,22395.65,0.00258484
1677853800000.0,22381.24,22388.445,22381.24,22388.445,0.0
1677852000000.0,22413.52,22481.95,22381.24,22381.24,0.00194812
1677850200000.0,22336.735,22409.65,22186.17,22395.445,0.00430792
1677848400000.0,22341.47,22375.56,22341.47,22375.56,0.0
1677846600000.0,22328.015,22341.47,22314.56,22341.47,0.04618458
1677844800000.0,22314.56,22328.015,22314.56,22328.015,0.0
1677843000000.0,22314.56,22314.56,22314.56,22314.56,0.0
1677841200000.0,22370.04,22425.52,22314.56,22314.56,0.00070922
1677839400000.0,22425.52,22425.52,22370.04,22370.04,0.0
1677837600000.0,22425.52,22425.52,22425.52,22425.52,0.0
1677835800000.0,22425.52,22425.52,22425.52,22425.52,0.0
1677834000000.0,22425.52,22425.52,22425.52,22425.52,0.0
1677832200000.0,22402.22,22425.52,22378.92,22425.52,0.00057293
1677830400000.0,22378.92,22402.22,22378.92,22402.22,0.0
1677828600000.0,22378.92,22378.92,22378.92,22378.92,0.0
1677826800000.0,22378.92,22378.92,22378.92,22378.92,0.0
1677825000000.0,22360.68,22378.92,22342.44,22378.92,0.00026024
1677823200000.0,22342.44,22360.68,22342.44,22360.68,0.0
1677821400000.0,22344.08,22345.72,22342.44,22342.44,1e-05
1677819600000.0,22364.375,22395.65,22344.08,22344.08,0.00035818
1677817800000.0,22323.0225,22383.62,22269.03,22358.065000000002,0.00083293
1677816000000.0,22296.735,22324.44,22269.03,22319.72,0.00056489
1677814200000.0,22324.44,22324.44,22296.735,22296.735,0.0
1677812400000.0,22323.6075,22325.06,22319.87,22324.44,0.00077454
1677810600000.0,22375.29,22425.52,22324.75,22324.75,0.0005649
1677808800000.0,22313.370000000003,22425.52,22201.22,22375.29,0.00314475
1677807000000.0,22465.924999999996,22835.76,21990.96,22313.370000000003,0.02494504
1677805200000.0,23158.094999999998,23480.43,22518.489999999998,22518.489999999998,0.01080077
1677803400000.0,23480.43,23480.43,23158.095,23158.095,0.0
1677801600000.0,23480.43,23480.43,23480.43,23480.43,0.0
1677799800000.0,23480.43,23480.43,23480.43,23480.43,0.0
1677798000000.0,23480.43,23480.43,23480.43,23480.43,0.0
1677796200000.0,23448.675,23480.43,23416.92,23480.43,0.01380271
1677794400000.0,23416.92,23448.675,23416.92,23448.675,0.0
1677792600000.0,23469.605,23522.29,23416.92,23416.92,0.0005649
1677790800000.0,23522.29,23522.29,23469.605,23469.605,0.0
1677789000000.0,23492.77,23522.29,23463.25,23522.29,0.00056293
1677787200000.0,23463.25,23492.77,23463.25,23492.77,0.0
1677785400000.0,23463.25,23463.25,23463.25,23463.25,0.0
1677783600000.0,23449.879999999997,23463.25,23436.51,23463.25,0.00056293
1677781800000.0,23387.989999999998,23449.879999999997,23339.47,23449.879999999997,0.00108462
1677780000000.0,23339.47,23387.989999999998,23339.47,23387.989999999998,0.0
1677778200000.0,23339.47,23339.47,23339.47,23339.47,0.0
1677776400000.0,23339.47,23339.47,23339.47,23339.47,0.0
1677774600000.0,23339.47,23339.47,23339.47,23339.47,0.0
1677772800000.0,23339.47,23339.47,23339.47,23339.47,0.0
1677771000000.0,23339.47,23339.47,23339.47,23339.47,0.0
1677769200000.0,23275.4825,23345.62,23208.42,23339.47,0.00504012
1677767400000.0,23208.42,23273.945,23208.42,23273.945,0.0
1677765600000.0,23233.9,23259.38,23208.42,23208.42,0.00066094
1677763800000.0,23259.38,23259.38,23233.9,23233.9,0.0
1677762000000.0,23325.265,23391.15,23259.38,23259.38,0.00099107
1677760200000.0,23391.15,23391.15,23325.265,23325.265,0.0
1677758400000.0,23391.15,23391.15,23391.15,23391.15,0.0
1677756600000.0,23391.15,23391.15,23391.15,23391.15,0.0
1677754800000.0,23391.15,23391.15,23391.15,23391.15,0.0
1677753000000.0,23391.15,23391.15,23391.15,23391.15,0.0
1677751200000.0,23374.645,23391.15,23358.14,23391.15,0.00631687
1677749400000.0,23358.14,23374.645,23358.14,23374.645,0.0
1677747600000.0,23358.14,23358.14,23358.14,23358.14,0.0
1677745800000.0,23358.14,23358.14,23358.14,23358.14,0.0
1677744000000.0,23358.14,23358.14,23358.14,23358.14,0.0
1677742200000.0,23358.14,23358.14,23358.14,23358.14,0.0
1677740400000.0,23374.074999999997,23390.01,23358.14,23358.14,0.0006603
1677738600000.0,23390.01,23390.01,23374.074999999997,23374.074999999997,0.0
1677736800000.0,23441.239999999998,23492.47,23390.01,23390.01,0.00099869
1677735000000.0,23492.47,23492.47,23441.239999999998,23441.239999999998,0.0
1677733200000.0,23492.47,23492.47,23492.47,23492.47,0.0
1677731400000.0,23492.47,23492.47,23492.47,23492.47,0.0
1677729600000.0,23484.5975,23494.24,23475.84,23492.47,0.00024
1677727800000.0,23475.84,23484.155,23475.84,23484.155,0.0
1677726000000.0,23475.84,23475.84,23475.84,23475.84,0.0
1677724200000.0,23475.84,23475.84,23475.84,23475.84,0.0
1677722400000.0,23475.84,23475.84,23475.84,23475.84,0.0
1677720600000.0,23534.985,23594.13,23475.84,23475.84,0.00164599
1677718800000.0,23623.815000000002,23653.5,23534.985,23534.985,0.0005649
1677717000000.0,23706.72,23759.94,23623.815000000002,23623.815000000002,0.0005649
1677715200000.0,23700.375,23759.94,23640.81,23706.72,0.00164153
1677713400000.0,23604.475,23700.375,23568.14,23700.375,0.00112586
1677711600000.0,23568.14,23604.475,23568.14,23604.475,0.0
1677709800000.0,23568.14,23568.14,23568.14,23568.14,0.0
1677708000000.0,23568.14,23568.14,23568.14,23568.14,0.0
1677706200000.0,23515.695,23568.14,23463.25,23568.14,0.0010816
1677704400000.0,23410.695,23515.695,23358.14,23515.695,0.00056293
1677702600000.0,23358.14,23410.695,23358.14,23410.695,0.0
1677700800000.0,23358.14,23358.14,23358.14,23358.14,0.0
1677699000000.0,23529.22,23700.3,23358.14,23358.14,0.00385988
1677697200000.0,23700.3,23700.3,23529.22,23529.22,0.0
1677695400000.0,23700.3,23700.3,23700.3,23700.3,0.0
1677693600000.0,23700.3,23700.3,23700.3,23700.3,0.0
1677691800000.0,23700.3,23700.3,23700.3,23700.3,0.0
1677690000000.0,23700.3,23700.3,23700.3,23700.3,0.0
1677688200000.0,23647.215,23700.3,23594.13,23700.3,0.00056293
1677686400000.0,23647.215,23700.3,23594.13,23647.215,0.00056489
1677684600000.0,23700.3,23700.3,23647.215,23647.215,0.0
1677682800000.0,23680.1175,23713.02,23594.13,23700.3,0.0021118
1677681000000.0,23698.555,23833.6,23594.13,23706.66,0.00323724
1677679200000.0,23653.47,23683.245000000003,23653.47,23683.245000000003,0.0
1677677400000.0,23653.47,23653.47,23653.47,23653.47,0.0
1677675600000.0,23683.245000000003,23713.02,23653.47,23653.47,0.00107811
1677673800000.0,23713.02,23713.02,23683.245000000003,23683.245000000003,0.0
1677672000000.0,23713.02,23713.02,23713.02,23713.02,0.0
1677670200000.0,23713.02,23713.02,23713.02,23713.02,0.0
1677668400000.0,23713.02,23713.02,23713.02,23713.02,0.0
1677666600000.0,23713.02,23713.02,23713.02,23713.02,0.0
1677664800000.0,23742.855,23772.69,23713.02,23713.02,0.0005649
1677663000000.0,23772.69,23772.69,23742.855,23742.855,0.0
1677661200000.0,23870.07,23967.45,23772.69,23772.69,0.00154652
1677659400000.0,23863.4075,23967.45,23758.79,23870.07,0.00681418
1677657600000.0,23759.94,23863.695,23759.94,23863.695,0.0
1677655800000.0,23759.94,23759.94,23759.94,23759.94,0.0
1677654000000.0,23759.94,23759.94,23759.94,23759.94,0.0
1677652200000.0,23724.260000000002,23759.94,23688.58,23759.94,0.00056293
1677650400000.0,23671.04,23724.260000000002,23653.5,23724.260000000002,0.01272266
1677648600000.0,23683.260000000002,23713.02,23653.5,23671.04,0.0005649
1677646800000.0,23766.370000000003,23819.72,23683.260000000002,23683.260000000002,0.00056489
1677645000000.0,23641.485,23819.72,23463.25,23766.370000000003,0.00441191
1677643200000.0,23463.25,23641.485,23463.25,23641.485,0.0
1677641400000.0,23463.25,23463.25,23463.25,23463.25,0.0
1677639600000.0,23384.434999999998,23463.25,23305.62,23463.25,0.00221048
1677637800000.0,23280.065,23384.434999999998,23254.51,23384.434999999998,0.00099107
1677636000000.0,23254.51,23280.065,23254.51,23280.065,0.0
1677634200000.0,23160.489999999998,23254.51,23066.47,23254.51,0.00066006
1677632400000.0,23066.47,23160.489999999998,23066.47,23160.489999999998,0.0
1677630600000.0,23105.585,23144.7,23066.47,23066.47,0.0005649
1677628800000.0,23144.7,23144.7,23105.585,23105.585,0.0
1677627000000.0,23144.7,23144.7,23144.7,23144.7,0.0
1677625200000.0,23144.7,23144.7,23144.7,23144.7,0.0
1677623400000.0,23186.004999999997,23228.57,23142.18,23144.7,0.0012909
1677621600000.0,23141.385,23228.57,23054.2,23186.635000000002,0.00112531
1677619800000.0,23089.355,23141.385000000002,23054.2,23141.385000000002,0.00066158
1677618000000.0,23205.765,23287.02,23089.355,23089.355,0.00155836
1677616200000.0,23287.02,23287.02,23205.765,23205.765,0.0
1677614400000.0,23249.445,23287.02,23182.7,23287.02,0.00122387
1677612600000.0,23241.04,23264.03,23241.04,23264.03,0.0
1677610800000.0,23349.36,23457.68,23241.04,23241.04,0.00320495
1677609000000.0,23466.760000000002,23475.84,23349.36,23349.36,0.06082339
1677607200000.0,23475.84,23475.84,23466.760000000002,23466.760000000002,0.0
1677605400000.0,23475.84,23475.84,23475.84,23475.84,0.0
1677603600000.0,23475.84,23475.84,23475.84,23475.84,0.0
1677601800000.0,23475.84,23475.84,23475.84,23475.84,0.0
1677600000000.0,23513.8625,23581.48,23475.84,23475.84,0.0016465
1677598200000.0,23522.29,23522.29,23499.065000000002,23499.065000000002,0.0
1677596400000.0,23495.9475,23522.29,23416.92,23522.29,0.00241338
1677594600000.0,23466.4925,23522.29,23358.14,23522.29,0.00169076
1677592800000.0,23463.25,23492.77,23463.25,23492.77,0.0
1677591000000.0,23463.25,23463.25,23463.25,23463.25,0.0
1677589200000.0,23463.25,23463.25,23463.25,23463.25,0.0
1677587400000.0,23463.25,23463.25,23463.25,23463.25,0.0
1677585600000.0,23433.805,23463.25,23404.36,23463.25,0.00098867
1677583800000.0,23374.989999999998,23433.805,23345.62,23433.805,0.00056293
1677582000000.0,23345.62,23374.989999999998,23345.62,23374.989999999998,0.0
1677580200000.0,23293.33,23345.62,23241.04,23345.62,0.00056293
1677578400000.0,23241.04,23293.33,23241.04,23293.33,0.0
1677576600000.0,23241.04,23241.04,23241.04,23241.04,0.0
1677574800000.0,23241.04,23241.04,23241.04,23241.04,0.0
1677573000000.0,23241.04,23241.04,23241.04,23241.04,0.0
1677571200000.0,23241.04,23241.04,23241.04,23241.04,0.0
1677569400000.0,23339.97,23438.9,23241.04,23241.04,0.00212085
1677567600000.0,23438.9,23438.9,23339.97,23339.97,0.0
1677565800000.0,23438.9,23438.9,23438.9,23438.9,0.0
1677564000000.0,23438.9,23438.9,23438.9,23438.9,0.0
1677562200000.0,23438.9,23438.9,23438.9,23438.9,0.0
1677560400000.0,23438.9,23438.9,23438.9,23438.9,0.0
1677558600000.0,23438.9,23438.9,23438.9,23438.9,0.0
1677556800000.0,23450.5,23463.25,23436.6,23438.9,0.11561839
1677555000000.0,23463.25,23463.25,23451.075,23451.075,0.0
1677553200000.0,23410.695,23463.25,23358.14,23463.25,0.00056293
1677551400000.0,23358.14,23410.695,23358.14,23410.695,0.0
1677549600000.0,23358.14,23358.14,23358.14,23358.14,0.0
1677547800000.0,23387.53,23416.92,23358.14,23358.14,0.00073487
1677546000000.0,23469.605,23522.29,23387.53,23387.53,0.0005649
1677544200000.0,23522.29,23522.29,23469.605,23469.605,0.0
1677542400000.0,23522.29,23522.29,23522.29,23522.29,0.0
1677540600000.0,23522.29,23522.29,23522.29,23522.29,0.0
1677538800000.0,23522.29,23522.29,23522.29,23522.29,0.0
1677537000000.0,23466.18,23522.29,23410.07,23522.29,0.0015516
1677535200000.0,23377.845,23466.18,23345.62,23466.18,0.00065887
1677533400000.0,23345.62,23377.845,23345.62,23377.845,0.0
1677531600000.0,23293.33,23345.62,23241.04,23345.62,0.00056293
1677529800000.0,23241.04,23293.33,23241.04,23293.33,0.0
1677528000000.0,23293.33,23345.62,23241.04,23241.04,0.0005649
1677526200000.0,23345.62,23345.62,23293.33,23293.33,0.0
1677524400000.0,23264.16,23345.62,23182.7,23345.62,0.00112586
1677522600000.0,23182.7,23264.16,23182.7,23264.16,0.0
1677520800000.0,23293.53,23404.36,23182.7,23182.7,0.10510129
1677519000000.0,23351.940000000002,23404.36,23293.53,23293.53,0.00056293
1677517200000.0,23368.015,23436.51,23299.52,23351.940000000002,0.00056489
1677515400000.0,23313.929999999997,23436.51,23182.7,23368.015,0.42284538
1677513600000.0,23359.985,23519.97,23200.0,23318.254999999997,0.58379588
1677511800000.0,23699.815000000002,23879.66,23359.985,23359.985,0.03419927
1677510000000.0,23856.629999999997,23879.66,23699.815000000002,23699.815000000002,0.00056293
1677508200000.0,23833.6,23856.629999999997,23833.6,23856.629999999997,0.0
1677506400000.0,23796.769999999997,23833.6,23759.94,23833.6,0.00098158
1677504600000.0,23641.114999999998,23796.769999999997,23522.29,23796.769999999997,0.00328606
1677502800000.0,23480.649999999998,23641.114999999998,23439.01,23641.114999999998,0.00112586
1677501000000.0,23439.01,23480.65,23439.01,23480.65,0.0
1677499200000.0,23439.01,23439.01,23439.01,23439.01,0.0
1677497400000.0,23398.574999999997,23439.01,23358.14,23439.01,0.04394935
1677495600000.0,23358.14,23398.574999999997,23358.14,23398.574999999997,0.0
1677493800000.0,23358.14,23358.14,23358.14,23358.14,0.0
1677492000000.0,23358.14,23358.14,23358.14,23358.14,0.0
1677490200000.0,23358.14,23358.14,23358.14,23358.14,0.0
1677488400000.0,23358.14,23358.14,23358.14,23358.14,0.0
1677486600000.0,23358.14,23358.14,23358.14,23358.14,0.0
1677484800000.0,23383.985,23409.83,23358.14,23358.14,0.0005649
1677483000000.0,23409.83,23409.83,23383.985,23383.985,0.0
1677481200000.0,23409.83,23409.83,23409.83,23409.83,0.0
1677479400000.0,23386.754999999997,23409.83,23363.68,23409.83,0.00158494
1677477600000.0,23363.68,23386.755,23363.68,23386.755,0.0
1677475800000.0,23419.760000000002,23475.84,23363.68,23363.68,0.00108408
1677474000000.0,23475.84,23475.84,23419.760000000002,23419.760000000002,0.0
1677472200000.0,23528.66,23581.48,23475.84,23475.84,0.0005649
1677470400000.0,23581.48,23581.48,23528.66,23528.66,0.0
1677468600000.0,23581.48,23581.48,23581.48,23581.48,0.0
1677466800000.0,23581.48,23581.48,23581.48,23581.48,0.0
1677465000000.0,23581.48,23581.48,23581.48,23581.48,0.0
1677463200000.0,23528.66,23581.48,23475.84,23581.48,0.00056293
1677461400000.0,23475.84,23528.66,23475.84,23528.66,0.0
1677459600000.0,23475.84,23475.84,23475.84,23475.84,0.0
1677457800000.0,23528.66,23581.48,23475.84,23475.84,0.0005649
1677456000000.0,23581.48,23581.48,23528.66,23528.66,0.0
1677454200000.0,23581.48,23581.48,23581.48,23581.48,0.0
1677452400000.0,23469.809999999998,23581.48,23358.14,23581.48,0.00220745
1677450600000.0,23360.91,23469.809999999998,23358.14,23469.809999999998,0.0005649
1677448800000.0,23502.245000000003,23640.81,23360.91,23360.91,0.00221388
1677447000000.0,23640.81,23640.81,23502.245000000003,23502.245000000003,0.0
1677445200000.0,23640.81,23640.81,23640.81,23640.81,0.0
1677443400000.0,23604.475,23640.81,23568.14,23640.81,0.00112586
1677441600000.0,23545.215000000004,23604.475,23522.29,23604.475,0.00051866
1677439800000.0,23469.605,23545.215,23416.92,23545.215,0.00056293
1677438000000.0,23481.1,23545.28,23416.92,23469.605,0.00090435
1677436200000.0,23399.894999999997,23545.28,23254.51,23481.1,0.08839044
1677434400000.0,23254.51,23399.894999999997,23254.51,23399.894999999997,0.0
1677432600000.0,23254.51,23254.51,23254.51,23254.51,0.0
1677430800000.0,23254.51,23254.51,23254.51,23254.51,0.0
1677429000000.0,23254.51,23254.51,23254.51,23254.51,0.0
1677427200000.0,23254.51,23254.51,23254.51,23254.51,0.0
1677425400000.0,23254.51,23254.51,23254.51,23254.51,0.0
1677423600000.0,23254.51,23254.51,23254.51,23254.51,0.0
1677421800000.0,23254.51,23254.51,23254.51,23254.51,0.0
1677420000000.0,23212.385,23254.51,23170.26,23254.51,0.00066006
1677418200000.0,23437.865,23786.31,23008.58,23212.385,0.01067529
1677416400000.0,23649.4425,24237.42,23287.02,23478.285,0.01204138
1677414600000.0,23287.02,23536.665,23287.02,23536.665,0.0
1677412800000.0,23287.02,23287.02,23287.02,23287.02,0.00031332
1677411000000.0,23238.265,23287.02,23124.51,23287.02,0.00050368
1677409200000.0,23254.51,23270.765,23254.51,23270.765,0.0
1677407400000.0,23254.51,23254.51,23254.51,23254.51,0.0
1677405600000.0,23254.51,23254.51,23254.51,23254.51,0.0
1677403800000.0,23218.4,23254.51,23182.29,23254.51,0.00065951
1677402000000.0,23147.2,23218.4,23112.11,23218.4,0.00100347
1677400200000.0,23112.11,23147.2,23112.11,23147.2,0.0
1677398400000.0,23090.545000000002,23131.82,22993.74,23112.11,0.37629214
1677396600000.0,23124.51,23124.51,23118.309999999998,23118.309999999998,0.0
1677394800000.0,23124.51,23124.51,23124.51,23124.51,0.0
1677393000000.0,23124.51,23124.51,23124.51,23124.51,0.0
1677391200000.0,23176.539999999997,23228.57,23124.51,23124.51,0.0005649
1677389400000.0,23228.57,23228.57,23176.54,23176.54,0.0
1677387600000.0,23228.57,23228.57,23228.57,23228.57,0.0
1677385800000.0,23228.57,23228.57,23228.57,23228.57,0.0
1677384000000.0,23228.57,23228.57,23228.57,23228.57,0.0
1677382200000.0,23228.57,23228.57,23228.57,23228.57,0.0
1677380400000.0,23228.57,23228.57,23228.57,23228.57,0.0
1677378600000.0,23159.664999999997,23228.57,23090.76,23228.57,0.0015564
1677376800000.0,23090.76,23159.665,23090.76,23159.665,0.0
1677375000000.0,23090.76,23090.76,23090.76,23090.76,0.0
1677373200000.0,23101.434999999998,23112.11,23090.76,23090.76,0.05146213
1677371400000.0,23112.11,23112.11,23101.434999999998,23101.434999999998,0.0
1677369600000.0,23112.11,23112.11,23112.11,23112.11,0.0
1677367800000.0,23112.11,23112.11,23112.11,23112.11,0.0
1677366000000.0,23112.11,23112.11,23112.11,23112.11,0.0
1677364200000.0,23066.980000000003,23112.11,23021.85,23112.11,0.00165605
1677362400000.0,22985.0275,23066.98,22946.48,23066.98,0.04386902
1677360600000.0,22946.48,22984.165,22946.48,22984.165,0.0
1677358800000.0,22913.715,22946.48,22880.95,22946.48,0.00066081
1677357000000.0,22878.122499999998,22941.36,22748.82,22913.715,0.00222443
1677355200000.0,22941.36,22941.36,22911.155,22911.155,0.0
1677353400000.0,22978.5975,23046.04,22880.95,22941.36,0.02364306
1677351600000.0,23046.04,23046.04,22993.7,22993.7,0.0
1677349800000.0,23046.04,23046.04,23046.04,23046.04,0.0
1677348000000.0,23046.04,23046.04,23046.04,23046.04,0.0
1677346200000.0,23046.04,23046.04,23046.04,23046.04,0.0
1677344400000.0,23046.04,23046.04,23046.04,23046.04,0.0
1677342600000.0,23046.04,23046.04,23046.04,23046.04,0.0
1677340800000.0,23046.04,23046.04,23046.04,23046.04,0.0
1677339000000.0,23046.04,23046.04,23046.04,23046.04,0.0
1677337200000.0,23046.04,23046.04,23046.04,23046.04,0.0
1677335400000.0,23046.04,23046.04,23046.04,23046.04,0.0
1677333600000.0,23046.04,23046.04,23046.04,23046.04,0.0
1677331800000.0,22958.95,23046.04,22871.86,23046.04,0.00043296
1677330000000.0,22871.86,22958.95,22871.86,22958.95,0.0
1677328200000.0,22936.085,23000.31,22871.86,22871.86,0.00053072
1677326400000.0,23000.31,23000.31,22936.085,22936.085,0.0
1677324600000.0,23000.31,23000.31,23000.31,23000.31,0.0
1677322800000.0,23000.31,23000.31,23000.31,23000.31,0.0
1677321000000.0,23040.6,23080.89,23000.31,23000.31,0.00043097
1677319200000.0,23080.89,23080.89,23040.6,23040.6,0.0
1677317400000.0,23080.89,23080.89,23080.89,23080.89,0.0
1677315600000.0,23080.89,23080.89,23080.89,23080.89,0.0
1677313800000.0,23080.89,23080.89,23080.89,23080.89,0.0
1677312000000.0,23080.89,23080.89,23080.89,23080.89,0.0
1677310200000.0,23128.18,23175.47,23080.89,23080.89,0.00458255
1677308400000.0,23175.47,23175.47,23128.18,23128.18,0.0
1677306600000.0,23175.47,23175.47,23175.47,23175.47,0.0
1677304800000.0,23175.47,23175.47,23175.47,23175.47,0.0
1677303000000.0,23175.47,23175.47,23175.47,23175.47,0.0
1677301200000.0,23175.47,23175.47,23175.47,23175.47,0.0
1677299400000.0,23175.47,23175.47,23175.47,23175.47,0.0
1677297600000.0,23175.47,23175.47,23175.47,23175.47,0.0
1677295800000.0,23175.47,23175.47,23175.47,23175.47,0.0
1677294000000.0,23175.47,23175.47,23175.47,23175.47,0.0
1677292200000.0,23175.47,23175.47,23175.47,23175.47,0.0
1677290400000.0,23175.47,23175.47,23175.47,23175.47,0.0
1677288600000.0,23175.47,23175.47,23175.47,23175.47,0.0
1677286800000.0,23175.47,23175.47,23175.47,23175.47,0.0
1677285000000.0,23175.47,23175.47,23175.47,23175.47,0.0
1677283200000.0,23175.47,23175.47,23175.47,23175.47,0.0
1677281400000.0,23175.47,23175.47,23175.47,23175.47,0.0
1677279600000.0,23087.89,23175.47,23000.31,23175.47,0.00043053
1677277800000.0,23062.43,23124.55,23000.31,23087.89,0.00052765
1677276000000.0,23124.55,23124.55,23062.43,23062.43,0.0
1677274200000.0,23141.965,23159.38,23124.55,23124.55,0.00080616
1677272400000.0,23159.38,23159.38,23141.965,23141.965,0.0
1677270600000.0,23234.95,23310.52,23159.38,23159.38,0.00112935
1677268800000.0,23205.25,23310.52,23099.98,23234.95,0.01853078
1677267000000.0,23055.235,23205.25,22871.86,23205.25,0.00149188
1677265200000.0,23124.55,23124.55,23112.265,23112.265,0.0
1677263400000.0,23124.55,23124.55,23124.55,23124.55,0.0
1677261600000.0,23124.55,23124.55,23124.55,23124.55,0.0
1677259800000.0,23124.55,23124.55,23124.55,23124.55,0.0
1677258000000.0,23182.49,23240.43,23124.55,23124.55,0.00075461
1677256200000.0,23120.370000000003,23240.43,23000.31,23182.489999999998,0.04314652
1677254400000.0,23181.995000000003,23363.68,23000.31,23120.370000000003,0.00497113
1677252600000.0,23472.629999999997,23581.58,23181.995000000003,23181.995000000003,0.00326874
1677250800000.0,23712.245000000003,23842.91,23472.63,23472.63,0.00346665
1677249000000.0,23783.46,23842.91,23712.245000000003,23712.245000000003,0.0007348
1677247200000.0,23724.01,23783.46,23724.01,23783.46,0.0
1677245400000.0,23837.425,23950.84,23724.01,23724.01,0.00226145
1677243600000.0,23918.065,23950.84,23837.425,23837.425,0.00073131
1677241800000.0,23903.27,23927.055,23903.27,23927.055,0.0
1677240000000.0,23911.965,23986.93,23878.83,23903.27,0.00187803
1677238200000.0,23837.190000000002,23891.050000000003,23795.55,23891.050000000003,0.00036657
1677236400000.0,23795.55,23837.190000000002,23795.55,23837.190000000002,0.0
1677234600000.0,23795.55,23795.55,23795.55,23795.55,0.0
1677232800000.0,23831.835,23868.12,23795.55,23795.55,0.00036694
1677231000000.0,23882.28,23914.8,23831.4,23831.835,0.00111204
1677229200000.0,23914.8,23914.8,23891.46,23891.46,0.0
1677227400000.0,23850.555,23914.8,23786.31,23914.8,0.00073259
1677225600000.0,23786.31,23850.555,23786.31,23850.555,0.0
1677223800000.0,23786.31,23786.31,23786.31,23786.31,0.0
1677222000000.0,23832.57,23878.83,23786.31,23786.31,0.00078367
1677220200000.0,23837.190000000002,23878.83,23795.55,23832.57,0.00036657
1677218400000.0,23831.43,23867.31,23795.55,23837.190000000002,0.00083685
1677216600000.0,23867.31,23867.31,23831.43,23831.43,0.0
1677214800000.0,23894.85,23922.39,23867.31,23867.31,0.00114554
1677213000000.0,23922.39,23922.39,23894.85,23894.85,0.0
1677211200000.0,23922.39,23922.39,23922.39,23922.39,0.0
1677209400000.0,23922.39,23922.39,23922.39,23922.39,0.0
1677207600000.0,23922.39,23922.39,23922.39,23922.39,0.0
1677205800000.0,23940.41,23958.43,23922.39,23922.39,0.00038669
1677204000000.0,23984.949999999997,24011.47,23940.41,23940.41,0.00038801
1677202200000.0,24063.125,24114.78,23984.95,23984.95,0.00037553
1677200400000.0,24009.025,24114.78,23903.27,24063.125,0.00201138
1677198600000.0,23954.690000000002,24009.025,23903.27,24009.025,0.00037723
1677196800000.0,23970.025,24006.11,23933.94,23954.690000000002,0.00117057
1677195000000.0,23906.385000000002,23970.025,23878.83,23970.025,0.00038995
1677193200000.0,23878.83,23906.385000000002,23878.83,23906.385000000002,0.0
1677191400000.0,23841.9575,23878.83,23778.77,23878.83,0.00118623
1677189600000.0,23854.22,23877.04,23831.4,23855.115,0.00083772
1677187800000.0,23905.747499999998,23946.52,23854.22,23854.22,0.02120466
1677186000000.0,23922.39,23922.39,23899.715,23899.715,0.0
1677184200000.0,23982.595,24042.8,23922.39,23922.39,0.0003886
1677182400000.0,24032.93,24042.8,23982.595,23982.595,0.00010531
1677180600000.0,24023.06,24032.93,24023.06,24032.93,0.0
1677178800000.0,23950.945,24023.06,23878.83,24023.06,0.0019249
1677177000000.0,23852.465000000004,23950.945,23826.1,23950.945,0.00074568
1677175200000.0,23823.27,23861.99,23743.0,23852.465,0.00040354
1677173400000.0,23871.760000000002,23967.45,23778.77,23844.045,0.00274562
1677171600000.0,23824.0475,23878.83,23759.76,23870.410000000003,0.00111317
1677169800000.0,23832.59,23886.41,23778.77,23828.800000000003,0.00164539
1677168000000.0,23912.845,23939.28,23832.59,23832.59,0.00038919
1677166200000.0,23981.7525,24042.28,23912.845,23912.845,0.00114153
1677164400000.0,24005.6225,24056.51,23886.41,23981.17,0.0025067
1677162600000.0,24026.262499999997,24078.51,23922.39,24039.785,0.00289147
1677160800000.0,24066.0,24131.8,24042.28,24052.074999999997,0.00189067
1677159000000.0,24075.4775,24204.58,23850.47,24044.96,0.00544976
1677157200000.0,24095.754999999997,24204.58,23986.93,24123.43,0.00284949
1677155400000.0,23914.92,24095.755,23842.91,24095.755,0.00202121
1677153600000.0,23773.260000000002,23914.92,23636.0,23914.92,0.00296963
1677151800000.0,23794.364999999998,23867.31,23671.62,23807.065000000002,0.00363109
1677150000000.0,24048.325,24229.34,23819.265,23819.265,0.00519506
1677148200000.0,24229.34,24229.34,24048.325,24048.325,0.0
1677146400000.0,24254.364999999998,24279.39,24229.34,24229.34,0.00073198
1677144600000.0,24338.864999999998,24398.34,24254.364999999998,24254.364999999998,0.00121423
1677142800000.0,24396.765,24398.34,24338.864999999998,24338.864999999998,0.0007106
1677141000000.0,24395.19,24396.765,24395.19,24396.765,0.0
1677139200000.0,24381.53,24480.57,24325.18,24395.19,0.00075135
1677137400000.0,24325.18,24360.184999999998,24325.18,24360.184999999998,0.0
1677135600000.0,24325.18,24325.18,24325.18,24325.18,0.0
1677133800000.0,24350.434999999998,24375.69,24325.18,24325.18,0.00078976
1677132000000.0,24375.69,24375.69,24350.434999999998,24350.434999999998,0.0
1677130200000.0,24412.445,24449.2,24375.69,24375.69,0.00073928
1677128400000.0,24449.2,24449.2,24412.445,24412.445,0.0
1677126600000.0,24449.2,24449.2,24449.2,24449.2,0.0
1677124800000.0,24449.2,24449.2,24449.2,24449.2,0.0
1677123000000.0,24510.465,24571.73,24449.2,24449.2,0.00072539
1677121200000.0,24571.73,24571.73,24510.465,24510.465,0.0
1677119400000.0,24416.085,24571.73,24260.44,24571.73,0.00431943
1677117600000.0,24199.949999999997,24416.085,24139.46,24416.085,0.00079637
1677115800000.0,24139.46,24199.949999999997,24139.46,24199.949999999997,0.0
1677114000000.0,24139.46,24139.46,24139.46,24139.46,0.0
1677112200000.0,24181.699999999997,24223.94,24139.46,24139.46,1.183e-05
1677110400000.0,24213.79,24223.94,24181.699999999997,24181.699999999997,0.00037345
1677108600000.0,24195.57,24213.79,24187.5,24213.79,9.279e-05
1677106800000.0,24133.004999999997,24195.57,24078.51,24195.57,0.00153774
1677105000000.0,23924.864999999998,24133.004999999997,23771.22,24133.004999999997,0.04716205
1677103200000.0,23738.9175,23924.864999999998,23653.47,23924.864999999998,0.00105343
1677101400000.0,23759.76,23765.489999999998,23759.76,23765.489999999998,0.0
1677099600000.0,23759.76,23759.76,23759.76,23759.76,0.0
1677097800000.0,23810.875,23861.99,23759.76,23759.76,0.0003795
1677096000000.0,23802.495000000003,23861.99,23743.0,23810.875,0.00039112
1677094200000.0,23778.795,23814.59,23743.0,23802.495000000003,0.00075847
1677092400000.0,23811.0225,23950.84,23671.62,23778.795,0.00659923
1677090600000.0,23807.04,23810.815000000002,23807.04,23810.815000000002,0.0
1677088800000.0,23780.755,23807.04,23754.47,23807.04,0.00073596
1677087000000.0,23736.595,23780.755,23718.72,23780.755,0.00038084
1677085200000.0,23659.585,23736.595,23600.45,23736.595,0.00039348
1677083400000.0,23618.225,23659.585,23600.45,23659.585,0.00038181
1677081600000.0,23692.3825,23790.25,23618.225,23618.225,0.00190678
1677079800000.0,23757.16,23807.04,23671.64,23671.64,0.0003801
1677078000000.0,23846.485,23986.93,23652.69,23757.16,0.00714994
1677076200000.0,23974.0625,24059.26,23873.16,23873.16,0.00111658
1677074400000.0,24036.604999999996,24114.78,23948.855,23948.855,0.00077618
1677072600000.0,24105.144999999997,24114.78,24036.605,24036.605,1.187e-05
1677070800000.0,24069.284999999996,24105.144999999997,23975.35,24105.144999999997,0.00233446
1677069000000.0,24153.86,24204.58,24099.324999999997,24099.324999999997,0.00037385
1677067200000.0,24177.85,24204.58,24151.12,24153.86,0.00082844
1677065400000.0,24118.067499999997,24177.85,24066.89,24177.85,0.00038627
1677063600000.0,24140.485,24187.5,24103.14,24127.129999999997,2.368e-05
1677061800000.0,24131.440000000002,24168.16,24094.72,24135.65,0.00036218
1677060000000.0,24122.92,24151.12,24094.72,24131.440000000002,0.10662746
1677058200000.0,24105.19,24151.12,24059.26,24122.92,0.00117561
1677056400000.0,23971.379999999997,24105.19,23883.5,24105.19,0.0011289
1677054600000.0,23929.425,23975.35,23883.5,23971.379999999997,0.0011991
1677052800000.0,24026.93,24078.51,23929.425,23929.425,0.00037609
1677051000000.0,24068.885,24078.51,24026.93,24026.93,1.188e-05
1677049200000.0,24005.079999999998,24068.885,23943.37,24068.885,0.00288164
1677047400000.0,24036.604999999996,24114.78,23958.43,24008.845,0.00085643
1677045600000.0,24105.144999999997,24114.78,24036.605,24036.605,1.187e-05
1677043800000.0,24053.489999999998,24105.144999999997,24011.47,24105.144999999997,0.00036328
1677042000000.0,24081.295,24151.12,24011.47,24053.489999999998,0.00075049
1677040200000.0,24127.94,24156.5,24047.64,24081.295,0.00190986
1677038400000.0,24198.77,24241.04,24153.809999999998,24153.809999999998,0.00036146
1677036600000.0,24241.04,24241.04,24198.77,24198.77,0.0
1677034800000.0,24204.6,24241.04,24168.16,24241.04,0.00125084
1677033000000.0,24063.3525,24204.6,23886.41,24204.6,0.00458668
1677031200000.0,24071.237500000003,24139.46,23975.35,24099.42,0.00313071
1677029400000.0,24281.83,24424.2,24085.07,24085.07,0.00273339
1677027600000.0,24415.585,24424.2,24281.83,24281.83,0.00035839
1677025800000.0,24403.5575,24461.0,24285.26,24415.585,0.00149387
1677024000000.0,24452.370000000003,24461.0,24433.985,24433.985,0.00035785
1677022200000.0,24416.5,24452.370000000003,24389.26,24452.370000000003,0.00038182
1677020400000.0,24381.4,24416.5,24373.54,24416.5,0.0009501
1677018600000.0,24274.685,24381.4,24175.83,24381.4,0.00153648
1677016800000.0,24175.83,24274.685,24175.83,24274.685,0.0
1677015000000.0,24234.155000000002,24314.14,24175.83,24175.83,0.00147722
1677013200000.0,24336.2625,24449.2,24175.83,24223.325,0.0907908
1677011400000.0,24455.495,24461.79,24360.010000000002,24360.010000000002,0.00035713
1677009600000.0,24520.655,24579.52,24455.495000000003,24455.495000000003,0.00160942
1677007800000.0,24605.377500000002,24682.95,24520.655,24520.655,0.00073283
1677006000000.0,24641.11,24702.7,24579.52,24579.52,0.0003782
1677004200000.0,24645.447500000002,24702.7,24579.52,24641.11,0.00152787
1677002400000.0,24639.925,24720.14,24596.87,24649.785,0.00194872
1677000600000.0,24535.01,24645.82,24424.2,24621.345,0.00270765
1676998800000.0,24424.2,24535.010000000002,24424.2,24535.010000000002,0.0
1676997000000.0,24372.4575,24424.2,24302.41,24424.2,0.00159923
1676995200000.0,24473.885000000002,24608.75,24339.02,24381.61,0.00221287
1676993400000.0,24571.760000000002,24608.75,24473.885000000002,24473.885000000002,0.00073521
1676991600000.0,24572.3175,24671.04,24412.42,24571.760000000002,0.0038059
1676989800000.0,24680.015,24757.38,24602.905,24602.905,0.00145096
1676988000000.0,24584.37,24658.43,24522.92,24658.43,0.00072248
1676986200000.0,24602.934999999998,24682.95,24522.92,24584.37,0.00108981
1676984400000.0,24664.385000000002,24682.95,24602.934999999998,24602.934999999998,0.00036623
1676982600000.0,24618.6,24664.385000000002,24591.38,24664.385000000002,0.00072248
1676980800000.0,24566.975,24618.6,24505.62,24618.6,0.00074651
1676979000000.0,24625.260000000002,24671.0,24579.52,24585.45,0.01128055
1676977200000.0,24671.0,24671.0,24625.260000000002,24625.260000000002,0.0
1676975400000.0,24699.489999999998,24727.98,24671.0,24671.0,0.042455
1676973600000.0,24771.25,24814.52,24699.489999999998,24699.489999999998,1.155e-05
1676971800000.0,24767.33,24814.52,24720.14,24771.25,0.00114381
1676970000000.0,24670.8175,24767.33,24579.52,24767.33,0.00189068
1676968200000.0,24854.495,25065.3,24643.69,24681.915,0.00618728
1676966400000.0,25092.8825,25266.89,24854.495,24854.495,0.00413906
1676964600000.0,25019.67,25042.485,25019.67,25042.485,0.0
1676962800000.0,25019.67,25019.67,25019.67,25019.67,0.0
1676961000000.0,24992.04,25019.67,24964.41,25019.67,0.00071167
1676959200000.0,24920.875,24992.04,24877.34,24992.04,1.146e-05
1676957400000.0,24877.34,24920.875,24877.34,24920.875,0.0
1676955600000.0,24877.34,24877.34,24877.34,24877.34,0.0
1676953800000.0,24886.120000000003,24894.9,24877.34,24877.34,1.148e-05
1676952000000.0,24938.464999999997,24982.03,24886.120000000003,24886.120000000003,0.00035073
1676950200000.0,24982.03,24982.03,24938.465,24938.465,0.0
1676948400000.0,24938.785,24982.03,24876.26,24982.03,0.00112252
1676946600000.0,24958.472500000003,25077.41,24914.82,24948.425,0.00267829
1676944800000.0,24916.885000000002,24926.84,24906.93,24920.83,1.148e-05
1676943000000.0,24863.495000000003,24916.885000000002,24820.06,24916.885000000002,0.00035144
1676941200000.0,24873.45,24926.84,24820.06,24863.495000000003,0.00036329
1676939400000.0,24879.440000000002,24926.84,24832.04,24873.45,0.0011382
1676937600000.0,24832.04,24879.440000000002,24832.04,24879.440000000002,0.0
1676935800000.0,24807.9,24832.04,24772.84,24832.04,0.00592187
1676934000000.0,24732.86,24813.36,24671.04,24813.36,0.00071815
1676932200000.0,24671.04,24732.86,24671.04,24732.86,0.0
1676930400000.0,24719.155,24769.31,24671.04,24671.04,0.00357985
1676928600000.0,24773.975,24782.72,24718.135000000002,24718.135000000002,1.153e-05
1676926800000.0,24782.72,24782.72,24773.975,24773.975,0.0
1676925000000.0,24826.085,24869.45,24782.72,24782.72,0.00035232
1676923200000.0,24869.45,24869.45,24826.085,24826.085,0.0
1676921400000.0,24869.45,24869.45,24869.45,24869.45,0.0
1676919600000.0,24817.34,24869.45,24765.23,24869.45,0.00036348
1676917800000.0,24765.23,24817.34,24765.23,24817.34,0.0
1676916000000.0,24827.289999999997,24889.35,24765.23,24765.23,0.00037537
1676914200000.0,24836.035,24889.35,24782.72,24827.29,0.00036347
1676912400000.0,24844.825,24906.93,24782.72,24836.035,0.00071563
1676910600000.0,24822.3975,24906.93,24643.69,24844.825,0.00309583
1676908800000.0,24856.21,24932.41,24727.98,24869.485,0.00268257
1676907000000.0,24926.149999999998,25019.67,24876.26,24882.225,0.00107334
1676905200000.0,24952.989999999998,25077.41,24876.26,24904.335,0.00271621
1676903400000.0,24934.285,25095.11,24802.55,24929.144999999997,0.00675618
1676901600000.0,24891.6175,24982.03,24820.06,24919.739999999998,0.00254124
1676899800000.0,24906.93,24906.93,24882.190000000002,24882.190000000002,0.0
1676898000000.0,24822.13,24906.93,24737.33,24906.93,0.00107892
1676896200000.0,24778.695,24822.13,24737.33,24822.13,0.00112893
1676894400000.0,24882.255,24944.45,24778.695,24778.695,0.00071455
1676892600000.0,24859.235,24944.45,24727.98,24882.255,0.00299363
1676890800000.0,24882.255,24944.45,24820.06,24882.255,0.00071455
1676889000000.0,24877.877500000002,24944.45,24802.55,24882.255,0.00073685
1676887200000.0,24873.5075,24964.41,24782.72,24882.255,0.00254191
1676885400000.0,24712.35,24926.84,24497.86,24873.45,0.00542297
1676883600000.0,24455.715,24712.35,24395.19,24712.35,0.00073838
1676881800000.0,24493.175,24554.4,24431.95,24464.905,0.00038049
1676880000000.0,24539.18,24554.4,24493.175000000003,24493.175000000003,0.00036843
1676878200000.0,24486.579999999998,24539.18,24449.2,24539.18,0.00030584
1676876400000.0,24449.2,24486.58,24449.2,24486.58,0.0
1676874600000.0,24449.2,24449.2,24449.2,24449.2,0.0
1676872800000.0,24449.2,24449.2,24449.2,24449.2,0.0
1676871000000.0,24449.2,24449.2,24449.2,24449.2,0.0
1676869200000.0,24491.985,24534.77,24449.2,24449.2,0.00035713
1676867400000.0,24534.77,24534.77,24491.985,24491.985,0.0
1676865600000.0,24489.255,24534.77,24443.74,24534.77,0.00159394
1676863800000.0,24425.355000000003,24489.255,24406.97,24489.255,0.0003701
1676862000000.0,24386.260000000002,24425.355000000003,24365.55,24425.355000000003,0.00079178
1676860200000.0,24339.845,24386.260000000002,24314.14,24386.260000000002,0.0004634
1676858400000.0,24270.4175,24339.845,24175.83,24339.845,0.00111683
1676856600000.0,24141.835,24295.85,24006.11,24295.85,0.00390108
1676854800000.0,24046.19,24155.67,23867.31,24141.835,0.00468015
1676853000000.0,24271.565,24387.46,24080.89,24080.89,0.00235107
1676851200000.0,24299.855,24387.46,24212.25,24271.565,0.00111368
1676849400000.0,24293.97,24375.69,24212.25,24299.855,0.00199621
1676847600000.0,24422.225,24468.76,24293.97,24293.97,0.00109641
1676845800000.0,24511.579999999998,24554.4,24422.225,24422.225,1.167e-05
1676844000000.0,24554.4,24554.4,24511.58,24511.58,0.0
1676842200000.0,24554.4,24554.4,24554.4,24554.4,0.0
1676840400000.0,24535.93,24554.4,24517.46,24554.4,0.00045998
1676838600000.0,24462.215,24535.93,24406.97,24535.93,0.00151571
1676836800000.0,24450.2575,24554.4,24285.26,24462.215,0.0027429
1676835000000.0,24554.4,24554.4,24480.685,24480.685,0.0
1676833200000.0,24493.175,24554.4,24431.95,24554.4,0.00047165
1676831400000.0,24460.59,24517.46,24431.95,24493.175000000003,0.00079945
1676829600000.0,24395.725000000002,24461.0,24302.41,24446.475,0.00232754
1676827800000.0,24502.7375,24665.54,24358.49,24409.745000000003,0.00339972
1676826000000.0,24666.7475,24794.68,24449.2,24493.46,0.00501666
1676824200000.0,24889.065000000002,25045.27,24671.04,24711.555,0.00524737
1676822400000.0,25017.434999999998,25170.79,24919.975,24919.975,0.00370976
1676820600000.0,24846.035,24986.055,24765.23,24986.055,0.00086859
1676818800000.0,24788.8075,25024.1,24682.95,24846.035,0.00615799
1676817000000.0,24682.95,24724.09,24682.95,24724.09,0.00027433
1676815200000.0,24682.95,24682.95,24682.95,24682.95,0.0
1676813400000.0,24682.95,24682.95,24682.95,24682.95,0.0
1676811600000.0,24682.95,24682.95,24682.95,24682.95,0.0
1676809800000.0,24682.95,24682.95,24682.95,24682.95,0.0
1676808000000.0,24682.95,24682.95,24682.95,24682.95,0.0
1676806200000.0,24674.245000000003,24682.95,24665.54,24682.95,8.03e-05
1676804400000.0,24665.54,24674.245000000003,24665.54,24674.245000000003,0.0
1676802600000.0,24635.495,24665.54,24605.45,24665.54,1.16e-05
1676800800000.0,24605.45,24635.495000000003,24605.45,24635.495000000003,0.0
1676799000000.0,24605.45,24605.45,24605.45,24605.45,0.0
1676797200000.0,24592.485,24605.45,24579.52,24605.45,0.00060494
1676795400000.0,24579.52,24592.485,24579.52,24592.485,0.0
1676793600000.0,24579.52,24579.52,24579.52,24579.52,0.0
1676791800000.0,24592.82,24606.12,24579.52,24579.52,1.162e-05
1676790000000.0,24617.7125,24633.93,24592.82,24592.82,0.04741679
1676788200000.0,24671.07,24708.21,24620.025,24620.025,0.00073153
1676786400000.0,24718.095,24727.98,24671.07,24671.07,0.00035338
1676784600000.0,24780.01,24832.04,24718.095,24718.095,0.0003644
1676782800000.0,24761.26,24832.04,24690.48,24780.010000000002,0.00149629
1676781000000.0,24690.48,24761.260000000002,24690.48,24761.260000000002,0.0
1676779200000.0,24690.48,24690.48,24690.48,24690.48,0.0
1676777400000.0,24690.48,24690.48,24690.48,24690.48,0.0
1676775600000.0,24690.48,24690.48,24690.48,24690.48,0.0
1676773800000.0,24672.059999999998,24690.48,24653.64,24690.48,0.01793076
1676772000000.0,24653.64,24672.059999999998,24653.64,24672.059999999998,0.0
1676770200000.0,24653.64,24653.64,24653.64,24653.64,0.0
1676768400000.0,24701.145,24757.38,24653.64,24653.64,0.00212265
1676766600000.0,24721.309999999998,24739.92,24696.78,24696.78,0.00061806
1676764800000.0,24671.8725,24721.309999999998,24636.27,24721.309999999998,0.00090482
1676763000000.0,24645.82,24674.260000000002,24645.82,24674.260000000002,0.0
1676761200000.0,24645.82,24645.82,24645.82,24645.82,0.0
1676759400000.0,24645.82,24645.82,24645.82,24645.82,0.0
1676757600000.0,24594.18,24645.82,24542.54,24645.82,0.00036679
1676755800000.0,24542.54,24594.18,24542.54,24594.18,0.0
1676754000000.0,24542.54,24542.54,24542.54,24542.54,0.0
1676752200000.0,24542.54,24542.54,24542.54,24542.54,0.0
1676750400000.0,24561.03,24579.52,24542.54,24542.54,0.0004206
1676748600000.0,24632.215,24684.91,24561.03,24561.03,0.00126939
1676746800000.0,24669.275,24684.91,24632.215,24632.215,0.00035285
1676745000000.0,24709.434999999998,24765.23,24653.64,24669.275,0.00082836
1676743200000.0,24747.235,24857.81,24682.95,24709.434999999998,0.08662499
1676741400000.0,24649.175,24724.09,24596.87,24724.09,0.00076454
1676739600000.0,24677.034999999996,24720.14,24633.93,24658.440000000002,0.00035445
1676737800000.0,24720.14,24720.14,24677.035,24677.035,0.0
1676736000000.0,24720.14,24720.14,24720.14,24720.14,0.0
1676734200000.0,24720.14,24720.14,24720.14,24720.14,0.0
1676732400000.0,24720.14,24720.14,24720.14,24720.14,0.0
1676730600000.0,24655.449999999997,24720.14,24590.76,24720.14,0.0016696
1676728800000.0,24590.76,24655.449999999997,24590.76,24655.449999999997,0.0
1676727000000.0,24590.76,24590.76,24590.76,24590.76,0.0
1676725200000.0,24590.76,24590.76,24590.76,24590.76,0.0
1676723400000.0,24609.594999999998,24628.43,24590.76,24590.76,0.00085879
1676721600000.0,24581.600000000002,24628.43,24534.77,24609.595,0.00079032
1676719800000.0,24491.985,24581.6,24449.2,24581.6,0.00035677
1676718000000.0,24458.98,24491.985,24449.2,24491.985,0.00035713
1676716200000.0,24487.19,24505.62,24458.98,24458.98,0.00036826
1676714400000.0,24535.309999999998,24565.0,24487.19,24487.19,1.166e-05
1676712600000.0,24565.0,24565.0,24535.309999999998,24535.309999999998,0.0
1676710800000.0,24578.190000000002,24591.38,24565.0,24565.0,0.00041044
1676709000000.0,24563.075,24591.38,24534.77,24578.190000000002,0.00037952
1676707200000.0,24534.77,24563.075,24534.77,24563.075,0.0
1676705400000.0,24525.927499999998,24559.87,24449.2,24534.77,0.00204476
1676703600000.0,24607.324999999997,24654.78,24547.32,24547.32,0.00035552
1676701800000.0,24654.78,24654.78,24607.324999999997,24607.324999999997,0.0
1676700000000.0,24646.895,24654.78,24638.64,24654.78,0.00044209
1676698200000.0,24633.905,24647.08,24628.43,24647.08,0.00247266
1676696400000.0,24628.43,24633.905,24628.43,24633.905,0.0
1676694600000.0,24628.43,24628.43,24628.43,24628.43,0.0
1676692800000.0,24618.59,24628.43,24608.75,24628.43,1.162e-05
1676691000000.0,24608.75,24618.59,24608.75,24618.59,0.0
1676689200000.0,24565.835,24608.75,24522.92,24608.75,0.00035569
1676687400000.0,24551.22,24579.52,24522.92,24565.835,0.00072321
1676685600000.0,24588.195,24596.87,24551.22,24551.22,1.162e-05
1676683800000.0,24596.87,24596.87,24588.195,24588.195,0.0
1676682000000.0,24615.4,24633.93,24596.87,24596.87,0.00036658
1676680200000.0,24695.655,24757.38,24615.4,24615.4,0.00071996
1676678400000.0,24649.96,24757.38,24542.54,24695.655,0.00146382
1676676600000.0,24572.692500000005,24649.96,24542.54,24649.96,0.00072233
1676674800000.0,24640.004999999997,24720.14,24551.205,24551.205,0.00108817
1676673000000.0,24542.845,24720.14,24365.55,24640.004999999997,0.00731063
1676671200000.0,24328.329999999998,24542.845,24083.87,24542.845,0.00777052
1676669400000.0,24561.364999999998,24690.78,24398.75,24398.75,0.00357982
1676667600000.0,24718.11,24745.44,24561.364999999998,24561.364999999998,0.00077721
1676665800000.0,24811.39,24877.34,24718.11,24718.11,0.00144277
1676664000000.0,24737.225000000002,25002.02,24534.77,24811.39,0.00830484
1676662200000.0,24479.485,24706.055,24424.2,24706.055,0.00365173
1676660400000.0,24366.844999999998,24479.485,24248.73,24479.485,0.00149538
1676658600000.0,24348.475,24397.225,24248.73,24397.225,0.00112563
1676656800000.0,24335.795,24387.46,24265.85,24378.855,0.00110173
1676655000000.0,24381.72,24497.86,24302.41,24344.934999999998,0.00220767
1676653200000.0,24245.12,24461.0,24047.64,24363.305,0.00582541
1676651400000.0,24032.6075,24235.92,23939.28,24235.92,0.00297807
1676649600000.0,24091.995000000003,24314.14,23975.35,24011.495,0.00497663
1676647800000.0,24106.235,24260.44,24030.68,24039.245,0.00435011
1676646000000.0,23976.445,24151.12,23861.99,24066.91,0.00509758
1676644200000.0,23919.3125,24223.94,23724.01,23946.335,0.01034367
1676642400000.0,23843.9225,23950.84,23778.77,23864.65,0.00149982
1676640600000.0,23787.16,23823.04,23778.77,23823.04,1.201e-05
1676638800000.0,23846.745,23897.94,23787.16,23787.16,0.00037893
1676637000000.0,23862.019999999997,23897.94,23826.1,23846.745,0.00085169
1676635200000.0,23826.1,23862.019999999997,23826.1,23862.019999999997,0.0
1676633400000.0,23816.57,23826.1,23807.04,23826.1,1.201e-05
1676631600000.0,23789.13,23816.57,23771.22,23816.57,0.00037971
1676629800000.0,23729.770000000004,23789.13,23688.32,23789.13,0.00036823
1676628000000.0,23706.165,23729.77,23688.32,23729.77,0.00038065
1676626200000.0,23733.504999999997,23743.0,23706.165,23706.165,0.00036805
1676624400000.0,23779.79,23842.91,23733.504999999997,23733.504999999997,0.00154499
1676622600000.0,23695.35,23790.25,23600.45,23766.625,0.04903983
1676620800000.0,23626.57,23695.35,23600.45,23695.35,0.0004039
1676619000000.0,23711.955,23771.22,23626.57,23626.57,0.00074983
1676617200000.0,23703.61,23771.22,23636.0,23711.955,0.00076113
1676615400000.0,23670.4,23704.8,23636.0,23703.61,0.00127512
1676613600000.0,23706.04,23707.28,23670.4,23670.4,0.00062819
1676611800000.0,23725.14,23743.0,23706.04,23706.04,0.04231963
1676610000000.0,23743.0,23743.0,23725.14,23725.14,0.0
1676608200000.0,23769.275,23795.55,23743.0,23743.0,0.00039153
1676606400000.0,23846.745,23897.94,23769.275,23769.275,0.00037893
1676604600000.0,23879.965,23897.94,23846.745,23846.745,0.00047258
1676602800000.0,23847.795,23879.965,23833.6,23879.965,0.00037911
1676601000000.0,23833.6,23847.795,23833.6,23847.795,0.0
1676599200000.0,23833.6,23833.6,23833.6,23833.6,0.0
1676597400000.0,23794.035,23833.6,23754.47,23833.6,0.0011786
1676595600000.0,23708.3125,23794.035,23652.69,23794.035,0.00075001
1676593800000.0,23662.447500000002,23754.47,23611.85,23713.045,0.00205452
1676592000000.0,23542.284999999996,23664.11,23363.68,23641.735,0.00691669
1676590200000.0,23682.6,23835.7,23529.5,23570.675,0.00435597
1676588400000.0,23940.344999999998,24078.51,23682.6,23682.6,0.0043104
1676586600000.0,24180.9,24358.49,23923.585,23923.585,0.00672464
1676584800000.0,24446.63,24534.77,24184.980000000003,24184.980000000003,0.00110814
1676583000000.0,24483.3725,24534.77,24395.19,24446.63,0.00147564
1676581200000.0,24498.819999999996,24554.4,24449.2,24501.765,0.00111714
1676579400000.0,24518.7325,24628.43,24461.79,24495.839999999997,0.00184956
1676577600000.0,24659.620000000003,24857.45,24461.79,24492.355,0.00514954
1676575800000.0,24857.45,24857.45,24659.620000000003,24659.620000000003,0.0
1676574000000.0,24940.774999999998,25024.1,24857.45,24857.45,0.00107514
1676572200000.0,24984.274999999998,25024.1,24940.775,24940.775,0.00081287
1676570400000.0,24944.45,24984.275,24944.45,24984.275,0.0
1676568600000.0,24898.795,24944.45,24853.14,24944.45,0.00072568
1676566800000.0,24871.3325,24914.82,24802.55,24898.795,0.01541912
1676565000000.0,24867.344999999998,25024.1,24765.23,24883.98,0.00062772
1676563200000.0,24931.8875,25255.56,24641.06,24840.025,0.00459004
1676561400000.0,24810.050000000003,25065.7,24554.4,24915.465,0.04411168
1676559600000.0,24499.070000000003,24810.050000000003,24443.74,24810.050000000003,0.00053366
1676557800000.0,24399.9825,24499.07,24317.26,24499.07,0.00054606
1676556000000.0,24416.535,24480.57,24395.19,24419.465,2.34e-05
1676554200000.0,24507.46,24648.08,24395.19,24395.19,0.0013419
1676552400000.0,24591.38,24591.38,24493.285,24493.285,0.0
1676550600000.0,24530.07,24591.38,24468.76,24591.38,2.329e-05
1676548800000.0,24505.649999999998,24542.54,24468.76,24530.07,2.333e-05
1676547000000.0,24595.310000000005,24648.08,24505.65,24505.65,1.164e-05
1676545200000.0,24648.08,24648.08,24595.31,24595.31,0.0
1676543400000.0,24648.08,24648.08,24648.08,24648.08,0.0
1676541600000.0,24648.08,24648.08,24648.08,24648.08,0.0
1676539800000.0,24648.08,24648.08,24648.08,24648.08,0.0
1676538000000.0,24648.08,24648.08,24648.08,24648.08,0.0
1676536200000.0,24638.254999999997,24648.08,24628.43,24648.08,0.00040483
1676534400000.0,24609.905,24638.255,24591.38,24638.255,1.162e-05
1676532600000.0,24591.38,24609.905,24591.38,24609.905,0.0
1676530800000.0,24571.567499999997,24616.55,24461.79,24591.38,0.00058618
1676529000000.0,24642.38,24668.21,24603.965,24603.965,2.319e-05
1676527200000.0,24668.21,24668.21,24642.379999999997,24642.379999999997,0.0
1676525400000.0,24635.442499999997,24675.2,24599.18,24668.21,0.00049285
1676523600000.0,24599.18,24633.695,24599.18,24633.695,0.0
