1679115900000,4.507,4.512,4.501,4.503,3.97758
1679115600000,4.514,4.519,4.507,4.507,1.539217
1679115300000,4.52,4.52,4.514,4.514,19.954804
1679115000000,4.54,4.542,4.52,4.52,45.869297
1679114700000,4.545,4.545,4.54,4.54,0.027202
1679114400000,4.555,4.555,4.545,4.545,8.422782
1679114100000,4.563,4.563,4.55,4.555,50.764516
1679113800000,4.576,4.576,4.561,4.563,1.814306
1679113500000,4.584,4.584,4.575,4.576,0.57185
1679113200000,4.598,4.598,4.584,4.584,0.250549
1679112900000,4.566,4.598,4.566,4.598,191.186835
1679112600000,4.594,4.604,4.566,4.566,199.692674
1679112300000,4.607,4.607,4.59,4.594,0.403908
1679112000000,4.596,4.607,4.59,4.607,21.828761
1679111700000,4.596,4.596,4.596,4.596,0
1679111400000,4.592,4.61,4.592,4.596,54.799023
1679111100000,4.586,4.592,4.576,4.592,1378.690319
1679110800000,4.573,4.586,4.567,4.586,312.810752
1679110500000,4.57,4.576,4.569,4.573,3.442164
1679110200000,4.545,4.57,4.545,4.57,13.099746
1679109900000,4.555,4.555,4.545,4.545,1171.380171
1679109600000,4.542,4.555,4.542,4.555,10.560324
1679109300000,4.506,4.542,4.506,4.542,25.930739
1679109000000,4.524,4.524,4.506,4.506,756.394082
1679108700000,4.512,4.524,4.512,4.524,0.254349
1679108400000,4.511,4.512,4.511,4.512,11.109093
1679108100000,4.52,4.52,4.511,4.511,0.275768
1679107800000,4.507,4.524,4.507,4.52,473.289917
1679107500000,4.533,4.555,4.505,4.507,1235.511848
1679107200000,4.537,4.541,4.533,4.533,1.913986
1679106900000,4.566,4.566,4.537,4.537,14.118679
1679106600000,4.574,4.592,4.565,4.566,26.935216
1679106300000,4.537,4.574,4.537,4.574,655.988859
1679106000000,4.501,4.537,4.501,4.537,145.090657
1679105700000,4.493,4.501,4.493,4.501,22.592535
1679105400000,4.491,4.498,4.491,4.493,183.644279
1679105100000,4.491,4.504,4.489,4.491,1.780929
1679104800000,4.516,4.518,4.491,4.491,33.781194
1679104500000,4.493,4.516,4.493,4.516,20.380131
1679104200000,4.481,4.494,4.476,4.493,2.301921
1679103900000,4.45,4.501,4.45,4.481,663.450723
1679103600000,4.453,4.455,4.45,4.45,22.505181
1679103300000,4.441,4.462,4.441,4.453,9.777321
1679103000000,4.5,4.5,4.441,4.441,50.995393
1679102700000,4.481,4.501,4.481,4.5,8.581432
1679102400000,4.504,4.504,4.481,4.481,2.130549
1679102100000,4.494,4.504,4.494,4.504,0.288345
1679101800000,4.514,4.524,4.491,4.494,56.316808
1679101500000,4.497,4.517,4.497,4.514,50.439625
1679101200000,4.494,4.502,4.488,4.497,35.068092
1679100900000,4.477,4.494,4.474,4.494,89.341134
1679100600000,4.442,4.477,4.442,4.477,68.064061
1679100300000,4.443,4.448,4.442,4.442,6.554291
1679100000000,4.435,4.444,4.429,4.443,267.49784
1679099700000,4.419,4.435,4.419,4.435,33.604106
1679099400000,4.406,4.419,4.401,4.419,0.812594
1679099100000,4.396,4.419,4.396,4.406,26.306668
1679098800000,4.384,4.419,4.384,4.396,10.973403
1679098500000,4.429,4.429,4.384,4.384,266.163076
1679098200000,4.437,4.444,4.425,4.429,19.953019
1679097900000,4.464,4.465,4.43,4.437,22.069599
1679097600000,4.451,4.464,4.446,4.464,10.856479
1679097300000,4.461,4.461,4.451,4.451,0.278628
1679097000000,4.449,4.464,4.449,4.461,409.856466
1679096700000,4.441,4.45,4.437,4.449,6.317951
1679096400000,4.455,4.455,4.441,4.441,1.089965
1679096100000,4.452,4.46,4.452,4.455,2.882693
1679095800000,4.416,4.452,4.416,4.452,417.438052
1679095500000,4.421,4.434,4.416,4.416,7.403766
1679095200000,4.476,4.476,4.421,4.421,44.505991
1679094900000,4.435,4.48,4.435,4.476,86.745685
1679094600000,4.438,4.438,4.434,4.435,5.295882
1679094300000,4.419,4.438,4.419,4.438,79.286956
1679094000000,4.396,4.419,4.396,4.419,0.945922
1679093700000,4.424,4.424,4.396,4.396,3.213206
1679093400000,4.434,4.434,4.405,4.424,2.827206
1679093100000,4.422,4.434,4.422,4.434,15.132442
1679092800000,4.406,4.422,4.391,4.422,378.739432
1679092500000,4.384,4.408,4.384,4.406,25.994017
1679092200000,4.404,4.404,4.384,4.384,0.958904
1679091900000,4.394,4.404,4.394,4.404,64.048175
1679091600000,4.376,4.394,4.376,4.394,0.524092
1679091300000,4.379,4.379,4.376,4.376,1.318386
1679091000000,4.371,4.4,4.371,4.379,35.033405
1679090700000,4.314,4.391,4.314,4.371,395.370211
1679090400000,4.354,4.356,4.314,4.314,1016.022785
1679090100000,4.346,4.354,4.346,4.354,33.3074
1679089800000,4.296,4.346,4.293,4.346,248.281539
1679089500000,4.324,4.324,4.296,4.296,8.612249
1679089200000,4.278,4.324,4.278,4.324,300.776703
1679088900000,4.271,4.278,4.271,4.278,15.43602
1679088600000,4.275,4.277,4.271,4.271,10.339437
1679088300000,4.261,4.275,4.261,4.275,16.301248
1679088000000,4.252,4.261,4.252,4.261,13.735475
1679087700000,4.252,4.252,4.252,4.252,0
1679087400000,4.25,4.252,4.25,4.252,0.051318
1679087100000,4.244,4.25,4.244,4.25,33.820774
1679086800000,4.243,4.244,4.243,4.244,0.271182
1679086500000,4.234,4.243,4.234,4.243,1.512597
1679086200000,4.225,4.234,4.225,4.234,0.271823
1679085900000,4.225,4.225,4.224,4.225,0.383122
1679085600000,4.24,4.24,4.221,4.225,14.165033
1679085300000,4.238,4.24,4.238,4.24,0.029779
1679085000000,4.246,4.246,4.235,4.238,11.316012
1679084700000,4.251,4.253,4.246,4.246,3.5871
1679084400000,4.258,4.259,4.251,4.251,1.657985
1679084100000,4.256,4.264,4.251,4.258,36.34676
1679083800000,4.25,4.27,4.25,4.256,41.274317
1679083500000,4.231,4.256,4.223,4.25,89.731009
1679083200000,4.237,4.24,4.226,4.231,112.116982
1679082900000,4.235,4.24,4.235,4.237,1.396626
1679082600000,4.209,4.239,4.209,4.235,197.889673
1679082300000,4.209,4.215,4.209,4.209,0.070294
1679082000000,4.21,4.21,4.209,4.209,0.285976
1679081700000,4.206,4.21,4.206,4.21,0.051075
1679081400000,4.229,4.229,4.206,4.206,2.063971
1679081100000,4.224,4.232,4.224,4.229,10.68398
1679080800000,4.211,4.224,4.211,4.224,0.27247
1679080500000,4.211,4.211,4.211,4.211,0
1679080200000,4.224,4.224,4.211,4.211,0.272742
1679079900000,4.211,4.224,4.211,4.224,16.654461
1679079600000,4.204,4.211,4.201,4.211,12.198012
1679079300000,4.2,4.204,4.2,4.204,1.514864
1679079000000,4.198,4.2,4.198,4.2,0.086526
1679078700000,4.178,4.198,4.178,4.198,14.479245
1679078400000,4.18,4.181,4.178,4.178,0.061329
1679078100000,4.171,4.18,4.171,4.18,1.885435
1679077800000,4.17,4.171,4.17,4.171,0.275876
1679077500000,4.161,4.17,4.161,4.17,1.244259
1679077200000,4.159,4.162,4.153,4.161,11.476946
1679076900000,4.158,4.159,4.158,4.159,0.097279
1679076600000,4.167,4.167,4.158,4.158,6.410621
1679076300000,4.184,4.184,4.163,4.167,10.030749
1679076000000,4.186,4.186,4.176,4.184,100.629049
1679075700000,4.196,4.198,4.186,4.186,0.675806
1679075400000,4.203,4.203,4.196,4.196,0.04468
1679075100000,4.189,4.203,4.189,4.203,0.547867
1679074800000,4.186,4.189,4.186,4.189,52.269654
1679074500000,4.199,4.199,4.186,4.186,8.438898
1679074200000,4.199,4.201,4.199,4.199,0.394583
1679073900000,4.203,4.203,4.196,4.199,4.45528
1679073600000,4.217,4.217,4.203,4.203,3.668879
1679073300000,4.216,4.217,4.216,4.217,1.241095
1679073000000,4.209,4.216,4.204,4.216,7.924875
1679072700000,4.211,4.211,4.209,4.209,0.0425
1679072400000,4.193,4.211,4.192,4.211,3.568561
1679072100000,4.193,4.193,4.193,4.193,0
1679071800000,4.178,4.193,4.178,4.193,2
1679071500000,4.176,4.182,4.176,4.178,0.185988
1679071200000,4.182,4.182,4.176,4.176,9.593719
1679070900000,4.197,4.197,4.182,4.182,11.3532
1679070600000,4.205,4.211,4.197,4.197,1.447341
1679070300000,4.21,4.21,4.198,4.205,7.327111
1679070000000,4.213,4.219,4.21,4.21,37.425734
1679069700000,4.213,4.223,4.213,4.213,13.345506
1679069400000,4.211,4.217,4.211,4.213,121.346311
1679069100000,4.204,4.211,4.201,4.211,38.119918
1679068800000,4.19,4.204,4.185,4.204,239.018187
1679068500000,4.191,4.191,4.187,4.19,0.284589
1679068200000,4.178,4.191,4.178,4.191,3.533365
1679067900000,4.158,4.178,4.158,4.178,48.885902
1679067600000,4.167,4.167,4.158,4.158,595.536517
1679067300000,4.181,4.181,4.167,4.167,0.648041
1679067000000,4.163,4.182,4.163,4.181,1.345651
1679066700000,4.164,4.164,4.158,4.163,6.514193
1679066400000,4.19,4.19,4.164,4.164,43.444094
1679066100000,4.178,4.194,4.178,4.19,15.270826
1679065800000,4.147,4.178,4.143,4.178,37.232361
1679065500000,4.118,4.147,4.118,4.147,1.449057
1679065200000,4.139,4.139,4.118,4.118,37.940911
1679064900000,4.163,4.165,4.138,4.139,67.973335
1679064600000,4.205,4.205,4.16,4.163,208.348985
1679064300000,4.174,4.209,4.171,4.205,31.089047
1679064000000,4.209,4.209,4.174,4.174,87.469945
1679063700000,4.245,4.245,4.209,4.209,41.658984
1679063400000,4.234,4.254,4.231,4.245,10.824675
1679063100000,4.269,4.277,4.234,4.234,127.262436
1679062800000,4.269,4.269,4.269,4.269,0
1679062500000,4.291,4.291,4.269,4.269,38.841523
1679062200000,4.296,4.296,4.28,4.291,144.995597
1679061900000,4.305,4.314,4.296,4.296,1.203096
1679061600000,4.297,4.307,4.296,4.305,11.071082
1679061300000,4.29,4.297,4.29,4.297,1.160122
1679061000000,4.306,4.306,4.29,4.29,21.979762
1679060700000,4.329,4.329,4.306,4.306,26.867386
1679060400000,4.338,4.344,4.323,4.329,11.062799
1679060100000,4.326,4.338,4.316,4.338,461.710769
1679059800000,4.323,4.327,4.32,4.326,0.308732
1679059500000,4.319,4.329,4.319,4.323,2.397963
1679059200000,4.307,4.319,4.306,4.319,0.533184
1679058900000,4.323,4.323,4.307,4.307,1.914253
1679058600000,4.322,4.327,4.322,4.323,10.068547
1679058300000,4.324,4.325,4.322,4.322,0.237313
1679058000000,4.318,4.324,4.316,4.324,20.266148
1679057700000,4.311,4.318,4.311,4.318,0.061917
1679057400000,4.311,4.311,4.311,4.311,0
1679057100000,4.311,4.324,4.311,4.311,4.971818
1679056800000,4.284,4.311,4.284,4.311,2.071368
1679056500000,4.324,4.324,4.284,4.284,44.623864
1679056200000,4.306,4.326,4.306,4.324,4.081146
1679055900000,4.326,4.326,4.306,4.306,36.009561
1679055600000,4.321,4.34,4.321,4.326,3.355086
1679055300000,4.334,4.335,4.321,4.321,130.583953
1679055000000,4.336,4.344,4.334,4.334,2.256751
1679054700000,4.361,4.361,4.336,4.336,11.514319
1679054400000,4.38,4.38,4.361,4.361,0.559892
1679054100000,4.38,4.38,4.38,4.38,0.021412
1679053800000,4.371,4.38,4.367,4.38,119.791341
1679053500000,4.369,4.374,4.369,4.371,2.768482
1679053200000,4.364,4.369,4.361,4.369,6.112145
1679052900000,4.351,4.364,4.351,4.364,168.670188
1679052600000,4.362,4.362,4.351,4.351,0.463328
1679052300000,4.346,4.362,4.346,4.362,72.907341
1679052000000,4.346,4.346,4.346,4.346,0
1679051700000,4.356,4.356,4.346,4.346,0.576548
1679051400000,4.374,4.374,4.356,4.356,1.768249
1679051100000,4.351,4.374,4.351,4.374,0.578506
1679050800000,4.363,4.363,4.351,4.351,2.137684
1679050500000,4.379,4.379,4.363,4.363,2.329051
1679050200000,4.359,4.379,4.359,4.379,1.633606
1679049900000,4.365,4.369,4.359,4.359,1.314159
1679049600000,4.37,4.374,4.365,4.365,10.311037
1679049300000,4.36,4.37,4.358,4.37,1.43427
1679049000000,4.365,4.365,4.36,4.36,0.064157
1679048700000,4.355,4.365,4.355,4.365,21.484548
1679048400000,4.321,4.355,4.321,4.355,42.732504
1679048100000,4.335,4.335,4.321,4.321,28.536955
1679047800000,4.335,4.335,4.335,4.335,0
1679047500000,4.324,4.335,4.322,4.335,99.618675
1679047200000,4.319,4.324,4.319,4.324,11.049482
1679046900000,4.303,4.319,4.303,4.319,0.266459
1679046600000,4.306,4.306,4.301,4.303,0.12383
1679046300000,4.315,4.315,4.306,4.306,0.386974
1679046000000,4.312,4.315,4.312,4.315,0.024371
1679045700000,4.312,4.312,4.312,4.312,0
1679045400000,4.316,4.316,4.308,4.312,0.200706
1679045100000,4.294,4.32,4.294,4.316,29.916257
1679044800000,4.294,4.294,4.294,4.294,0
1679044500000,4.293,4.294,4.293,4.294,0.125763
1679044200000,4.293,4.293,4.293,4.293,0
1679043900000,4.296,4.296,4.293,4.293,0.059957
1679043600000,4.296,4.296,4.296,4.296,0
1679043300000,4.296,4.296,4.296,4.296,0
1679043000000,4.288,4.296,4.288,4.296,35.550438
1679042700000,4.29,4.291,4.288,4.288,0.22658
1679042400000,4.282,4.29,4.282,4.29,0.036073
1679042100000,4.281,4.282,4.276,4.282,9.401474
1679041800000,4.296,4.296,4.281,4.281,1.871412
1679041500000,4.296,4.296,4.294,4.296,2.506781
1679041200000,4.296,4.296,4.296,4.296,0
1679040900000,4.309,4.309,4.296,4.296,0.107342
1679040600000,4.305,4.309,4.305,4.309,9.278174
1679040300000,4.292,4.305,4.292,4.305,36.256929
1679040000000,4.279,4.292,4.279,4.292,9.010003
1679039700000,4.278,4.279,4.277,4.279,0.291307
1679039400000,4.264,4.278,4.264,4.278,24.261127
1679039100000,4.263,4.264,4.263,4.264,0.035116
1679038800000,4.253,4.263,4.251,4.263,0.506628
1679038500000,4.245,4.255,4.245,4.253,1.237184
1679038200000,4.252,4.252,4.245,4.245,9.418413
1679037900000,4.256,4.258,4.249,4.252,17.504865
1679037600000,4.275,4.275,4.256,4.256,23.730743
1679037300000,4.276,4.276,4.275,4.275,8.865893
1679037000000,4.286,4.286,4.276,4.276,0.361934
1679036700000,4.286,4.305,4.286,4.286,8.73578
1679036400000,4.295,4.3,4.286,4.286,11.629344
1679036100000,4.282,4.295,4.282,4.295,3.487326
1679035800000,4.275,4.282,4.271,4.282,9.27332
1679035500000,4.275,4.279,4.275,4.275,2.373852
1679035200000,4.257,4.275,4.257,4.275,12.651743
1679034900000,4.256,4.257,4.256,4.257,0.02
1679034600000,4.242,4.256,4.242,4.256,1.875146
1679034300000,4.247,4.253,4.242,4.242,3.417306
1679034000000,4.247,4.247,4.247,4.247,0
1679033700000,4.242,4.247,4.238,4.247,9.835157
1679033400000,4.242,4.242,4.242,4.242,0
1679033100000,4.233,4.249,4.233,4.242,20.600113
1679032800000,4.225,4.233,4.225,4.233,0.521522
1679032500000,4.241,4.243,4.225,4.225,19.192604
1679032200000,4.187,4.295,4.187,4.241,5378.936779
1679031900000,4.18,4.187,4.176,4.187,694.389856
1679031600000,4.19,4.19,4.18,4.18,5.931268
1679031300000,4.184,4.192,4.184,4.19,0.111091
1679031000000,4.201,4.201,4.184,4.184,30.356304
1679030700000,4.198,4.201,4.197,4.201,1.482962
1679030400000,4.205,4.205,4.198,4.198,0.534695
1679030100000,4.205,4.205,4.205,4.205,0
1679029800000,4.202,4.208,4.202,4.205,2.884234
1679029500000,4.202,4.204,4.197,4.202,21.455304
1679029200000,4.206,4.212,4.2,4.202,382.576641
1679028900000,4.207,4.21,4.205,4.206,1.569564
1679028600000,4.214,4.214,4.207,4.207,24.514094
1679028300000,4.218,4.218,4.214,4.214,12.942643
1679028000000,4.218,4.218,4.218,4.218,0.065227
1679027700000,4.22,4.225,4.218,4.218,0.380286
1679027400000,4.221,4.222,4.22,4.22,139.97466
1679027100000,4.238,4.238,4.221,4.221,57.421124
1679026800000,4.231,4.239,4.231,4.238,0.470035
1679026500000,4.238,4.238,4.231,4.231,9.625421
1679026200000,4.244,4.244,4.238,4.238,2.630416
1679025900000,4.251,4.251,4.243,4.244,0.481043
1679025600000,4.253,4.256,4.251,4.251,1.264733
1679025300000,4.249,4.254,4.248,4.253,154.186354
1679025000000,4.236,4.249,4.236,4.249,314.270861
1679024700000,4.236,4.249,4.236,4.236,0.580345
1679024400000,4.246,4.247,4.236,4.236,708.679504
1679024100000,4.256,4.256,4.246,4.246,27.753554
1679023800000,4.256,4.256,4.256,4.256,0
1679023500000,4.252,4.256,4.252,4.256,2.725732
1679023200000,4.251,4.252,4.251,4.252,0.248222
1679022900000,4.269,4.269,4.251,4.251,167.540034
1679022600000,4.274,4.274,4.269,4.269,0.654822
1679022300000,4.256,4.274,4.256,4.274,3.373644
1679022000000,4.263,4.266,4.256,4.256,0.479808
1679021700000,4.269,4.269,4.26,4.263,152.331415
1679021400000,4.252,4.269,4.252,4.269,0.605803
1679021100000,4.261,4.261,4.251,4.252,29.46296
1679020800000,4.28,4.295,4.261,4.261,11.811797
1679020500000,4.275,4.286,4.275,4.28,9.937687
1679020200000,4.291,4.304,4.275,4.275,6.17137
1679019900000,4.299,4.314,4.291,4.291,2.844369
1679019600000,4.281,4.299,4.281,4.299,0.535715
1679019300000,4.286,4.327,4.281,4.281,123.453323
1679019000000,4.266,4.305,4.266,4.286,43.380459
1679018700000,4.25,4.286,4.25,4.266,28.784867
1679018400000,4.205,4.282,4.205,4.25,392.683782
1679018100000,4.19,4.212,4.186,4.205,521.863026
1679017800000,4.167,4.2,4.167,4.19,99.127631
1679017500000,4.185,4.185,4.167,4.167,7.579746
1679017200000,4.178,4.185,4.178,4.185,0.177469
1679016900000,4.152,4.178,4.152,4.178,21.212912
1679016600000,4.164,4.164,4.148,4.152,0.300175
1679016300000,4.154,4.164,4.123,4.164,24.593292
1679016000000,4.154,4.154,4.154,4.154,0
1679015700000,4.104,4.154,4.104,4.154,5807.809957
1679015400000,4.119,4.119,4.104,4.104,0.086958
1679015100000,4.117,4.121,4.117,4.119,0.807163
1679014800000,4.113,4.117,4.111,4.117,1.331464
1679014500000,4.113,4.113,4.113,4.113,0
1679014200000,4.111,4.113,4.111,4.113,0.061146
1679013900000,4.089,4.111,4.089,4.111,3.807069
1679013600000,4.085,4.089,4.085,4.089,0.195875
1679013300000,4.098,4.098,4.085,4.085,1.282085
1679013000000,4.104,4.104,4.091,4.098,11.790553
1679012700000,4.108,4.115,4.104,4.104,0.129171
1679012400000,4.108,4.108,4.108,4.108,0
1679012100000,4.107,4.108,4.107,4.108,0.105258
1679011800000,4.109,4.111,4.107,4.107,1.257897
1679011500000,4.111,4.111,4.109,4.109,0.165356
1679011200000,4.117,4.117,4.111,4.111,7.259592
1679010900000,4.118,4.118,4.117,4.117,2.418688
1679010600000,4.118,4.118,4.118,4.118,0
1679010300000,4.122,4.129,4.118,4.118,13.610358
1679010000000,4.108,4.129,4.108,4.122,147.417699
1679009700000,4.11,4.11,4.108,4.108,2.423396
1679009400000,4.089,4.11,4.089,4.11,37.025356
1679009100000,4.096,4.096,4.081,4.089,1.400311
1679008800000,4.096,4.096,4.096,4.096,0
1679008500000,4.101,4.101,4.096,4.096,0.210863
1679008200000,4.101,4.101,4.101,4.101,0.25
1679007900000,4.093,4.101,4.087,4.101,0.66529
1679007600000,4.081,4.1,4.081,4.093,9.628395
1679007300000,4.095,4.095,4.081,4.081,1132.07578
1679007000000,4.091,4.097,4.091,4.095,23.669401
1679006700000,4.092,4.092,4.091,4.091,0.07661
1679006400000,4.08,4.092,4.08,4.092,566.464769
1679006100000,4.075,4.086,4.075,4.08,0.11507
1679005800000,4.071,4.075,4.071,4.075,0.946413
1679005500000,4.088,4.088,4.071,4.071,7.021554
1679005200000,4.092,4.092,4.088,4.088,9.784736
1679004900000,4.06,4.092,4.06,4.092,12.862014
1679004600000,4.06,4.06,4.06,4.06,0
1679004300000,4.053,4.063,4.053,4.06,0.337781
1679004000000,4.06,4.06,4.053,4.053,0.120221
1679003700000,4.07,4.07,4.06,4.06,0.505682
1679003400000,4.07,4.07,4.07,4.07,0
1679003100000,4.071,4.078,4.07,4.07,0.696011
1679002800000,4.046,4.071,4.045,4.071,98.558626
1679002500000,4.055,4.055,4.046,4.046,0.533758
1679002200000,4.059,4.059,4.055,4.055,23.800294
1679001900000,4.048,4.059,4.048,4.059,3.109972
1679001600000,4.047,4.052,4.047,4.048,5.939747
1679001300000,4.032,4.047,4.032,4.047,11.801868
1679001000000,4.037,4.037,4.032,4.032,8.023043
1679000700000,4.048,4.048,4.033,4.037,24.823124
1679000400000,4.054,4.058,4.038,4.048,27.069789
1679000100000,4.049,4.054,4.049,4.054,0.053685
1678999800000,4.09,4.09,4.049,4.049,97.199332
1678999500000,4.109,4.109,4.09,4.09,44.768885
1678999200000,4.118,4.118,4.109,4.109,1.245888
1678998900000,4.126,4.126,4.118,4.118,20.043517
1678998600000,4.138,4.139,4.126,4.126,4.363581
1678998300000,4.128,4.141,4.128,4.138,0.299859
1678998000000,4.133,4.133,4.128,4.128,11.850119
1678997700000,4.143,4.143,4.133,4.133,3.769005
1678997400000,4.146,4.146,4.143,4.143,9.119151
1678997100000,4.152,4.152,4.146,4.146,2.451001
1678996800000,4.156,4.161,4.152,4.152,361.365916
1678996500000,4.156,4.156,4.156,4.156,0
1678996200000,4.156,4.162,4.156,4.156,0.32207
1678995900000,4.158,4.168,4.156,4.156,0.506899
1678995600000,4.158,4.158,4.158,4.158,0
1678995300000,4.164,4.169,4.158,4.158,1198.209017
1678995000000,4.176,4.176,4.164,4.164,0.174451
1678994700000,4.19,4.198,4.161,4.176,35.246645
1678994400000,4.165,4.19,4.165,4.19,19.513563
1678994100000,4.131,4.165,4.129,4.165,76.709963
1678993800000,4.119,4.131,4.119,4.131,0.020929
1678993500000,4.133,4.133,4.119,4.119,11.64053
1678993200000,4.153,4.153,4.133,4.133,1.245853
1678992900000,4.119,4.153,4.117,4.153,22.365182
1678992600000,4.133,4.133,4.119,4.119,13.843566
1678992300000,4.168,4.168,4.133,4.133,12.695454
1678992000000,4.165,4.172,4.165,4.168,17.02641
1678991700000,4.163,4.165,4.159,4.165,32.5047
1678991400000,4.162,4.164,4.162,4.163,0.101016
1678991100000,4.138,4.162,4.138,4.162,73.672943
1678990800000,4.138,4.138,4.138,4.138,0
1678990500000,4.142,4.142,4.138,4.138,5.052801
1678990200000,4.143,4.143,4.138,4.142,5.88448
1678989900000,4.134,4.143,4.134,4.143,10.969201
1678989600000,4.119,4.134,4.119,4.134,13.795938
1678989300000,4.08,4.119,4.08,4.119,182.80858
1678989000000,4.098,4.098,4.077,4.08,27.598785
1678988700000,4.14,4.142,4.084,4.098,118.002875
1678988400000,4.155,4.155,4.133,4.14,409.567492
1678988100000,4.155,4.155,4.155,4.155,0
1678987800000,4.18,4.18,4.153,4.155,100.675482
1678987500000,4.181,4.185,4.18,4.18,0.665741
1678987200000,4.17,4.181,4.17,4.181,168.8
1678986900000,4.17,4.17,4.17,4.17,0
1678986600000,4.197,4.197,4.17,4.17,48.446416
1678986300000,4.222,4.222,4.197,4.197,1.390424
1678986000000,4.222,4.222,4.222,4.222,0
1678985700000,4.219,4.222,4.216,4.222,0.331418
1678985400000,4.2,4.219,4.2,4.219,0.500184
1678985100000,4.207,4.207,4.2,4.2,14.810773
1678984800000,4.208,4.213,4.207,4.207,4.049978
1678984500000,4.207,4.208,4.203,4.208,2.360162
1678984200000,4.227,4.227,4.207,4.207,24.319276
1678983900000,4.219,4.232,4.219,4.227,8.300897
1678983600000,4.221,4.221,4.215,4.219,39.466607
1678983300000,4.22,4.221,4.22,4.221,74.383285
1678983000000,4.234,4.234,4.22,4.22,97.806803
1678982700000,4.251,4.251,4.231,4.234,51.458277
1678982400000,4.264,4.269,4.251,4.251,2.257497
1678982100000,4.259,4.264,4.246,4.264,1.062266
1678981800000,4.249,4.259,4.249,4.259,0.29617
1678981500000,4.254,4.254,4.249,4.249,0.149236
1678981200000,4.241,4.254,4.241,4.254,0.466769
1678980900000,4.246,4.246,4.241,4.241,0.478473
1678980600000,4.26,4.26,4.246,4.246,0.428708
1678980300000,4.241,4.26,4.241,4.26,3.162343
1678980000000,4.251,4.258,4.241,4.241,4.932823
1678979700000,4.264,4.267,4.251,4.251,5.85831
1678979400000,4.267,4.269,4.264,4.264,340.505025
1678979100000,4.261,4.269,4.253,4.267,10.531531
1678978800000,4.274,4.274,4.261,4.261,4.042257
1678978500000,4.29,4.29,4.274,4.274,75.908531
1678978200000,4.297,4.297,4.29,4.29,1.732909
1678977900000,4.282,4.297,4.275,4.297,11.983574
1678977600000,4.256,4.282,4.256,4.282,2.093737
1678977300000,4.261,4.265,4.256,4.256,0.376853
1678977000000,4.286,4.286,4.261,4.261,2.184584
1678976700000,4.26,4.286,4.26,4.286,49.242819
1678976400000,4.231,4.26,4.231,4.26,10.10481
1678976100000,4.24,4.24,4.231,4.231,0.271453
1678975800000,4.231,4.244,4.231,4.24,0.561461
1678975500000,4.261,4.261,4.231,4.231,34.073512
1678975200000,4.269,4.275,4.261,4.261,14.877915
1678974900000,4.253,4.269,4.253,4.269,32.754638
1678974600000,4.221,4.253,4.221,4.253,10.003601
1678974300000,4.244,4.248,4.221,4.221,185.177834
1678974000000,4.217,4.244,4.217,4.244,14.873847
1678973700000,4.184,4.217,4.184,4.217,12.663553
1678973400000,4.197,4.197,4.184,4.184,1.26656
1678973100000,4.191,4.204,4.191,4.197,3.229741
1678972800000,4.18,4.191,4.171,4.191,22.562949
1678972500000,4.231,4.231,4.18,4.18,81.777348
1678972200000,4.249,4.254,4.231,4.231,3.342023
1678971900000,4.215,4.249,4.215,4.249,1.812047
1678971600000,4.223,4.236,4.215,4.215,22.155746
1678971300000,4.231,4.231,4.223,4.223,1.290375
1678971000000,4.223,4.244,4.223,4.231,2.088699
1678970700000,4.246,4.246,4.223,4.223,255.253925
1678970400000,4.275,4.275,4.246,4.246,25.380044
1678970100000,4.259,4.275,4.245,4.275,36.29709
1678969800000,4.282,4.294,4.256,4.259,145.413551
1678969500000,4.238,4.282,4.238,4.282,14.396376
1678969200000,4.264,4.264,4.238,4.238,105.810657
1678968900000,4.262,4.264,4.249,4.264,33.538987
1678968600000,4.276,4.276,4.262,4.262,30.570271
1678968300000,4.283,4.283,4.271,4.276,22.361097
1678968000000,4.307,4.307,4.283,4.283,127.964964
1678967700000,4.321,4.321,4.307,4.307,3.948608
1678967400000,4.316,4.321,4.316,4.321,0.081357
1678967100000,4.331,4.345,4.316,4.316,72.539625
1678966800000,4.342,4.346,4.331,4.331,12.295966
1678966500000,4.366,4.374,4.342,4.342,216.634939
1678966200000,4.332,4.384,4.323,4.366,98.590724
1678965900000,4.311,4.344,4.311,4.332,147.527051
1678965600000,4.305,4.32,4.305,4.311,8.214167
1678965300000,4.281,4.305,4.281,4.305,9.020157
1678965000000,4.296,4.3,4.281,4.281,11.718172
1678964700000,4.266,4.296,4.266,4.296,147.708833
1678964400000,4.262,4.279,4.262,4.266,16.131132
1678964100000,4.261,4.262,4.261,4.262,0.562624
1678963800000,4.275,4.275,4.261,4.261,1.730504
1678963500000,4.264,4.275,4.264,4.275,16.200095
1678963200000,4.256,4.264,4.247,4.264,21.952498
1678962900000,4.252,4.256,4.252,4.256,1.881643
1678962600000,4.234,4.252,4.234,4.252,1.461626
1678962300000,4.248,4.26,4.234,4.234,1500.339461
1678962000000,4.238,4.251,4.238,4.248,78.286976
1678961700000,4.237,4.238,4.228,4.238,8.130376
1678961400000,4.235,4.237,4.235,4.237,0.021473
1678961100000,4.211,4.235,4.211,4.235,96.102564
1678960800000,4.196,4.211,4.181,4.211,355.050677
1678960500000,4.192,4.196,4.192,4.196,0.17388
1678960200000,4.199,4.199,4.192,4.192,0.138374
1678959900000,4.211,4.214,4.195,4.199,0.169542
1678959600000,4.172,4.211,4.165,4.211,32.716499
1678959300000,4.139,4.172,4.139,4.172,31.410432
1678959000000,4.143,4.146,4.139,4.139,0.052038
1678958700000,4.138,4.143,4.136,4.143,1.195209
1678958400000,4.14,4.145,4.138,4.138,14.474092
1678958100000,4.175,4.176,4.14,4.14,175.539614
1678957800000,4.175,4.183,4.175,4.175,2.453525
1678957500000,4.188,4.188,4.171,4.175,3.631465
1678957200000,4.192,4.192,4.186,4.188,4.783116
1678956900000,4.192,4.192,4.192,4.192,0
1678956600000,4.192,4.192,4.192,4.192,0
1678956300000,4.192,4.192,4.192,4.192,0
1678956000000,4.191,4.196,4.191,4.192,0.376388
1678955700000,4.18,4.191,4.18,4.191,3.978943
1678955400000,4.179,4.182,4.179,4.18,5.749699
1678955100000,4.171,4.179,4.171,4.179,0.623068
1678954800000,4.199,4.199,4.171,4.171,1.245799
1678954500000,4.199,4.199,4.199,4.199,0
1678954200000,4.182,4.199,4.182,4.199,0.032797
1678953900000,4.194,4.194,4.182,4.182,23.528822
1678953600000,4.187,4.194,4.187,4.194,20.055848
1678953300000,4.187,4.187,4.187,4.187,0
1678953000000,4.192,4.192,4.187,4.187,7.812529
1678952700000,4.193,4.193,4.192,4.192,0.237599
1678952400000,4.204,4.204,4.193,4.193,0.109353
1678952100000,4.209,4.209,4.193,4.204,1.43572
1678951800000,4.223,4.223,4.209,4.209,1.712259
1678951500000,4.217,4.223,4.217,4.223,15.834168
1678951200000,4.198,4.217,4.198,4.217,39.10846
1678950900000,4.198,4.198,4.198,4.198,0
1678950600000,4.191,4.204,4.191,4.198,37.797308
1678950300000,4.191,4.191,4.191,4.191,0
1678950000000,4.178,4.191,4.178,4.191,3.533365
1678949700000,4.167,4.178,4.167,4.178,1.241095
1678949400000,4.16,4.167,4.16,4.167,0.119967
1678949100000,4.167,4.167,4.16,4.16,0.030846
1678948800000,4.167,4.167,4.167,4.167,0
1678948500000,4.174,4.175,4.167,4.167,0.070617
1678948200000,4.167,4.174,4.167,4.174,5.416901
1678947900000,4.158,4.168,4.158,4.167,0.40527
1678947600000,4.158,4.158,4.158,4.158,0
1678947300000,4.171,4.171,4.158,4.158,3.540383
1678947000000,4.185,4.185,4.171,4.171,190.100221
1678946700000,4.181,4.191,4.181,4.185,13.924822
1678946400000,4.165,4.181,4.165,4.181,21.241095
1678946100000,4.165,4.165,4.165,4.165,0
1678945800000,4.165,4.165,4.165,4.165,0
1678945500000,4.171,4.171,4.152,4.165,0.153466
1678945200000,4.171,4.171,4.171,4.171,0
1678944900000,4.171,4.171,4.171,4.171,0
1678944600000,4.158,4.172,4.158,4.171,22.408958
1678944300000,4.136,4.158,4.136,4.158,22.884475
1678944000000,4.108,4.136,4.108,4.136,1.263182
1678943700000,4.108,4.108,4.108,4.108,0
1678943400000,4.109,4.109,4.103,4.108,6.554191
1678943100000,4.12,4.12,4.109,4.109,1.245888
1678942800000,4.115,4.129,4.115,4.12,74.171737
1678942500000,4.112,4.115,4.112,4.115,0.022477
1678942200000,4.121,4.124,4.112,4.112,0.31965
1678941900000,4.118,4.121,4.109,4.121,1.38288
1678941600000,4.121,4.121,4.118,4.118,6.230427
1678941300000,4.137,4.137,4.121,4.121,11.200926
1678941000000,4.149,4.149,4.137,4.137,0.05435
1678940700000,4.133,4.15,4.133,4.149,4.418279
1678940400000,4.143,4.143,4.133,4.133,1.245854
1678940100000,4.155,4.155,4.143,4.143,0.145155
1678939800000,4.155,4.155,4.155,4.155,0
1678939500000,4.136,4.155,4.136,4.155,1.6779
1678939200000,4.144,4.144,4.136,4.136,0.195938
1678938900000,4.139,4.144,4.139,4.144,0.058836
1678938600000,4.133,4.139,4.133,4.139,0.042139
1678938300000,4.145,4.145,4.133,4.133,1.245854
1678938000000,4.141,4.145,4.14,4.145,0.067579
1678937700000,4.158,4.158,4.141,4.141,1.289191
1678937400000,4.158,4.158,4.158,4.158,0
1678937100000,4.165,4.165,4.151,4.158,0.794178
1678936800000,4.14,4.165,4.14,4.165,1.324005
1678936500000,4.14,4.14,4.14,4.14,0
1678936200000,4.168,4.169,4.14,4.14,374.225336
1678935900000,4.184,4.184,4.167,4.168,0.072262
1678935600000,4.184,4.184,4.184,4.184,0
1678935300000,4.18,4.188,4.18,4.184,3.823542
1678935000000,4.18,4.18,4.18,4.18,704.778947
1678934700000,4.178,4.18,4.178,4.18,0.033056
1678934400000,4.166,4.178,4.166,4.178,19.393763
1678934100000,4.168,4.168,4.16,4.166,0.350408
1678933800000,4.163,4.168,4.161,4.168,1000
1678933500000,4.153,4.164,4.153,4.163,29.17838
1678933200000,4.143,4.153,4.143,4.153,9.146606
1678932900000,4.143,4.143,4.143,4.143,0
1678932600000,4.147,4.147,4.143,4.143,39.878323
1678932300000,4.127,4.147,4.127,4.147,0.184407
1678932000000,4.128,4.129,4.127,4.127,0.069385
1678931700000,4.141,4.141,4.128,4.128,6.839327
1678931400000,4.14,4.141,4.14,4.141,1.882575
1678931100000,4.115,4.14,4.115,4.14,176.626129
1678930800000,4.109,4.115,4.109,4.115,121.830845
1678930500000,4.112,4.112,4.109,4.109,1.245888
1678930200000,4.119,4.12,4.112,4.112,0.142938
1678929900000,4.135,4.135,4.116,4.119,1.186484
1678929600000,4.102,4.135,4.102,4.135,16.338546
1678929300000,4.125,4.125,4.097,4.102,12.975582
1678929000000,4.121,4.134,4.121,4.125,1.483672
1678928700000,4.117,4.129,4.117,4.121,31.536089
1678928400000,4.08,4.117,4.08,4.117,10.500541
1678928100000,4.109,4.109,4.08,4.08,58.608915
1678927800000,4.116,4.129,4.109,4.109,2.534612
1678927500000,4.131,4.131,4.102,4.116,2.910079
1678927200000,4.119,4.131,4.119,4.131,1.287873
1678926900000,4.119,4.119,4.107,4.119,1.59903
1678926600000,4.141,4.141,4.119,4.119,12.769849
1678926300000,4.153,4.158,4.141,4.141,1.106038
1678926000000,4.129,4.153,4.129,4.153,17.193399
1678925700000,4.103,4.129,4.103,4.129,15.277572
1678925400000,4.097,4.103,4.097,4.103,0.038417
1678925100000,4.104,4.104,4.097,4.097,1.331991
1678924800000,4.111,4.117,4.104,4.104,1.66197
1678924500000,4.109,4.111,4.102,4.111,0.141091
1678924200000,4.108,4.109,4.108,4.109,0.061536
1678923900000,4.106,4.108,4.102,4.108,0.096383
1678923600000,4.106,4.106,4.097,4.106,1.307132
1678923300000,4.108,4.108,4.106,4.106,0.056993
1678923000000,4.107,4.108,4.107,4.108,0.093349
1678922700000,4.125,4.125,4.105,4.107,1.245571
1678922400000,4.114,4.125,4.113,4.125,124.997887
1678922100000,4.095,4.114,4.095,4.114,24.669891
1678921800000,4.101,4.102,4.095,4.095,24.538168
1678921500000,4.101,4.101,4.101,4.101,0
1678921200000,4.112,4.112,4.101,4.101,8.042584
1678920900000,4.111,4.112,4.111,4.112,2.422217
1678920600000,4.115,4.115,4.109,4.111,4.994561
1678920300000,4.134,4.134,4.115,4.115,0.134781
1678920000000,4.095,4.134,4.095,4.134,133.361277
1678919700000,4.119,4.119,4.088,4.095,353.381963
1678919400000,4.142,4.142,4.119,4.119,14.812073
1678919100000,4.171,4.171,4.137,4.142,143.402155
1678918800000,4.171,4.171,4.171,4.171,0
1678918500000,4.169,4.171,4.169,4.171,5.608301
1678918200000,4.168,4.171,4.168,4.169,2.350086
1678917900000,4.153,4.168,4.153,4.168,5.58458
1678917600000,4.144,4.153,4.14,4.153,1.309401
1678917300000,4.139,4.146,4.139,4.144,0.180003
1678917000000,4.142,4.142,4.139,4.139,2.444519
1678916700000,4.138,4.144,4.138,4.142,0.375286
1678916400000,4.138,4.138,4.138,4.138,0
1678916100000,4.138,4.138,4.138,4.138,0
1678915800000,4.15,4.15,4.133,4.138,1.348957
1678915500000,4.15,4.15,4.15,4.15,0
1678915200000,4.15,4.15,4.15,4.15,0
1678914900000,4.15,4.15,4.15,4.15,0
1678914600000,4.15,4.15,4.15,4.15,0.03012
1678914300000,4.133,4.15,4.133,4.15,2.078638
1678914000000,4.133,4.133,4.133,4.133,0
1678913700000,4.133,4.133,4.133,4.133,0
1678913400000,4.157,4.157,4.133,4.133,1.723441
1678913100000,4.157,4.157,4.157,4.157,0
1678912800000,4.152,4.159,4.151,4.157,1.516971
1678912500000,4.129,4.152,4.129,4.152,251.46225
1678912200000,4.122,4.129,4.122,4.129,1.348448
1678911900000,4.123,4.123,4.122,4.122,0.240892
1678911600000,4.103,4.123,4.103,4.123,0.253031
1678911300000,4.103,4.103,4.103,4.103,0
1678911000000,4.126,4.126,4.103,4.103,67.209774
1678910700000,4.126,4.126,4.126,4.126,0
1678910400000,4.132,4.133,4.126,4.126,0.269246
1678910100000,4.12,4.132,4.12,4.132,0.197219
1678909800000,4.118,4.12,4.118,4.12,0.165128
1678909500000,4.109,4.118,4.109,4.118,0.037099
1678909200000,4.145,4.145,4.109,4.109,42.394185
1678908900000,4.18,4.18,4.145,4.145,18.886786
1678908600000,4.172,4.18,4.172,4.18,1.267988
1678908300000,4.143,4.172,4.143,4.172,11.6616
1678908000000,4.143,4.143,4.143,4.143,0
1678907700000,4.143,4.143,4.143,4.143,0
1678907400000,4.151,4.151,4.143,4.143,0.157483
1678907100000,4.143,4.151,4.14,4.151,2.420495
1678906800000,4.168,4.172,4.143,4.143,23.707447
1678906500000,4.147,4.168,4.147,4.168,50.39304
1678906200000,4.142,4.147,4.142,4.147,14.567411
1678905900000,4.139,4.142,4.135,4.142,252.718838
1678905600000,4.129,4.139,4.129,4.139,8.095522
1678905300000,4.134,4.136,4.129,4.129,12.045409
1678905000000,4.129,4.134,4.126,4.134,2.13291
1678904700000,4.108,4.129,4.108,4.129,13.82285
1678904400000,4.086,4.108,4.084,4.108,11.613661
1678904100000,4.073,4.098,4.073,4.086,933.734904
1678903800000,4.083,4.083,4.073,4.073,31.790658
1678903500000,4.097,4.099,4.083,4.083,63.462465
1678903200000,4.123,4.123,4.097,4.097,12.775582
1678902900000,4.123,4.123,4.123,4.123,0
1678902600000,4.109,4.129,4.109,4.123,15.72134
1678902300000,4.104,4.109,4.104,4.109,20
1678902000000,4.119,4.119,4.104,4.104,1.336212
1678901700000,4.109,4.119,4.109,4.119,0.467062
1678901400000,4.114,4.114,4.107,4.109,0.249122
1678901100000,4.11,4.117,4.11,4.114,337.69205
1678900800000,4.09,4.11,4.09,4.11,18.411816
1678900500000,4.087,4.103,4.084,4.09,79.749574
1678900200000,4.051,4.087,4.051,4.087,33.209691
1678899900000,4.019,4.071,4.019,4.051,1173.269751
1678899600000,4.024,4.026,4.01,4.019,418.00291
1678899300000,4.056,4.056,4.01,4.024,522.097914
1678899000000,4.088,4.103,4.056,4.056,1204.209722
1678898700000,4.043,4.092,4.043,4.088,14.792504
1678898400000,4.095,4.096,4.043,4.043,692.827691
1678898100000,4.139,4.139,4.095,4.095,256.0144
1678897800000,4.13,4.144,4.128,4.139,206.415924
1678897500000,4.133,4.133,4.13,4.13,5.48954
1678897200000,4.141,4.153,4.124,4.133,13.930681
1678896900000,4.09,4.141,4.09,4.141,14.811818
1678896600000,4.112,4.125,4.09,4.09,441.114143
1678896300000,4.112,4.141,4.112,4.112,58.905405
1678896000000,4.153,4.165,4.097,4.112,118.765441
1678895700000,4.121,4.153,4.095,4.153,76.777838
1678895400000,4.145,4.145,4.109,4.121,521.164599
1678895100000,4.121,4.165,4.119,4.145,19.547827
1678894800000,4.109,4.147,4.109,4.121,6.604897
1678894500000,4.168,4.168,4.109,4.109,194.234222
1678894200000,4.205,4.217,4.168,4.168,658.958123
1678893900000,4.231,4.231,4.188,4.205,48.285025
1678893600000,4.256,4.256,4.222,4.231,817.229687
1678893300000,4.254,4.256,4.254,4.256,1.241095
1678893000000,4.221,4.254,4.221,4.254,4.622106
1678892700000,4.236,4.236,4.221,4.221,13.482759
1678892400000,4.262,4.262,4.236,4.236,2.177467
1678892100000,4.246,4.262,4.243,4.262,26.991125
1678891800000,4.217,4.246,4.217,4.246,27.235751
1678891500000,4.193,4.217,4.193,4.217,1.389062
1678891200000,4.243,4.243,4.191,4.193,158.60466
1678890900000,4.266,4.266,4.243,4.243,72.032236
1678890600000,4.285,4.285,4.266,4.266,6.616111
1678890300000,4.314,4.314,4.268,4.285,36.906262
1678890000000,4.309,4.339,4.309,4.314,127.643944
1678889700000,4.281,4.309,4.281,4.309,9.933857
1678889400000,4.295,4.3,4.281,4.281,6.081074
1678889100000,4.249,4.295,4.249,4.295,46.893917
1678888800000,4.243,4.254,4.231,4.249,604.672074
1678888500000,4.282,4.282,4.243,4.243,218.090204
1678888200000,4.296,4.296,4.272,4.282,1976.35053
1678887900000,4.289,4.306,4.289,4.296,15.668118
1678887600000,4.283,4.299,4.275,4.289,11.509193
1678887300000,4.297,4.297,4.281,4.283,56.064501
1678887000000,4.319,4.319,4.29,4.297,12.86989
1678886700000,4.316,4.321,4.309,4.319,1.39207
1678886400000,4.309,4.329,4.309,4.316,92.303605
1678886100000,4.309,4.309,4.309,4.309,0.008174
1678885800000,4.262,4.309,4.262,4.309,68.526627
1678885500000,4.271,4.273,4.262,4.262,2.618149
1678885200000,4.264,4.275,4.264,4.271,20.628956
1678884900000,4.256,4.264,4.244,4.264,595.396663
1678884600000,4.206,4.256,4.206,4.256,18.814333
1678884300000,4.235,4.235,4.189,4.206,100.822783
1678884000000,4.275,4.275,4.231,4.235,108.150928
1678883700000,4.321,4.321,4.275,4.275,25.671655
1678883400000,4.243,4.329,4.241,4.321,363.279856
1678883100000,4.244,4.244,4.238,4.243,0.304881
1678882800000,4.221,4.244,4.221,4.244,1.588666
1678882500000,4.241,4.241,4.221,4.221,15.069897
1678882200000,4.246,4.258,4.241,4.241,177.637397
1678881900000,4.256,4.256,4.246,4.246,4.03499
1678881600000,4.273,4.274,4.256,4.256,1.063197
1678881300000,4.233,4.281,4.233,4.273,29.142416
1678881000000,4.241,4.241,4.233,4.233,1.539391
1678880700000,4.249,4.261,4.241,4.241,24.703713
1678880400000,4.23,4.249,4.23,4.249,2.072113
1678880100000,4.224,4.23,4.219,4.23,2.437924
1678879800000,4.232,4.232,4.224,4.224,0.051815
1678879500000,4.221,4.242,4.221,4.232,1.724699
1678879200000,4.216,4.232,4.215,4.221,605.306401
1678878900000,4.259,4.259,4.215,4.216,48.371825
1678878600000,4.241,4.259,4.241,4.259,0.540766
1678878300000,4.275,4.275,4.241,4.241,165.458327
1678878000000,4.297,4.297,4.275,4.275,83.244538
1678877700000,4.32,4.32,4.297,4.297,19.172205
1678877400000,4.335,4.335,4.318,4.32,83.012355
1678877100000,4.339,4.339,4.335,4.335,0.163104
1678876800000,4.325,4.339,4.325,4.339,0.90434
1678876500000,4.325,4.325,4.325,4.325,0
1678876200000,4.336,4.336,4.32,4.325,35.916125
1678875900000,4.359,4.359,4.333,4.336,64.045594
1678875600000,4.346,4.359,4.345,4.359,0.334485
1678875300000,4.351,4.351,4.346,4.346,0.26427
1678875000000,4.363,4.363,4.351,4.351,0.48135
1678874700000,4.363,4.363,4.363,4.363,0
1678874400000,4.344,4.364,4.344,4.363,175.527708
1678874100000,4.359,4.359,4.344,4.344,0.360282
1678873800000,4.359,4.359,4.359,4.359,0
1678873500000,4.349,4.359,4.346,4.359,0.69555
1678873200000,4.349,4.349,4.348,4.349,0.226076
1678872900000,4.384,4.384,4.349,4.349,13.209206
1678872600000,4.359,4.384,4.359,4.384,1164.972883
1678872300000,4.371,4.371,4.353,4.359,889.412682
1678872000000,4.376,4.376,4.371,4.371,0.331091
1678871700000,4.376,4.376,4.376,4.376,0
1678871400000,4.381,4.381,4.376,4.376,0.337846
1678871100000,4.394,4.394,4.381,4.381,0.285916
1678870800000,4.389,4.394,4.387,4.394,0.3986
1678870500000,4.376,4.389,4.376,4.389,0.454904
1678870200000,4.38,4.38,4.376,4.376,0.262458
1678869900000,4.392,4.392,4.38,4.38,0.057305
1678869600000,4.384,4.392,4.384,4.392,0.288985
1678869300000,4.371,4.384,4.371,4.384,0.285582
1678869000000,4.393,4.393,4.371,4.371,354.097866
1678868700000,4.416,4.416,4.391,4.393,3.454354
1678868400000,4.402,4.416,4.402,4.416,911.783562
1678868100000,4.409,4.409,4.402,4.402,0.080918
1678867800000,4.396,4.409,4.396,4.409,0.283456
1678867500000,4.411,4.411,4.396,4.396,0.782902
1678867200000,4.419,4.424,4.411,4.411,0.58412
1678866900000,4.386,4.419,4.386,4.419,12.209792
1678866600000,4.394,4.394,4.386,4.386,0.26186
1678866300000,4.386,4.401,4.386,4.394,0.351181
1678866000000,4.386,4.386,4.386,4.386,0
1678865700000,4.395,4.395,4.386,4.386,0.344587
1678865400000,4.4,4.404,4.391,4.395,3.186182
1678865100000,4.388,4.403,4.388,4.4,10.742667
1678864800000,4.374,4.389,4.374,4.388,2.125959
1678864500000,4.376,4.376,4.361,4.374,9.772689
1678864200000,4.389,4.389,4.376,4.376,0.262458
1678863900000,4.376,4.389,4.376,4.389,0.262196
1678863600000,4.381,4.381,4.376,4.376,0.262458
1678863300000,4.381,4.395,4.381,4.381,0.785082
1678863000000,4.39,4.39,4.381,4.381,0.673168
1678862700000,4.393,4.397,4.39,4.39,7.871522
1678862400000,4.375,4.393,4.375,4.393,2.119201
1678862100000,4.364,4.375,4.361,4.375,0.577248
1678861800000,4.384,4.395,4.364,4.364,22.967337
1678861500000,4.364,4.384,4.356,4.384,12.024178
1678861200000,4.374,4.374,4.364,4.364,9.156994
1678860900000,4.376,4.384,4.371,4.374,0.547434
1678860600000,4.371,4.377,4.371,4.376,40
1678860300000,4.384,4.396,4.371,4.371,238.061179
1678860000000,4.388,4.403,4.384,4.384,35.936532
1678859700000,4.391,4.391,4.388,4.388,0.09204
1678859400000,4.411,4.416,4.391,4.391,174.966099
1678859100000,4.433,4.433,4.411,4.411,299.764663
1678858800000,4.444,4.444,4.433,4.433,0.099844
1678858500000,4.432,4.444,4.43,4.444,1.840678
1678858200000,4.453,4.453,4.432,4.432,2.985526
1678857900000,4.46,4.46,4.453,4.453,1.313263
1678857600000,4.458,4.46,4.458,4.46,2.208949
1678857300000,4.439,4.458,4.439,4.458,210.837824
1678857000000,4.424,4.439,4.424,4.439,7.434349
1678856700000,4.414,4.424,4.414,4.424,7.9485
1678856400000,4.406,4.414,4.406,4.414,0.52171
1678856100000,4.406,4.406,4.406,4.406,0
1678855800000,4.406,4.406,4.406,4.406,0
1678855500000,4.396,4.406,4.396,4.406,0.109865
1678855200000,4.407,4.407,4.396,4.396,0.96472
1678854900000,4.396,4.413,4.396,4.407,32.25424
1678854600000,4.406,4.41,4.396,4.396,0.810564
1678854300000,4.404,4.409,4.404,4.406,3.549168
1678854000000,4.384,4.404,4.384,4.404,2.288086
1678853700000,4.371,4.384,4.371,4.384,0.262495
1678853400000,4.402,4.402,4.371,4.371,8.202312
1678853100000,4.403,4.408,4.402,4.402,0.14587
1678852800000,4.383,4.404,4.383,4.403,0.54755
1678852500000,4.383,4.383,4.383,4.383,0
1678852200000,4.394,4.394,4.383,4.383,28.277522
1678851900000,4.396,4.396,4.394,4.394,0.694504
1678851600000,4.404,4.404,4.396,4.396,0.066119
1678851300000,4.394,4.404,4.393,4.404,330.30711
1678851000000,4.416,4.416,4.388,4.394,24.469293
1678850700000,4.446,4.446,4.416,4.416,7.594227
1678850400000,4.436,4.446,4.436,4.446,0.293258
1678850100000,4.458,4.458,4.436,4.436,0.517525
1678849800000,4.444,4.458,4.44,4.458,111.224455
1678849500000,4.439,4.444,4.439,4.444,7.706015
1678849200000,4.43,4.439,4.422,4.439,2.027834
1678848900000,4.422,4.43,4.422,4.43,12.134987
1678848600000,4.414,4.422,4.403,4.422,20.087925
1678848300000,4.414,4.414,4.414,4.414,0
1678848000000,4.404,4.414,4.398,4.414,10.763535
1678847700000,4.397,4.404,4.397,4.404,0.354742
1678847400000,4.389,4.404,4.389,4.397,1.827475
1678847100000,4.393,4.393,4.387,4.389,0.359229
1678846800000,4.386,4.393,4.386,4.393,0.436905
1678846500000,4.382,4.386,4.381,4.386,46.417347
1678846200000,4.404,4.404,4.382,4.382,331.04727
1678845900000,4.389,4.404,4.389,4.404,9.493011
1678845600000,4.371,4.389,4.371,4.389,2.169354
1678845300000,4.379,4.384,4.371,4.371,1.664523
1678845000000,4.373,4.379,4.369,4.379,2.540445
1678844700000,4.409,4.409,4.364,4.373,313.608818
1678844400000,4.379,4.409,4.379,4.409,119.431797
1678844100000,4.38,4.38,4.365,4.379,1.546538
1678843800000,4.364,4.38,4.364,4.38,13.079581
1678843500000,4.356,4.364,4.353,4.364,14.730415
1678843200000,4.35,4.356,4.35,4.356,6.634309
1678842900000,4.344,4.35,4.344,4.35,24.214449
1678842600000,4.315,4.344,4.315,4.344,31.37411
1678842300000,4.329,4.329,4.315,4.315,60.266107
1678842000000,4.309,4.329,4.306,4.329,363.153181
1678841700000,4.284,4.309,4.284,4.309,18.362076
1678841400000,4.276,4.284,4.276,4.284,9.605575
1678841100000,4.261,4.279,4.261,4.276,4.69823
1678840800000,4.251,4.261,4.251,4.261,0.327545
1678840500000,4.264,4.264,4.246,4.251,6.662251
1678840200000,4.261,4.269,4.249,4.264,32.51668
1678839900000,4.271,4.276,4.261,4.261,2.320268
1678839600000,4.287,4.287,4.271,4.271,0.49512
1678839300000,4.273,4.289,4.273,4.287,2.822778
1678839000000,4.299,4.299,4.268,4.273,51.415919
1678838700000,4.295,4.301,4.295,4.299,0.804819
1678838400000,4.278,4.295,4.278,4.295,205.863461
1678838100000,4.283,4.283,4.278,4.278,0.454035
1678837800000,4.286,4.287,4.283,4.283,49.016976
1678837500000,4.311,4.315,4.286,4.286,14.85668
1678837200000,4.31,4.315,4.301,4.311,43.27847
1678836900000,4.306,4.31,4.301,4.31,1.64867
1678836600000,4.317,4.322,4.306,4.306,0.442983
1678836300000,4.312,4.321,4.311,4.317,1.216357
1678836000000,4.316,4.316,4.312,4.312,0.514979
1678835700000,4.316,4.316,4.316,4.316,0
1678835400000,4.311,4.316,4.311,4.316,121.2
1678835100000,4.328,4.328,4.311,4.311,9.091908
1678834800000,4.32,4.328,4.32,4.328,9.414794
1678834500000,4.29,4.32,4.29,4.32,3.291037
1678834200000,4.298,4.298,4.29,4.29,2.527299
1678833900000,4.296,4.304,4.296,4.298,175.203797
1678833600000,4.321,4.321,4.296,4.296,567.8538
1678833300000,4.309,4.327,4.309,4.321,730.613108
1678833000000,4.316,4.316,4.309,4.309,11.928418
1678832700000,4.308,4.316,4.308,4.316,52.323162
1678832400000,4.316,4.316,4.308,4.308,0.787409
1678832100000,4.329,4.329,4.316,4.316,0.266107
1678831800000,4.327,4.329,4.32,4.329,0.849225
1678831500000,4.306,4.327,4.29,4.327,34.246484
1678831200000,4.329,4.329,4.306,4.306,0.860122
1678830900000,4.305,4.329,4.305,4.329,93.285636
1678830600000,4.285,4.305,4.285,4.305,8.269499
1678830300000,4.29,4.299,4.285,4.285,11.006672
1678830000000,4.289,4.295,4.289,4.29,9.338603
1678829700000,4.284,4.289,4.284,4.289,14.359383
1678829400000,4.262,4.284,4.262,4.284,62.689606
1678829100000,4.238,4.262,4.238,4.262,76.135545
1678828800000,4.204,4.238,4.204,4.238,31.082299
1678828500000,4.268,4.268,4.161,4.204,199.849354
1678828200000,4.246,4.275,4.246,4.268,29.32192
1678827900000,4.334,4.334,4.215,4.246,517.932215
1678827600000,4.371,4.371,4.334,4.334,38.176231
1678827300000,4.387,4.389,4.371,4.371,0.842592
1678827000000,4.377,4.387,4.369,4.387,4.03819
1678826700000,4.378,4.378,4.377,4.377,0.052519
1678826400000,4.36,4.379,4.36,4.378,29.416932
1678826100000,4.424,4.424,4.356,4.36,48.329854
1678825800000,4.412,4.424,4.411,4.424,6.672288
1678825500000,4.397,4.414,4.397,4.412,4.183995
1678825200000,4.405,4.405,4.391,4.397,22.773068
1678824900000,4.412,4.419,4.405,4.405,1.68014
1678824600000,4.429,4.429,4.411,4.412,1.128862
1678824300000,4.421,4.429,4.411,4.429,178.041065
1678824000000,4.407,4.426,4.407,4.421,29.747203
1678823700000,4.374,4.408,4.374,4.407,464.758519
1678823400000,4.344,4.374,4.344,4.374,17.305037
1678823100000,4.331,4.344,4.331,4.344,1.289813
1678822800000,4.34,4.354,4.331,4.331,107.192778
1678822500000,4.326,4.356,4.326,4.34,17.02466
1678822200000,4.331,4.344,4.316,4.326,313.927247
1678821900000,4.361,4.38,4.319,4.331,45.386371
1678821600000,4.374,4.38,4.353,4.361,17.804025
1678821300000,4.349,4.374,4.286,4.374,239.570502
1678821000000,4.426,4.426,4.349,4.349,178.991504
1678820700000,4.464,4.469,4.416,4.426,45.561814
1678820400000,4.438,4.464,4.438,4.464,2.501246
1678820100000,4.474,4.474,4.438,4.438,50.622561
1678819800000,4.514,4.514,4.461,4.474,107.971074
1678819500000,4.544,4.544,4.514,4.514,11.88567
1678819200000,4.551,4.551,4.544,4.544,0.032367
1678818900000,4.553,4.555,4.551,4.551,1.436633
1678818600000,4.542,4.553,4.542,4.553,9.319229
1678818300000,4.53,4.542,4.53,4.542,1.280527
1678818000000,4.522,4.53,4.522,4.53,10.614415
1678817700000,4.482,4.522,4.482,4.522,4.640919
1678817400000,4.489,4.504,4.482,4.482,30.933433
1678817100000,4.527,4.527,4.489,4.489,70.845802
1678816800000,4.564,4.566,4.527,4.527,5.155801
1678816500000,4.559,4.568,4.559,4.564,122.729067
1678816200000,4.547,4.562,4.547,4.559,2.109937
1678815900000,4.559,4.559,4.547,4.547,0.303117
1678815600000,4.56,4.563,4.559,4.559,2.114452
1678815300000,4.55,4.562,4.55,4.56,18.839036
1678815000000,4.538,4.55,4.538,4.55,4.191875
1678814700000,4.528,4.539,4.528,4.538,5.46947
1678814400000,4.525,4.528,4.511,4.528,144.428681
1678814100000,4.55,4.558,4.525,4.525,45.15654
1678813800000,4.55,4.55,4.55,4.55,0
1678813500000,4.583,4.583,4.55,4.55,78.317898
1678813200000,4.576,4.583,4.572,4.583,18.227133
1678812900000,4.586,4.586,4.576,4.576,0.123208
1678812600000,4.584,4.586,4.584,4.586,0.034713
1678812300000,4.581,4.584,4.581,4.584,0.170701
1678812000000,4.59,4.59,4.578,4.581,0.844133
1678811700000,4.608,4.608,4.586,4.59,1.317332
1678811400000,4.585,4.608,4.585,4.608,1.346105
1678811100000,4.585,4.585,4.578,4.585,2.737265
1678810800000,4.635,4.635,4.585,4.585,19.213178
1678810500000,4.635,4.635,4.635,4.635,0
1678810200000,4.622,4.635,4.622,4.635,3.571923
1678809900000,4.616,4.622,4.603,4.622,24.46157
1678809600000,4.61,4.623,4.599,4.616,243.577929
1678809300000,4.61,4.61,4.608,4.61,486.564044
1678809000000,4.606,4.622,4.606,4.61,656.570525
1678808700000,4.595,4.616,4.571,4.606,7430.163134
1678808400000,4.595,4.598,4.595,4.595,0.82204
1678808100000,4.583,4.595,4.583,4.595,0.345559
1678807800000,4.589,4.598,4.583,4.583,530.618604
1678807500000,4.624,4.624,4.583,4.589,86.835541
1678807200000,4.656,4.656,4.624,4.624,24.154207
1678806900000,4.651,4.656,4.644,4.656,5.539989
1678806600000,4.658,4.676,4.651,4.651,35.809231
1678806300000,4.638,4.658,4.635,4.658,2.433249
1678806000000,4.644,4.644,4.624,4.638,62.262003
1678805700000,4.65,4.67,4.644,4.644,101.979448
1678805400000,4.624,4.65,4.624,4.65,18.426029
1678805100000,4.606,4.625,4.606,4.624,0.815563
1678804800000,4.613,4.613,4.606,4.606,2.699697
1678804500000,4.634,4.634,4.613,4.613,10.359721
1678804200000,4.641,4.642,4.628,4.634,5.870532
1678803900000,4.632,4.648,4.623,4.641,136.437883
1678803600000,4.596,4.632,4.596,4.632,94.669169
1678803300000,4.6,4.61,4.596,4.596,4.184408
1678803000000,4.58,4.6,4.58,4.6,19.343409
1678802700000,4.558,4.58,4.558,4.58,0.426399
1678802400000,4.575,4.58,4.558,4.558,42.014432
1678802100000,4.548,4.575,4.548,4.575,831.273491
1678801800000,4.612,4.612,4.548,4.548,77.916635
1678801500000,4.609,4.616,4.596,4.612,2.844589
1678801200000,4.614,4.614,4.602,4.609,7.484537
1678800900000,4.597,4.618,4.597,4.614,27.461089
1678800600000,4.569,4.598,4.569,4.597,7.826445
1678800300000,4.572,4.572,4.56,4.569,3.326409
1678800000000,4.555,4.586,4.555,4.572,16.705329
1678799700000,4.658,4.661,4.555,4.555,203.889595
1678799400000,4.62,4.658,4.619,4.658,83.874324
1678799100000,4.639,4.639,4.62,4.62,92.581547
1678798800000,4.565,4.639,4.565,4.639,155.220494
1678798500000,4.565,4.575,4.558,4.565,64.27749
1678798200000,4.531,4.565,4.525,4.565,59.061684
1678797900000,4.49,4.541,4.481,4.531,93.842666
1678797600000,4.414,4.49,4.414,4.49,180.8042
1678797300000,4.43,4.43,4.392,4.414,24.429778
1678797000000,4.349,4.434,4.278,4.43,367.749579
1678796700000,4.358,4.358,4.349,4.349,40.997595
1678796400000,4.345,4.361,4.345,4.358,62.488313
1678796100000,4.354,4.354,4.345,4.345,5
1678795800000,4.34,4.354,4.34,4.354,0.264309
1678795500000,4.341,4.341,4.34,4.34,1.245853
1678795200000,4.363,4.363,4.341,4.341,40.844267
1678794900000,4.368,4.368,4.363,4.363,0.861508
1678794600000,4.347,4.368,4.347,4.368,84.748297
1678794300000,4.347,4.347,4.347,4.347,0
1678794000000,4.355,4.355,4.347,4.347,0.265668
1678793700000,4.344,4.355,4.34,4.355,19.6106
1678793400000,4.346,4.346,4.344,4.344,1.409483
1678793100000,4.361,4.361,4.346,4.346,2.985016
1678792800000,4.378,4.378,4.361,4.361,0.401211
1678792500000,4.354,4.378,4.354,4.378,54.801984
1678792200000,4.347,4.354,4.347,4.354,0.26431
1678791900000,4.351,4.351,4.341,4.347,233.619548
1678791600000,4.364,4.371,4.351,4.351,15.919101
1678791300000,4.351,4.364,4.351,4.364,0.263702
1678791000000,4.361,4.361,4.351,4.351,1.544653
1678790700000,4.361,4.361,4.361,4.361,0.104366
1678790400000,4.364,4.364,4.353,4.361,0.37857
1678790100000,4.364,4.364,4.364,4.364,0
1678789800000,4.361,4.364,4.361,4.364,22.382931
1678789500000,4.379,4.379,4.361,4.361,9.212878
1678789200000,4.363,4.379,4.363,4.379,9.600067
1678788900000,4.361,4.366,4.353,4.363,100.204377
1678788600000,4.362,4.365,4.361,4.361,31.215375
1678788300000,4.351,4.362,4.351,4.362,50
1678788000000,4.361,4.37,4.351,4.351,63.56138
1678787700000,4.357,4.361,4.357,4.361,3.453547
1678787400000,4.35,4.358,4.35,4.357,0.165903
1678787100000,4.349,4.354,4.349,4.35,0.344125
1678786800000,4.348,4.349,4.348,4.349,7.809536
1678786500000,4.339,4.348,4.339,4.348,1.506015
1678786200000,4.325,4.339,4.319,4.339,10.36577
1678785900000,4.322,4.33,4.322,4.325,0.292848
1678785600000,4.344,4.344,4.322,4.322,0.570201
1678785300000,4.339,4.344,4.339,4.344,0.612643
1678785000000,4.326,4.339,4.326,4.339,0.265227
1678784700000,4.326,4.326,4.326,4.326,0
1678784400000,4.35,4.35,4.326,4.326,13.554802
1678784100000,4.351,4.352,4.35,4.35,2.349122
1678783800000,4.359,4.359,4.351,4.351,0.292221
1678783500000,4.356,4.359,4.352,4.359,21.469432
1678783200000,4.371,4.372,4.356,4.356,0.932542
1678782900000,4.359,4.374,4.359,4.371,205.729314
1678782600000,4.347,4.359,4.345,4.359,348.221099
1678782300000,4.323,4.347,4.323,4.347,280.370954
1678782000000,4.319,4.323,4.319,4.323,13.464436
1678781700000,4.281,4.319,4.281,4.319,12.844505
1678781400000,4.318,4.318,4.281,4.281,49.52432
1678781100000,4.332,4.334,4.318,4.318,536.353436
1678780800000,4.359,4.359,4.332,4.332,684.125646
1678780500000,4.359,4.359,4.359,4.359,0
1678780200000,4.346,4.359,4.346,4.359,1.142482
1678779900000,4.361,4.361,4.346,4.346,20.951588
1678779600000,4.391,4.391,4.361,4.361,21.69863
1678779300000,4.391,4.391,4.391,4.391,0
1678779000000,4.391,4.391,4.386,4.391,10.133002
1678778700000,4.416,4.416,4.391,4.391,2.33017
1678778400000,4.406,4.416,4.404,4.416,0.201946
1678778100000,4.419,4.419,4.406,4.406,0.260671
1678777800000,4.414,4.419,4.414,4.419,7.688385
1678777500000,4.401,4.414,4.401,4.414,1.703475
1678777200000,4.403,4.404,4.401,4.401,2.500322
1678776900000,4.398,4.403,4.386,4.403,8.899069
1678776600000,4.392,4.398,4.392,4.398,0.023676
1678776300000,4.393,4.393,4.392,4.392,0.033327
1678776000000,4.4,4.4,4.393,4.393,0.328618
1678775700000,4.407,4.407,4.4,4.4,0.095755
1678775400000,4.405,4.409,4.405,4.407,0.237745
1678775100000,4.392,4.409,4.391,4.405,3.218934
1678774800000,4.392,4.392,4.392,4.392,0
1678774500000,4.391,4.392,4.391,4.392,0.421483
1678774200000,4.419,4.42,4.391,4.391,32.315745
1678773900000,4.413,4.419,4.413,4.419,18.145822
1678773600000,4.394,4.413,4.394,4.413,4.203647
1678773300000,4.386,4.394,4.381,4.394,0.544806
1678773000000,4.402,4.402,4.386,4.386,0.785078
1678772700000,4.376,4.402,4.376,4.402,106.443285
1678772400000,4.386,4.386,4.376,4.376,333.507681
1678772100000,4.417,4.417,4.386,4.386,10.052536
1678771800000,4.406,4.417,4.406,4.417,11.369429
1678771500000,4.39,4.406,4.371,4.406,39.13181
1678771200000,4.411,4.411,4.39,4.39,190.971171
1678770900000,4.469,4.469,4.411,4.411,313.579476
1678770600000,4.439,4.469,4.439,4.469,27.714512
1678770300000,4.434,4.439,4.434,4.439,1.500329
1678770000000,4.434,4.434,4.434,4.434,0
1678769700000,4.434,4.434,4.434,4.434,0.069145
1678769400000,4.434,4.434,4.434,4.434,0
1678769100000,4.422,4.435,4.422,4.434,0.354418
1678768800000,4.434,4.434,4.422,4.422,20.053676
1678768500000,4.418,4.434,4.418,4.434,0.299587
1678768200000,4.422,4.422,4.413,4.418,1.890322
1678767900000,4.428,4.429,4.422,4.422,53.437069
1678767600000,4.431,4.431,4.428,4.428,1.316068
1678767300000,4.452,4.452,4.431,4.431,10.518108
1678767000000,4.452,4.452,4.452,4.452,0
1678766700000,4.452,4.452,4.452,4.452,0
1678766400000,4.452,4.452,4.452,4.452,0
1678766100000,4.444,4.452,4.444,4.452,4.418562
1678765800000,4.438,4.444,4.434,4.444,7.768336
1678765500000,4.439,4.439,4.438,4.438,0.179327
1678765200000,4.437,4.439,4.435,4.439,1.575017
1678764900000,4.426,4.437,4.426,4.437,507.046415
1678764600000,4.409,4.431,4.409,4.426,25.259658
1678764300000,4.4,4.409,4.4,4.409,0.40776
1678764000000,4.4,4.4,4.4,4.4,0
1678763700000,4.398,4.4,4.398,4.4,2.508149
1678763400000,4.398,4.398,4.398,4.398,0.022835
1678763100000,4.404,4.404,4.396,4.398,7.146665
1678762800000,4.392,4.409,4.392,4.404,250.023769
1678762500000,4.412,4.412,4.392,4.392,652.815641
1678762200000,4.43,4.43,4.412,4.412,42.411571
1678761900000,4.43,4.43,4.43,4.43,0
1678761600000,4.43,4.434,4.43,4.43,0.329422
1678761300000,4.429,4.432,4.429,4.43,0.203151
1678761000000,4.419,4.429,4.419,4.429,0.25982
1678760700000,4.429,4.429,4.415,4.419,12.555557
1678760400000,4.435,4.435,4.429,4.429,56.165624
1678760100000,4.426,4.436,4.426,4.435,233
1678759800000,4.432,4.432,4.426,4.426,1.95979
1678759500000,4.441,4.453,4.432,4.432,0.458972
1678759200000,4.441,4.441,4.441,4.441,0
1678758900000,4.443,4.443,4.441,4.441,0.32734
1678758600000,4.458,4.458,4.443,4.443,1.434048
1678758300000,4.433,4.461,4.433,4.458,15.340575
1678758000000,4.425,4.434,4.425,4.433,0.353895
1678757700000,4.429,4.429,4.425,4.425,0.118907
1678757400000,4.429,4.429,4.429,4.429,0.057802
1678757100000,4.43,4.43,4.421,4.429,34.232433
1678756800000,4.432,4.432,4.43,4.43,1.504931
1678756500000,4.432,4.432,4.432,4.432,20.992143
1678756200000,4.436,4.445,4.432,4.432,27.54077
1678755900000,4.436,4.436,4.436,4.436,0
1678755600000,4.441,4.441,4.436,4.436,3.639283
1678755300000,4.46,4.46,4.441,4.441,19.292578
1678755000000,4.456,4.468,4.456,4.46,5.32926
1678754700000,4.461,4.461,4.456,4.456,1.563328
1678754400000,4.48,4.48,4.461,4.461,0.771507
1678754100000,4.482,4.482,4.477,4.48,180
1678753800000,4.472,4.484,4.472,4.482,0.393818
1678753500000,4.482,4.483,4.472,4.472,14.879017
1678753200000,4.479,4.482,4.479,4.482,0.031539
1678752900000,4.466,4.479,4.466,4.479,0.256911
1678752600000,4.453,4.479,4.453,4.466,40.839084
1678752300000,4.471,4.471,4.446,4.453,308.218284
1678752000000,4.479,4.489,4.471,4.471,9.631773
1678751700000,4.46,4.479,4.452,4.479,95.222977
1678751400000,4.468,4.468,4.46,4.46,0.315025
1678751100000,4.471,4.474,4.468,4.468,0.347618
1678750800000,4.471,4.471,4.471,4.471,0
1678750500000,4.459,4.473,4.459,4.471,14.544714
1678750200000,4.451,4.459,4.451,4.459,0.589164
1678749900000,4.441,4.451,4.44,4.451,0.883301
1678749600000,4.461,4.461,4.441,4.441,47.715574
1678749300000,4.506,4.506,4.461,4.461,33.918587
1678749000000,4.506,4.506,4.506,4.506,0
1678748700000,4.506,4.506,4.506,4.506,0
1678748400000,4.509,4.519,4.506,4.506,0.76443
1678748100000,4.496,4.509,4.496,4.509,0.276617
1678747800000,4.496,4.496,4.496,4.496,0
1678747500000,4.515,4.515,4.496,4.496,11.675506
1678747200000,4.52,4.52,4.515,4.515,0.785481
1678746900000,4.509,4.547,4.505,4.52,701.056242
1678746600000,4.5,4.509,4.5,4.509,7.581237
1678746300000,4.505,4.506,4.5,4.5,1.716843
1678746000000,4.507,4.507,4.505,4.505,0.028319
1678745700000,4.504,4.507,4.504,4.507,0.079737
1678745400000,4.498,4.504,4.498,4.504,1.496577
1678745100000,4.499,4.5,4.498,4.498,15.242814
1678744800000,4.476,4.499,4.476,4.499,0.609258
1678744500000,4.492,4.492,4.476,4.476,4.999516
1678744200000,4.494,4.496,4.492,4.492,2.124422
1678743900000,4.486,4.494,4.486,4.494,0.256052
1678743600000,4.478,4.486,4.478,4.486,0.049958
1678743300000,4.476,4.478,4.476,4.478,0.135524
1678743000000,4.481,4.481,4.476,4.476,0.21765
1678742700000,4.491,4.491,4.481,4.481,2.329114
1678742400000,4.504,4.504,4.491,4.491,0.082366
1678742100000,4.504,4.504,4.504,4.504,0
1678741800000,4.5,4.504,4.5,4.504,0.255481
1678741500000,4.5,4.5,4.5,4.5,0
1678741200000,4.502,4.502,4.5,4.5,0.179603
1678740900000,4.499,4.502,4.499,4.502,1.452301
1678740600000,4.496,4.499,4.492,4.499,8.467688
1678740300000,4.474,4.496,4.474,4.496,80.916792
1678740000000,4.488,4.494,4.474,4.474,78.814148
1678739700000,4.459,4.49,4.459,4.488,203.326004
1678739400000,4.443,4.459,4.436,4.459,0.899995
1678739100000,4.439,4.443,4.436,4.443,30.923437
1678738800000,4.439,4.439,4.439,4.439,0.045055
1678738500000,4.446,4.447,4.439,4.439,24.986764
1678738200000,4.461,4.461,4.446,4.446,0.312757
1678737900000,4.45,4.461,4.45,4.461,0.563915
1678737600000,4.442,4.45,4.442,4.45,40.258649
1678737300000,4.443,4.444,4.436,4.442,0.754226
1678737000000,4.448,4.448,4.443,4.443,0.302313
1678736700000,4.461,4.461,4.444,4.448,614.349078
1678736400000,4.454,4.461,4.454,4.461,30.441526
1678736100000,4.442,4.454,4.442,4.454,0.258359
1678735800000,4.441,4.449,4.441,4.442,12.347264
1678735500000,4.449,4.449,4.441,4.441,4.153476
1678735200000,4.456,4.456,4.449,4.449,0.57405
1678734900000,4.456,4.456,4.456,4.456,0
1678734600000,4.466,4.466,4.456,4.456,0.257746
1678734300000,4.463,4.47,4.463,4.466,60.305308
1678734000000,4.454,4.463,4.454,4.463,20.102429
1678733700000,4.454,4.454,4.454,4.454,0
1678733400000,4.452,4.454,4.452,4.454,34.61
1678733100000,4.469,4.469,4.452,4.452,127.207613
1678732800000,4.47,4.47,4.453,4.469,1.736807
1678732500000,4.471,4.471,4.47,4.47,0.025773
1678732200000,4.462,4.471,4.459,4.471,38.454602
1678731900000,4.449,4.462,4.449,4.462,26.317399
1678731600000,4.429,4.449,4.429,4.449,31.460854
1678731300000,4.411,4.429,4.411,4.429,2.55643
1678731000000,4.411,4.411,4.411,4.411,0
1678730700000,4.425,4.425,4.411,4.411,86.589818
1678730400000,4.417,4.426,4.417,4.425,0.900804
1678730100000,4.41,4.418,4.41,4.417,0.067561
1678729800000,4.406,4.41,4.406,4.41,10.830137
1678729500000,4.426,4.426,4.406,4.406,11.808339
1678729200000,4.419,4.426,4.419,4.426,1.501211
1678728900000,4.408,4.419,4.408,4.419,16.913234
1678728600000,4.397,4.408,4.397,4.408,13.942645
1678728300000,4.379,4.397,4.379,4.397,61.267331
1678728000000,4.353,4.379,4.353,4.379,2.030388
1678727700000,4.374,4.374,4.353,4.353,39.855376
1678727400000,4.415,4.415,4.374,4.374,451.417578
1678727100000,4.443,4.443,4.415,4.415,31.131229
1678726800000,4.451,4.451,4.443,4.443,4.042971
1678726500000,4.464,4.464,4.451,4.451,0.559687
1678726200000,4.464,4.464,4.464,4.464,0.122391
1678725900000,4.469,4.471,4.464,4.464,1.706888
1678725600000,4.462,4.469,4.462,4.469,1.778503
1678725300000,4.449,4.462,4.449,4.462,1.043298
1678725000000,4.499,4.499,4.449,4.449,148.404132
1678724700000,4.528,4.528,4.499,4.499,34.292053
1678724400000,4.52,4.536,4.52,4.528,10.134809
1678724100000,4.525,4.529,4.52,4.52,0.05363
1678723800000,4.528,4.529,4.525,4.525,31.542807
1678723500000,4.511,4.528,4.511,4.528,80.337628
1678723200000,4.513,4.529,4.511,4.511,12.261302
1678722900000,4.51,4.513,4.51,4.513,20.617283
1678722600000,4.501,4.517,4.5,4.51,10.448527
1678722300000,4.543,4.543,4.501,4.501,13.379922
1678722000000,4.504,4.543,4.504,4.543,31.706917
1678721700000,4.55,4.572,4.491,4.504,1017.928191
1678721400000,4.645,4.645,4.55,4.55,422.136304
1678721100000,4.573,4.651,4.573,4.645,477.465168
1678720800000,4.568,4.6,4.565,4.573,1213.603344
1678720500000,4.533,4.568,4.533,4.568,88.349368
1678720200000,4.53,4.547,4.529,4.533,25.845267
1678719900000,4.504,4.53,4.5,4.53,50.355858
1678719600000,4.457,4.508,4.457,4.504,99.565255
1678719300000,4.456,4.457,4.456,4.457,10
1678719000000,4.472,4.474,4.456,4.456,130.994093
1678718700000,4.449,4.48,4.449,4.472,69.412456
1678718400000,4.412,4.449,4.412,4.449,6.265855
1678718100000,4.421,4.422,4.412,4.412,11.658742
1678717800000,4.441,4.441,4.421,4.421,61.255095
1678717500000,4.41,4.441,4.41,4.441,54.183736
1678717200000,4.391,4.412,4.391,4.41,669.338047
1678716900000,4.371,4.391,4.371,4.391,23.2183
1678716600000,4.364,4.371,4.364,4.371,7.770085
1678716300000,4.32,4.364,4.32,4.364,354.133199
1678716000000,4.319,4.32,4.317,4.32,2.467642
1678715700000,4.319,4.319,4.319,4.319,0
1678715400000,4.299,4.319,4.299,4.319,2.186349
1678715100000,4.282,4.299,4.282,4.299,0.44904
1678714800000,4.288,4.288,4.282,4.282,10.331415
1678714500000,4.306,4.306,4.288,4.288,6.347812
1678714200000,4.31,4.318,4.306,4.306,34.209159
1678713900000,4.322,4.322,4.31,4.31,86.945525
1678713600000,4.322,4.322,4.322,4.322,0
1678713300000,4.295,4.322,4.295,4.322,21.779445
1678713000000,4.295,4.295,4.295,4.295,0
1678712700000,4.29,4.295,4.29,4.295,3.487327
1678712400000,4.264,4.29,4.264,4.29,14.740189
1678712100000,4.243,4.264,4.243,4.264,0.540127
1678711800000,4.243,4.243,4.243,4.243,0
1678711500000,4.254,4.254,4.243,4.243,27.907216
1678711200000,4.262,4.262,4.254,4.254,3.878011
1678710900000,4.271,4.271,4.262,4.262,14.488528
1678710600000,4.28,4.284,4.271,4.271,0.328968
1678710300000,4.275,4.286,4.275,4.28,0.954442
1678710000000,4.275,4.275,4.275,4.275,0
1678709700000,4.276,4.276,4.275,4.275,1.245654
1678709400000,4.287,4.287,4.276,4.276,0.856963
1678709100000,4.304,4.304,4.287,4.287,88.127657
1678708800000,4.304,4.304,4.304,4.304,0
1678708500000,4.302,4.304,4.252,4.304,522.925353
1678708200000,4.298,4.302,4.298,4.302,0.034427
1678707900000,4.301,4.301,4.293,4.298,70.29776
1678707600000,4.304,4.307,4.301,4.301,0.364076
1678707300000,4.313,4.313,4.304,4.304,0.386543
1678707000000,4.309,4.313,4.309,4.313,0.044906
1678706700000,4.31,4.318,4.306,4.309,0.597909
1678706400000,4.31,4.31,4.31,4.31,0
1678706100000,4.314,4.314,4.31,4.31,0.062315
1678705800000,4.314,4.314,4.314,4.314,0
1678705500000,4.314,4.314,4.314,4.314,0
1678705200000,4.314,4.314,4.314,4.314,0
1678704900000,4.299,4.314,4.299,4.314,0.302821
1678704600000,4.299,4.299,4.299,4.299,0
1678704300000,4.307,4.307,4.297,4.299,0.559924
1678704000000,4.315,4.315,4.307,4.307,0.179649
1678703700000,4.315,4.315,4.315,4.315,0
1678703400000,4.318,4.318,4.315,4.315,0.135626
1678703100000,4.299,4.318,4.299,4.318,151.130778
1678702800000,4.28,4.299,4.28,4.299,4.011611
1678702500000,4.292,4.292,4.28,4.28,0.455004
1678702200000,4.291,4.293,4.291,4.292,0.948376
1678701900000,4.288,4.291,4.288,4.291,65.759225
1678701600000,4.276,4.288,4.276,4.288,10
1678701300000,4.283,4.287,4.276,4.276,133.126082
1678701000000,4.282,4.283,4.282,4.283,1.162755
1678700700000,4.274,4.282,4.274,4.282,11.51005
1678700400000,4.261,4.274,4.261,4.274,178.84636
1678700100000,4.306,4.306,4.261,4.261,123.634903
1678699800000,4.326,4.326,4.306,4.306,111.156112
1678699500000,4.344,4.344,4.326,4.326,64.382358
1678699200000,4.367,4.367,4.344,4.344,38.742179
1678698900000,4.367,4.367,4.367,4.367,0
1678698600000,4.372,4.372,4.366,4.367,75.376999
1678698300000,4.372,4.372,4.372,4.372,0
1678698000000,4.375,4.375,4.372,4.372,4.181431
1678697700000,4.387,4.387,4.375,4.375,146.731798
1678697400000,4.429,4.429,4.387,4.387,125.349504
1678697100000,4.431,4.431,4.415,4.429,218.769041
1678696800000,4.433,4.433,4.431,4.431,0.357826
1678696500000,4.437,4.437,4.427,4.433,10.366758
1678696200000,4.433,4.437,4.433,4.437,0.116547
1678695900000,4.433,4.433,4.433,4.433,23.084856
1678695600000,4.436,4.436,4.433,4.433,0.300631
1678695300000,4.438,4.438,4.436,4.436,0.258908
1678695000000,4.439,4.439,4.438,4.438,3.380375
1678694700000,4.454,4.454,4.439,4.439,13.910617
1678694400000,4.454,4.454,4.454,4.454,0
1678694100000,4.451,4.454,4.451,4.454,2.517505
1678693800000,4.451,4.451,4.451,4.451,0.251891
1678693500000,4.46,4.46,4.451,4.451,1.53236
1678693200000,4.474,4.474,4.46,4.46,1684.948919
1678692900000,4.485,4.485,4.474,4.474,10.063907
1678692600000,4.479,4.485,4.479,4.485,2.92899
1678692300000,4.474,4.479,4.474,4.479,2.154842
1678692000000,4.474,4.474,4.474,4.474,0.421638
1678691700000,4.469,4.474,4.469,4.474,0.260942
1678691400000,4.469,4.469,4.469,4.469,0
1678691100000,4.469,4.469,4.469,4.469,0
1678690800000,4.462,4.469,4.462,4.469,0.034374
1678690500000,4.464,4.465,4.462,4.462,40.549432
1678690200000,4.464,4.465,4.464,4.464,0.133196
1678689900000,4.447,4.464,4.447,4.464,0.257777
1678689600000,4.448,4.448,4.447,4.447,0.066722
1678689300000,4.449,4.449,4.448,4.448,32.441187
1678689000000,4.452,4.456,4.449,4.449,9.101782
1678688700000,4.454,4.454,4.452,4.452,2.526456
1678688400000,4.454,4.454,4.454,4.454,0
1678688100000,4.468,4.468,4.454,4.454,9.862333
1678687800000,4.484,4.484,4.468,4.468,1.502562
1678687500000,4.469,4.484,4.469,4.484,0.256624
1678687200000,4.473,4.473,4.469,4.469,0.222872
1678686900000,4.473,4.473,4.473,4.473,0
1678686600000,4.478,4.478,4.473,4.473,0.030715
1678686300000,4.48,4.482,4.477,4.478,111.762219
1678686000000,4.482,4.482,4.48,4.48,79.67659
1678685700000,4.472,4.482,4.472,4.482,63.615233
1678685400000,4.482,4.482,4.471,4.472,11.631127
1678685100000,4.485,4.485,4.481,4.482,0.361892
1678684800000,4.487,4.494,4.484,4.485,158.621701
1678684500000,4.49,4.49,4.487,4.487,158.68
1678684200000,4.494,4.494,4.487,4.49,154.906265
1678683900000,4.483,4.494,4.483,4.494,43.193514
1678683600000,4.466,4.483,4.466,4.483,32.16646
1678683300000,4.466,4.466,4.466,4.466,0
1678683000000,4.472,4.472,4.466,4.466,0.377973
1678682700000,4.48,4.48,4.468,4.472,0.495278
1678682400000,4.484,4.484,4.48,4.48,6.501726
1678682100000,4.481,4.484,4.481,4.484,0.219344
1678681800000,4.482,4.484,4.48,4.481,0.59159
1678681500000,4.48,4.482,4.477,4.482,10.706263
1678681200000,4.483,4.483,4.48,4.48,0.169288
1678680900000,4.483,4.483,4.483,4.483,0
1678680600000,4.468,4.483,4.468,4.483,218.52
1678680300000,4.486,4.486,4.468,4.468,11.759157
1678680000000,4.486,4.486,4.486,4.486,0
1678679700000,4.493,4.493,4.484,4.486,0.666129
1678679400000,4.493,4.493,4.493,4.493,0
1678679100000,4.485,4.493,4.485,4.493,1.574977
1678678800000,4.479,4.485,4.479,4.485,7.57286
1678678500000,4.461,4.479,4.46,4.479,6.928352
1678678200000,4.471,4.471,4.459,4.461,0.431989
1678677900000,4.461,4.473,4.461,4.471,192.820806
1678677600000,4.451,4.461,4.451,4.461,0.037656
1678677300000,4.468,4.468,4.451,4.451,9.762588
1678677000000,4.481,4.481,4.468,4.468,90.32
1678676700000,4.479,4.482,4.479,4.481,0.686826
1678676400000,4.468,4.479,4.468,4.479,14.122318
1678676100000,4.462,4.468,4.462,4.468,9.2
1678675800000,4.466,4.466,4.462,4.462,0.530293
1678675500000,4.471,4.471,4.466,4.466,2.171766
1678675200000,4.484,4.484,4.471,4.471,1.277373
1678674900000,4.483,4.484,4.483,4.484,0.024352
1678674600000,4.484,4.489,4.483,4.483,6.939273
1678674300000,4.486,4.488,4.484,4.484,143.701094
1678674000000,4.483,4.488,4.483,4.486,4.066099
1678673700000,4.508,4.508,4.449,4.483,545.917922
1678673400000,4.521,4.521,4.508,4.508,25.056004
1678673100000,4.522,4.522,4.521,4.521,11.409443
1678672800000,4.542,4.542,4.522,4.522,36.489899
1678672500000,4.553,4.553,4.542,4.542,1.63515
1678672200000,4.554,4.554,4.553,4.553,1.603079
1678671900000,4.55,4.554,4.55,4.554,1.057697
1678671600000,4.542,4.55,4.542,4.55,0.887566
1678671300000,4.545,4.545,4.542,4.542,1.236555
1678671000000,4.555,4.555,4.545,4.545,15.02162
1678670700000,4.56,4.566,4.555,4.555,181.783263
1678670400000,4.578,4.578,4.56,4.56,92.223387
1678670100000,4.595,4.595,4.578,4.578,40.845868
1678669800000,4.602,4.602,4.595,4.595,15.525431
1678669500000,4.629,4.629,4.602,4.602,196.815258
1678669200000,4.668,4.668,4.629,4.629,23.333599
1678668900000,4.686,4.691,4.668,4.668,2.868915
1678668600000,4.664,4.698,4.657,4.686,1307.53626
1678668300000,4.664,4.664,4.65,4.664,1.981745
1678668000000,4.655,4.664,4.634,4.664,28.6577
1678667700000,4.628,4.656,4.628,4.655,5.534394
1678667400000,4.614,4.652,4.613,4.628,841.150593
1678667100000,4.6,4.615,4.599,4.614,888.06572
1678666800000,4.591,4.601,4.591,4.6,2844.202925
1678666500000,4.597,4.609,4.586,4.591,421.780786
1678666200000,4.57,4.608,4.57,4.597,524.815116
1678665900000,4.549,4.57,4.546,4.57,106.394855
1678665600000,4.522,4.549,4.52,4.549,1.704378
1678665300000,4.496,4.55,4.496,4.522,77.169197
1678665000000,4.502,4.507,4.495,4.496,188.430935
1678664700000,4.5,4.516,4.457,4.502,184.702596
1678664400000,4.435,4.5,4.435,4.5,808.101722
1678664100000,4.387,4.446,4.387,4.435,166.843237
1678663800000,4.371,4.387,4.371,4.387,214.404444
1678663500000,4.354,4.371,4.354,4.371,5.070797
1678663200000,4.349,4.354,4.347,4.354,345.201516
1678662900000,4.329,4.349,4.329,4.349,1294.653356
1678662600000,4.328,4.33,4.325,4.329,20.128768
1678662300000,4.326,4.328,4.326,4.328,9.62
1678662000000,4.327,4.327,4.326,4.326,1.30814
1678661700000,4.353,4.353,4.327,4.327,13.690485
1678661400000,4.353,4.353,4.353,4.353,0
1678661100000,4.333,4.383,4.333,4.353,9.459942
1678660800000,4.315,4.386,4.315,4.333,44.828041
1678660500000,4.327,4.327,4.314,4.315,11.050604
1678660200000,4.327,4.327,4.327,4.327,0.083501
1678659900000,4.35,4.35,4.327,4.327,1.40106
1678659600000,4.26,4.35,4.26,4.35,270.258972
1678659300000,4.199,4.26,4.199,4.26,227.172461
1678659000000,4.197,4.199,4.192,4.199,106.359732
1678658700000,4.219,4.219,4.197,4.197,2.688867
1678658400000,4.219,4.219,4.219,4.219,0
1678658100000,4.204,4.219,4.204,4.219,111.738957
1678657800000,4.211,4.211,4.204,4.204,11.63369
1678657500000,4.212,4.212,4.211,4.211,96.176813
1678657200000,4.204,4.229,4.204,4.212,1146.001263
1678656900000,4.203,4.204,4.203,4.204,0.40598
1678656600000,4.21,4.21,4.203,4.203,10.020105
1678656300000,4.223,4.223,4.21,4.21,1.656838
1678656000000,4.226,4.226,4.223,4.223,3.306901
1678655700000,4.236,4.236,4.226,4.226,0.543225
1678655400000,4.236,4.236,4.236,4.236,0.006839
1678655100000,4.238,4.238,4.236,4.236,1.780812
1678654800000,4.238,4.238,4.238,4.238,0
1678654500000,4.256,4.256,4.237,4.238,115.682753
1678654200000,4.256,4.256,4.256,4.256,0
1678653900000,4.184,4.256,4.184,4.256,1391.671929
1678653600000,4.184,4.184,4.184,4.184,0
1678653300000,4.184,4.184,4.184,4.184,0
1678653000000,4.163,4.185,4.163,4.184,3.718021
1678652700000,4.157,4.171,4.157,4.163,46.482123
1678652400000,4.148,4.157,4.148,4.157,0.276807
1678652100000,4.148,4.148,4.148,4.148,0
1678651800000,4.145,4.15,4.145,4.148,88.278554
1678651500000,4.145,4.145,4.145,4.145,0
1678651200000,4.15,4.15,4.145,4.145,1.621389
1678650900000,4.168,4.168,4.15,4.15,7.883355
1678650600000,4.168,4.168,4.168,4.168,0
1678650300000,4.158,4.168,4.158,4.168,118.780233
1678650000000,4.161,4.164,4.158,4.158,2.012275
1678649700000,4.161,4.161,4.161,4.161,0
1678649400000,4.162,4.162,4.161,4.161,0.105782
1678649100000,4.162,4.164,4.162,4.162,2.077815
1678648800000,4.168,4.168,4.162,4.162,106.389775
1678648500000,4.181,4.181,4.168,4.168,30.424355
1678648200000,4.181,4.181,4.181,4.181,0
1678647900000,4.175,4.181,4.175,4.181,7.427142
1678647600000,4.161,4.175,4.161,4.175,29.645953
1678647300000,4.175,4.185,4.161,4.161,278.154689
1678647000000,4.186,4.186,4.175,4.175,5.948494
1678646700000,4.186,4.186,4.186,4.186,0
1678646400000,4.164,4.191,4.164,4.186,33.846927
1678646100000,4.159,4.164,4.159,4.164,23.906238
1678645800000,4.157,4.159,4.149,4.159,138.322119
1678645500000,4.139,4.159,4.139,4.157,442.505025
1678645200000,4.112,4.139,4.112,4.139,70.777711
1678644900000,4.101,4.112,4.101,4.112,3.759759
1678644600000,4.112,4.112,4.1,4.101,1.831513
1678644300000,4.112,4.112,4.112,4.112,0
1678644000000,4.1,4.112,4.1,4.112,0.659231
1678643700000,4.1,4.1,4.1,4.1,0
1678643400000,4.1,4.1,4.1,4.1,0
1678643100000,4.101,4.101,4.1,4.1,0.280126
1678642800000,4.112,4.112,4.101,4.101,0.323723
1678642500000,4.112,4.112,4.112,4.112,0
1678642200000,4.069,4.112,4.064,4.112,107.878564
1678641900000,4.032,4.087,4.032,4.069,106.741748
1678641600000,4.035,4.035,4.027,4.032,1.610131
1678641300000,4.035,4.035,4.035,4.035,0
1678641000000,4.035,4.035,4.035,4.035,0
1678640700000,4.025,4.035,4.025,4.035,0.121927
1678640400000,4.042,4.042,4.025,4.025,5.279006
1678640100000,4.042,4.042,4.042,4.042,0
1678639800000,4.02,4.042,4.02,4.042,67.086104
1678639500000,3.998,4.02,3.998,4.02,12.143214
1678639200000,4.003,4.003,3.997,3.998,0.778628
1678638900000,4.012,4.012,4.002,4.003,58.224094
1678638600000,4.016,4.016,4.012,4.012,1.601472
1678638300000,4.01,4.016,4.007,4.016,20.709341
1678638000000,4.01,4.01,4.01,4.01,0
1678637700000,4.01,4.01,4.01,4.01,0
1678637400000,3.992,4.01,3.992,4.01,20.665975
1678637100000,3.918,3.992,3.914,3.992,216.550136
1678636800000,3.917,3.918,3.917,3.918,0.294305
1678636500000,3.917,3.917,3.917,3.917,0
1678636200000,3.917,3.917,3.917,3.917,0
1678635900000,3.917,3.917,3.917,3.917,0
1678635600000,3.917,3.917,3.917,3.917,0
1678635300000,3.916,3.917,3.916,3.917,21.922876
1678635000000,3.916,3.916,3.916,3.916,10.195756
1678634700000,3.917,3.917,3.916,3.916,3.438231
1678634400000,3.917,3.917,3.917,3.917,0.975361
1678634100000,3.917,3.917,3.917,3.917,0
1678633800000,3.907,3.917,3.897,3.917,164.138677
1678633500000,3.907,3.907,3.907,3.907,0
1678633200000,3.906,3.908,3.906,3.907,0.146736
1678632900000,3.901,3.906,3.901,3.906,0.023393
1678632600000,3.907,3.907,3.901,3.901,0.10694
1678632300000,3.907,3.907,3.907,3.907,0
1678632000000,3.907,3.907,3.907,3.907,0.457876
1678631700000,3.912,3.912,3.907,3.907,0.072327
1678631400000,3.889,3.912,3.889,3.912,12.266819
1678631100000,3.898,3.904,3.889,3.889,1.523115
1678630800000,3.898,3.898,3.898,3.898,0
1678630500000,3.898,3.898,3.898,3.898,0
1678630200000,3.904,3.904,3.898,3.898,0.022995
1678629900000,3.906,3.906,3.904,3.904,0.021403
1678629600000,3.908,3.908,3.905,3.906,0.112986
1678629300000,3.908,3.908,3.908,3.908,0
1678629000000,3.904,3.908,3.904,3.908,0.526959
1678628700000,3.901,3.904,3.901,3.904,0.102831
1678628400000,3.89,3.901,3.89,3.901,0.093884
1678628100000,3.895,3.895,3.888,3.89,0.173389
1678627800000,3.892,3.895,3.892,3.895,0.112275
1678627500000,3.908,3.908,3.892,3.892,2.976238
1678627200000,3.905,3.908,3.905,3.908,0.378786
1678626900000,3.894,3.905,3.894,3.905,4.293014
1678626600000,3.894,3.894,3.894,3.894,0
1678626300000,3.898,3.898,3.894,3.894,7.389783
1678626000000,3.898,3.898,3.898,3.898,2.212863
1678625700000,3.895,3.898,3.895,3.898,0.95544
1678625400000,3.899,3.899,3.895,3.895,0.26752
1678625100000,3.885,3.899,3.885,3.899,22.437066
1678624800000,3.885,3.885,3.885,3.885,0
1678624500000,3.886,3.886,3.885,3.885,1.743433
1678624200000,3.879,3.886,3.879,3.886,9.724251
1678623900000,3.873,3.879,3.873,3.879,1.062952
1678623600000,3.873,3.873,3.873,3.873,0
1678623300000,3.941,3.941,3.852,3.873,411.761937
1678623000000,3.941,3.941,3.941,3.941,0
1678622700000,3.941,3.941,3.941,3.941,0
1678622400000,3.941,3.941,3.941,3.941,0
1678622100000,3.941,3.941,3.941,3.941,0
1678621800000,3.909,3.941,3.909,3.941,36.676646
1678621500000,3.954,3.959,3.909,3.909,135.492449
1678621200000,4.055,4.055,3.954,3.954,181.187482
1678620900000,4.055,4.055,4.055,4.055,0
1678620600000,4.055,4.055,4.055,4.055,0
1678620300000,4.039,4.055,4.039,4.055,1.533013
1678620000000,4.03,4.04,4.03,4.039,0.171578
1678619700000,4.03,4.03,4.03,4.03,0
1678619400000,4.03,4.03,4.03,4.03,0
1678619100000,4.027,4.03,4.027,4.03,0.036549
1678618800000,4.026,4.03,4.026,4.027,0.060433
1678618500000,4.044,4.044,4.026,4.026,1.231473
1678618200000,4.035,4.044,4.035,4.044,0.025778
1678617900000,4.035,4.035,4.035,4.035,0
1678617600000,4.029,4.035,4.028,4.035,0.043289
1678617300000,4.03,4.03,4.028,4.029,0.107388
1678617000000,4.03,4.03,4.03,4.03,0
1678616700000,4.034,4.034,4.03,4.03,1.125805
1678616400000,4.034,4.034,4.034,4.034,0
1678616100000,4.034,4.034,4.034,4.034,0
1678615800000,4.034,4.034,4.034,4.034,0
1678615500000,4.034,4.034,4.034,4.034,0
1678615200000,4.034,4.034,4.034,4.034,0
1678614900000,4.034,4.034,4.034,4.034,0
1678614600000,4.034,4.034,4.034,4.034,0
1678614300000,4.038,4.038,4.034,4.034,1.58311
1678614000000,4.038,4.038,4.038,4.038,0.043176
1678613700000,4.043,4.043,4.037,4.038,0.400359
1678613400000,4.05,4.05,4.043,4.043,6.909806
1678613100000,4.058,4.058,4.041,4.05,40.647846
1678612800000,4.051,4.058,4.051,4.058,0.283581
1678612500000,4.044,4.051,4.044,4.051,0.196768
1678612200000,4.054,4.054,4.044,4.044,0.396203
1678611900000,4.057,4.057,4.054,4.054,1.995739
1678611600000,4.058,4.058,4.057,4.057,0.245505
1678611300000,4.042,4.058,4.042,4.058,2.092822
1678611000000,4.044,4.044,4.039,4.042,0.233672
1678610700000,4.042,4.044,4.042,4.044,0.615551
1678610400000,4.042,4.042,4.042,4.042,0
1678610100000,4.031,4.045,4.029,4.042,3.646869
1678609800000,4.042,4.042,4.024,4.031,24.911764
1678609500000,4.053,4.053,4.041,4.042,0.585226
1678609200000,4.045,4.053,4.045,4.053,58.697644
1678608900000,3.974,4.045,3.973,4.045,313.146907
1678608600000,3.974,3.974,3.974,3.974,0
1678608300000,3.974,3.974,3.974,3.974,0
1678608000000,3.973,3.974,3.973,3.974,0.035796
1678607700000,3.954,3.973,3.954,3.973,34.066095
1678607400000,3.954,3.954,3.954,3.954,0
1678607100000,3.961,3.961,3.954,3.954,55.764309
1678606800000,3.959,3.961,3.958,3.961,0.157645
1678606500000,3.962,3.962,3.959,3.959,5.682421
1678606200000,3.959,3.962,3.959,3.962,0.020792
1678605900000,3.959,3.959,3.959,3.959,0.370493
1678605600000,3.959,3.959,3.959,3.959,0
1678605300000,3.959,3.959,3.959,3.959,0.029192
1678605000000,3.959,3.959,3.959,3.959,0.027404
1678604700000,3.959,3.959,3.959,3.959,0.251346
1678604400000,3.964,3.964,3.959,3.959,0.134014
1678604100000,3.964,3.964,3.964,3.964,0
1678603800000,3.96,3.964,3.96,3.964,0.33165
1678603500000,3.964,3.964,3.96,3.96,0.076377
1678603200000,3.964,3.964,3.964,3.964,0
1678602900000,3.964,3.964,3.964,3.964,0
1678602600000,3.964,3.964,3.964,3.964,0
1678602300000,3.963,3.964,3.963,3.964,0.878158
1678602000000,3.963,3.963,3.963,3.963,0
1678601700000,3.963,3.963,3.963,3.963,0
1678601400000,3.966,3.966,3.962,3.963,1.566983
1678601100000,3.982,3.982,3.966,3.966,20.394181
1678600800000,3.977,3.982,3.977,3.982,4.388111
1678600500000,3.984,3.984,3.977,3.977,208.994868
1678600200000,4.003,4.003,3.984,3.984,100.931156
1678599900000,4.001,4.003,4.001,4.003,18.937905
1678599600000,3.996,4.001,3.99,4.001,5.690824
1678599300000,3.984,3.996,3.984,3.996,9.148386
1678599000000,3.966,3.984,3.966,3.984,63.089008
1678598700000,3.966,3.97,3.963,3.966,9.740412
1678598400000,3.961,3.966,3.961,3.966,13.388847
1678598100000,3.954,3.961,3.954,3.961,30.248465
1678597800000,3.954,3.954,3.954,3.954,0
1678597500000,3.944,3.954,3.944,3.954,28.269725
1678597200000,3.94,3.944,3.938,3.944,14.997671
1678596900000,3.939,3.94,3.939,3.94,9.75
1678596600000,3.931,3.939,3.931,3.939,12.264498
1678596300000,3.931,3.931,3.931,3.931,0
1678596000000,3.918,3.931,3.918,3.931,38.527948
1678595700000,3.9,3.918,3.9,3.918,54.803953
1678595400000,3.909,3.909,3.897,3.9,1.091673
1678595100000,3.899,3.909,3.897,3.909,45.955121
1678594800000,3.9,3.9,3.899,3.899,10.85
1678594500000,3.904,3.904,3.9,3.9,11.148244
1678594200000,3.908,3.908,3.902,3.904,10.985993
1678593900000,3.912,3.912,3.908,3.908,0.025615
1678593600000,3.912,3.912,3.912,3.912,0
1678593300000,3.913,3.913,3.912,3.912,10.97
1678593000000,3.912,3.913,3.907,3.913,28.681911
1678592700000,3.906,3.912,3.906,3.912,47.674423
1678592400000,3.896,3.906,3.896,3.906,33.099894
1678592100000,3.902,3.902,3.894,3.896,0.187438
1678591800000,3.893,3.902,3.893,3.902,0.750848
1678591500000,3.893,3.9,3.893,3.893,3.075349
1678591200000,3.897,3.897,3.893,3.893,0.766755
1678590900000,3.909,3.913,3.897,3.897,120.81435
1678590600000,3.891,3.909,3.891,3.909,88.477682
1678590300000,3.887,3.891,3.887,3.891,2.479553
1678590000000,3.87,3.887,3.87,3.887,18.400028
1678589700000,3.866,3.87,3.866,3.87,7.328044
1678589400000,3.865,3.866,3.865,3.866,0.056715
1678589100000,3.86,3.865,3.86,3.865,113.664796
1678588800000,3.857,3.863,3.857,3.86,2.930272
1678588500000,3.849,3.857,3.849,3.857,0.49811
1678588200000,3.849,3.849,3.849,3.849,0
1678587900000,3.85,3.854,3.845,3.849,16.090673
1678587600000,3.85,3.85,3.85,3.85,12.76
1678587300000,3.854,3.854,3.85,3.85,26.245383
1678587000000,3.852,3.854,3.852,3.854,12.79
1678586700000,3.863,3.863,3.852,3.852,65.979748
1678586400000,3.864,3.864,3.863,3.863,1.29
1678586100000,3.866,3.866,3.864,3.864,2.804689
1678585800000,3.865,3.868,3.865,3.866,13.26222
1678585500000,3.859,3.865,3.859,3.865,29.54174
1678585200000,3.881,3.881,3.786,3.859,1305.461919
1678584900000,3.884,3.884,3.88,3.881,0.659472
1678584600000,3.888,3.888,3.884,3.884,0.541596
1678584300000,3.89,3.9,3.882,3.888,1.468168
1678584000000,3.888,3.89,3.888,3.89,0.026181
1678583700000,3.885,3.888,3.885,3.888,64.896019
1678583400000,3.874,3.885,3.871,3.885,32.884835
1678583100000,3.878,3.902,3.874,3.874,282.418188
1678582800000,3.862,3.878,3.862,3.878,49.653001
1678582500000,3.868,3.868,3.862,3.862,0.21319
1678582200000,3.868,3.868,3.868,3.868,0
1678581900000,3.868,3.868,3.868,3.868,0
1678581600000,3.858,3.869,3.858,3.868,0.1352
1678581300000,3.867,3.867,3.857,3.858,0.289076
1678581000000,3.857,3.867,3.857,3.867,0.021848
1678580700000,3.857,3.869,3.857,3.857,0.42005
1678580400000,3.857,3.857,3.857,3.857,0
1678580100000,3.857,3.857,3.857,3.857,0
1678579800000,3.857,3.857,3.857,3.857,0
1678579500000,3.857,3.857,3.857,3.857,0
1678579200000,3.857,3.857,3.857,3.857,0
1678578900000,3.857,3.857,3.857,3.857,0.039046
1678578600000,3.875,3.875,3.857,3.857,1.187419
1678578300000,3.875,3.875,3.875,3.875,0.064011
1678578000000,3.882,3.882,3.875,3.875,1.697164
1678577700000,3.87,3.882,3.87,3.882,23.967196
1678577400000,3.872,3.872,3.87,3.87,0.056443
1678577100000,3.831,3.875,3.831,3.872,27.045331
1678576800000,3.829,3.831,3.829,3.831,2.641225
1678576500000,3.829,3.829,3.829,3.829,0
1678576200000,3.816,3.829,3.816,3.829,1.041829
1678575900000,3.816,3.816,3.816,3.816,0
1678575600000,3.816,3.816,3.816,3.816,0
1678575300000,3.816,3.816,3.816,3.816,0.122645
1678575000000,3.82,3.82,3.816,3.816,0.032465
1678574700000,3.824,3.824,3.82,3.82,5.473606
1678574400000,3.842,3.842,3.824,3.824,28.242045
1678574100000,3.882,3.882,3.842,3.842,13.576852
1678573800000,3.881,3.883,3.88,3.882,79.7708
1678573500000,3.88,3.881,3.88,3.881,5.400189
1678573200000,3.88,3.88,3.88,3.88,0
1678572900000,3.88,3.88,3.88,3.88,0
1678572600000,3.88,3.88,3.88,3.88,0.118878
1678572300000,3.88,3.88,3.88,3.88,0
1678572000000,3.88,3.88,3.88,3.88,0
1678571700000,3.88,3.88,3.88,3.88,0
1678571400000,3.903,3.903,3.88,3.88,2.133039
1678571100000,3.903,3.903,3.903,3.903,0
1678570800000,3.775,3.903,3.775,3.903,251.108845
1678570500000,3.795,3.795,3.775,3.775,73.508429
1678570200000,3.8,3.804,3.788,3.795,209.990421
1678569900000,3.793,3.8,3.793,3.8,1.810164
1678569600000,3.784,3.793,3.784,3.793,1.241095
1678569300000,3.797,3.797,3.774,3.784,301.27933
1678569000000,3.806,3.806,3.797,3.797,1.849897
1678568700000,3.806,3.806,3.806,3.806,0
1678568400000,3.805,3.809,3.805,3.806,12.696065
1678568100000,3.805,3.805,3.805,3.805,0
1678567800000,3.805,3.805,3.805,3.805,0
1678567500000,3.819,3.819,3.805,3.805,83.99681
1678567200000,3.802,3.819,3.802,3.819,74.610295
1678566900000,3.782,3.802,3.782,3.802,366.071222
1678566600000,3.761,3.782,3.761,3.782,26.112094
1678566300000,3.766,3.772,3.76,3.761,4.184961
1678566000000,3.766,3.766,3.766,3.766,0
1678565700000,3.773,3.773,3.766,3.766,0.030164
1678565400000,3.773,3.773,3.773,3.773,0
1678565100000,3.777,3.777,3.773,3.773,0.116229
1678564800000,3.777,3.777,3.777,3.777,0
1678564500000,3.779,3.779,3.777,3.777,0.115534
1678564200000,3.776,3.779,3.771,3.779,10
1678563900000,3.776,3.776,3.776,3.776,0
1678563600000,3.771,3.776,3.771,3.776,0.135583
1678563300000,3.771,3.771,3.771,3.771,0
1678563000000,3.742,3.771,3.742,3.771,57.134498
1678562700000,3.747,3.762,3.742,3.742,277.846724
1678562400000,3.747,3.747,3.747,3.747,0
1678562100000,3.747,3.747,3.747,3.747,0
1678561800000,3.747,3.747,3.747,3.747,0
1678561500000,3.747,3.747,3.747,3.747,0
1678561200000,3.746,3.747,3.746,3.747,0.037855
1678560900000,3.766,3.766,3.746,3.746,0.036662
1678560600000,3.766,3.766,3.766,3.766,0
1678560300000,3.766,3.766,3.766,3.766,0
1678560000000,3.766,3.766,3.766,3.766,0
1678559700000,3.771,3.771,3.752,3.766,6200.845618
1678559400000,3.757,3.771,3.757,3.771,10.264938
1678559100000,3.774,3.774,3.755,3.757,0.755641
1678558800000,3.761,3.774,3.761,3.774,38.39781
1678558500000,3.761,3.761,3.754,3.761,31.167355
1678558200000,3.761,3.761,3.761,3.761,0
1678557900000,3.763,3.763,3.761,3.761,0.083858
1678557600000,3.749,3.763,3.749,3.763,21.994089
1678557300000,3.753,3.753,3.742,3.749,21.245818
1678557000000,3.757,3.758,3.753,3.753,2.192665
1678556700000,3.746,3.784,3.746,3.757,2590.795531
1678556400000,3.734,3.75,3.734,3.746,21.378456
1678556100000,3.738,3.738,3.731,3.734,2.092446
1678555800000,3.745,3.749,3.738,3.738,420.206277
1678555500000,3.736,3.748,3.736,3.745,21.169225
1678555200000,3.725,3.745,3.725,3.736,87.149506
1678554900000,3.725,3.725,3.725,3.725,0
1678554600000,3.725,3.725,3.725,3.725,0
1678554300000,3.725,3.725,3.725,3.725,0
1678554000000,3.722,3.725,3.713,3.725,52.425596
1678553700000,3.722,3.722,3.718,3.722,2.785546
1678553400000,3.729,3.729,3.722,3.722,10.098334
1678553100000,3.707,3.73,3.707,3.729,54.820409
1678552800000,3.714,3.714,3.707,3.707,0.789922
1678552500000,3.696,3.714,3.642,3.714,1150.408658
1678552200000,3.686,3.696,3.686,3.696,23.191247
1678551900000,3.692,3.692,3.682,3.686,14.181051
1678551600000,3.696,3.696,3.687,3.692,40.196541
1678551300000,3.694,3.696,3.694,3.696,70.08
1678551000000,3.676,3.694,3.676,3.694,2.48219
1678550700000,3.702,3.702,3.676,3.676,24.140816
1678550400000,3.686,3.702,3.686,3.702,171.219872
1678550100000,3.695,3.695,3.686,3.686,32.574466
1678549800000,3.733,3.733,3.694,3.695,662.10738
1678549500000,3.74,3.74,3.732,3.733,104.051695
1678549200000,3.743,3.743,3.74,3.74,2.316234
1678548900000,3.742,3.743,3.742,3.743,25.838802
1678548600000,3.742,3.742,3.742,3.742,0
1678548300000,3.754,3.754,3.742,3.742,8.176559
1678548000000,3.746,3.754,3.746,3.754,2.344363
1678547700000,3.746,3.752,3.746,3.746,0.074321
1678547400000,3.746,3.746,3.746,3.746,0
1678547100000,3.75,3.75,3.746,3.746,0.082985
1678546800000,3.749,3.755,3.749,3.75,0.723516
1678546500000,3.747,3.749,3.747,3.749,0.116569
1678546200000,3.755,3.755,3.747,3.747,0.082951
1678545900000,3.763,3.763,3.755,3.755,25.785958
1678545600000,3.76,3.763,3.759,3.763,4.062738
1678545300000,3.76,3.76,3.76,3.76,0.398172
1678545000000,3.748,3.76,3.748,3.76,0.358302
1678544700000,3.746,3.748,3.746,3.748,1.264032
1678544400000,3.746,3.746,3.746,3.746,16.489446
1678544100000,3.746,3.746,3.746,3.746,0.797663
1678543800000,3.746,3.746,3.746,3.746,0
1678543500000,3.802,3.802,3.745,3.746,100.877453
1678543200000,3.803,3.803,3.802,3.802,5.763305
1678542900000,3.803,3.803,3.803,3.803,0.186999
1678542600000,3.803,3.803,3.803,3.803,1.488498
1678542300000,3.793,3.803,3.793,3.803,9.799363
1678542000000,3.771,3.793,3.771,3.793,3.966734
1678541700000,3.767,3.771,3.767,3.771,1.261925
1678541400000,3.762,3.767,3.762,3.767,5.965776
1678541100000,3.757,3.762,3.754,3.762,87.505761
1678540800000,3.747,3.757,3.747,3.757,68.02
1678540500000,3.751,3.751,3.733,3.747,174.336503
1678540200000,3.925,3.925,3.738,3.751,1057.087886
1678539900000,3.95,3.95,3.925,3.925,4.522686
1678539600000,3.944,3.95,3.928,3.95,2.964167
1678539300000,3.863,3.944,3.863,3.944,212.576425
1678539000000,3.858,3.863,3.858,3.863,0.315554
1678538700000,3.858,3.858,3.858,3.858,0
1678538400000,3.858,3.858,3.858,3.858,0
1678538100000,3.858,3.858,3.858,3.858,0
1678537800000,3.858,3.864,3.857,3.858,1.918715
1678537500000,3.877,3.877,3.857,3.858,2.445934
1678537200000,3.877,3.877,3.877,3.877,0
1678536900000,3.877,3.877,3.877,3.877,0
1678536600000,3.878,3.878,3.877,3.877,0.318381
1678536300000,3.878,3.878,3.878,3.878,0
1678536000000,3.877,3.878,3.877,3.878,0.152821
1678535700000,3.876,3.878,3.876,3.877,1.438764
1678535400000,3.873,3.877,3.873,3.876,26.056241
1678535100000,3.869,3.874,3.869,3.873,0.153077
1678534800000,3.853,3.87,3.853,3.869,9.958513
1678534500000,3.851,3.853,3.851,3.853,0.062758
1678534200000,3.844,3.852,3.844,3.851,5.172923
1678533900000,3.819,3.844,3.819,3.844,15.019503
1678533600000,3.819,3.819,3.819,3.819,0
1678533300000,3.819,3.819,3.819,3.819,0
1678533000000,3.82,3.82,3.818,3.819,0.18727
1678532700000,3.824,3.824,3.82,3.82,5.473607
1678532400000,4.017,4.017,3.823,3.824,1281.424527
1678532100000,4.02,4.02,4.017,4.017,0.205707
1678531800000,4.02,4.02,4.02,4.02,0
1678531500000,4.02,4.02,4.02,4.02,0
1678531200000,4.017,4.02,4.017,4.02,1.021233
1678530900000,4.017,4.019,4.017,4.017,6.930859
1678530600000,4.028,4.028,4.017,4.017,2.295455
1678530300000,4.028,4.028,4.027,4.028,15.29171
1678530000000,4.034,4.034,4.028,4.028,0.740715
1678529700000,4.034,4.049,4.034,4.034,0.163777
1678529400000,4.047,4.047,4.034,4.034,0.563344
1678529100000,4.049,4.049,4.047,4.047,0.322366
1678528800000,4.049,4.049,4.049,4.049,0
1678528500000,4.05,4.05,4.049,4.049,1.403018
1678528200000,4.046,4.05,4.046,4.05,1.058521
1678527900000,3.893,4.05,3.893,4.046,721.89229
1678527600000,3.918,3.918,3.893,3.893,2.477344
1678527300000,3.919,3.919,3.918,3.918,0.476235
1678527000000,3.915,3.919,3.915,3.919,0.848613
1678526700000,3.899,3.915,3.899,3.915,29.232889
1678526400000,3.899,3.899,3.899,3.899,0
1678526100000,3.899,3.899,3.899,3.899,0
1678525800000,3.899,3.899,3.899,3.899,0
1678525500000,3.877,3.899,3.877,3.899,4.606402
1678525200000,3.877,3.877,3.877,3.877,0
1678524900000,3.877,3.877,3.877,3.877,0
1678524600000,3.877,3.877,3.877,3.877,0
1678524300000,3.874,3.877,3.874,3.877,0.051879
1678524000000,4.015,4.015,3.86,3.874,544.585497
1678523700000,4.015,4.015,4.015,4.015,0
1678523400000,3.989,4.024,3.989,4.015,25.785893
1678523100000,4.012,4.012,3.989,3.989,1.371426
1678522800000,3.976,4.012,3.976,4.012,1219.61963
1678522500000,3.976,3.976,3.976,3.976,0
1678522200000,3.976,3.976,3.976,3.976,0
1678521900000,3.976,3.976,3.976,3.976,0
1678521600000,3.975,3.983,3.975,3.976,216.655027
1678521300000,3.977,3.977,3.975,3.975,8.49
1678521000000,3.98,3.98,3.977,3.977,1.956658
1678520700000,4.01,4.01,3.98,3.98,40.588887
1678520400000,4.038,4.038,4.01,4.01,39.20939
1678520100000,4.037,4.038,4.035,4.038,0.503866
1678519800000,4.084,4.084,4.034,4.037,33.000342
1678519500000,4.037,4.084,4.025,4.084,49.711797
1678519200000,4.062,4.062,4.037,4.037,3.239039
1678518900000,4.042,4.062,4.037,4.062,5.727589
1678518600000,4.042,4.042,4.042,4.042,0
1678518300000,4.041,4.042,4.041,4.042,0.037169
1678518000000,4.057,4.057,4.041,4.041,0.025754
1678517700000,4.057,4.057,4.057,4.057,0
1678517400000,4.057,4.057,4.057,4.057,0
1678517100000,4.053,4.058,4.053,4.057,0.130904
1678516800000,4.053,4.053,4.053,4.053,0
1678516500000,4.053,4.053,4.053,4.053,0
1678516200000,4.036,4.056,4.036,4.053,3.116558
1678515900000,4.033,4.045,4.033,4.036,0.332294
1678515600000,4.042,4.042,4.033,4.033,0.28478
1678515300000,4.048,4.048,4.042,4.042,69.585035
1678515000000,4.042,4.048,4.042,4.048,249.381675
1678514700000,4.024,4.042,4.024,4.042,6047.82478
1678514400000,4.04,4.042,4.024,4.024,0.83946
1678514100000,4.029,4.04,4.029,4.04,0.284848
1678513800000,4.025,4.029,4.025,4.029,0.030197
1678513500000,4.028,4.029,4.025,4.025,46.647209
1678513200000,4.031,4.033,4.028,4.028,0.650116
1678512900000,4.037,4.037,4.031,4.031,0.027319
1678512600000,4.032,4.041,4.032,4.037,26.142545
1678512300000,4.032,4.032,4.029,4.032,1.62485
1678512000000,4.024,4.032,4.024,4.032,1.525487
1678511700000,4.028,4.03,4.024,4.024,0.062429
1678511400000,4.003,4.028,4.003,4.028,12.429787