1679113800000,1960.97,1960.97,1959.95,1960.88,0.000801
1679112000000,1963.85,1963.85,1960.97,1960.97,0.00026308
1679110200000,1962.92,1963.85,1962.92,1963.85,0.00045856
1679108400000,1961.33,1962.92,1961.33,1962.92,0.00030201
1679106600000,1958,1961.33,1958,1961.33,0.00021197
1679104800000,1962.78,1962.78,1958,1958,0.00016517
1679103000000,1963.62,1963.62,1962.78,1962.78,0.02472944
1679101200000,1959.77,1963.62,1959.77,1963.62,0.00023609
1679099400000,1959.77,1959.77,1959.77,1959.77,0
1679097600000,1960.97,1960.97,1959.77,1959.77,0.09661311
1679095800000,1963.04,1963.04,1958.01,1960.97,0.40332617
1679094000000,1960.41,1963.04,1960.41,1963.04,0.02507635
1679092200000,1960.41,1960.41,1957.8,1960.41,0.06081758
1679090400000,1959.58,1960.41,1959.58,1960.41,0.24150516
1679088600000,1955.14,1959.58,1955.14,1959.58,0.00025554
1679086800000,1955.14,1955.14,1955.14,1955.14,0
1679085000000,1954.15,1955.14,1954.15,1955.14,0.0448808
1679083200000,1950.07,1954.15,1950.07,1954.15,0.10533471
1679081400000,1956.47,1956.47,1950.07,1950.07,1.69564751
1679079600000,1952.58,1956.47,1952.58,1956.47,1.67
1679077800000,1962.66,1962.66,1949.02,1952.58,0.99962823
1679076000000,1945.81,1962.66,1945.81,1962.66,0.07453054
1679074200000,1942.12,1945.81,1941.67,1945.81,0.74736775
1679072400000,1940.3,1942.88,1940.3,1942.12,0.3502
1679070600000,1945.12,1945.12,1936.71,1940.3,0.02073819
1679068800000,1936.65,1945.12,1936.65,1945.12,0.56881093
1679067000000,1936.65,1936.65,1936.65,1936.65,0
1679065200000,1931.34,1936.65,1930.46,1936.65,0.25337899
1679063400000,1924.34,1931.34,1924.34,1931.34,0.02200059
1679061600000,1930.04,1930.04,1924.34,1924.34,0.0401308
1679059800000,1930.04,1930.04,1930.04,1930.04,0
1679058000000,1919.93,1930.04,1919.93,1930.04,0.0116719
1679056200000,1920.17,1920.17,1919.93,1919.93,0.000296
1679054400000,1922.17,1922.17,1919.94,1920.17,1.06109754
1679052600000,1920.01,1922.17,1920.01,1922.17,0.0002
1679050800000,1920.02,1920.02,1920.01,1920.01,0.00023672
1679049000000,1923.78,1923.78,1920.02,1920.02,0.00103565
1679047200000,1920.48,1923.81,1920.48,1923.78,4.88306461
1679045400000,1919.93,1920.48,1919.93,1920.48,0.00017365
1679043600000,1919.93,1919.93,1919.93,1919.93,0
1679041800000,1919.93,1919.93,1919.93,1919.93,0
1679040000000,1919.93,1919.93,1919.93,1919.93,0
1679038200000,1919.27,1919.93,1919.27,1919.93,0.00019813
1679036400000,1919.27,1919.27,1919.27,1919.27,0
1679034600000,1916.16,1920.62,1916.16,1919.27,0.12811123
1679032800000,1917.55,1917.55,1916.16,1916.16,0.00467869
1679031000000,1914.61,1917.55,1914.61,1917.55,0.15872555
1679029200000,1914.61,1914.61,1914.61,1914.61,0
1679027400000,1915.8,1915.8,1914.61,1914.61,0.00011212
1679025600000,1915.8,1915.8,1915.8,1915.8,0
1679023800000,1914.02,1916.1,1914.01,1915.8,0.26124565
1679022000000,1914.02,1914.02,1914.02,1914.02,0
1679020200000,1914.02,1914.02,1914.02,1914.02,0.00081426
1679018400000,1914.01,1914.02,1914.01,1914.02,0.00124052
1679016600000,1914.01,1914.01,1914.01,1914.01,0
1679014800000,1914.01,1914.01,1914.01,1914.01,0
1679013000000,1914.67,1914.67,1914.01,1914.01,0.00041791
1679011200000,1914.69,1914.69,1914.67,1914.67,0.12818233
1679009400000,1914.01,1914.71,1914.01,1914.69,0.56461832
1679007600000,1914.01,1914.01,1914.01,1914.01,0
1679005800000,1914.02,1914.02,1914.01,1914.01,0.00031484
1679004000000,1914,1914.02,1914,1914.02,0.00010646
1679002200000,1914.71,1914.71,1914,1914,0.00031817
1679000400000,1914.71,1914.71,1914,1914.71,0.12810112
1678998600000,1914.71,1914.71,1914.71,1914.71,0
1678996800000,1914.72,1914.72,1914.71,1914.71,0.00018025
1678995000000,1914,1914.74,1914,1914.72,0.41009896
1678993200000,1914,1914,1914,1914,0.00344859
1678991400000,1914,1914.75,1914,1914,0.01352056
1678989600000,1917.14,1917.14,1914,1914,0.00010691
1678987800000,1917.14,1917.14,1917.14,1917.14,0
1678986000000,1917.31,1917.31,1914,1917.14,0.15888517
1678984200000,1919.25,1919.25,1917.31,1917.31,0.00014875
1678982400000,1926.1,1926.1,1919.25,1919.25,0.00063956
1678980600000,1926.1,1926.1,1926.1,1926.1,0
1678978800000,1926.1,1926.1,1926.1,1926.1,0
1678977000000,1923.06,1926.1,1923.06,1926.1,0.00041736
1678975200000,1923.06,1923.06,1923.06,1923.06,0
1678973400000,1926.22,1926.22,1923.06,1923.06,0.00032908
1678971600000,1922.74,1926.22,1922.74,1926.22,0.0002
1678969800000,1927.57,1927.57,1922.74,1922.74,0.00043119
1678968000000,1927.57,1927.57,1927.57,1927.57,0
1678966200000,1926.68,1927.57,1926.68,1927.57,0.15515642
1678964400000,1927.72,1927.72,1926.17,1926.68,0.01229162
1678962600000,1919.76,1927.72,1919.76,1927.72,0.00047333
1678960800000,1919.76,1919.76,1919.76,1919.76,0
1678959000000,1917.31,1919.76,1917.31,1919.76,0.00042018
1678957200000,1917.31,1917.31,1917.31,1917.31,0
1678955400000,1923.46,1923.46,1917.31,1917.31,0.00234406
1678953600000,1921.27,1923.46,1921.27,1923.46,0.00053463
1678951800000,1921.27,1921.27,1921.27,1921.27,0
1678950000000,1923.75,1923.75,1921.27,1921.27,0.0002
1678948200000,1923.75,1923.75,1923.75,1923.75,0
1678946400000,1924.91,1924.91,1919.64,1923.75,0.00871355
1678944600000,1924.91,1924.91,1924.91,1924.91,0
1678942800000,1925.09,1925.09,1924.91,1924.91,0.25460833
1678941000000,1916.43,1925.09,1916.43,1925.09,0.01548547
1678939200000,1927.83,1927.83,1914,1916.43,26.241207
1678937400000,1928.87,1928.87,1927.83,1927.83,0.00024287
1678935600000,1931.03,1931.03,1928.87,1928.87,0.00010504
1678933800000,1931.04,1931.04,1931.03,1931.03,0.00057666
1678932000000,1931.05,1931.34,1931.04,1931.04,0.00504242
1678930200000,1931.34,1931.34,1931.05,1931.05,0.0002
1678928400000,1935.53,1935.53,1931.34,1931.34,0.00046713
1678926600000,1935.53,1935.53,1935.53,1935.53,1
1678924800000,1935.48,1935.53,1935.48,1935.53,0.04629834
1678923000000,1935.53,1935.53,1935.48,1935.48,0.00951592
1678921200000,1934.87,1935.53,1934.87,1935.53,0.01556129
1678919400000,1935.53,1935.53,1934.87,1934.87,0.00034994
1678917600000,1935.13,1935.53,1935.13,1935.53,0.10127955
1678915800000,1935.13,1935.13,1935.13,1935.13,0
1678914000000,1935.54,1935.54,1935.13,1935.13,0.0102288
1678912200000,1935.54,1935.54,1935.54,1935.54,0
1678910400000,1937.91,1937.91,1935.54,1935.54,0.0002
1678908600000,1941.3,1941.3,1937.91,1937.91,0.0761604
1678906800000,1944.8,1944.8,1941.3,1941.3,0.00025307
1678905000000,1944.8,1944.8,1944.8,1944.8,0
1678903200000,1937.03,1944.8,1937.03,1944.8,0.06202002
1678901400000,1936.11,1937.03,1936.11,1937.03,0.00045792
1678899600000,1934.98,1936.11,1934.98,1936.11,0.00034792
1678897800000,1931.84,1938.72,1931.84,1934.98,0.00181208
1678896000000,1928.74,1931.84,1928.74,1931.84,0.00080103
1678894200000,1927.03,1928.74,1927.03,1928.74,0.00096348
1678892400000,1927.03,1927.03,1927.03,1927.03,0.00021643
1678890600000,1931.34,1933.44,1926.23,1927.03,0.22816599
1678888800000,1942.26,1942.26,1931.34,1931.34,0.05795237
1678887000000,1942.26,1942.26,1942.26,1942.26,0
1678885200000,1931.34,1942.26,1931.34,1942.26,0.000146
1678883400000,1931.34,1931.34,1931.34,1931.34,0
1678881600000,1924.54,1939.36,1924.54,1931.34,0.11076484
1678879800000,1915.92,1924.54,1915.92,1924.54,0.00120039
1678878000000,1915.92,1915.92,1915.92,1915.92,0
1678876200000,1914,1915.92,1914,1915.92,0.00104621
1678874400000,1914,1914,1914,1914,0
1678872600000,1914.76,1914.76,1914,1914,0.0004468
1678870800000,1914.76,1914.76,1914.76,1914.76,0
1678869000000,1916.87,1916.87,1914.76,1914.76,0.0002
1678867200000,1914,1916.87,1914,1916.87,0.00012848
1678865400000,1914,1914,1914,1914,0
1678863600000,1914,1914,1914,1914,0
1678861800000,1917.54,1917.54,1914,1914,0.00023177
1678860000000,1918.14,1918.14,1917.54,1917.54,0.00018192
1678858200000,1917.84,1918.14,1917.84,1918.14,5.20583876
1678856400000,1917.84,1917.84,1917.84,1917.84,0
1678854600000,1917.84,1917.84,1917.84,1917.84,0
1678852800000,1917.84,1917.84,1917.84,1917.84,0
1678851000000,1917.84,1917.84,1917.84,1917.84,0
1678849200000,1914.11,1917.84,1914.11,1917.84,1.040067
1678847400000,1915.3,1915.3,1914.03,1914.11,0.07860526
1678845600000,1915.3,1915.3,1915.3,1915.3,0
1678843800000,1915.31,1915.31,1915.3,1915.3,0.00096741
1678842000000,1914,1915.31,1914,1915.31,0.0702102
1678840200000,1914.28,1914.28,1914,1914,0.00034397
1678838400000,1914.28,1914.28,1914.28,1914.28,0
1678836600000,1914.76,1914.76,1914,1914.28,0.0033473
1678834800000,1914.77,1914.77,1914.76,1914.76,0.00046702
1678833000000,1914.05,1914.77,1914,1914.77,2.66196863
1678831200000,1914,1914.06,1914,1914.05,0.00720509
1678829400000,1915,1915.1,1914,1914,0.77682599
1678827600000,1915.13,1915.13,1915,1915,0.00023955
1678825800000,1915.01,1915.14,1915.01,1915.13,0.00881373
1678824000000,1915.01,1915.01,1915.01,1915.01,0.00685502
1678822200000,1915,1915.01,1915,1915.01,0.72505643
1678820400000,1915,1915,1915,1915,0.00037773
1678818600000,1915.3,1915.3,1915,1915,0.01721103
1678816800000,1915,1915.3,1915,1915.3,0.01815481
1678815000000,1915,1915,1915,1915,0
1678813200000,1915.27,1915.27,1915,1915,0.005304
1678811400000,1915.27,1915.27,1915.27,1915.27,0
1678809600000,1915.29,1915.29,1915.27,1915.27,0.0002
1678807800000,1915.27,1915.3,1915,1915.29,0.02106615
1678806000000,1915.27,1915.27,1915.27,1915.27,0
1678804200000,1915.28,1915.28,1915.27,1915.27,0.00032426
1678802400000,1915.3,1915.3,1915.28,1915.28,0.00022815
1678800600000,1915.29,1915.3,1915,1915.3,0.05257922
1678798800000,1917.92,1919.22,1915.09,1915.29,0.25262527
1678797000000,1918.51,1918.51,1917.92,1917.92,0.00126273
1678795200000,1921.97,1921.97,1918.51,1918.51,0.00018191
1678793400000,1922.61,1922.86,1921.97,1921.97,0.77768966
1678791600000,1926.81,1926.81,1922.61,1922.61,0.00016592
1678789800000,1917.31,1926.94,1917.31,1926.81,0.00960331
1678788000000,1917.31,1917.31,1917.31,1917.31,0
1678786200000,1917.85,1917.85,1917.31,1917.31,0.00015172
1678784400000,1917.85,1917.85,1917.85,1917.85,0
1678782600000,1917.87,1917.87,1917.85,1917.85,0.00010402
1678780800000,1921.11,1921.11,1917.31,1917.87,0.07526425
1678779000000,1923.04,1923.04,1921.11,1921.11,0.01709724
1678777200000,1919.13,1923.04,1919.13,1923.04,0.01216458
1678775400000,1919.13,1919.13,1919.13,1919.13,0
1678773600000,1919.13,1919.13,1919.13,1919.13,0
1678771800000,1919.13,1919.13,1919.13,1919.13,0
1678770000000,1925.42,1925.42,1919.13,1919.13,0.046051
1678768200000,1921.92,1925.95,1921.92,1925.42,0.00991067
1678766400000,1917.45,1921.92,1917.45,1921.92,0.00958307
1678764600000,1920.2,1927.01,1917.45,1917.45,0.06612945
1678762800000,1920.2,1920.2,1920.2,1920.2,0
1678761000000,1930.47,1931,1920.2,1920.2,1.12460668
1678759200000,1930.47,1930.47,1930.47,1930.47,0
1678757400000,1931,1931,1930.47,1930.47,0.00030738
1678755600000,1919.89,1931,1919.89,1931,0.10796809
1678753800000,1919.89,1919.89,1919.89,1919.89,0
1678752000000,1919.89,1919.89,1919.89,1919.89,0
1678750200000,1928.15,1928.15,1919.89,1919.89,0.00032325
1678748400000,1920.81,1928.15,1920.81,1928.15,4.37838362
1678746600000,1931,1931,1920.81,1920.81,9.03553312
1678744800000,1927.31,1931,1927.31,1931,1.27747021
1678743000000,1927.31,1927.31,1927.31,1927.31,0
1678741200000,1920.18,1927.31,1920.18,1927.31,0.03693513
1678739400000,1929.3,1929.3,1919.83,1920.18,0.00559279
1678737600000,1929.3,1929.3,1929.3,1929.3,0
1678735800000,1926.14,1929.3,1921.29,1929.3,0.01025725
1678734000000,1928.95,1930.01,1920.76,1926.14,0.18850582
1678732200000,1927.59,1928.95,1927.59,1928.95,0.00015666
1678730400000,1929.43,1929.8,1927.59,1927.59,0.01243535
1678728600000,1930.66,1931,1929.43,1929.43,0.005953
1678726800000,1938.4,1938.4,1924.96,1930.66,1.24214633
1678725000000,1939.19,1939.19,1938.4,1938.4,0.0005256
1678723200000,1941.92,1941.92,1939.19,1939.19,0.01122827
1678721400000,1940.72,1941.92,1940.72,1941.92,0.04970716
1678719600000,1942.47,1942.47,1938.4,1940.72,0.02851525
1678717800000,1942.14,1943.2,1942.14,1942.47,0.00292072
1678716000000,1942.14,1942.14,1942.14,1942.14,0
1678714200000,1939.07,1942.14,1939.07,1942.14,0.02825663
1678712400000,1939.07,1939.07,1939.07,1939.07,0
1678710600000,1939.86,1939.86,1939.07,1939.07,0.01183099
1678708800000,1939.86,1939.86,1939.86,1939.86,0
1678707000000,1938.41,1939.86,1938.41,1939.86,0.0002
1678705200000,1938.41,1938.41,1938.41,1938.41,0.00012877
1678703400000,1953.27,1953.31,1938.4,1938.41,0.06387426
1678701600000,1953.27,1953.32,1953.27,1953.27,0.03264876
1678699800000,1953.27,1953.27,1953.27,1953.27,0.001305
1678698000000,1953.27,1953.27,1953.27,1953.27,0
1678696200000,1953.34,1953.34,1953.27,1953.27,0.00029465
1678694400000,1953.35,1953.35,1953.34,1953.34,0.00029853
1678692600000,1953.35,1953.35,1953.35,1953.35,0
1678690800000,1953.27,1953.35,1953.27,1953.35,0.00942886
1678689000000,1956.29,1956.29,1953.27,1953.27,0.00025091
1678687200000,1956.47,1956.47,1956.29,1956.29,0.02261956
1678685400000,1957.8,1957.8,1956.47,1956.47,0.00035629
1678683600000,1957.8,1957.8,1957.8,1957.8,0
1678681800000,1956.93,1957.8,1956.93,1957.8,0.00137371
1678680000000,1953.27,1956.93,1953.27,1956.93,0.00191372
1678678200000,1952.58,1953.27,1949.02,1953.27,0.06432653
1678676400000,1956.14,1959.7,1952.58,1952.58,0.01216039
1678674600000,1959.71,1959.71,1956.14,1956.14,0.000362
1678672800000,1959.71,1959.71,1959.71,1959.71,0
1678671000000,1966.86,1966.86,1959.71,1959.71,0.00107306
1678669200000,1933.36,1975.81,1929.79,1966.86,0.53359614
1678667400000,1931.1,1933.36,1928.31,1933.36,0.05300504
1678665600000,1915,1936.55,1915,1931.1,7.71242949
1678663800000,1992.12,1992.12,1915,1915,0.25743709
1678662000000,1999.99,1999.99,1992.12,1992.12,0.05568805
1678660200000,1990.2,2000,1990.2,1999.99,0.01553589
1678658400000,1992.18,1992.48,1990.2,1990.2,0.00064123
1678656600000,1991.69,1992.18,1991.69,1992.18,4.50415161
1678654800000,1992.1,1992.1,1991.69,1991.69,0.01347388
1678653000000,1989.11,1992.63,1989.11,1992.1,0.14826003
1678651200000,1989.11,1989.11,1989.11,1989.11,0
1678649400000,1999.73,1999.73,1989.11,1989.11,0.00010429
1678647600000,1999.73,1999.73,1999.73,1999.73,0
1678645800000,1992.12,1999.73,1992.12,1999.73,0.0002
1678644000000,1924.64,2000,1915,1992.12,0.1352574
1678642200000,1959.71,1991.93,1916.25,1924.64,1.20253213
1678640400000,1970,1970,1959.71,1959.71,0.00013387
1678638600000,1921.13,1970,1921.13,1970,0.01684595
1678636800000,1913.97,1921.13,1913.97,1921.13,0.00026427
1678635000000,1959.71,1970,1913.42,1913.97,0.07994129
1678633200000,1910.66,1970,1910.66,1959.71,0.00940367
1678631400000,1897.6,1910.66,1897.6,1910.66,0.00041449
1678629600000,1970,1970,1897.6,1897.6,0.03641568
1678627800000,1914.15,1970,1914.15,1970,0.01057182
1678626000000,1898.22,1914.15,1898.22,1914.15,0.00051823
1678624200000,1970,1970,1897.7,1898.22,0.20128627
1678622400000,1970,1970,1970,1970,0
1678620600000,1959.71,1970,1959.71,1970,0.01919842
1678618800000,1970,1970,1959.71,1959.71,0.00029549
1678617000000,1915,1970,1913.82,1970,0.51279824
1678615200000,1915,1915,1915,1915,0.07853368
1678613400000,1924.64,1924.64,1915,1915,0.000838
1678611600000,1924.64,1924.64,1924.64,1924.64,0
1678609800000,1906.86,1924.64,1906.86,1924.64,0.00117224
1678608000000,1949.02,1949.02,1906.86,1906.86,0.004823
1678606200000,1956.14,1956.14,1949.02,1949.02,0.00078214
1678604400000,1938.72,1967.2,1938.72,1956.14,0.20149224
1678602600000,1927.83,1938.72,1927.83,1938.72,0.00016119
1678600800000,1927.83,1927.83,1927.83,1927.83,0
1678599000000,1931.34,1931.34,1927.83,1927.83,0.00057721
1678597200000,1890.19,1946.19,1888.88,1931.34,0.9917231
1678595400000,1890.19,1890.19,1890.19,1890.19,0
1678593600000,1903.71,1903.71,1890.19,1890.19,0.001986
1678591800000,1903.71,1903.71,1903.71,1903.71,0
1678590000000,1903.71,1903.71,1903.71,1903.71,0
1678588200000,1896.78,1903.71,1896.78,1903.71,0.00076312
1678586400000,1938.48,1938.48,1888.88,1896.78,1.00020801
1678584600000,1945,1945,1938.48,1938.48,0.000339
1678582800000,1945,1945,1945,1945,0.0305106
1678581000000,1941.93,1945,1941.93,1945,0.00025061
1678579200000,1941.93,1941.93,1941.93,1941.93,0
1678577400000,1944.98,1945,1941.93,1941.93,0.04109094
1678575600000,1944.99,1944.99,1944.98,1944.98,0.4627287
1678573800000,1945.47,1945.47,1944.99,1944.99,0.00549603
1678572000000,1949.02,1949.02,1945.47,1945.47,0.00040594
1678570200000,1958.93,1958.93,1949.02,1949.02,0.0004052
1678568400000,1949.35,1958.93,1949.35,1958.93,0.04927542
1678566600000,1949.35,1949.35,1949.35,1949.35,0.00010369
1678564800000,1938.72,1949.35,1938.72,1949.35,0.0002
1678563000000,1938.72,1960.04,1938.72,1938.72,0.00527232
1678561200000,1917.64,1938.72,1917.64,1938.72,0.66381583
1678559400000,1913.55,1917.64,1913.55,1917.64,0.0171282
1678557600000,1913.55,1913.55,1913.55,1913.55,0
1678555800000,1910,1913.55,1910,1913.55,0.7173731
1678554000000,1908.82,1910,1908.82,1910,0.324982
1678552200000,1908.82,1908.82,1908.82,1908.82,0
1678550400000,1910,1910,1908.82,1908.82,10.16372838
1678548600000,1910,1910,1910,1910,0.84074376
1678546800000,1910.66,1910.66,1907.54,1910,1.52227314
1678545000000,1974.05,1974.05,1901.91,1910.66,11.99825967
1678543200000,1941.93,2000,1941.93,1974.05,0.1544814
1678541400000,1956.14,1956.14,1941.93,1941.93,0.00157664
1678539600000,1930,2000,1901.99,1956.14,1.50137242
1678537800000,1906.86,1930,1906.86,1930,0.02113367
1678536000000,1906.86,1906.86,1906.86,1906.86,0
1678534200000,1914.81,1914.81,1906.86,1906.86,0.0010298
1678532400000,1914.81,1914.81,1914.81,1914.81,0
1678530600000,1914.81,1914.81,1914.81,1914.81,0
1678528800000,1914.81,1914.81,1914.81,1914.81,0
1678527000000,1922.8,1922.8,1914.81,1914.81,0.00098454
1678525200000,1900.24,1930,1900.24,1922.8,0.08105823
1678523400000,1896.78,1900.24,1896.78,1900.24,0.00090294
1678521600000,1930,1930,1890,1896.78,0.01599039
1678519800000,1930,1930,1930,1930,0
1678518000000,1921.03,1930,1921.03,1930,0.00066231
1678516200000,1920.39,1921.03,1920.39,1921.03,0.00064934
1678514400000,1899.89,1920.39,1899.89,1920.39,0.00271712
1678512600000,1901.32,1901.32,1899.88,1899.89,1.04972185
1678510800000,1916.19,1916.19,1901.32,1901.32,0.00014397
1678509000000,1893.21,1916.19,1893.21,1916.19,0.00105564
1678507200000,1893.21,1893.21,1893.21,1893.21,0
1678505400000,1907.36,1907.36,1887.81,1893.21,0.02565573
1678503600000,1902.4,1907.36,1902.4,1907.36,0.0002
1678501800000,1887.94,1902.4,1887.94,1902.4,0.00024753
1678500000000,1887.94,1887.94,1887.94,1887.94,0
1678498200000,1890.67,1890.67,1887.94,1887.94,0.0004494
1678496400000,1865,1890.67,1865,1890.67,4.51981134
1678494600000,1862.8,1865,1860,1865,1.56135068
1678492800000,1864.98,1864.98,1862.8,1862.8,9.2049851
1678491000000,1865,1865,1864.98,1864.98,0.02707342
1678489200000,1865,1865,1865,1865,0
1678487400000,1865,1865,1865,1865,0.06565955
1678485600000,1865,1865,1865,1865,0.00555587
1678483800000,1861.14,1865,1861.14,1865,0.00071082
1678482000000,1862.31,1862.31,1861.14,1861.14,0.00014279
1678480200000,1861.38,1862.31,1857.66,1862.31,0.26706421
1678478400000,1858.23,1861.38,1858.23,1861.38,0.52675496
1678476600000,1855.75,1858.23,1855.75,1858.23,0.00198658
1678474800000,1854.91,1855.75,1854.02,1855.75,0.18890077
1678473000000,1854.91,1854.91,1854.91,1854.91,0
1678471200000,1844.72,1854.91,1844.72,1854.91,0.07885998
1678469400000,1842.01,1844.72,1842.01,1844.72,0.00084498
1678467600000,1847.8,1847.8,1842.01,1842.01,0.00019088
1678465800000,1848.58,1848.6,1847.8,1847.8,0.00150472
1678464000000,1843,1850.24,1843,1848.58,0.00979183
1678462200000,1845.57,1845.57,1843,1843,0.00057958
1678460400000,1839.63,1845.57,1839.63,1845.57,0.00027056
1678458600000,1821.35,1839.63,1821.35,1839.63,0.00056916
1678456800000,1821.35,1821.35,1821.35,1821.35,0
1678455000000,1819.94,1821.35,1819.94,1821.35,0.00051493
1678453200000,1818.05,1820.51,1818.05,1819.94,0.16205942
1678451400000,1820.77,1821.21,1818.05,1818.05,0.05560015
1678449600000,1820.73,1820.77,1820.73,1820.77,0.00019134
1678447800000,1818.68,1820.73,1818.68,1820.73,0.00010721
1678446000000,1818.05,1818.68,1818.05,1818.68,0.0002
1678444200000,1818.05,1818.05,1818.05,1818.05,0.00113703
1678442400000,1818.05,1818.05,1818.05,1818.05,0
1678440600000,1818.05,1818.05,1818.05,1818.05,0.00063843
1678438800000,1822.13,1822.13,1818.05,1818.05,0.26928859
1678437000000,1818.05,1822.13,1818.05,1822.13,0.09702962
1678435200000,1812.51,1818.05,1812.51,1818.05,4.85
1678433400000,1812.51,1812.51,1812.51,1812.51,0.00021031
1678431600000,1812.97,1812.97,1812.51,1812.51,0.00016921
1678429800000,1812.97,1812.97,1812.97,1812.97,0
1678428000000,1812.98,1812.98,1812.97,1812.97,0.004945
1678426200000,1812.51,1812.98,1812.51,1812.98,0.0002
1678424400000,1812.51,1812.51,1812.51,1812.51,0.000182
1678422600000,1812.51,1812.51,1812.51,1812.51,0.00040079
1678420800000,1815.92,1815.92,1812.51,1812.51,5.412134
1678419000000,1865,1865,1815.4,1815.92,0.00031028
1678417200000,1865,1865,1865,1865,0
1678415400000,1812.51,1865,1812.51,1865,0.03093653
1678413600000,1812.51,1812.51,1812.51,1812.51,0
1678411800000,1812.51,1812.51,1812.51,1812.51,0.0003107
1678410000000,1812.51,1814.43,1812.51,1812.51,8.23460969
1678408200000,1813.12,1813.12,1812.51,1812.51,0.058545
1678406400000,1812.51,1813.12,1812.51,1813.12,0.0002
1678404600000,1812.51,1812.51,1812.51,1812.51,0
1678402800000,1812.51,1812.51,1812.51,1812.51,0
1678401000000,1812.51,1812.51,1812.51,1812.51,0.0005766
1678399200000,1812.51,1812.51,1812.51,1812.51,0
1678397400000,1812.51,1812.51,1812.51,1812.51,0.00096001
1678395600000,1812.51,1812.51,1812.51,1812.51,0.00018879
1678393800000,1812.51,1812.51,1812.51,1812.51,0.00069572
1678392000000,1812.52,1812.52,1812.51,1812.51,0.00017062
1678390200000,1812.51,1812.52,1812.51,1812.52,0.00612684
1678388400000,1812.51,1817.15,1812.51,1812.51,0.00071381
1678386600000,1816.74,1816.74,1812.51,1812.51,0.00064002
1678384800000,1816.74,1816.74,1816.74,1816.74,0
1678383000000,1812.51,1816.74,1812.51,1816.74,2.64409126
1678381200000,1812.51,1812.51,1812.51,1812.51,0.00012275
1678379400000,1812.51,1812.51,1812.51,1812.51,0.01008377
1678377600000,1814.66,1816.68,1812.51,1812.51,1.01089403
1678375800000,1814.66,1814.66,1814.66,1814.66,0.00012564
1678374000000,1816.14,1816.14,1814.66,1814.66,0.00010796
1678372200000,1814.66,1816.14,1814.66,1816.14,0.00103411
1678370400000,1812.58,1814.66,1812.58,1814.66,0.0002338
1678368600000,1812.51,1812.58,1812.51,1812.58,0.00063019
1678366800000,1812.51,1812.51,1812.51,1812.51,0
1678365000000,1812.52,1812.52,1812.51,1812.51,0.00012098
1678363200000,1812.52,1812.52,1812.52,1812.52,0
1678361400000,1812.52,1812.52,1812.52,1812.52,0.05344464
1678359600000,1812.52,1812.52,1812.52,1812.52,0.0129063
1678357800000,1812.52,1812.52,1812.52,1812.52,0
1678356000000,1812.52,1812.52,1812.52,1812.52,0
1678354200000,1812.51,1812.52,1812.51,1812.52,0.08651011
1678352400000,1812.51,1812.51,1812.51,1812.51,0.00011972
1678350600000,1812.51,1812.68,1812.51,1812.51,0.00048778
1678348800000,1812.51,1812.51,1812.51,1812.51,0.010195
1678347000000,1812.51,1812.51,1812.51,1812.51,0
1678345200000,1812.51,1812.51,1812.51,1812.51,0
1678343400000,1812.51,1812.51,1812.51,1812.51,0.000149
1678341600000,1812.51,1812.51,1812.51,1812.51,0
1678339800000,1812.51,1812.51,1812.51,1812.51,0
1678338000000,1812.51,1812.51,1812.51,1812.51,0
1678336200000,1812.51,1812.51,1812.51,1812.51,0
1678334400000,1812.51,1812.51,1812.51,1812.51,0
1678332600000,1815.27,1815.27,1812.51,1812.51,0.00010869
1678330800000,1815.28,1815.28,1815.27,1815.27,0.0002
1678329000000,1815.36,1815.36,1815.28,1815.28,0.00045162
1678327200000,1816.05,1816.05,1815.36,1815.36,0.01660602
1678325400000,1812.51,1816.05,1812.51,1816.05,0.0007833
1678323600000,1812.51,1812.51,1812.51,1812.51,0
1678321800000,1812.51,1812.51,1812.51,1812.51,0.00085059
1678320000000,1812.51,1812.51,1812.51,1812.51,0.009044
1678318200000,1812.51,1812.51,1812.51,1812.51,0.00034154
1678316400000,1815.21,1815.21,1812.51,1812.51,0.00017709
1678314600000,1815.21,1815.21,1815.21,1815.21,0
1678312800000,1815.22,1815.22,1815.21,1815.21,0.00013717
1678311000000,1815.25,1815.25,1815.22,1815.22,0.00074629
1678309200000,1815.26,1815.26,1815.25,1815.25,0.00436867
1678307400000,1815.26,1815.26,1815.26,1815.26,0
1678305600000,1815.29,1815.29,1815.26,1815.26,0.00987751
1678303800000,1815.77,1815.77,1815.29,1815.29,0.00048008
1678302000000,1812.51,1816.28,1812.51,1815.77,0.1073598
1678300200000,1847.7,1847.7,1812.51,1812.51,0.33363862
1678298400000,1847.7,1847.7,1847.7,1847.7,0.00010615
1678296600000,1847.7,1847.7,1847.7,1847.7,0
1678294800000,1847.7,1847.7,1847.7,1847.7,0
1678293000000,1847.71,1847.71,1847.7,1847.7,0.00049107
1678291200000,1847.71,1847.71,1847.71,1847.71,0
1678289400000,1847.71,1847.71,1847.71,1847.71,0.00057132
1678287600000,1847.71,1847.71,1847.71,1847.71,0.01850345
1678285800000,1847.7,1847.71,1847.7,1847.71,0.08760618
1678284000000,1847.7,1847.7,1847.7,1847.7,0.00028975
1678282200000,1847.7,1847.7,1847.7,1847.7,0.00057599
1678280400000,1847.7,1847.7,1847.7,1847.7,0
1678278600000,1847.71,1847.71,1847.7,1847.7,0.00010022
1678276800000,1847.71,1847.71,1847.71,1847.71,0
1678275000000,1847.71,1847.71,1847.71,1847.71,0.00015174
1678273200000,1847.7,1847.71,1847.7,1847.71,0.0002
1678271400000,1847.7,1847.7,1847.7,1847.7,0
1678269600000,1847.7,1847.7,1847.7,1847.7,0
1678267800000,1847.7,1847.7,1847.7,1847.7,0
1678266000000,1847.7,1847.7,1847.7,1847.7,0
1678264200000,1847.7,1847.7,1847.7,1847.7,0
1678262400000,1847.7,1847.7,1847.7,1847.7,0
1678260600000,1847.7,1847.7,1847.7,1847.7,0.00029758
1678258800000,1847.7,1847.7,1847.7,1847.7,0
1678257000000,1847.71,1847.71,1847.7,1847.7,0.00041505
1678255200000,1847.71,1847.71,1847.71,1847.71,0
1678253400000,1847.71,1847.71,1847.7,1847.71,0.01698666
1678251600000,1847.71,1847.71,1847.71,1847.71,0
1678249800000,1847.7,1847.71,1847.7,1847.71,0.00015522
1678248000000,1847.7,1847.7,1847.7,1847.7,0
1678246200000,1847.7,1847.7,1847.7,1847.7,0.00046078
1678244400000,1847.7,1847.7,1847.7,1847.7,0.00016951
1678242600000,1847.7,1847.7,1847.7,1847.7,0.00012641
1678240800000,1847.7,1847.7,1847.7,1847.7,0.818807
1678239000000,1847.71,1847.71,1847.7,1847.7,0.00016331
1678237200000,1847.71,1847.71,1847.71,1847.71,0
1678235400000,1847.71,1847.71,1847.71,1847.71,0.00045314
1678233600000,1847.71,1847.71,1847.71,1847.71,0.05259627
1678231800000,1847.7,1847.71,1847.7,1847.71,0.00051827
1678230000000,1847.7,1847.7,1847.7,1847.7,0
1678228200000,1847.7,1847.7,1847.7,1847.7,0.00012709
1678226400000,1847.7,1847.7,1847.7,1847.7,0
1678224600000,1847.7,1847.7,1847.7,1847.7,0
1678222800000,1847.7,1847.7,1847.7,1847.7,0.818376
1678221000000,1847.7,1847.7,1847.7,1847.7,0.00046272
1678219200000,1847.7,1847.7,1847.7,1847.7,0.00016275
1678217400000,1847.71,1847.71,1847.7,1847.7,0.02295532
1678215600000,1847.71,1847.71,1847.71,1847.71,0
1678213800000,1847.71,1847.71,1847.7,1847.71,0.53083623
1678212000000,1847.71,1847.71,1847.71,1847.71,0
1678210200000,1847.7,1847.71,1847.7,1847.71,0.10048754
1678208400000,1847.7,1847.7,1847.7,1847.7,0
1678206600000,1847.7,1847.7,1847.7,1847.7,0.00038804
1678204800000,1847.7,1847.7,1847.7,1847.7,0
1678203000000,1847.7,1847.7,1847.7,1847.7,0
1678201200000,1847.7,1847.7,1847.7,1847.7,0.01298225
1678199400000,1847.71,1847.71,1847.7,1847.7,0.00539346
1678197600000,1847.71,1847.71,1847.71,1847.71,0
1678195800000,1847.7,1847.71,1847.7,1847.71,0.0002
1678194000000,1847.7,1847.7,1847.7,1847.7,0
1678192200000,1847.7,1847.7,1847.7,1847.7,0.333428
1678190400000,1847.7,1847.7,1847.7,1847.7,0
1678188600000,1847.7,1847.7,1847.7,1847.7,0.00039847
1678186800000,1847.7,1847.7,1847.7,1847.7,0.00015192
1678185000000,1847.7,1847.7,1847.7,1847.7,0
1678183200000,1847.7,1847.7,1847.7,1847.7,0
1678181400000,1847.71,1847.71,1847.7,1847.7,0.00035969
1678179600000,1847.71,1847.71,1847.71,1847.71,0
1678177800000,1847.71,1847.71,1847.71,1847.71,0.013514
1678176000000,1847.7,1847.71,1847.7,1847.71,0.0002
1678174200000,1847.7,1847.7,1847.7,1847.7,0
1678172400000,1847.7,1847.7,1847.7,1847.7,0
1678170600000,1847.7,1847.7,1847.7,1847.7,0.0001046
1678168800000,1847.7,1847.7,1847.7,1847.7,0
1678167000000,1847.7,1847.7,1847.7,1847.7,0
1678165200000,1847.71,1847.71,1847.7,1847.7,0.00010907
1678163400000,1847.71,1847.71,1847.71,1847.71,0
1678161600000,1847.71,1847.71,1847.71,1847.71,0
1678159800000,1847.71,1847.71,1847.71,1847.71,0
1678158000000,1847.71,1847.71,1847.71,1847.71,0
1678156200000,1847.71,1847.71,1847.71,1847.71,0.0002
1678154400000,1847.71,1847.71,1847.7,1847.71,0.03813404
1678152600000,1847.7,1847.71,1847.7,1847.71,0.00064037
1678150800000,1847.71,1847.71,1847.7,1847.7,1.00094682
1678149000000,1847.71,1847.71,1847.71,1847.71,0
1678147200000,1847.71,1847.71,1847.71,1847.71,0
1678145400000,1847.71,1847.71,1847.71,1847.71,0
1678143600000,1847.71,1847.71,1847.71,1847.71,0
1678141800000,1847.71,1847.71,1847.71,1847.71,0
1678140000000,1847.71,1847.71,1847.71,1847.71,0.02185555
1678138200000,1847.71,1847.71,1847.71,1847.71,0
1678136400000,1847.7,1847.71,1847.7,1847.71,0.03901011
1678134600000,1847.7,1847.7,1847.7,1847.7,0.00011118
1678132800000,1847.81,1847.81,1847.7,1847.7,0.26239799
1678131000000,1847.81,1847.81,1847.81,1847.81,0
1678129200000,1847.7,1847.81,1847.7,1847.81,0.02585283
1678127400000,1847.7,1847.7,1847.7,1847.7,0
1678125600000,1849.45,1849.45,1847.7,1847.7,0.0002486
1678123800000,1849.45,1849.45,1849.45,1849.45,0
1678122000000,1849.45,1849.45,1849.45,1849.45,0
1678120200000,1847.7,1849.45,1847.7,1849.45,0.00767202
1678118400000,1848.45,1849.46,1847.7,1847.7,0.30338013
1678116600000,1848.47,1848.47,1848.45,1848.45,0.00033388
1678114800000,1848.48,1848.48,1848.47,1848.47,0.0001266
1678113000000,1848.48,1848.48,1848.48,1848.48,0
1678111200000,1847.7,1848.48,1847.7,1848.48,0.0004349
1678109400000,1847.7,1847.7,1847.7,1847.7,0
1678107600000,1847.7,1847.7,1847.7,1847.7,0
1678105800000,1847.7,1847.7,1847.7,1847.7,0
1678104000000,1848.87,1848.87,1847.7,1847.7,0.00024081
1678102200000,1848.87,1848.87,1848.87,1848.87,0
1678100400000,1849.69,1849.69,1848.87,1848.87,0.00028854
1678098600000,1853.23,1853.23,1849.69,1849.69,0.00044416
1678096800000,1853.23,1853.23,1853.23,1853.23,0
1678095000000,1853.23,1853.23,1853.23,1853.23,0
1678093200000,1853.21,1853.23,1853.21,1853.23,0.00014381
1678091400000,1853.21,1853.21,1853.21,1853.21,0
1678089600000,1851.19,1853.21,1851.19,1853.21,0.00011151
1678087800000,1851.19,1851.19,1851.19,1851.19,0
1678086000000,1853.33,1853.33,1851.19,1851.19,0.00025534
1678084200000,1853.33,1853.33,1853.33,1853.33,0
1678082400000,1853.33,1853.33,1853.33,1853.33,0
1678080600000,1853.33,1853.33,1853.33,1853.33,0
1678078800000,1847.7,1853.33,1847.7,1853.33,0.00037762
1678077000000,1847.7,1847.7,1847.7,1847.7,0
1678075200000,1847.7,1847.7,1847.7,1847.7,0
1678073400000,1847.7,1847.7,1847.7,1847.7,0
1678071600000,1847.7,1847.7,1847.7,1847.7,0
1678069800000,1847.7,1847.7,1847.7,1847.7,0
1678068000000,1847.7,1847.7,1847.7,1847.7,0.00060594
1678066200000,1849.82,1849.82,1847.7,1847.7,0.00013703
1678064400000,1847.7,1849.82,1847.7,1849.82,0.09425139
1678062600000,1847.7,1847.7,1847.7,1847.7,0
1678060800000,1849.05,1849.05,1847.7,1847.7,0.00021235
1678059000000,1847.7,1849.05,1847.7,1849.05,0.0002
1678057200000,1848.09,1848.09,1847.7,1847.7,0.00043027
1678055400000,1848.09,1848.09,1848.09,1848.09,0
1678053600000,1848.09,1848.09,1848.09,1848.09,0
1678051800000,1848.09,1848.09,1848.09,1848.09,0
1678050000000,1848.75,1848.75,1848.09,1848.09,0.00035633
1678048200000,1848.75,1848.75,1848.75,1848.75,0
1678046400000,1847.7,1848.75,1847.7,1848.75,0.00054359
1678044600000,1849.86,1849.99,1847.7,1847.7,1.0001095
1678042800000,1847.7,1849.86,1847.7,1849.86,0.01264583
1678041000000,1847.86,1847.86,1847.7,1847.7,0.527025
1678039200000,1851.2,1851.2,1847.7,1847.86,0.00037542
1678037400000,1851.2,1851.2,1851.2,1851.2,0
1678035600000,1851.29,1851.29,1851.2,1851.2,0.00010529
1678033800000,1849.16,1851.29,1849.16,1851.29,0.00618634
1678032000000,1851.42,1851.42,1847.7,1849.16,0.03120972
1678030200000,1851.42,1851.42,1851.42,1851.42,0
1678028400000,1851.42,1851.42,1851.42,1851.42,0
1678026600000,1851.42,1851.42,1851.42,1851.42,0
1678024800000,1853.2,1853.2,1851.42,1851.42,0.00012911
1678023000000,1853.2,1853.2,1853.2,1853.2,0
1678021200000,1854.27,1854.27,1853.2,1853.2,0.00010017
1678019400000,1851.49,1854.27,1851.49,1854.27,0.0002
1678017600000,1851.49,1851.49,1851.49,1851.49,0
1678015800000,1851.49,1851.49,1851.49,1851.49,0
1678014000000,1851.49,1851.49,1851.49,1851.49,0
1678012200000,1856.2,1856.2,1851.21,1851.49,0.002767
1678010400000,1851.5,1856.2,1851.5,1856.2,0.00012158
1678008600000,1851.5,1851.5,1851.5,1851.5,0
1678006800000,1851.5,1851.5,1851.5,1851.5,0.00023843
1678005000000,1851.5,1851.5,1851.5,1851.5,0
1678003200000,1857.2,1857.2,1851.5,1851.5,0.00019183
1678001400000,1857.2,1857.2,1857.2,1857.2,0
1677999600000,1851.42,1857.2,1851.42,1857.2,0.4265535
1677997800000,1847.86,1851.42,1847.86,1851.42,0.00011254
1677996000000,1856.31,1856.31,1847.86,1847.86,0.00018898
1677994200000,1856.31,1856.31,1856.31,1856.31,0
1677992400000,1847.7,1856.31,1847.7,1856.31,0.0162867
1677990600000,1847.7,1847.7,1847.7,1847.7,0
1677988800000,1847.7,1847.7,1847.7,1847.7,0
1677987000000,1847.7,1847.7,1847.7,1847.7,0
1677985200000,1847.73,1847.73,1847.7,1847.7,0.00061545
1677983400000,1847.73,1847.73,1847.73,1847.73,0
1677981600000,1850.31,1850.31,1847.73,1847.73,0.02691677
1677979800000,1848.31,1850.31,1848.31,1850.31,0.00025904
1677978000000,1848.31,1848.31,1848.31,1848.31,0.00036104
1677976200000,1850.3,1850.3,1848.31,1848.31,0.00015993
1677974400000,1849.01,1850.3,1849.01,1850.3,0.00021354
1677972600000,1849.01,1849.01,1849.01,1849.01,0
1677970800000,1847.3,1849.01,1847.3,1849.01,0.00056288
1677969000000,1847.3,1847.3,1847.3,1847.3,0
1677967200000,1842.61,1847.3,1842.61,1847.3,0.03894624
1677965400000,1842.42,1848.29,1842.42,1842.61,0.01999543
1677963600000,1846.29,1846.29,1842.42,1842.42,0.00034821
1677961800000,1842.6,1846.29,1842.6,1846.29,0.0002
1677960000000,1846.36,1846.36,1842.6,1842.6,0.01415075
1677958200000,1846.29,1846.36,1846.29,1846.36,0.00485557
1677956400000,1849.26,1849.26,1846.29,1846.29,0.10092812
1677954600000,1849.26,1849.26,1849.26,1849.26,0
1677952800000,1850.26,1850.26,1844.57,1849.26,0.0011921
1677951000000,1848.24,1850.26,1845.56,1850.26,0.06852948
1677949200000,1848.24,1848.24,1848.24,1848.24,0
1677947400000,1843.26,1848.24,1843.26,1848.24,0.01944021
1677945600000,1840.8,1843.26,1840.8,1843.26,0.00039259
1677943800000,1839.83,1840.8,1839.83,1840.8,0.917274
1677942000000,1838.83,1844.54,1838.83,1839.83,0.095841
1677940200000,1838.78,1838.83,1838.78,1838.83,0.00011752
1677938400000,1842.51,1842.51,1837.83,1838.78,0.01348476
1677936600000,1842.51,1842.51,1842.51,1842.51,0
1677934800000,1842.51,1842.51,1842.51,1842.51,0
1677933000000,1842.51,1842.51,1842.51,1842.51,0
1677931200000,1837.06,1842.51,1837.06,1842.51,0.00012894
1677929400000,1837.06,1837.06,1837.06,1837.06,0
1677927600000,1841.51,1841.51,1837.06,1837.06,0.00014014
1677925800000,1841.51,1841.51,1841.51,1841.51,0
1677924000000,1841.51,1841.51,1841.51,1841.51,0
1677922200000,1837.06,1841.51,1837.06,1841.51,0.0002
1677920400000,1842.51,1842.51,1837.06,1837.06,0.021006
1677918600000,1842.51,1842.51,1842.51,1842.51,0
1677916800000,1842.51,1842.51,1842.51,1842.51,0
1677915000000,1842.51,1842.51,1842.51,1842.51,0
1677913200000,1842.51,1842.51,1842.51,1842.51,0.00013512
1677911400000,1842.51,1842.51,1842.51,1842.51,0
1677909600000,1838.89,1842.51,1837.83,1842.51,0.22078794
1677907800000,1845.61,1845.61,1838.89,1838.89,0.04773465
1677906000000,1845.61,1845.61,1845.61,1845.61,0
1677904200000,1841.87,1845.61,1841.87,1845.61,0.0002
1677902400000,1846.55,1846.55,1841.87,1841.87,0.00012337
1677900600000,1846.55,1846.55,1846.55,1846.55,0
1677898800000,1846.55,1846.55,1846.55,1846.55,0
1677897000000,1846.54,1846.55,1846.54,1846.55,0.02587038
1677895200000,1846.37,1846.54,1841.85,1846.54,0.05255134
1677893400000,1846.37,1846.37,1846.37,1846.37,0
1677891600000,1846.37,1846.37,1846.37,1846.37,0
1677889800000,1865,1865,1846.37,1846.37,0.00010925
1677888000000,1857.39,1865,1857.39,1865,0.00084948
1677886200000,1857.39,1857.39,1857.39,1857.39,0.0004325
1677884400000,1840.04,1857.39,1840.04,1857.39,0.0002
1677882600000,1840.04,1840.04,1840.04,1840.04,0
1677880800000,1836.36,1840.04,1836.36,1840.04,0.002767
1677879000000,1835.78,1836.36,1835.78,1836.36,0.00010151
1677877200000,1833.24,1835.78,1833.24,1835.78,0.00051132
1677875400000,1833.24,1833.24,1833.24,1833.24,0
1677873600000,1828.44,1833.24,1828.44,1833.24,0.721125
1677871800000,1822.55,1828.44,1822.55,1828.44,0.000104
1677870000000,1828.69,1828.69,1822.55,1822.55,0.00026353
1677868200000,1828.69,1828.69,1828.69,1828.69,0
1677866400000,1822.03,1829.43,1822.03,1828.69,0.08024096
1677864600000,1831.7,1831.7,1822.03,1822.03,3.77189087
1677862800000,1831.7,1831.7,1831.7,1831.7,0
1677861000000,1833.13,1833.13,1819.39,1831.7,13.6248912
1677859200000,1839.21,1839.21,1828.54,1833.13,0.29797469
1677857400000,1839.21,1839.21,1839.21,1839.21,0
1677855600000,1839.21,1839.21,1839.21,1839.21,0
1677853800000,1839.21,1839.21,1839.21,1839.21,0
1677852000000,1837.76,1839.21,1837.76,1839.21,0.00024282
1677850200000,1837.76,1837.76,1837.76,1837.76,0
1677848400000,1837.71,1837.76,1834.12,1837.76,0.01241013
1677846600000,1837.71,1837.71,1837.71,1837.71,0
1677844800000,1833.85,1837.71,1833.17,1837.71,0.00042456
1677843000000,1833.85,1833.85,1833.85,1833.85,0
1677841200000,1833.85,1833.85,1833.85,1833.85,0
1677839400000,1833.85,1833.85,1833.85,1833.85,0
1677837600000,1833.85,1833.85,1833.85,1833.85,0
1677835800000,1837.76,1837.76,1833.85,1833.85,0.001309
1677834000000,1834.14,1837.76,1834.14,1837.76,0.00026229
1677832200000,1834.14,1834.14,1834.14,1834.14,0
1677830400000,1828.36,1834.14,1828.36,1834.14,0.13360132
1677828600000,1828.36,1828.36,1828.36,1828.36,0
1677826800000,1827.66,1828.36,1827.66,1828.36,0.00033747
1677825000000,1827.66,1827.66,1827.66,1827.66,0
1677823200000,1824.02,1827.66,1824.02,1827.66,0.00503826
1677821400000,1824.02,1824.02,1824.02,1824.02,0
1677819600000,1827.67,1828.36,1824.02,1824.02,0.00095943
1677817800000,1827.67,1827.67,1827.67,1827.67,0.00015325
1677816000000,1823.92,1827.67,1823.92,1827.67,0.00019388
1677814200000,1825.91,1825.91,1823.92,1823.92,0.00010602
1677812400000,1825.91,1825.91,1825.91,1825.91,0
1677810600000,1816.49,1826.36,1816.49,1825.91,0.00026955
1677808800000,1812.51,1820.04,1812.51,1816.49,0.00621394
1677807000000,1812.51,1828.36,1812.51,1812.51,0.01658612
1677805200000,1812.51,1812.51,1812.51,1812.51,0.00040626
1677803400000,1828.36,1828.36,1812.51,1812.51,0.00571563
1677801600000,1828.36,1828.36,1828.36,1828.36,0.00017734
1677799800000,1828.36,1828.36,1828.36,1828.36,0.05279427
1677798000000,1822.03,1828.36,1822.03,1828.36,0.00026764
1677796200000,1822.03,1822.03,1822.03,1822.03,0
1677794400000,1820.58,1822.03,1820.58,1822.03,0.00019746
1677792600000,1820.58,1820.58,1820.58,1820.58,0
1677790800000,1820.02,1820.58,1820.02,1820.58,0.00011859
1677789000000,1824.68,1824.68,1820.02,1820.02,0.0162085
1677787200000,1822.66,1824.68,1822.66,1824.68,0.00040742
1677785400000,1821.6,1822.66,1821.6,1822.66,0.00013613
1677783600000,1822.01,1822.01,1821.6,1821.6,0.00078713
1677781800000,1822.01,1822.01,1822.01,1822.01,0
1677780000000,1822.01,1822.01,1822.01,1822.01,0
1677778200000,1822.01,1822.01,1822.01,1822.01,0
1677776400000,1825.73,1825.73,1822.01,1822.01,0.00031521
1677774600000,1825.73,1825.73,1825.73,1825.73,0
1677772800000,1825.73,1825.73,1825.73,1825.73,0
1677771000000,1825.73,1825.73,1825.73,1825.73,0
1677769200000,1820.02,1825.73,1820.02,1825.73,0.0002
1677767400000,1820.02,1820.02,1820.02,1820.02,0
1677765600000,1821.55,1821.55,1820.02,1820.02,0.00014389
1677763800000,1823.94,1823.94,1821.55,1821.55,0.00011343
1677762000000,1820.99,1823.94,1820.99,1823.94,0.00043695
1677760200000,1820.99,1820.99,1820.99,1820.99,0
1677758400000,1820.99,1820.99,1820.99,1820.99,0
1677756600000,1820.99,1820.99,1820.99,1820.99,0
1677754800000,1824.67,1824.67,1820.99,1820.99,0.00023122
1677753000000,1824.66,1824.67,1824.66,1824.67,0.027843
1677751200000,1824.66,1824.66,1824.66,1824.66,0.2
1677749400000,1824.72,1824.72,1824.66,1824.66,0.0002
1677747600000,1825.28,1825.28,1824.72,1824.72,0.005024
1677745800000,1825.28,1825.28,1825.28,1825.28,0
1677744000000,1825.28,1825.28,1825.28,1825.28,0
1677742200000,1825.28,1825.28,1825.28,1825.28,0
1677740400000,1825.28,1825.28,1825.28,1825.28,0.99937049
1677738600000,1825.28,1825.28,1825.28,1825.28,0
1677736800000,1825.28,1825.28,1825.28,1825.28,0.00043524
1677735000000,1828.03,1828.03,1825.28,1825.28,0.00019427
1677733200000,1828.36,1828.36,1828.03,1828.03,0.0008408
1677731400000,1828.36,1828.36,1828.36,1828.36,0.00208978
1677729600000,1825.28,1828.36,1825.18,1828.36,0.00032193
1677727800000,1825.28,1825.28,1825.28,1825.28,0
1677726000000,1823.09,1825.28,1823.09,1825.28,0.0002384
1677724200000,1823.09,1823.09,1823.09,1823.09,0
1677722400000,1824.01,1824.01,1823.09,1823.09,0.00048966
1677720600000,1828.36,1828.36,1824.01,1824.01,0.00016834
1677718800000,1824.81,1828.36,1824.81,1828.36,0.03452492
1677717000000,1824.81,1824.81,1824.81,1824.81,0
1677715200000,1828.36,1828.36,1824.81,1824.81,0.00753734
1677713400000,1830.87,1830.87,1828.36,1828.36,0.00011223
1677711600000,1831.67,1831.67,1830.87,1830.87,0.0002
1677709800000,1831.67,1831.67,1831.67,1831.67,0
1677708000000,1831.67,1831.67,1831.67,1831.67,0.0005736
1677706200000,1826.26,1831.67,1826.26,1831.67,0.08258442
1677704400000,1824.31,1826.26,1824.31,1826.26,0.01043087
1677702600000,1824.31,1824.31,1824.31,1824.31,0
1677700800000,1824.3,1824.31,1824.3,1824.31,0.00064103
1677699000000,1825.11,1825.11,1824.3,1824.3,0.00019032
1677697200000,1829.74,1829.74,1825.1,1825.11,0.00395724
1677695400000,1829.74,1829.74,1829.74,1829.74,0
1677693600000,1826.02,1829.74,1826.02,1829.74,0.0049025
1677691800000,1829.61,1829.72,1826.02,1826.02,0.0057545
1677690000000,1826.38,1829.61,1825.93,1829.61,0.26828918
1677688200000,1827.16,1827.16,1825.13,1826.38,2.4926675
1677686400000,1826.74,1827.16,1826.74,1827.16,0.00046004
1677684600000,1824.59,1826.74,1824.59,1826.74,0.05284114
1677682800000,1825.22,1825.22,1824.59,1824.59,0.00020654
1677681000000,1825.22,1825.22,1825.22,1825.22,0
1677679200000,1822.56,1825.22,1821.57,1825.22,0.05298916
1677677400000,1822.56,1822.56,1822.56,1822.56,0
1677675600000,1818.58,1822.56,1818.58,1822.56,0.00030809
1677673800000,1818.58,1818.58,1818.58,1818.58,0
1677672000000,1823.19,1823.19,1818.58,1818.58,0.13930496
1677670200000,1823.19,1823.19,1823.19,1823.19,0
1677668400000,1818.54,1823.19,1818.54,1823.19,0.00028047
1677666600000,1818.54,1818.54,1818.54,1818.54,0
1677664800000,1826.16,1826.16,1818.54,1818.54,0.00010615
1677663000000,1826.16,1826.16,1826.16,1826.16,0
1677661200000,1824.26,1826.16,1824.26,1826.16,0.00031777
1677659400000,1824.26,1824.26,1824.26,1824.26,0
1677657600000,1824.26,1824.26,1824.26,1824.26,0
1677655800000,1824.61,1824.61,1824.26,1824.26,0.021708
1677654000000,1821.18,1824.61,1821.18,1824.61,0.0002
1677652200000,1821.18,1821.18,1821.18,1821.18,0
1677650400000,1820.26,1821.18,1820.26,1821.18,0.00032909
1677648600000,1823.14,1823.14,1820.26,1820.26,0.00282858
1677646800000,1822.94,1823.14,1822.08,1823.14,0.98501178
1677645000000,1817.44,1822.94,1817.44,1822.94,0.00015162
1677643200000,1816.07,1817.44,1816.07,1817.44,0.00039347
1677641400000,1817.05,1817.05,1812.51,1816.07,0.03867564
1677639600000,1813.36,1817.05,1813.36,1817.05,0.0006935
1677637800000,1813.36,1813.36,1813.36,1813.36,0
1677636000000,1813.36,1813.36,1813.36,1813.36,0.00028634
1677634200000,1812.51,1813.36,1812.51,1813.36,0.00043988
1677632400000,1812.51,1812.51,1812.51,1812.51,0
1677630600000,1812.51,1814.29,1812.51,1812.51,0.27027238
1677628800000,1814.28,1814.28,1812.51,1812.51,0.89160743
1677627000000,1814.28,1814.28,1814.28,1814.28,0
1677625200000,1814.86,1814.86,1814.28,1814.28,0.01851526
1677623400000,1814.48,1814.86,1814.48,1814.86,0.00013966
1677621600000,1812.51,1814.48,1812.51,1814.48,0.00326869
1677619800000,1814.46,1814.46,1812.51,1812.51,0.00034314
1677618000000,1813.46,1814.46,1809.84,1814.46,0.10052272
1677616200000,1813.46,1813.46,1813.46,1813.46,0
1677614400000,1809.98,1813.46,1809.84,1813.46,0.00079539
1677612600000,1816.53,1816.53,1809.98,1809.98,0.00015905
1677610800000,1818.53,1818.53,1816.53,1816.53,10.569602
1677609000000,1818.53,1818.53,1818.53,1818.53,0
1677607200000,1806.44,1818.53,1806.44,1818.53,0.00019727
1677605400000,1806.44,1806.44,1806.44,1806.44,0
1677603600000,1811.73,1811.73,1806.44,1806.44,0.00013485
1677601800000,1811.73,1811.73,1811.73,1811.73,0
1677600000000,1815.67,1815.67,1811.73,1811.73,0.00728369
1677598200000,1806.31,1821.52,1806.31,1815.67,0.99509384
1677596400000,1806.49,1811.71,1806.31,1806.31,0.00367248
1677594600000,1800.17,1806.49,1800.17,1806.49,0.0001221
1677592800000,1802.63,1802.63,1800.17,1800.17,0.00018816
1677591000000,1802.63,1802.63,1802.63,1802.63,0
1677589200000,1801.52,1802.63,1801.52,1802.63,0.00063057
1677587400000,1802.23,1802.23,1799.36,1801.52,0.02566651
1677585600000,1802.23,1802.23,1802.23,1802.23,0
1677583800000,1802.23,1802.23,1802.23,1802.23,0
1677582000000,1801.85,1802.23,1801.85,1802.23,0.00020543
1677580200000,1802.47,1802.47,1801.85,1801.85,0.024419
1677578400000,1802.1,1802.47,1802.1,1802.47,0.10201627
1677576600000,1801.85,1802.1,1801.85,1802.1,0.0002
1677574800000,1802.65,1802.65,1801.85,1801.85,0.00017518
1677573000000,1802.65,1802.65,1802.65,1802.65,0
1677571200000,1803.64,1803.64,1799.36,1802.65,0.0307738
1677569400000,1805.36,1805.36,1799.36,1803.64,0.06919107
1677567600000,1805.17,1805.36,1805.17,1805.36,0.01295752
1677565800000,1806.19,1806.19,1805.17,1805.17,0.13574578
1677564000000,1804.46,1806.19,1804.46,1806.19,0.95641499
1677562200000,1804.46,1804.46,1804.46,1804.46,0
1677560400000,1809.86,1809.86,1804.46,1804.46,0.00028769
1677558600000,1810.68,1810.68,1809.86,1809.86,0.00405393
1677556800000,1805.27,1810.68,1805.27,1810.68,0.0003178
1677555000000,1805.27,1805.27,1805.27,1805.27,0
1677553200000,1805.27,1805.27,1805.27,1805.27,0
1677551400000,1805.27,1805.27,1805.27,1805.27,0
1677549600000,1805.27,1805.27,1805.27,1805.27,0
1677547800000,1809.93,1809.93,1805.27,1805.27,0.085
1677546000000,1809.93,1809.93,1809.93,1809.93,0
1677544200000,1809.93,1809.93,1809.93,1809.93,0
1677542400000,1809.93,1809.93,1809.93,1809.93,0.02201225
1677540600000,1809.93,1809.93,1809.93,1809.93,0
1677538800000,1809.93,1809.93,1809.93,1809.93,0.0002
1677537000000,1808.88,1809.93,1808.88,1809.93,0.00013986
1677535200000,1808.88,1808.88,1808.88,1808.88,0
1677533400000,1808.88,1808.88,1808.88,1808.88,0
1677531600000,1805.87,1808.88,1805.87,1808.88,0.03934144
1677529800000,1805.87,1805.87,1805.87,1805.87,0
1677528000000,1805.87,1805.87,1805.87,1805.87,0
1677526200000,1805.87,1805.87,1805.87,1805.87,0
1677524400000,1800.24,1805.87,1800.24,1805.87,0.02703525
1677522600000,1801.26,1801.26,1800.24,1800.24,0.00027588
1677520800000,1800.26,1805.87,1800.26,1801.26,0.0005618
1677519000000,1800.26,1800.26,1800.26,1800.26,0
1677517200000,1800.38,1800.38,1800.26,1800.26,0.00055727
1677515400000,1802.51,1802.51,1800.38,1800.38,0.0001339
1677513600000,1801.26,1802.51,1801.26,1802.51,0.00028033
1677511800000,1808.88,1808.88,1801.26,1801.26,0.00011933
1677510000000,1809.88,1809.88,1808.88,1808.88,0.00025015
1677508200000,1809.87,1809.88,1805.27,1809.88,0.00089976
1677506400000,1809.87,1809.87,1809.87,1809.87,0.00094749
1677504600000,1807.87,1809.87,1807.87,1809.87,0.00025519
1677502800000,1807.87,1807.87,1807.87,1807.87,0
1677501000000,1801.26,1807.87,1801.26,1807.87,0.0002
1677499200000,1801.26,1801.26,1801.26,1801.26,0
1677497400000,1801.26,1801.26,1801.26,1801.26,0
1677495600000,1801.26,1801.26,1801.26,1801.26,0.00020208
1677493800000,1801.22,1801.26,1801.22,1801.26,0.00010965
1677492000000,1801.22,1801.22,1801.22,1801.22,0
1677490200000,1800.3,1801.22,1800.3,1801.22,0.166471
1677488400000,1801.89,1801.89,1800.3,1800.3,0.0004235
1677486600000,1801.89,1801.89,1801.89,1801.89,0
1677484800000,1801.89,1801.89,1801.89,1801.89,0
1677483000000,1801.89,1801.89,1801.89,1801.89,0
1677481200000,1797.3,1801.89,1797.3,1801.89,0.01042143
1677479400000,1797.3,1797.3,1797.3,1797.3,0
1677477600000,1797.3,1797.3,1797.3,1797.3,0.0002976
1677475800000,1797.3,1797.3,1797.3,1797.3,0.00011419
1677474000000,1801.89,1801.89,1797.3,1797.3,0.0003205
1677472200000,1801.89,1801.89,1801.89,1801.89,0
1677470400000,1801.89,1801.89,1801.89,1801.89,0
1677468600000,1797.39,1801.89,1797.39,1801.89,0.05357004
1677466800000,1797.39,1797.39,1797.39,1797.39,0
1677465000000,1801.99,1801.99,1797.39,1797.39,0.382818
1677463200000,1797.39,1801.99,1797.39,1801.99,0.00049111
1677461400000,1797.39,1797.39,1797.39,1797.39,0
1677459600000,1797.39,1797.39,1797.39,1797.39,0
1677457800000,1801.49,1801.49,1797.39,1797.39,0.00010863
1677456000000,1801.49,1801.49,1801.49,1801.49,0
1677454200000,1799.39,1801.49,1799.39,1801.49,0.0001
1677452400000,1799.39,1799.39,1799.39,1799.39,0.00044744
1677450600000,1799.13,1799.39,1799.13,1799.39,0.00020308
1677448800000,1804,1804,1799.13,1799.13,0.051709
1677447000000,1804,1804,1804,1804,0
1677445200000,1804,1804,1804,1804,0
1677443400000,1801.81,1804,1801,1804,0.00045383
1677441600000,1801,1801.81,1801,1801.81,0.00084653
1677439800000,1801.99,1801.99,1801,1801,0.00525411
1677438000000,1801.97,1801.99,1799.97,1801.99,0.09271907
1677436200000,1797.38,1801.97,1797.38,1801.97,0.00022881
1677434400000,1797.38,1797.38,1797.38,1797.38,0
1677432600000,1797.38,1797.38,1797.38,1797.38,0
1677430800000,1797.41,1797.41,1796.48,1797.38,0.30983685
1677429000000,1798.29,1798.29,1797.41,1797.41,0.05370349
1677427200000,1797.36,1798.29,1797.36,1798.29,0.02680505
1677425400000,1797.36,1797.36,1797.36,1797.36,0.0002
1677423600000,1793.77,1797.36,1793.77,1797.36,0.00014743
1677421800000,1793.77,1793.77,1793.77,1793.77,0
1677420000000,1793.77,1793.77,1793.77,1793.77,0
1677418200000,1793.77,1793.77,1793.77,1793.77,0
1677416400000,1797.38,1797.38,1793.75,1793.77,0.00122413
1677414600000,1797.38,1797.38,1797.38,1797.38,0
1677412800000,1793.71,1797.38,1793.71,1797.38,0.03953156
1677411000000,1793.71,1793.71,1793.71,1793.71,0
1677409200000,1796.35,1796.35,1793.71,1793.71,0.00015878
1677407400000,1796.35,1796.35,1796.35,1796.35,0
1677405600000,1796.41,1796.41,1796.35,1796.35,0.00052847
1677403800000,1799.24,1799.24,1796.41,1796.41,0.00010627
1677402000000,1799.24,1799.24,1799.24,1799.24,0
1677400200000,1799.24,1799.24,1799.24,1799.24,0
1677398400000,1799.35,1799.35,1799.24,1799.24,0.00010204
1677396600000,1799.35,1799.35,1799.35,1799.35,0.00044933
1677394800000,1798.36,1799.35,1798.36,1799.35,0.00011706
1677393000000,1798.36,1798.36,1798.36,1798.36,0
1677391200000,1798.36,1798.36,1798.36,1798.36,0
1677389400000,1798.36,1798.36,1798.36,1798.36,0
1677387600000,1799.36,1799.36,1794.76,1798.36,0.00045607
1677385800000,1799.36,1799.36,1799.36,1799.36,0
1677384000000,1799.36,1799.36,1799.36,1799.36,0
1677382200000,1798.36,1799.36,1798.36,1799.36,0.00010133
1677380400000,1796.37,1798.36,1796.37,1798.36,0.00051866
1677378600000,1796.37,1796.37,1796.37,1796.37,0
1677376800000,1793.74,1796.37,1793.74,1796.37,0.00020269
1677375000000,1793.74,1793.74,1793.74,1793.74,0
1677373200000,1797.37,1797.37,1793.74,1793.74,0.00019677
1677371400000,1797.37,1797.37,1797.37,1797.37,0
1677369600000,1797.35,1797.37,1797.35,1797.37,0.0003899
1677367800000,1798.37,1798.37,1797.35,1797.35,0.00034623
1677366000000,1798.36,1798.37,1794.77,1798.37,0.01913241
1677364200000,1792.82,1798.36,1792.82,1798.36,0.00611113
1677362400000,1792.82,1797.34,1792.82,1792.82,0.20025814
1677360600000,1792.82,1792.82,1792.82,1792.82,0
1677358800000,1792.82,1792.82,1792.8,1792.82,0.00157496
1677357000000,1792.82,1792.82,1792.82,1792.82,0.00012006
1677355200000,1792.82,1792.82,1792.82,1792.82,0
1677353400000,1793.86,1793.86,1792.82,1792.82,0.23377325
1677351600000,1793.88,1793.88,1793.86,1793.86,0.00076063
1677349800000,1797.47,1797.47,1793.88,1793.88,0.00037148
1677348000000,1797.47,1797.47,1797.47,1797.47,0
1677346200000,1798.7,1798.7,1797.47,1797.47,0.1635962
1677344400000,1799,1799,1798.7,1798.7,0.12802005
1677342600000,1799,1799,1799,1799,0
1677340800000,1799,1799,1799,1799,0.00021381
1677339000000,1799,1799,1799,1799,0.029586
1677337200000,1799,1799,1799,1799,0
1677335400000,1799,1799,1799,1799,0
1677333600000,1799.55,1799.55,1799,1799,0.002686
1677331800000,1799.55,1799.55,1799.55,1799.55,0
1677330000000,1799,1799.55,1799,1799.55,0.0002
1677328200000,1799,1799,1799,1799,0
1677326400000,1799,1799,1799,1799,0
1677324600000,1799,1799,1799,1799,0
1677322800000,1799,1799,1799,1799,0.00033907
1677321000000,1803.93,1803.93,1799,1799,0.00013296
1677319200000,1803.93,1803.93,1803.93,1803.93,0
1677317400000,1803.93,1803.93,1803.93,1803.93,0
1677315600000,1803.93,1803.93,1803.93,1803.93,0
1677313800000,1803.93,1803.93,1803.93,1803.93,0
1677312000000,1799.84,1803.93,1799,1803.93,0.00034249
1677310200000,1804.44,1804.44,1799.84,1799.84,0.00441627
1677308400000,1802.55,1804.44,1800.57,1804.44,0.00166931
1677306600000,1802.44,1802.55,1802.44,1802.55,0.0001
1677304800000,1799,1802.44,1799,1802.44,0.00302397
1677303000000,1802.55,1802.55,1799,1799,0.0001656
1677301200000,1802.55,1802.55,1802.55,1802.55,0
1677299400000,1799,1802.55,1799,1802.55,0.1903211
1677297600000,1799,1799,1799,1799,0.00014756
1677295800000,1799,1799,1799,1799,0
1677294000000,1803.39,1803.39,1799,1799,0.00041221
1677292200000,1803.4,1803.4,1803.39,1803.39,0.0002
1677290400000,1801.75,1803.4,1801.75,1803.4,0.00022731
1677288600000,1801.75,1801.75,1801.75,1801.75,0
1677286800000,1804.39,1804.39,1801.75,1801.75,0.00013954
1677285000000,1804.39,1804.39,1804.39,1804.39,0
1677283200000,1804.75,1804.93,1804.39,1804.39,0.00315523
1677281400000,1800.78,1804.93,1800.78,1804.75,0.16652173
1677279600000,1800.79,1800.79,1800.78,1800.78,0.00024889
1677277800000,1800.79,1804.43,1800.79,1800.79,0.00293695
1677276000000,1801.79,1801.79,1800.79,1800.79,0.00044602
1677274200000,1801.78,1805.4,1801.78,1801.79,0.00030233
1677272400000,1805.39,1805.4,1801.78,1801.78,0.01037067
1677270600000,1805.63,1805.63,1805.39,1805.39,0.00883807
1677268800000,1798.7,1805.63,1798.7,1805.63,0.94041976
1677267000000,1798.7,1798.7,1798.7,1798.7,0
1677265200000,1798.7,1798.7,1798.7,1798.7,0
1677263400000,1802.29,1802.29,1798.7,1798.7,0.00010554
1677261600000,1798.64,1802.29,1798.64,1802.29,0.08116225
1677259800000,1802.28,1802.34,1798.64,1798.64,0.05367821
1677258000000,1798.39,1802.28,1798.39,1802.28,0.00818757
1677256200000,1799.34,1799.34,1798.39,1798.39,0.00022361
1677254400000,1798.67,1800.16,1795.39,1799.34,0.01740817
1677252600000,1805.68,1805.68,1798.67,1798.67,0.00654609
1677250800000,1806.75,1806.75,1805.68,1805.68,0.026
1677249000000,1806.75,1806.75,1806.75,1806.75,0
1677247200000,1807.67,1807.67,1806.75,1806.75,0.00063157
1677245400000,1812.07,1812.07,1807.67,1807.67,2.48636143
1677243600000,1813.9,1813.9,1808.43,1812.07,0.01259677
1677241800000,1813.9,1813.9,1813.9,1813.9,0
1677240000000,1813.9,1813.9,1813.9,1813.9,0
1677238200000,1813.9,1813.9,1813.9,1813.9,0
1677236400000,1810.28,1813.9,1810.28,1813.9,0.10827089
1677234600000,1810.28,1810.28,1810.28,1810.28,0
1677232800000,1814.9,1814.9,1810.28,1810.28,0.00013149
1677231000000,1814.9,1814.9,1814.9,1814.9,0
1677229200000,1815.65,1815.65,1814.9,1814.9,0.00031137
1677227400000,1815.65,1815.65,1815.65,1815.65,0
1677225600000,1815.65,1815.65,1815.65,1815.65,0
1677223800000,1817.94,1817.94,1815.65,1815.65,0.00255398
1677222000000,1817.08,1817.94,1817.08,1817.94,0.00027678
1677220200000,1816.91,1817.08,1816.91,1817.08,0.05312181
1677218400000,1814.19,1816.91,1814.19,1816.91,0.00493428
1677216600000,1817.91,1817.91,1814.19,1814.19,0.0002
1677214800000,1817.91,1817.91,1817.91,1817.91,0
1677213000000,1817.91,1817.91,1817.91,1817.91,0
1677211200000,1817.91,1817.91,1817.91,1817.91,0
1677209400000,1814.28,1817.91,1814.28,1817.91,0.00049808
1677207600000,1817.18,1817.18,1814.28,1814.28,0.002196
1677205800000,1817.18,1817.18,1817.18,1817.18,0
1677204000000,1817.18,1817.18,1817.18,1817.18,0
1677202200000,1817.18,1817.18,1817.18,1817.18,0
1677200400000,1819.92,1819.92,1817.18,1817.18,0.036237
1677198600000,1819.92,1819.92,1819.92,1819.92,0
1677196800000,1816.91,1819.92,1816.29,1819.92,0.00037807
1677195000000,1816.91,1816.91,1816.91,1816.91,0
1677193200000,1816.91,1816.91,1816.91,1816.91,0
1677191400000,1816.91,1816.91,1816.91,1816.91,0
1677189600000,1816.91,1816.91,1816.91,1816.91,0
1677187800000,1816.91,1816.91,1816.91,1816.91,0
1677186000000,1816.91,1816.91,1816.91,1816.91,0
1677184200000,1816.91,1816.91,1816.91,1816.91,0
1677182400000,1816.86,1816.95,1816.86,1816.91,0.00230892
1677180600000,1816.86,1816.86,1816.86,1816.86,0
1677178800000,1815.43,1816.86,1815.43,1816.86,0.0002
1677177000000,1814.7,1815.43,1814.7,1815.43,0.98054862
1677175200000,1814.73,1814.73,1812.02,1814.7,1.83949095
1677173400000,1811.08,1814.73,1811.08,1814.73,4
1677171600000,1811.12,1811.12,1811.08,1811.08,0.00052793
1677169800000,1810.08,1811.12,1810.08,1811.12,0.00013654
1677168000000,1814.74,1814.74,1810.08,1810.08,0.00042864
1677166200000,1814.74,1814.74,1814.74,1814.74,0
1677164400000,1810.13,1814.74,1810.13,1814.74,0.00018103
1677162600000,1814.61,1814.61,1810.13,1810.13,0.061048
1677160800000,1814.61,1814.61,1814.61,1814.61,0
1677159000000,1814.76,1814.76,1814.61,1814.61,0.0002
1677157200000,1814.75,1814.76,1814.75,1814.76,0.00069534
1677155400000,1809.36,1814.75,1809.36,1814.75,0.00012761
1677153600000,1810.43,1810.43,1809.36,1809.36,0.00102233
1677151800000,1814.64,1814.64,1810.43,1810.43,0.00030747
1677150000000,1814.64,1814.64,1814.64,1814.64,0
1677148200000,1814.64,1814.64,1814.64,1814.64,0
1677146400000,1819.26,1819.26,1814.64,1814.64,0.00021884
1677144600000,1819.26,1819.26,1819.26,1819.26,0
1677142800000,1820.44,1820.44,1819.26,1819.26,0.00010056
1677141000000,1820.44,1820.44,1820.44,1820.44,0
1677139200000,1822.27,1822.27,1820.44,1820.44,0.0002
1677137400000,1822.27,1822.27,1822.27,1822.27,0
1677135600000,1816.64,1822.27,1816.64,1822.27,0.00775806
1677133800000,1816.64,1816.64,1816.64,1816.64,0.00012242
1677132000000,1824.06,1824.06,1816.64,1816.64,0.00031111
1677130200000,1824.06,1824.06,1824.06,1824.06,0
1677128400000,1823.28,1824.06,1823.28,1824.06,0.00031588
1677126600000,1818.64,1823.28,1818.64,1823.28,0.0054573
1677124800000,1823.54,1823.54,1818.64,1818.64,0.0002125
1677123000000,1823.54,1823.54,1823.54,1823.54,0
1677121200000,1824.79,1824.79,1823.54,1823.54,0.08317751
1677119400000,1811.71,1824.79,1811.71,1824.79,0.0002003
1677117600000,1812.64,1816.09,1811.71,1811.71,0.00309137
1677115800000,1812.65,1812.65,1812.64,1812.64,0.1
1677114000000,1812.65,1812.65,1812.65,1812.65,0
1677112200000,1812.65,1812.65,1812.65,1812.65,0
1677110400000,1817.28,1817.28,1812.65,1812.65,0.0202961
1677108600000,1816.28,1817.28,1816.28,1817.28,0.00022029
1677106800000,1815.81,1816.28,1809.38,1816.28,6.01919581
1677105000000,1815.82,1815.82,1815.81,1815.81,0.00020973
1677103200000,1815.82,1815.82,1815.82,1815.82,0
1677101400000,1815.81,1815.82,1815.81,1815.82,0.0002
1677099600000,1811.26,1815.81,1811.26,1815.81,0.00020379
1677097800000,1813.96,1813.96,1811.26,1811.26,0.267527
1677096000000,1816.85,1816.85,1813.96,1813.96,0.002096
1677094200000,1864.99,1864.99,1815,1816.85,8.16446309
1677092400000,1817.3,1864.99,1817.26,1864.99,0.00060558
1677090600000,1817.92,1817.92,1817.3,1817.3,0.00019908
1677088800000,1814.15,1818.14,1814.15,1817.92,0.5524466
1677087000000,1814.15,1814.15,1814.15,1814.15,0
1677085200000,1814.14,1818.77,1814.14,1814.15,0.05337131
1677083400000,1814.48,1819.78,1814.14,1814.14,0.00043137
1677081600000,1814.14,1814.48,1814.14,1814.48,0.00063641
1677079800000,1814.14,1814.14,1814.14,1814.14,0.00032689
1677078000000,1815.2,1815.2,1814.14,1814.14,0.00042647
1677076200000,1822.65,1822.65,1815.2,1815.2,0.25
1677074400000,1822.84,1822.84,1822.65,1822.65,0.00019045
1677072600000,1822.84,1822.84,1822.84,1822.84,0
1677070800000,1824.85,1824.85,1822.84,1822.84,0.00220275
1677069000000,1823.84,1824.85,1823.84,1824.85,0.5371378
1677067200000,1823.84,1823.84,1823.84,1823.84,0
1677065400000,1823.84,1823.84,1823.84,1823.84,0
1677063600000,1823.84,1823.84,1823.84,1823.84,0.00071742
1677061800000,1823.84,1823.84,1823.84,1823.84,0.00012022
1677060000000,1818.2,1823.84,1818.2,1823.84,0.00019114
1677058200000,1818.2,1818.2,1818.2,1818.2,0
1677056400000,1818.2,1818.2,1818.2,1818.2,0.00022646
1677054600000,1822.83,1822.83,1818.2,1818.2,0.00027862
1677052800000,1822.83,1822.83,1822.83,1822.83,0
1677051000000,1821.9,1822.83,1821.9,1822.83,0.00471047
1677049200000,1817.18,1821.9,1815.42,1821.9,0.06330927
1677047400000,1818.43,1818.43,1817.18,1817.18,0.00011576
1677045600000,1823.06,1823.06,1818.43,1818.43,0.00033882
1677043800000,1821.76,1823.06,1821.76,1823.06,0.0002
1677042000000,1821.76,1821.76,1821.76,1821.76,0
1677040200000,1821.76,1821.76,1821.76,1821.76,0
1677038400000,1816.48,1821.76,1816.48,1821.76,0.86680249
1677036600000,1816.48,1816.48,1816.48,1816.48,0
1677034800000,1816.06,1816.48,1816.06,1816.48,0.00046801
1677033000000,1811.15,1819.96,1811.15,1816.06,0.00060831
1677031200000,1812.12,1812.12,1811.15,1811.15,0.00057683
1677029400000,1817.79,1817.79,1812.12,1812.12,0.00014048
1677027600000,1817.79,1817.79,1817.79,1817.79,0
1677025800000,1817.79,1817.79,1817.79,1817.79,0.0002
1677024000000,1816.75,1817.79,1816.75,1817.79,0.00114803
1677022200000,1815.75,1816.75,1815.75,1816.75,0.00010244
1677020400000,1812.12,1815.75,1812.12,1815.75,0.00539895
1677018600000,1812.12,1812.12,1812.12,1812.12,0
1677016800000,1812.19,1812.19,1812.12,1812.12,0.00084873
1677015000000,1814.25,1814.25,1812.19,1812.19,0.00023751
1677013200000,1814.12,1814.25,1814.12,1814.25,0.00032717
1677011400000,1814.12,1814.12,1814.12,1814.12,0
1677009600000,1814.14,1814.14,1814.12,1814.12,0.00033976
1677007800000,1817.82,1817.82,1814.14,1814.14,0.00010524
1677006000000,1818.99,1818.99,1817.82,1817.82,0.0002
1677004200000,1818.98,1818.99,1818.98,1818.99,0.00031036
1677002400000,1814.14,1819.59,1814.14,1818.98,0.01812138
1677000600000,1814.14,1814.14,1814.14,1814.14,0
1676998800000,1816.13,1816.13,1814.14,1814.14,0.00052106
1676997000000,1816.13,1816.13,1816.13,1816.13,0
1676995200000,1816.13,1816.13,1816.13,1816.13,0
1676993400000,1813.09,1816.13,1813.09,1816.13,0.00030121
1676991600000,1813.09,1813.09,1813.09,1813.09,0
1676989800000,1813.09,1813.09,1813.09,1813.09,0
1676988000000,1813.74,1813.74,1812.23,1813.09,0.0015014
1676986200000,1813.84,1813.84,1813.74,1813.74,0.0002
1676984400000,1810.23,1813.84,1810.23,1813.84,0.00025701
1676982600000,1810.23,1810.23,1810.23,1810.23,0
1676980800000,1812.21,1812.21,1810.23,1810.23,0.00023402
1676979000000,1812.21,1812.21,1812.21,1812.21,0
1676977200000,1813.19,1813.19,1812.21,1812.21,0.0003709
1676975400000,1819.25,1819.25,1813.19,1813.19,0.00018205
1676973600000,1808.43,1819.25,1808.43,1819.25,0.00038431
1676971800000,1808.43,1808.43,1808.43,1808.43,0
1676970000000,1809.26,1809.26,1808.43,1808.43,0.00123608
1676968200000,1814.12,1816.29,1809.26,1809.26,0.00042719
1676966400000,1818.75,1818.75,1814.12,1814.12,0.00022369
1676964600000,1818.75,1818.75,1818.75,1818.75,0
1676962800000,1818.74,1818.75,1814.12,1818.75,0.00061955
1676961000000,1818.74,1818.74,1818.74,1818.74,0.00747552
1676959200000,1818.57,1818.74,1818.57,1818.74,0.00027769
1676957400000,1818.57,1818.57,1818.57,1818.57,0
1676955600000,1818.61,1818.61,1813.93,1818.57,0.72804484
1676953800000,1814.93,1818.61,1814.93,1818.61,0.00011909
1676952000000,1814.93,1814.93,1814.93,1814.93,0
1676950200000,1819.55,1819.55,1814.93,1814.93,0.00013033
1676948400000,1814.93,1819.56,1814.93,1819.55,0.01260919
1676946600000,1814.93,1814.93,1814.93,1814.93,0
1676944800000,1819.57,1819.57,1814.93,1814.93,0.00408131
1676943000000,1819.57,1819.57,1819.57,1819.57,0
1676941200000,1818.72,1819.57,1818.72,1819.57,0.00012332
1676939400000,1821.34,1821.34,1818.72,1818.72,0.00017882
1676937600000,1820.57,1821.34,1820.57,1821.34,0.00044876
1676935800000,1820.56,1820.57,1820.56,1820.57,0.00209872
1676934000000,1815.88,1820.56,1815.88,1820.56,0.05331812
1676932200000,1814.94,1815.88,1814.94,1815.88,0.010959
1676930400000,1819.57,1819.57,1814.94,1814.94,0.00013034
1676928600000,1819.74,1819.74,1815.05,1819.57,0.6672
1676926800000,1819.72,1819.74,1815.14,1819.74,0.03921675
1676925000000,1820.82,1820.82,1815.14,1819.72,0.24418013
1676923200000,1818.85,1820.82,1818.85,1820.82,0.00049325
1676921400000,1818.85,1818.85,1818.85,1818.85,0
1676919600000,1815.16,1818.85,1815.16,1818.85,0.02626439
1676917800000,1815.16,1815.16,1815.16,1815.16,0
1676916000000,1816.13,1816.13,1815.16,1815.16,0.00022248
1676914200000,1816.34,1820.81,1816.13,1816.13,0.11203412
1676912400000,1816.17,1816.34,1816.17,1816.34,0.00044894
1676910600000,1824.97,1824.97,1816.17,1816.17,1.045108
1676908800000,1824.97,1824.97,1824.97,1824.97,0
1676907000000,1824.97,1824.97,1824.97,1824.97,0
1676905200000,1825.04,1825.04,1824.97,1824.97,0.00012124
1676903400000,1825.04,1825.04,1825.04,1825.04,0
1676901600000,1825.04,1825.04,1825.04,1825.04,0
1676899800000,1825.04,1825.04,1825.04,1825.04,0
1676898000000,1819.29,1825.04,1819.19,1825.04,1.33052493
1676896200000,1826.86,1826.86,1819.25,1819.29,0.087657
1676894400000,1826.86,1826.86,1826.86,1826.86,0
1676892600000,1826.86,1826.86,1826.86,1826.86,0
1676890800000,1827.43,1827.77,1826.86,1826.86,0.00057893
1676889000000,1827.43,1827.43,1827.43,1827.43,0
1676887200000,1834.32,1834.32,1827.43,1827.43,0.00042332
1676885400000,1823.43,1834.32,1823.43,1834.32,0.0003241
1676883600000,1829.87,1829.87,1823.43,1823.43,0.00033411
1676881800000,1829.87,1829.87,1829.87,1829.87,0
1676880000000,1827.86,1829.87,1827.86,1829.87,0.00022846
1676878200000,1827.86,1827.86,1827.86,1827.86,0
1676876400000,1828.86,1828.86,1827.86,1827.86,0.00014623
1676874600000,1828.86,1828.86,1828.86,1828.86,0
1676872800000,1828.91,1828.91,1828.86,1828.86,0.00010457
1676871000000,1829.87,1829.87,1828.91,1828.91,0.0002
1676869200000,1829.87,1829.87,1829.87,1829.87,0.00592398
1676867400000,1829.87,1829.87,1829.87,1829.87,0
1676865600000,1829.87,1829.87,1829.87,1829.87,0.00033859
1676863800000,1830.08,1830.08,1825.43,1829.87,0.80680039
1676862000000,1824.43,1830.08,1824.43,1830.08,0.00082968
1676860200000,1824.43,1824.43,1824.43,1824.43,0
1676858400000,1822.63,1824.43,1822.63,1824.43,0.00034974
1676856600000,1822.63,1822.63,1822.63,1822.63,0
1676854800000,1828.07,1828.07,1822.63,1822.63,0.00027606
1676853000000,1822.43,1828.07,1822.43,1828.07,0.0002
1676851200000,1827.19,1827.19,1822.43,1822.43,0.00012794
1676849400000,1827.19,1827.19,1827.19,1827.19,0
1676847600000,1827.19,1827.19,1827.19,1827.19,0
1676845800000,1827.19,1827.19,1827.19,1827.19,0
1676844000000,1821.43,1827.19,1821.43,1827.19,0.00041521
1676842200000,1821.43,1821.43,1821.43,1821.43,0
1676840400000,1821.43,1821.43,1821.43,1821.43,0
1676838600000,1827.09,1827.09,1821.43,1821.43,0.00013108
1676836800000,1828.3,1828.3,1821.29,1827.09,0.11396101
1676835000000,1828.3,1828.3,1828.3,1828.3,0
1676833200000,1819.45,1828.3,1819.45,1828.3,0.0002
1676831400000,1819.45,1819.45,1819.45,1819.45,0
1676829600000,1820.54,1820.54,1819.45,1819.45,0.00077675
1676827800000,1824.39,1824.39,1820.54,1820.54,0.0001346
1676826000000,1819.62,1824.39,1819.62,1824.39,0.00591943
1676824200000,1827.28,1827.28,1819.62,1819.62,0.00020354
1676822400000,1830.95,1830.95,1827.28,1827.28,0.02641259
1676820600000,1830.95,1830.95,1830.95,1830.95,0
1676818800000,1828.1,1830.95,1828.1,1830.95,0.00053308
1676817000000,1827.16,1828.1,1827.16,1828.1,0.00028865
1676815200000,1827.16,1827.16,1827.16,1827.16,0
1676813400000,1829.89,1829.89,1827.16,1827.16,0.1102
1676811600000,1827.1,1829.89,1827.1,1829.89,0.00060086
1676809800000,1827.1,1827.1,1827.1,1827.1,0
1676808000000,1827.1,1827.1,1827.1,1827.1,0
1676806200000,1827.1,1827.1,1827.1,1827.1,0
1676804400000,1827.1,1827.1,1827.1,1827.1,0.00011636
1676802600000,1822.46,1827.1,1822.46,1827.1,0.00012948
1676800800000,1828.32,1828.32,1822.46,1822.46,0.00012108
1676799000000,1828.32,1828.32,1828.32,1828.32,0
1676797200000,1828.32,1828.32,1828.32,1828.32,0
1676795400000,1821.78,1828.32,1821.78,1828.32,0.0002
1676793600000,1825.46,1825.46,1821.78,1821.78,0.00011383
1676791800000,1824.61,1825.46,1824.61,1825.46,0.0001061
1676790000000,1829.1,1829.1,1824.61,1824.61,0.00012677
1676788200000,1829.1,1829.1,1829.1,1829.1,0
1676786400000,1829.1,1829.1,1829.1,1829.1,0.00049051
1676784600000,1829.1,1829.1,1829.1,1829.1,0.00016925
1676782800000,1824.46,1829.1,1824.46,1829.1,0.00012778
1676781000000,1823.66,1824.46,1823.66,1824.46,0.000602
1676779200000,1824.19,1824.19,1823.66,1823.66,0.00031514
1676777400000,1829.5,1829.5,1824.19,1824.19,0.00018464
1676775600000,1828.38,1829.5,1828.38,1829.5,3.67642057
1676773800000,1815.6,1829.02,1814.23,1828.38,48.35171099
1676772000000,1806.54,1821.79,1801.96,1815.6,38.49895789
1676770200000,1807.33,1807.33,1806.54,1806.54,0.055
1676768400000,1801.95,1807.33,1801.95,1807.33,0.00040616
1676766600000,1801.95,1801.95,1801.95,1801.95,0
1676764800000,1806.53,1806.53,1801.95,1801.95,0.00030401
1676763000000,1806.53,1806.53,1806.53,1806.53,0
1676761200000,1806.53,1806.53,1806.53,1806.53,0.0315998
1676759400000,1806.53,1806.53,1806.53,1806.53,0
1676757600000,1801.95,1806.53,1801.95,1806.53,0.00624493
1676755800000,1806.53,1806.53,1801.95,1801.95,0.569705
1676754000000,1801.94,1806.53,1801.94,1806.53,0.29336357
1676752200000,1801.94,1801.94,1801.94,1801.94,0
1676750400000,1807.51,1807.51,1801.94,1801.94,0.00022973
1676748600000,1807.51,1807.51,1807.51,1807.51,0.00012952
1676746800000,1807.51,1807.51,1807.51,1807.51,0.00020172
1676745000000,1807.51,1807.51,1807.51,1807.51,0
1676743200000,1806.5,1807.51,1806.5,1807.51,0.05505491
1676741400000,1806.5,1806.5,1806.5,1806.5,0.05343313
1676739600000,1806.5,1806.5,1806.5,1806.5,0
1676737800000,1806.46,1806.5,1806.46,1806.5,0.20067376
1676736000000,1806.46,1806.46,1806.46,1806.46,0.00012793
1676734200000,1806.41,1806.46,1806.41,1806.46,0.01240428
1676732400000,1805.46,1806.41,1805.46,1806.41,0.00496295
1676730600000,1805.46,1805.46,1805.46,1805.46,0
1676728800000,1805.46,1805.46,1805.46,1805.46,0
1676727000000,1805.46,1805.46,1805.46,1805.46,0
1676725200000,1805.46,1805.46,1805.46,1805.46,0.00085084
1676723400000,1804.95,1805.46,1804.95,1805.46,0.00013112
1676721600000,1804.08,1804.95,1804.08,1804.95,0.00031677
1676719800000,1804.08,1804.08,1804.08,1804.08,0
1676718000000,1801.87,1804.08,1798.5,1804.08,0.00084908
1676716200000,1800.88,1801.87,1800.88,1801.87,0.00018948
1676714400000,1800.88,1800.88,1800.88,1800.88,0
1676712600000,1800.88,1800.88,1800.88,1800.88,0
1676710800000,1797.91,1800.88,1797.91,1800.88,0.0001013
1676709000000,1797.91,1797.91,1797.91,1797.91,0
1676707200000,1797.9,1797.91,1797.9,1797.91,0.00027553
1676705400000,1797.9,1797.9,1797.9,1797.9,0.00010806
1676703600000,1801.5,1801.5,1797.9,1797.9,0.0002541
1676701800000,1801.5,1801.5,1801.5,1801.5,0
1676700000000,1796.54,1801.5,1796.54,1801.5,0.00296717
1676698200000,1796.54,1796.54,1796.54,1796.54,0
1676696400000,1798.29,1798.29,1796.54,1796.54,0.00011247
1676694600000,1798.29,1798.29,1798.29,1798.29,0
1676692800000,1797.09,1798.29,1793.46,1798.29,0.11490113
1676691000000,1792.32,1797.09,1792.32,1797.09,0.28935845
1676689200000,1801.24,1801.24,1792.32,1792.32,0.0001258
1676687400000,1801.24,1801.24,1801.24,1801.24,0
1676685600000,1800.45,1801.24,1800.45,1801.24,0.00050934
1676683800000,1800.25,1800.45,1800.25,1800.45,0.000143
1676682000000,1799.89,1800.25,1799.89,1800.25,0.00014589
1676680200000,1800.17,1800.17,1799.89,1799.89,0.0002
1676678400000,1799.09,1800.17,1799.09,1800.17,0.11107794
1676676600000,1792.34,1799.09,1792.34,1799.09,0.169328
1676674800000,1801.04,1801.04,1792.34,1792.34,1.92586193
1676673000000,1801.04,1801.04,1801.04,1801.04,0
1676671200000,1802.03,1802.03,1801.04,1801.04,0.0006431
1676669400000,1806.53,1806.53,1802.03,1802.03,0.00012426
1676667600000,1804.91,1806.53,1804.91,1806.53,0.00026108
1676665800000,1809.52,1809.52,1804.91,1804.91,0.00013992
1676664000000,1808.35,1809.52,1808.35,1809.52,0.00062075
1676662200000,1806.3,1808.69,1806.3,1808.35,0.0004193
1676660400000,1808.41,1808.41,1790.93,1806.3,18.18782991
1676658600000,1795.8,1808.41,1795.8,1808.41,0.00012497
1676656800000,1808.39,1814.08,1795.8,1795.8,18.07803452
1676655000000,1799.18,1808.39,1799.18,1808.39,0.05365057
1676653200000,1805.67,1805.67,1799.18,1799.18,0.00025145
1676651400000,1805.67,1805.67,1805.67,1805.67,0
1676649600000,1805.33,1805.67,1800.5,1805.67,0.04006564
1676647800000,1802.77,1805.33,1802.77,1805.33,0.00034926
1676646000000,1800.92,1802.77,1799.31,1802.77,0.01029347
1676644200000,1800.92,1800.92,1800.92,1800.92,0
1676642400000,1795.17,1800.92,1795.17,1800.92,0.01329722
1676640600000,1800.91,1800.91,1795.17,1795.17,0.00012269
1676638800000,1798.93,1800.91,1798.93,1800.91,0.01280705
1676637000000,1799.24,1799.24,1794.28,1798.93,0.0022333
1676635200000,1799.6,1799.6,1799.24,1799.24,0.00027986
1676633400000,1799.6,1799.6,1799.6,1799.6,0
1676631600000,1799.6,1799.6,1799.6,1799.6,0
1676629800000,1791.84,1799.6,1791.84,1799.6,0.13616609
1676628000000,1791.84,1791.84,1791.84,1791.84,0
1676626200000,1799.52,1799.52,1791.84,1791.84,0.234954
1676624400000,1797.3,1799.96,1797.3,1799.52,0.00049043
1676622600000,1796.01,1797.3,1796.01,1797.3,0.00012477
1676620800000,1800.21,1800.21,1796.01,1796.01,0.00020258
1676619000000,1807.83,1807.83,1800.21,1800.21,0.1348051
1676617200000,1807.83,1807.83,1807.83,1807.83,0
1676615400000,1807.83,1807.83,1807.83,1807.83,0
1676613600000,1804.4,1807.83,1804.4,1807.83,0.00518441
1676611800000,1804.4,1804.4,1804.4,1804.4,0
1676610000000,1812.47,1812.47,1804.4,1804.4,0.00014839
1676608200000,1812.47,1812.47,1812.47,1812.47,0
1676606400000,1810.81,1812.47,1810.81,1812.47,0.00043063
1676604600000,1806.21,1810.81,1806.21,1810.81,0.0002
1676602800000,1805.92,1806.21,1805.92,1806.21,0.00020671
1676601000000,1809.94,1809.94,1805.92,1805.92,0.00725
1676599200000,1805.61,1809.94,1805.61,1809.94,0.00136913
1676597400000,1859.99,1859.99,1798.79,1805.61,26.18168279
1676595600000,1796.01,1859.99,1796.01,1859.99,0.00096646
1676593800000,1796.01,1796.01,1796.01,1796.01,0
1676592000000,1810,1859.98,1796.01,1796.01,0.13235757
1676590200000,1820.27,1820.94,1810,1810,17.80018107
1676588400000,1820.27,1820.27,1818.48,1820.27,1.00140011
1676586600000,1821.94,1825.43,1820.26,1820.27,0.00062715
1676584800000,1823.7,1823.7,1821.94,1821.94,0.00030479
1676583000000,1824.76,1824.76,1823.7,1823.7,0.00011106
1676581200000,1824.77,1824.77,1824.76,1824.76,0.0008441
1676579400000,1827.72,1827.72,1824.77,1824.77,0.00016655
1676577600000,1829.76,1829.76,1827.72,1827.72,0.00045062
1676575800000,1831.59,1831.59,1829.76,1829.76,0.00011555
1676574000000,1833.28,1833.28,1831.59,1831.59,0.00042646
1676572200000,1818.79,1837.24,1818.79,1833.28,0.06021423
1676570400000,1823.55,1823.55,1818.79,1818.79,0.05322955
1676568600000,1824.82,1824.82,1823.55,1823.55,0.183698
1676566800000,1821.44,1824.82,1821.44,1824.82,0.00050576
1676565000000,1824.83,1824.83,1821.44,1821.44,0.041564
1676563200000,1814.66,1826.4,1814.66,1824.83,0.00189645
1676561400000,1814.66,1814.66,1814.66,1814.66,0
1676559600000,1814.66,1814.66,1814.66,1814.66,0
1676557800000,1814.66,1814.66,1814.66,1814.66,0
1676556000000,1814.66,1814.66,1814.66,1814.66,0
1676554200000,1821.27,1821.27,1814.66,1814.66,0.00018544
1676552400000,1821.27,1821.27,1821.27,1821.27,0
1676550600000,1821.31,1821.31,1821.27,1821.27,0.00011955
1676548800000,1821.31,1821.31,1821.31,1821.31,0.00035279
1676547000000,1820.5,1836.21,1820.5,1821.31,0.00034128
1676545200000,1826.76,1826.76,1820.5,1820.5,0.00017627
1676543400000,1826.76,1826.76,1826.76,1826.76,0
1676541600000,1826.47,1826.76,1826.47,1826.76,0.00050477
1676539800000,1826.47,1826.47,1826.47,1826.47,0
1676538000000,1826.47,1826.47,1826.47,1826.47,0
1676536200000,1823.89,1826.47,1823.89,1826.47,0.00021653
1676534400000,1822.31,1823.89,1822.31,1823.89,0.00050806
1676532600000,1827.08,1827.08,1822.31,1822.31,0.00011669
1676530800000,1827.08,1827.08,1827.08,1827.08,0
1676529000000,1828.95,1828.95,1827.08,1827.08,0.00015395
1676527200000,1828.99,1828.99,1827.97,1828.95,0.00056219
1676525400000,1828,1828.99,1828,1828.99,0.008168
1676523600000,1823.3,1828,1823.3,1828,0.08159139